scenario,region,variable,unit,1750.5,1751.5,1752.5,1753.5,1754.5,1755.5,1756.5,1757.5,1758.5,1759.5,1760.5,1761.5,1762.5,1763.5,1764.5,1765.5,1766.5,1767.5,1768.5,1769.5,1770.5,1771.5,1772.5,1773.5,1774.5,1775.5,1776.5,1777.5,1778.5,1779.5,1780.5,1781.5,1782.5,1783.5,1784.5,1785.5,1786.5,1787.5,1788.5,1789.5,1790.5,1791.5,1792.5,1793.5,1794.5,1795.5,1796.5,1797.5,1798.5,1799.5,1800.5,1801.5,1802.5,1803.5,1804.5,1805.5,1806.5,1807.5,1808.5,1809.5,1810.5,1811.5,1812.5,1813.5,1814.5,1815.5,1816.5,1817.5,1818.5,1819.5,1820.5,1821.5,1822.5,1823.5,1824.5,1825.5,1826.5,1827.5,1828.5,1829.5,1830.5,1831.5,1832.5,1833.5,1834.5,1835.5,1836.5,1837.5,1838.5,1839.5,1840.5,1841.5,1842.5,1843.5,1844.5,1845.5,1846.5,1847.5,1848.5,1849.5,1850.5,1851.5,1852.5,1853.5,1854.5,1855.5,1856.5,1857.5,1858.5,1859.5,1860.5,1861.5,1862.5,1863.5,1864.5,1865.5,1866.5,1867.5,1868.5,1869.5,1870.5,1871.5,1872.5,1873.5,1874.5,1875.5,1876.5,1877.5,1878.5,1879.5,1880.5,1881.5,1882.5,1883.5,1884.5,1885.5,1886.5,1887.5,1888.5,1889.5,1890.5,1891.5,1892.5,1893.5,1894.5,1895.5,1896.5,1897.5,1898.5,1899.5,1900.5,1901.5,1902.5,1903.5,1904.5,1905.5,1906.5,1907.5,1908.5,1909.5,1910.5,1911.5,1912.5,1913.5,1914.5,1915.5,1916.5,1917.5,1918.5,1919.5,1920.5,1921.5,1922.5,1923.5,1924.5,1925.5,1926.5,1927.5,1928.5,1929.5,1930.5,1931.5,1932.5,1933.5,1934.5,1935.5,1936.5,1937.5,1938.5,1939.5,1940.5,1941.5,1942.5,1943.5,1944.5,1945.5,1946.5,1947.5,1948.5,1949.5,1950.5,1951.5,1952.5,1953.5,1954.5,1955.5,1956.5,1957.5,1958.5,1959.5,1960.5,1961.5,1962.5,1963.5,1964.5,1965.5,1966.5,1967.5,1968.5,1969.5,1970.5,1971.5,1972.5,1973.5,1974.5,1975.5,1976.5,1977.5,1978.5,1979.5,1980.5,1981.5,1982.5,1983.5,1984.5,1985.5,1986.5,1987.5,1988.5,1989.5,1990.5,1991.5,1992.5,1993.5,1994.5,1995.5,1996.5,1997.5,1998.5,1999.5,2000.5,2001.5,2002.5,2003.5,2004.5,2005.5,2006.5,2007.5,2008.5,2009.5,2010.5,2011.5,2012.5,2013.5,2014.5,2015.5,2016.5,2017.5,2018.5,2019.5,2020.5,2021.5,2022.5,2023.5,2024.5,2025.5
all,World,HFC-23,kt HFC23/yr,0,0,0,0,0,0,0,0,0,0,0,0,0,0,0,0,0,0,0,0,0,0,0,0,0,0,0,0,0,0,0,0,0,0,0,0,0,0,0,0,0,0,0,0,0,0,0,0,0,0,0,0,0,0,0,0,0,0,0,0,0,0,0,0,0,0,0,0,0,0,0,0,0,0,0,0,0,0,0,0,0,0,0,0,0,0,0,0,0,0,0,0,0,0,0,0,0,0,0,0,0,0,0,0,0,0,0,0,0,0,0,0,0,0,0,0,0,0,0,0,0,0,0,0,0,0,0,0,0,0,0,0,0,0,0,0,0,0,0,0,0,0,0,0,0,0,0,0,0,0,0,0,0,0,0,0,0,0,0,0,0,0,0,0,0,0,0,0,0,0,3.62E-05,8.06E-05,0.000140106,0.000215586,0.000306671,0.000410773,0.000522211,0.000631189,0.000722688,0.00077541,0.000760894,0.000643036,0.000378295,0,0,0,0,0,0,0,0,0,0,0,0,0,0,0.001265399,0.017405302,0.040470566,0.071482229,0.111043379,0.159145378,0.215360374,0.27907419,0.349651829,0.426546681,0.509364819,0.597895012,0.692113596,0.792171639,0.898369946,1.011125806,1.130933879,1.258322511,1.393806019,1.537833163,1.690732233,1.852653793,2.023513447,2.202938685,2.390226378,2.584320143,2.783820428,2.987043309,3.308238102,3.412108854,3.654298666,4.055111559,4.216507725,4.326133094,4.227156807,3.834191419,4.656061392,5.090458271,5.350316484,5.747925172,5.794054188,6.748611281,7.61852988,7.082930135,6.619382252,7.278847312,8.188958959,8.177011135,9.088606061,9.520253968,10.10080606,10.42264982,10.34886703,11.064798,8.939704476,9.468197939,9.637622483,11.86601916,12.65206849,14.33640778,11.61124895,11.45835029,9.597487786,10.52849806,11.72860916,12.9196918,13.9239643,14.43529928,12.87391086,12.78673825,15.12309867,16.83284973,17.31192494,16.50514026,15.53380421,13.95447161,14.05184309,14.14921457,14.14921457
all,World,BC,Mt BC/yr,2.120093207,2.095694508,2.087551403,2.095685188,2.123610086,2.123916271,2.094064674,2.173676,2.146803325,2.143935581,2.15496941,2.165484028,2.130009343,2.135888174,2.100941793,2.153660369,2.141029494,2.143620068,2.21498639,2.170003581,2.172322853,2.13446529,2.121329407,2.127732629,2.190689554,2.185491762,2.14923101,2.208135238,2.236647315,2.198914885,2.226610217,2.2276963,2.199553785,2.190560947,2.181328259,2.207382633,2.200853217,2.228229284,2.299242977,2.252546403,2.262095152,2.219607429,2.210861198,2.203902859,2.266405758,2.256858063,2.20924324,2.271168921,2.293274806,2.267751751,2.277926273,2.283600043,2.269649784,2.249007728,2.26894056,2.288882421,2.298957258,2.318218086,2.392834509,2.350549847,2.365354011,2.341295924,2.3200886,2.327252622,2.390190855,2.388982966,2.36597222,2.404129812,2.446704494,2.418416189,2.438483369,2.454352296,2.427436226,2.411252197,2.444057389,2.459202667,2.461465312,2.49026056,2.568916482,2.531187015,2.557929831,2.520918427,2.519068719,2.52782603,2.588401288,2.586054892,2.58948247,2.630585354,2.673073029,2.653204528,2.648887359,2.702476335,2.666918824,2.634958809,2.673684122,2.707057972,2.713078243,2.770089015,2.831926259,2.813400041,2.838033935,2.799313762,2.786431995,2.81315721,2.900816506,2.890398306,2.878172419,2.949508441,2.981518724,2.977963272,2.986711735,3.012361658,2.995290009,2.971092441,3.01459739,3.072531622,3.068226593,3.123009894,3.192105493,3.157895695,3.20799719,3.177830251,3.167329069,3.241761177,3.268773222,3.235317481,3.245028564,3.285168907,3.309996544,3.340852438,3.338098125,3.378559466,3.362150396,3.33641606,3.395042863,3.400953492,3.409897716,3.452844486,3.538923439,3.511590876,3.572551678,3.54133158,3.526000502,3.540428562,3.613622175,3.632820778,3.579187165,3.671547275,3.697583329,3.759002003,3.761944659,3.783240602,3.777290058,3.797986486,3.863011834,3.928338534,3.963671564,4.10844283,4.088142407,4.110321359,4.19557652,4.164511766,4.171818381,4.262833282,4.209193312,4.176868698,4.226879475,4.33258182,4.334855573,4.144402776,4.280922529,4.106361522,4.105174368,4.439836404,4.330115151,4.363149245,4.32079354,4.403017966,4.346990432,4.40775465,4.349934972,4.101155482,4.068651772,4.05831502,4.21614767,4.239790074,4.403333953,4.410033034,4.260737287,4.396295953,4.420356508,4.464747479,4.554928115,4.582587003,4.592887529,4.37109524,4.347386175,4.382722903,4.497010152,4.41008252,4.59207458,4.421961465,4.459374211,4.521805114,4.56824911,4.64246108,4.860342394,5.027697518,4.986883986,5.06214732,5.172388373,5.175388111,5.178072872,5.360570978,5.197571109,5.207876249,5.220448247,5.322612528,5.331029707,5.36881677,5.512171331,5.648040214,5.96104154,5.90496576,5.977766762,5.995087691,6.290248396,6.443312521,6.686352374,6.759313978,6.631200766,6.510799459,6.798481818,6.492832402,6.698212636,6.785859561,6.922980208,7.111779938,7.301897761,7.257178465,7.366565015,7.896938276,7.246543079,7.444857285,7.876275486,7.871744308,7.66792154,8.274176752,8.298037871,7.509652252,7.130429578,7.176137697,7.543770514,7.620347716,7.79962674,7.98640048,7.927796816,8.082041206,7.853940974,7.652509941,8.06462618,7.689530891,7.888864666,7.566822826,7.653824906,7.629746744,7.230268187,7.292786592,7.092048984,7.394743021,6.97041682,7.339759991,6.699266461,7.557076704,7.513804397,7.513804397
all,World,CH4,Mt CH4/yr,40.66922288,40.53591647,40.48044964,40.68080169,41.03581118,40.99226673,40.92224237,41.44580298,41.31610339,41.48211198,41.71429657,41.70823767,41.65002418,41.68791153,41.34559429,41.94532694,41.82723519,41.90965813,42.50558302,42.27484676,42.34372786,42.24689526,42.30991457,42.60607567,43.36464769,43.39669048,43.43621864,43.95003221,44.32194757,44.36823269,44.87387683,44.85266471,44.90511693,44.90112081,44.77039558,45.23203488,45.22837079,45.52109066,46.14654807,45.94985911,46.11503562,45.82022449,45.71288281,45.77365933,46.35558413,46.203459,46.01690015,46.35129117,46.50825635,46.50787328,46.69381219,46.76223308,47.01560149,46.97306369,47.13625944,47.59234699,47.77177956,48.0818034,48.78089107,48.69731789,48.98890544,48.89568539,48.8281607,49.09057911,49.76605368,49.76742722,49.83877735,50.13380667,50.50534354,50.54531183,50.91459317,51.0979134,51.31165882,51.33343889,51.62521759,52.08469803,52.28113865,52.69027347,53.50090877,53.47275215,53.93450192,53.83899246,53.98713519,54.36407848,55.1070751,55.17404826,55.57107105,55.94565896,56.43150429,56.63116188,56.95376184,57.33709613,57.46584186,57.37114877,57.650044,58.19966653,58.32182318,58.8796668,59.5184633,59.57347485,59.97034299,59.72723947,59.73995044,60.13269774,61.09321554,61.05518362,61.31366125,61.79979574,62.11486146,62.4356919,62.83734391,63.07284,63.27768441,63.33920782,63.74851572,64.50083507,64.71585758,65.27547875,65.94600557,65.93520021,66.42848556,66.54222364,66.8790643,67.91175299,68.39541408,68.58548875,69.17686658,69.68220227,70.16220504,70.96382597,71.55994472,72.25105898,72.78474298,73.11602529,73.85468973,74.41864941,74.87997546,75.75762121,77.01634369,77.29044234,78.40250979,78.65973438,78.95250447,79.45173135,80.69753905,81.34645999,81.68588168,82.82242064,83.57850664,85.03521229,85.87165438,86.45307485,87.01499907,87.96690793,89.049877,90.08618911,91.17280693,93.40177045,93.60520722,94.48197734,95.8621133,96.23891805,96.8839615,98.69228036,98.3282734,98.37690853,99.87872989,101.3057088,101.2261628,100.3399545,102.6852331,100.8142004,102.3564009,106.0861738,106.5380224,107.4669981,107.6739384,110.606084,111.3037192,113.7139394,114.4916351,113.1453106,113.4566584,114.9294517,117.9029112,119.6276376,123.0584494,125.0457486,125.0026815,127.6700963,129.688757,131.6663558,133.4648056,135.698474,137.6635837,136.5798966,139.8983966,144.221836,146.7352526,149.4541671,152.8681698,156.0498629,160.0771279,164.3588417,168.6628233,176.0456143,182.7763046,188.889085,190.5738581,198.2344727,203.8304083,209.1287111,210.0211639,219.5069691,219.6516149,226.9306977,234.005822,238.5643762,240.9258817,247.3684212,252.0955402,253.5417985,261.9980337,266.1651241,266.1868542,266.5995823,272.0453168,275.8037413,278.0582604,283.2758769,281.7607987,276.0346472,281.996709,274.8096715,279.4009058,281.1492634,286.0852186,290.0162644,293.8968765,297.7820144,299.6992152,312.6728037,294.1955952,294.1580944,305.9981835,300.1341066,304.1879969,327.2536269,309.3459763,302.7571836,303.9169369,305.1993049,310.6657391,316.1235194,323.7586163,328.2156379,336.7046055,331.785647,332.6652531,332.9226362,337.403962,340.2776625,344.9730517,342.4217282,348.4314412,354.1227616,345.6921796,348.7363726,351.9017827,358.8501227,345.3226874,355.8435034,354.9093063,369.0927285,367.54524,367.54524
all,World,CO,Mt CO/yr,348.8382647,344.2293407,342.1079347,343.976352,350.1251743,348.4508569,343.6184913,356.2557362,352.1464498,351.8131454,354.7273234,355.0127663,349.5452472,350.3552842,342.3274253,353.2314058,349.6678881,349.9028465,362.9596332,355.3187544,355.6536193,348.1364107,344.8813248,346.0448225,358.389007,355.3263562,349.1608094,357.8192714,363.0357387,356.1944355,361.8817728,360.3471353,356.2960801,354.5324121,350.8083893,357.0519185,354.4375357,359.0307825,371.6071975,363.6779714,365.1167698,356.8706311,354.4615622,353.578601,365.9459208,362.4089484,354.6787774,363.7554718,367.857125,363.6783667,366.0301599,365.0998114,363.1344045,358.803803,359.6991864,364.4581708,364.4866774,367.3648571,380.1976938,372.997958,374.8808178,369.4115275,364.7106068,366.0417082,378.1269849,375.7137222,371.7601519,376.5684244,384.0462448,378.4467585,382.537,383.0060692,378.7611714,374.4386961,377.084131,380.3422531,378.8388543,382.4868459,396.0033316,389.1945839,392.0238388,384.0998184,382.2629496,383.3641256,394.0595254,390.4339165,389.8064235,394.5948285,401.1436504,396.7384818,395.6608619,402.1646702,396.778975,389.4916993,392.4167733,397.4985465,395.5478618,402.6066753,413.2033712,408.5988188,411.1602404,401.9177029,397.1145409,399.8971052,412.7830969,407.4292514,404.1253101,414.012182,418.4313102,415.7238763,415.4857332,416.6762468,413.566785,406.723826,409.8628109,419.0670848,415.6946408,422.8499009,433.4085312,424.7919374,431.516276,423.4650013,416.7138442,428.3431238,435.1254238,426.1015393,428.6471447,433.2583884,437.2597349,440.3102302,436.5749907,440.2457493,435.4018897,427.5621842,436.044403,437.7534929,437.5172064,442.8047385,452.3742382,448.4859191,454.0661331,444.8959883,440.5664516,444.3544835,457.5315259,454.8301602,444.989978,457.0981719,457.2518013,462.6944231,460.1538267,458.7443106,456.1617374,451.728522,464.4196191,469.4950984,468.4276859,483.0155965,485.6047783,482.8673322,493.4831768,484.6380408,480.6701796,490.7295494,497.5199023,488.5721755,487.7925378,499.191031,502.9654425,496.3066875,506.269322,493.3782728,490.1637976,524.0021078,507.9453845,511.2710066,508.4247384,521.1775959,520.4248386,530.7740746,536.599209,506.126345,510.9037584,508.7313182,527.6846249,528.4475728,548.0538126,547.4949097,530.7183143,548.985535,545.0056234,548.4204694,556.3724658,557.8753091,565.9002995,557.9917251,549.8029619,555.9931282,576.8723109,576.6586602,602.8023858,574.7226982,588.0940055,604.7612597,609.7666792,619.3579063,650.0677478,670.0880026,635.1601596,635.3335825,638.3771277,675.7312113,656.4972725,721.9547736,671.1163923,693.6927417,694.5225053,727.9904807,718.5770812,723.004395,755.11546,767.1821256,836.2973687,788.6475286,784.912696,777.3256544,812.719222,823.8820131,843.4678452,841.0978726,831.9443586,816.6847062,910.7200151,805.4981311,829.5184518,846.5356593,854.3269959,889.7879786,884.5886331,861.8640248,872.4009862,1062.224094,848.1152746,879.2924995,1001.375539,894.8103938,860.740191,1148.298205,1024.083972,883.6388959,830.1251193,825.9049586,912.6880126,889.1236905,884.1040599,889.0725623,918.4683647,866.1699622,807.1989611,813.2475412,844.4233209,799.1874626,840.1454304,786.5606874,839.8996522,891.630067,753.7919839,746.2665812,741.4289714,816.6666469,727.5014885,786.4303474,665.8322811,896.7033796,845.3217515,845.3217515
all,World,N2O,Mt N2O/yr,0.908671278,0.898444758,0.894551932,0.899436738,0.919329087,0.914407612,0.901049997,0.93627955,0.931059459,0.92593313,0.935430204,0.938827356,0.922373212,0.929053442,0.909219205,0.938968163,0.930964793,0.931711626,0.970328857,0.950893555,0.954210573,0.934394893,0.925385049,0.928205442,0.964593601,0.955229941,0.936663185,0.959712538,0.97960735,0.955739845,0.971156841,0.968999726,0.956913376,0.955958368,0.947934591,0.965316447,0.958464032,0.972084806,1.008795734,0.989124264,0.994979619,0.974277039,0.970431906,0.968044646,1.005655812,0.996092455,0.974368353,1.000962242,1.018796459,1.00379218,1.011670621,1.011009816,1.00441173,0.995461039,0.999065756,1.012181739,1.012086538,1.020747905,1.057498805,1.039806358,1.046159508,1.033102745,1.022325279,1.025291444,1.062227029,1.055662141,1.044550055,1.058303087,1.08621637,1.066166043,1.078871144,1.082483193,1.069498388,1.06260406,1.070243801,1.080663683,1.075928877,1.087270454,1.126321677,1.110608141,1.119947151,1.100608964,1.098961368,1.102427221,1.136602907,1.127702054,1.125389728,1.14181115,1.165842316,1.150818548,1.149283994,1.174012888,1.161328516,1.148228318,1.160878794,1.180025663,1.178953749,1.203611905,1.238136682,1.232023297,1.287271599,1.269819953,1.262957632,1.275978964,1.317118384,1.306007571,1.297367214,1.331214445,1.349896125,1.336902566,1.335185933,1.339816295,1.329645988,1.313013244,1.319441123,1.34421583,1.332333863,1.351401923,1.380958642,1.35671794,1.375831687,1.359412145,1.352181199,1.407341289,1.460895312,1.466051261,1.505356707,1.553056326,1.596916496,1.61871789,1.617567323,1.636406966,1.624616185,1.608944166,1.637202945,1.646333103,1.648400237,1.66525937,1.689954386,1.687184242,1.729058476,1.709387377,1.706301923,1.72800329,1.776776538,1.771755326,1.750526783,1.795924132,1.80523766,1.815905567,1.814305439,1.815346079,1.814228742,1.803958574,1.851833625,1.868938614,1.872156848,1.907690997,1.934105527,1.933379678,1.965748233,1.948999884,1.945236141,1.977029794,2.037539863,2.035355208,2.042069488,2.093867471,2.133460288,2.154737928,2.16897311,2.172437157,2.16701885,2.232105189,2.211014576,2.231057893,2.247562942,2.275776266,2.292327355,2.313913901,2.369269886,2.313535274,2.356058292,2.339964724,2.391349723,2.387224024,2.427091114,2.415879687,2.399905987,2.450656569,2.439565177,2.492916553,2.646787624,2.817235443,3.045619925,3.291203978,3.497073835,3.734933796,3.963933319,4.117196521,4.273179559,4.230467912,4.308271441,4.407271663,4.475154097,4.545656869,4.667610012,4.804070103,4.795076381,4.861536339,4.951809907,5.248237963,5.377075963,5.613097647,5.679895086,5.874597764,6.08230824,6.341711124,6.457795109,6.558580547,6.367553498,6.521251286,6.801061086,6.948664628,7.132592278,7.326675146,7.618740611,7.718086477,7.94994603,8.062587094,8.109587153,7.99968962,8.044583111,8.077172331,8.227964078,8.157028554,8.194018514,8.347698619,8.441156202,8.39672139,8.563304556,8.819805041,8.464971092,8.569203394,8.870246642,8.961641157,9.106401126,9.372154238,9.4520625,9.072529507,8.859262275,8.937296607,9.243389111,9.375705386,9.512712324,9.58537188,9.686365043,9.887863166,9.756260881,9.733413179,10.05171905,10.09551836,10.20994756,10.31724343,10.56492171,10.67004729,10.55982034,10.77338538,10.84654243,11.03753416,10.90296617,11.36241866,10.87724939,11.61105519,11.50000423,11.50000423
all,World,NH3,Mt NH3/yr,6.752105669,6.683605908,6.642036682,6.703241064,6.836352298,6.764198041,6.742038498,6.866347905,6.813209379,6.862942646,6.944315913,6.896224274,6.886853925,6.881348063,6.710918142,6.923949695,6.846807859,6.854975931,7.032554436,6.965768023,6.962951025,6.87619185,6.850306931,6.911816143,7.15553092,7.077497383,7.069442974,7.164233346,7.2431284,7.227413625,7.378442472,7.313849461,7.326874515,7.302607238,7.186517575,7.342917338,7.294927616,7.358277711,7.533475588,7.465117797,7.481048541,7.356147905,7.29688255,7.314492615,7.526854319,7.41994476,7.374182886,7.427318947,7.460702958,7.462768299,7.527670222,7.486619119,7.5470334,7.503201416,7.467799329,7.61451561,7.621311853,7.682481442,7.870269703,7.836062502,7.878817658,7.795864565,7.731289517,7.796516443,8.016519485,7.93721176,7.943834895,7.973716964,8.057105377,8.050419773,8.161042585,8.138097118,8.18657383,8.13073061,8.128138534,8.245528424,8.249748753,8.308860415,8.521623198,8.484089225,8.532404209,8.440935737,8.417794218,8.492332639,8.699086501,8.619012068,8.682446081,8.712455802,8.803959337,8.81693258,8.884594783,8.919139776,8.927409745,8.848111749,8.837487018,8.962990059,8.953978441,9.049920799,9.217810072,9.184209847,9.241408501,9.112910901,9.056074129,9.121741942,9.334597218,9.230695815,9.267888532,9.333613012,9.386140475,9.424200344,9.47359167,9.451789266,9.503044717,9.428999807,9.436608728,9.612496154,9.591771966,9.707051553,9.877936908,9.807947457,9.922711842,9.84085715,9.80532387,10.02878079,10.20519107,10.10514034,10.26224175,10.31604441,10.40702776,10.57818581,10.59604704,10.64782135,10.70335201,10.6484475,10.79870542,10.926074,10.98648337,11.12387058,11.32816564,11.34955797,11.48430078,11.40955372,11.436712,11.60399348,11.87527614,11.87355666,11.90869395,12.06544076,12.12133188,12.35643575,12.41367012,12.42246853,12.5181924,12.52744069,12.80654037,12.91437596,13.00496125,13.24861818,13.42586569,13.4687312,13.71836828,13.66142833,13.69000926,13.89139429,14.20462888,14.18860486,14.29297361,14.443776,14.64174646,14.84734234,14.96150555,14.92050483,14.9710324,15.36613283,15.30032861,15.70073337,15.98017367,16.24816192,16.42840671,16.67059557,16.89395364,16.71958829,16.83499809,16.86401015,17.0357706,17.01764822,17.34799315,17.42966755,17.4085639,17.67333048,17.62214903,17.72154706,17.88965459,17.90574077,18.1312257,18.19429959,18.33459262,18.56774163,18.97803101,19.50776076,20.17043065,20.2776111,20.96155996,21.65538629,22.09804744,22.39056769,23.00709575,23.72729872,23.88455159,24.39244182,24.74450962,25.59263576,26.12392,27.48627218,27.48516921,28.92819529,30.55956746,32.21775385,33.53860438,34.01392722,36.90694582,37.72808592,38.92956848,39.07714777,39.70616112,40.41858143,41.36201564,42.03891253,43.01272355,43.88318431,44.56336554,44.90839688,45.97643251,45.6388397,46.59665472,47.27567363,47.98612392,48.94878179,49.35608864,49.81039139,50.19693173,51.99800531,50.16829369,50.68475337,52.38576161,51.62600913,51.77421386,54.58801484,55.19966767,53.35247599,53.23815347,53.0038022,54.77831717,55.31029861,55.57621039,56.36286326,57.78852179,58.48842712,58.49146808,58.63877254,60.02385964,60.24227601,62.01768958,61.77831031,62.99437151,63.89131424,63.5526411,63.98845054,64.62544913,66.28741375,66.22535357,68.25275064,66.82359012,71.56739889,70.63358792,70.63358792
all,World,NOx,Mt NO2/yr,19.44370599,19.22394504,19.22666977,19.14275334,19.29144704,19.4894937,18.9515908,20.05236443,19.81586942,19.46728198,19.40579135,19.79515494,19.07771165,19.28193183,19.19516665,19.44281116,19.47557355,19.45321765,20.25257161,19.62488005,19.68767177,19.26283744,19.10974666,19.0221005,19.50747351,19.63791029,18.92709122,19.73595818,20.1544047,19.36970067,19.39686327,19.6454128,19.00492749,18.97873876,19.21343867,19.1438115,19.16555931,19.46164516,20.23513358,19.5919205,19.72318816,19.27227537,19.29175951,19.01895132,19.5425843,19.62870255,18.77278893,19.7371328,20.11322141,19.44233627,19.36335919,19.63701868,19.09075932,18.88681373,19.37558779,19.23493177,19.40290924,19.54518819,20.37705719,19.71890281,19.82479984,19.60675426,19.38940297,19.22762247,19.74473032,19.89949749,19.32558893,19.90119117,20.54594807,19.81003342,19.78339117,20.14040096,19.33771449,19.20757043,19.76565441,19.57031233,19.53122765,19.78470843,20.5575285,19.97450141,20.14731827,19.69009029,19.68562555,19.47453834,19.89425147,19.93796682,19.5188333,20.13488861,20.64415552,20.00024101,19.52880011,20.3581292,19.57515646,19.12041972,19.71463718,19.6627421,19.62384244,20.07905608,20.66506622,20.3203714,20.36773849,19.92569502,19.65687118,19.70062667,20.26850731,20.18770145,19.51690922,20.60986275,21.01677856,20.39400106,20.07290279,20.56467301,19.9652918,19.58883874,20.14924118,20.48563832,20.35094102,20.81780778,21.47680144,20.85890896,21.24102797,20.95281144,20.46157378,21.10947367,21.47644026,21.10745014,20.92229824,21.61535753,22.06626668,21.75266981,21.38613115,22.08303392,21.42996468,21.05467669,21.86533523,21.7816609,21.97365868,22.35562803,22.87013193,22.82298381,23.14597105,22.77461239,22.50474434,22.60924286,23.45780627,23.5369956,22.57604745,23.99307792,24.26548811,24.08792342,23.98594662,24.44301855,24.20818859,24.02204303,25.02387105,25.67209473,25.7875673,26.97623374,27.35775355,27.47092134,28.19828319,28.01983024,27.90195217,28.73289057,29.03360111,28.83696368,29.02954302,30.65376952,31.07866695,30.50145391,31.89154906,31.56947405,31.87402709,34.41136942,33.47507567,34.33323224,34.65487194,36.42144313,36.81225064,38.05344808,38.04371411,35.38768056,35.53629512,35.22336692,37.32668195,37.99490427,40.3257603,41.1597281,39.56175591,41.63601604,42.67436491,43.35367515,43.68220716,44.74252737,45.8915708,45.10015795,44.64480529,46.96584052,49.75815646,48.42538004,52.79567793,52.25817195,53.46239475,55.46194985,56.57740398,59.87202998,63.1578203,65.65316582,63.88420865,64.63860106,67.05894742,69.35211249,71.26959941,75.59964752,77.1258791,79.69217569,81.6973641,86.35955962,89.28165788,90.86377607,96.15531399,98.65110511,104.5447322,106.8188494,106.6470744,104.9124808,109.9663547,112.3608238,115.6172911,117.5664468,116.3251823,113.5384409,115.0925176,109.8317732,113.3160962,115.040531,117.9310651,121.6272105,126.1855861,127.5206676,128.5299952,134.7313418,129.405348,131.5290963,135.1010594,135.1267143,135.1895789,142.6724774,143.6906071,137.0893634,136.0507844,136.7249336,138.6304273,140.6188363,145.8668524,149.2320602,149.9764299,155.1357854,151.6538429,142.4367946,145.046231,146.971689,145.5893061,140.8672847,139.8599233,139.7450422,136.0483046,135.812328,133.3084711,134.1025608,122.5137997,125.8878044,123.2851509,128.4433924,130.4100627,130.4100627
all,World,OC,Mt OC/yr,16.02045195,15.76272918,15.60987131,15.75977853,16.13818907,15.93888697,15.77777775,16.28917918,16.10024919,16.16130527,16.40828669,16.2826143,16.11809821,16.12063859,15.55340628,16.27743401,15.95745698,16.00093237,16.66678663,16.33930603,16.34859237,15.92915096,15.72305473,15.81568062,16.48963996,16.20473215,15.98722764,16.29304178,16.52134665,16.25088086,16.63982278,16.43047718,16.33841842,16.2349033,15.857645,16.36501035,16.10096048,16.34671273,16.98294088,16.64181363,16.70028628,16.26186662,16.09562104,16.12947966,16.82099205,16.54123261,16.28951753,16.60290019,16.79378966,16.70655017,16.91399593,16.73999545,16.75753242,16.51676012,16.36654001,16.78952773,16.65132168,16.82121433,17.44185983,17.15449238,17.24497582,16.9149479,16.66231772,16.8056269,17.46899512,17.24309257,17.15675641,17.28536972,17.62535788,17.44747605,17.75315558,17.65713492,17.60197424,17.34637831,17.29373395,17.6392444,17.45953546,17.64642004,18.33673805,18.05826903,18.18504451,17.75822562,17.63143052,17.76835687,18.36954884,18.09500172,18.16967414,18.2988366,18.59770229,18.47116628,18.54980504,18.73314402,18.58882907,18.22743152,18.20040145,18.63055395,18.44133853,18.81675749,19.36909759,19.15518396,19.31877499,18.82136019,18.58304327,18.77535201,19.46876675,19.13132137,19.10804117,19.46105669,19.66429213,19.65087673,19.73671101,19.64929387,19.63473619,19.28297617,19.29155634,19.87211387,19.63464783,19.98599973,20.52320096,20.12254167,20.50234749,20.0040915,19.64954181,20.22971114,20.60943384,20.05179635,20.3010359,20.39169367,20.53409048,20.80353826,20.65103867,20.64829933,20.48217909,20.03484712,20.3354305,20.5295604,20.38608994,20.64331674,21.10673066,20.86238031,21.09388496,20.51725053,20.2669253,20.49666903,21.14635369,20.84237591,20.48678711,20.88596366,20.80289101,21.17062405,21.05142318,20.78424586,20.6410592,20.31894589,20.93290212,21.02478553,20.89874812,21.44431433,21.62457185,21.39468055,21.89316936,21.31158109,21.01870686,21.35817641,21.91138328,21.37318762,21.23091752,21.50174798,21.67812411,21.58520229,21.67432946,21.12233936,20.76511513,21.8113552,21.18818977,21.19938931,21.04333438,21.28759347,21.28727117,21.63223775,22.19451411,20.97858331,21.31485488,21.18388673,21.87589776,21.72675097,22.35182666,22.03092717,21.39713228,22.12218822,21.65689592,21.52902695,22.09192331,21.8822573,22.03351909,21.61475833,21.25110813,21.15064248,21.61988274,22.02983508,23.03761389,21.24975496,21.75141243,22.29645683,22.28329507,22.16267062,23.11630405,24.01955783,22.29586528,21.99223767,21.83754026,23.18160824,22.37420316,24.44249794,22.20682872,22.47602883,22.17901,23.24150499,22.41011669,21.62221045,22.20754563,22.52194629,24.83086182,22.72441157,22.80145578,22.26460323,23.51357004,23.4678515,24.03716079,24.17207171,24.09557743,23.62487225,26.91971432,23.03163865,23.84830321,24.30526998,24.38142684,25.7203792,25.57085889,24.71861809,25.59316979,32.62103175,24.75908001,26.02138129,30.92821889,27.36499691,26.307556,35.88568705,35.26374248,27.83187198,25.21654865,24.89055524,30.6181882,30.89546979,28.59100354,28.74549093,30.09821699,28.66251504,26.92205981,26.65456371,29.26907456,26.68616406,29.74767477,26.91580572,29.75919948,32.01772659,27.33294491,29.07561009,28.11927364,34.02871672,29.43148002,36.81540652,25.60469824,41.09111665,36.06859232,36.06859232
all,World,Sulfur,Mt SO2/yr,2.350436138,2.316251455,2.303261189,2.315420626,2.365300686,2.345170301,2.319085391,2.405936711,2.381150247,2.372206555,2.397664197,2.407287107,2.36574134,2.377551962,2.312972269,2.395561758,2.375729526,2.37807167,2.472995863,2.425845411,2.427864691,2.38122455,2.356553202,2.362375954,2.454133433,2.422985278,2.393573971,2.449079181,2.48888939,2.433420294,2.476537702,2.481263049,2.448730184,2.444888543,2.409857762,2.461141703,2.456046737,2.490284405,2.578079314,2.527993888,2.53733703,2.496194696,2.488236962,2.481741983,2.574944411,2.54201949,2.500059918,2.571510841,2.615557822,2.590715954,2.627297909,2.618535823,2.640395684,2.606985741,2.61664094,2.661194102,2.668698954,2.701563617,2.779858054,2.734862327,2.75130032,2.730664387,2.71268086,2.723786709,2.820740612,2.806921849,2.81616944,2.856414279,2.919517103,2.872649765,2.911056719,2.922451527,2.90938165,2.908336933,2.938195686,2.983694279,2.972690829,3.037312047,3.139923194,3.103745827,3.306200373,3.221946127,3.224559911,3.249334502,3.338828167,3.331862299,3.458820155,3.487444361,3.571326501,3.577976391,3.629128046,3.709085796,3.73399496,3.739728902,3.8438788,4.013191731,3.998695482,4.189839389,4.334586806,4.402171903,4.43068413,4.386932929,4.423357024,4.513498866,4.904736163,4.90034635,5.047437619,5.16196622,5.256171465,5.446026954,5.712897738,5.856427647,5.879933256,6.09988386,6.397583478,6.69602749,6.80719698,7.202645061,7.444700645,7.71976269,7.928297447,8.302113368,8.876112537,9.399672475,9.294348774,9.687223712,9.905411124,10.18580547,10.31296324,10.90258009,11.85892243,12.28424467,12.80810993,13.42597697,13.66598164,13.77686687,13.89857442,14.43109611,15.74294921,15.76199839,16.93450587,17.62096582,17.90940233,17.80032021,18.49118966,19.4618449,20.05441659,21.03006879,22.15719668,24.0335813,25.16895556,26.12814821,26.85383561,28.9707086,29.50902621,31.32147193,33.19414345,36.52038891,35.10917824,36.79502111,38.48848367,38.79585957,40.1087936,41.79237887,38.3199023,38.15477412,41.46375525,43.22755386,42.78146166,36.57880907,40.56968381,34.66085161,36.2687844,39.86683441,39.88668101,40.22807933,41.29218368,43.69576334,43.91664145,46.91081122,43.4174109,38.35578945,34.06232059,35.97601539,39.67836972,42.74717219,45.84473677,49.31745135,45.85853929,48.97581858,53.94806691,56.03211639,57.28922045,58.12605883,56.52261202,48.93272982,47.75361407,52.68835761,54.76772771,53.3892082,57.09687695,60.47821492,61.80609525,63.25792363,64.87932284,70.40873985,75.34500255,77.44696282,79.0518911,82.84565328,87.76966259,89.20522891,92.01296534,96.05791606,100.8203822,103.4439305,106.0529386,106.646299,111.3476751,115.8140897,123.3197101,123.4298243,126.7870985,132.7567027,131.0765611,129.4217672,135.4578456,136.446634,137.1858077,139.9373555,139.5111536,134.9102686,132.0294189,129.6816748,131.177719,131.7146746,131.4174467,133.7830342,134.8721288,134.4665747,134.3096243,132.0315509,126.8515501,124.7475776,122.1937069,119.6010088,116.651353,117.2805192,115.508318,110.2208556,109.4310784,110.277586,109.7877854,114.6638465,119.3744214,125.0549997,125.5450389,124.6507504,120.5024251,110.6041476,107.3358789,110.7520551,107.5302398,102.4846783,98.07360464,92.294374,88.37878359,84.87313932,82.55591258,81.10758772,68.35622502,71.17879017,70.57834816,72.65550975,71.17877182,71.17877182
all,World,VOC,Mt VOC/yr,60.93160287,59.99924178,59.54519824,59.94292794,61.1912288,60.74832548,59.8718617,62.19505921,61.36748759,61.38094409,61.99112103,61.92650542,60.97056014,61.07335733,59.38472521,61.58185507,60.8130946,60.84805206,63.32932427,61.91438595,61.93271508,60.39498412,59.70061659,59.89851192,62.30498764,61.53727505,60.38225802,61.90291219,62.80027017,61.52162541,62.64714064,62.22607113,61.52167829,61.14136494,60.25483206,61.54330205,60.96765885,61.81190443,64.19089788,62.70085175,62.9191898,61.29261308,60.78117263,60.6626815,63.12219907,62.32794387,60.95008351,62.56250287,63.29265284,62.59304218,63.10283528,62.77140928,62.43679529,61.52189333,61.48820585,62.45125332,62.36168407,62.84943158,65.23704801,63.86911645,64.13963074,63.0003742,62.03282383,62.31764992,64.68294777,64.06739381,63.34589099,64.1467498,65.48040209,64.47457363,65.30048701,65.21999133,64.46791318,63.50933341,63.82302813,64.45401013,64.09246285,64.67678665,67.20480254,65.88016779,66.25924859,64.66143375,64.20418213,64.41112104,66.4593416,65.59577181,65.45275971,66.20331505,67.33982549,66.51155016,66.33050233,67.36048845,66.33927259,64.84663976,65.19036055,66.11881877,65.68108552,66.89044947,68.85642992,67.89211647,68.25794431,66.41781579,65.42408742,65.9112542,68.26960864,67.11703333,66.51130207,68.19987111,68.94537028,68.43539399,68.33460523,68.37982172,67.85296092,66.40931734,66.80043049,68.51645081,67.79242513,69.06519046,71.03868975,69.3179918,70.50949406,68.8276141,67.32304963,69.48012364,70.86821318,68.99862311,69.59773986,70.30105635,71.01483804,71.61411726,70.72613097,71.24559102,70.27290971,68.57237226,70.09837584,70.45052652,70.36633059,71.28918428,72.86872919,72.19390624,72.97597086,71.03852873,70.14248512,70.94927769,73.46643144,72.68443957,70.98808947,73.11260501,72.99836524,73.94849391,73.41660276,73.08051362,72.65577334,71.49479943,74.14185492,74.86317785,74.59584943,76.9619924,77.95053728,77.41657846,79.30381592,77.52164681,76.50004189,78.12107874,80.31297626,78.75489101,78.51271008,80.48820242,81.49532305,81.75970934,82.73073686,81.03226052,80.38170996,85.45925489,82.56333302,83.2658469,82.97884972,85.30299452,85.73729848,87.7177604,89.96640727,84.8638042,86.3170468,86.0223653,89.43792035,89.46272846,93.01030189,92.82626572,90.35633308,93.79431608,92.81679195,93.21535699,94.65222345,94.9086066,96.80762171,95.93310078,94.15225814,95.58831448,99.69117392,100.7998987,105.9551137,100.932687,104.143677,107.8015039,109.1601015,111.3997745,118.1047387,122.7746927,115.4254433,115.8231769,117.8865274,127.878334,123.7446604,138.5282654,128.3687465,134.3609532,135.0088303,142.7270186,141.5645658,142.7772295,150.6940493,153.6039254,168.285424,158.3979436,157.0729764,153.9363376,161.9992596,164.5936118,166.8899465,167.5281791,166.098306,162.5346825,181.6420996,158.5586388,162.7475646,163.5616254,166.1881911,173.4069932,171.6652752,168.3584064,172.9425249,214.6798242,168.8542873,174.9053143,202.5727222,178.4816825,172.875992,237.6148317,205.4633905,178.8478364,169.192636,169.9317265,191.9121748,186.6629637,187.6312447,189.3029595,198.6567275,185.8958252,177.9316998,180.7040934,187.7129441,182.2156515,194.0685801,183.9840665,199.5778473,213.2289897,185.8655501,187.062081,186.552979,205.8864619,185.5478687,200.706796,176.4611651,219.6443125,212.745055,212.745055
all,World,CO2 FFI,Gt CO2/yr,0.008734585,0.008734585,0.008738008,0.008738008,0.00874143,0.008744853,0.009347238,0.009350661,0.009354083,0.009357506,0.009357506,0.010250816,0.010254239,0.010257661,0.010261084,0.010264507,0.011452164,0.011455586,0.011459009,0.011462432,0.011465854,0.012715119,0.012718542,0.012721964,0.012725387,0.01272881,0.014046527,0.01404995,0.014053372,0.014056795,0.014134507,0.015802162,0.015807498,0.015816256,0.015817729,0.015833011,0.017969158,0.017977269,0.017981315,0.017986855,0.017996893,0.020097311,0.020515228,0.020540276,0.020508189,0.020521514,0.0214998,0.022571612,0.023510188,0.024764436,0.026356399,0.026378345,0.033941392,0.029818622,0.032284166,0.031575447,0.033198806,0.034437615,0.033323155,0.033344587,0.035473565,0.03758739,0.038902228,0.039115053,0.040009702,0.041228176,0.044648772,0.046060826,0.046288091,0.046645462,0.047346475,0.048124321,0.050077718,0.053042408,0.055221149,0.057071786,0.057736472,0.061957625,0.062648184,0.062750447,0.082993894,0.079213249,0.080409585,0.082220217,0.08418904,0.086026861,0.100109695,0.100331221,0.103925858,0.107857075,0.113964653,0.118067345,0.124553532,0.128713994,0.137078408,0.149519959,0.152821397,0.166811072,0.169561752,0.178516372,0.191098584,0.193165376,0.202319947,0.212701528,0.248009421,0.252020381,0.268658261,0.271798458,0.277502372,0.29388192,0.321522085,0.338584122,0.34613075,0.369010497,0.396920576,0.42166947,0.435197578,0.465831436,0.479083037,0.508213972,0.520393284,0.555684334,0.616406513,0.655973268,0.638314123,0.672080001,0.685931878,0.701783962,0.711133438,0.763609319,0.864236889,0.885417471,0.935009369,0.993028766,1.00678491,1.018336531,1.038313244,1.09238321,1.206160501,1.206799662,1.309548999,1.3707527,1.385205678,1.375909331,1.424742979,1.510210125,1.55819957,1.629096303,1.715720906,1.865829134,1.965369877,2.036573433,2.092443714,2.2746802,2.306365176,2.45377616,2.612409746,2.902224784,2.813466632,2.922228075,3.067370836,3.125030959,3.27882634,3.539016645,3.220484871,3.172686269,3.405322293,3.524599309,3.467086566,3.026719678,3.469020167,3.053204351,3.228624891,3.615502824,3.639439898,3.703628528,3.702671959,4.017281459,4.0290674,4.328481783,3.98555756,3.594078801,3.25403645,3.408807971,3.693359696,3.877867532,4.241929142,4.527026145,4.267834308,4.499703098,4.968117822,5.096895867,5.112102666,5.284440288,5.234556266,4.421809347,4.667325381,5.173375199,5.469773188,5.376451968,5.838696457,6.278492513,6.416816535,6.580582006,6.755742629,7.37093385,7.849238219,8.121047712,8.447194423,8.806,9.333,9.358,9.686,10.201,10.753,11.235,11.782,12.153,12.815,13.666,14.798,15.396,16.11,16.954,16.872,16.862,17.727,18.216,18.873,19.352,19.25,18.717,18.565,18.733,19.284,19.967,20.254,20.914,21.717,21.992,22.521,22.988,22.293,22.513,22.725,23.255,23.961,24.098,24.01,24.542,25.206,25.377,25.932,27.295,28.229,29.191,30.152,31.023,31.554,30.991,32.76,33.881,34.327,34.612,34.78,34.709,34.689,35.259,36.002,36.319,34.375,36.045,36.718,37.261,37.777,38.106
all,World,C3F8,kt C3F8/yr,0,0,0,0,0,0,0,0,0,0,0,0,0,0,0,0,0,0,0,0,0,0,0,0,0,0,0,0,0,0,0,0,0,0,0,0,0,0,0,0,0,0,0,0,0,0,0,0,0,0,0,0,0,0,0,0,0,0,0,0,0,0,0,0,0,0,0,0,0,0,0,0,0,0,0,0,0,0,0,0,0,0,0,0,0,0,0,0,0,0,0,0,0,0,0,0,0,0,0,0,0,0,0,0,0,0,0,0,0,0,0,0,0,0,0,0,0,0,0,0,0,0,0,0,0,0,0,0,0,0,0,0,0,0,0,0,0,0,0,0,0,0,0,0,0,0,5.95E-06,2.21E-05,4.55E-05,7.78E-05,0.00012103,0.000177378,0.000248892,0.000337066,0.00044438,0.000573097,0.000725901,0.000903729,0.001108203,0.001339327,0.001593153,0.00186339,0.002144444,0.002430407,0.002715878,0.002994244,0.00325762,0.00349772,0.003713263,0.003912059,0.004109679,0.004323852,0.004570232,0.004844106,0.005126288,0.005399378,0.005654443,0.005889453,0.006112313,0.006346338,0.006639978,0.007067502,0.007717332,0.008666772,0.009957005,0.011581059,0.013485952,0.015583872,0.01776393,0.019900941,0.021859503,0.023499105,0.024674337,0.02527899,0.025323701,0.025003009,0.024582777,0.024225951,0.023983725,0.023852838,0.023801182,0.02376229,0.023649405,0.023377267,0.022877956,0.022118868,0.021111476,0.019911501,0.018608644,0.017303733,0.016105213,0.015139598,0.014552718,0.014501669,0.015151556,0.01666744,0.019212629,0.022939153,0.027980223,0.034437877,0.042367843,0.051768999,0.062566012,0.074588284,0.087562967,0.101146645,0.114978277,0.128608367,0.141505452,0.153120805,0.162969471,0.170833841,0.176997097,0.182196103,0.187364411,0.193632944,0.202420358,0.215223436,0.23343084,0.25834057,0.291248061,0.333177453,0.384559211,0.444917406,0.512655634,0.585035638,0.658402308,0.728634875,0.791648778,0.843831255,0.882355176,0.9054145,0.912382624,0.903854621,0.881577408,0.848273134,0.807383565,0.762727855,0.717840886,0.675395527,0.637984103,0.605324471,0.5799186,0.561463074,0.551385113,0.548729585,0.553962431,0.566022525,0.584623873,0.607415874,0.633849031,0.662958679,0.694956561,0.726954444,0.758952326,0.758952326
all,World,C4F10,kt C4F10/yr,0,0,0,0,0,0,0,0,0,0,0,0,0,0,0,0,0,0,0,0,0,0,0,0,0,0,0,0,0,0,0,0,0,0,0,0,0,0,0,0,0,0,0,0,0,0,0,0,0,0,0,0,0,0,0,0,0,0,0,0,0,0,0,0,0,0,0,0,0,0,0,0,0,0,0,0,0,0,0,0,0,0,0,0,0,0,0,0,0,0,0,0,0,0,0,0,0,0,0,0,0,0,0,0,0,0,0,0,0,0,0,0,0,0,0,0,0,0,0,0,0,0,0,0,0,0,0,0,0,0,0,0,0,0,0,0,0,0,0,0,0,0,0,0,0,0,0,0,0,0,0,0,0,0,0,0,0,0,0,0,0,0,0,0,0,0,0,0,0,0,0,0,0,0,0,0,0,0,1.67E-06,5.94E-06,1.19E-05,1.97E-05,2.94E-05,4.10E-05,5.40E-05,6.77E-05,8.21E-05,9.73E-05,0.000113808,0.000131925,0.000152142,0.0001745,0.000198686,0.000223564,0.000247181,0.000266276,0.000276294,0.00027096,0.00024243,0.000181118,7.62E-05,0,0,0,0,0,0,0,0,0,0,0,0,0,0.000645769,0.004271311,0.009420468,0.016308461,0.025054585,0.035612882,0.047685003,0.060728736,0.074281954,0.087970763,0.101620362,0.115124514,0.128473944,0.141635251,0.15460679,0.167306813,0.179655935,0.191564781,0.203047706,0.214119157,0.224847773,0.235247702,0.245338998,0.255045478,0.264261656,0.272757832,0.280263796,0.286417068,0.290866671,0.293218668,0.293136562,0.290278573,0.284393478,0.275285456,0.262961747,0.247647742,0.229941692,0.210736459,0.191114309,0.172092909,0.154564702,0.139117818,0.126081999,0.11551637,0.107332562,0.101287098,0.097096076,0.094413872,0.092929558,0.092329224,0.092374572,0.092846894,0.093609899,0.094542255,0.09559374,0.096712289,0.097897767,0.099127312,0.100407716,0.10168812,0.102968525,0.102968525
all,World,C5F12,kt C5F12/yr,0,0,0,0,0,0,0,0,0,0,0,0,0,0,0,0,0,0,0,0,0,0,0,0,0,0,0,0,0,0,0,0,0,0,0,0,0,0,0,0,0,0,0,0,0,0,0,0,0,0,0,0,0,0,0,0,0,0,0,0,0,0,0,0,0,0,0,0,0,0,0,0,0,0,0,0,0,0,0,0,0,0,0,0,0,0,0,0,0,0,0,0,0,0,0,0,0,0,0,0,0,0,0,0,0,0,0,0,0,0,0,0,0,0,0,0,0,0,0,0,0,0,0,0,0,0,0,0,0,0,0,0,0,0,0,0,0,0,0,0,0,0,0,0,0,0,0,0,0,0,0,0,0,0,0,0,0,0,0,0,0,0,0,0,0,0,0,0,0,0,0,0,0,0,0,0,0,1.73E-06,7.39E-06,1.53E-05,2.58E-05,3.90E-05,5.47E-05,7.24E-05,9.11E-05,0.000109224,0.000125225,0.000137518,0.000144396,0.000143704,0.000133032,0.000109467,7.00E-05,1.13E-05,0,0,0,0,0,0,0,0,0,0,0,0,0.000913628,0.002262846,0.004103117,0.006481129,0.009402814,0.012824825,0.016691496,0.020942663,0.025527752,0.030398503,0.035522231,0.040867056,0.046414529,0.052147934,0.05807219,0.064205246,0.070593239,0.077290015,0.084371003,0.091914749,0.10001907,0.108773181,0.118266113,0.128551015,0.139675387,0.151656323,0.164499715,0.178159226,0.192538569,0.207433871,0.222543057,0.237492157,0.251874047,0.265220036,0.277007516,0.286640152,0.293480969,0.296870851,0.29622373,0.29112825,0.281475992,0.267563874,0.250111229,0.230065906,0.208416213,0.18613256,0.164127853,0.143239724,0.124183947,0.107468422,0.093343419,0.081826208,0.072780499,0.065972496,0.061112882,0.057877074,0.055938173,0.054984261,0.054742833,0.054985857,0.055537869,0.056267042,0.057086144,0.057939862,0.058802131,0.059662352,0.060522356,0.061382361,0.062242366,0.062242366
all,World,C6F14,kt C6F14/yr,0,0,0,0,0,0,0,0,0,0,0,0,0,0,0,0,0,0,0,0,0,0,0,0,0,0,0,0,0,0,0,0,0,0,0,0,0,0,0,0,0,0,0,0,0,0,0,0,0,0,0,0,0,0,0,0,0,0,0,0,0,0,0,0,0,0,0,0,0,0,0,0,0,0,0,0,0,0,0,0,0,0,0,0,0,0,0,0,0,0,0,0,0,0,0,0,0,0,0,0,0,0,0,0,0,0,0,0,0,0,0,0,0,0,0,0,0,0,0,0,0,0,0,0,0,0,0,0,0,0,0,0,0,0,0,0,0,0,0,0,0,0,0,0,0,0,0,0,0,0,0,0,0,0,0,0,0,0,0,0,0,0,0,0,0,0,0,0,0,0,0,0,0,0,0,0,0,0,3.18E-06,8.02E-06,1.46E-05,2.30E-05,3.33E-05,4.53E-05,5.84E-05,7.17E-05,8.50E-05,9.82E-05,0.000111227,0.000124379,0.000137774,0.00015126,0.000164478,0.000176477,0.000185839,0.000190307,0.000186945,0.000171853,0.000140449,8.74E-05,7.13E-06,0,0,0,0,0,0,0,0,0,0,0,0,0.000468114,0.002281793,0.004845995,0.008281488,0.012741418,0.018368108,0.025267897,0.033448298,0.042833635,0.053261066,0.0645108,0.076286955,0.088234599,0.099923126,0.110849885,0.120470994,0.12846384,0.134855126,0.140021113,0.14465001,0.149711226,0.156419163,0.16620658,0.180676209,0.201542114,0.230474696,0.268903612,0.31771262,0.376867585,0.444914899,0.518406271,0.591210538,0.653985355,0.696142389,0.712452249,0.702236463,0.670606246,0.623665154,0.568667216,0.510455177,0.453532714,0.399862056,0.351490995,0.308534534,0.271784411,0.240535351,0.215046488,0.194260488,0.178205014,0.16564313,0.156409947,0.149077404,0.143315441,0.137618186,0.131697666,0.124207162,0.11513664,0.103554966,0.09003597,0.074440432,0.058844893,0.043249355,0.043249355
all,World,C7F16,kt C7F16/yr,0,0,0,0,0,0,0,0,0,0,0,0,0,0,0,0,0,0,0,0,0,0,0,0,0,0,0,0,0,0,0,0,0,0,0,0,0,0,0,0,0,0,0,0,0,0,0,0,0,0,0,0,0,0,0,0,0,0,0,0,0,0,0,0,0,0,0,0,0,0,0,0,0,0,0,0,0,0,0,0,0,0,0,0,0,0,0,0,0,0,0,0,0,0,0,0,0,0,0,0,0,0,0,0,0,0,0,0,0,0,0,0,0,0,0,0,0,0,0,0,0,0,0,0,0,0,0,0,0,0,0,0,0,0,0,0,0,0,0,0,0,0,0,0,0,0,0,0,0,0,0,0,0,0,0,0,0,0,0,0,0,0,0,0,0,0,0,0,0,0,0,0,3.00E-07,4.01E-06,9.30E-06,1.64E-05,2.55E-05,3.65E-05,4.92E-05,6.28E-05,7.63E-05,8.79E-05,9.49E-05,9.41E-05,8.11E-05,5.08E-05,0,0,0,0,0,0,0,0,0,0,0,0,0,0.000511427,0.001922741,0.003903015,0.006525459,0.009824112,0.0137678,0.018226961,0.022957254,0.027656883,0.032034372,0.035934989,0.039276667,0.0420611,0.044293139,0.046003382,0.047196467,0.047916298,0.048205147,0.048147959,0.047821851,0.047344515,0.046829451,0.046438501,0.04633885,0.046754724,0.047920016,0.050121877,0.053640525,0.05877492,0.065758885,0.074757684,0.0857498,0.098485139,0.112390344,0.126766679,0.140818426,0.153805063,0.165084971,0.174408391,0.18170602,0.187157559,0.190962824,0.193443828,0.19484975,0.195488496,0.195555704,0.195284783,0.194789607,0.194223703,0.193628601,0.193096171,0.192618062,0.192247734,0.191948934,0.191755968,0.191620501,0.191570199,0.191553914,0.191598493,0.191653055,0.191745052,0.191823544,0.19191492,0.191965884,0.191999242,0.19195671,0.191856114,0.191634945,0.191308618,0.190815943,0.190179493,0.189353054,0.188386377,0.187276302,0.186166227,0.185056153,0.185056153
all,World,C8F18,kt C8F18/yr,0,0,0,0,0,0,0,0,0,0,0,0,0,0,0,0,0,0,0,0,0,0,0,0,0,0,0,0,0,0,0,0,0,0,0,0,0,0,0,0,0,0,0,0,0,0,0,0,0,0,0,0,0,0,0,0,0,0,0,0,0,0,0,0,0,0,0,0,0,0,0,0,0,0,0,0,0,0,0,0,0,0,0,0,0,0,0,0,0,0,0,0,0,0,0,0,0,0,0,0,0,0,0,0,0,0,0,0,0,0,0,0,0,0,0,0,0,0,0,0,0,0,0,0,0,0,0,0,0,0,0,0,0,0,0,0,0,0,0,0,0,0,0,0,0,0,0,0,0,0,0,0,0,0,0,0,0,0,0,0,0,0,0,0,0,0,0,0,0,0,0,0,0,0,0,0,0,0,0,0,0,0,1.96E-06,4.41E-06,7.68E-06,1.18E-05,1.69E-05,2.26E-05,2.88E-05,3.48E-05,3.99E-05,4.28E-05,4.21E-05,3.57E-05,2.12E-05,0,0,0,0,0,0,0,0,0,0,0,0,0,0,5.77E-05,0.000943722,0.002211394,0.003917413,0.006095631,0.00873994,0.011782497,0.015072806,0.018402421,0.021595251,0.024475209,0.026919802,0.028818251,0.030122122,0.030808151,0.030946261,0.030664037,0.03020654,0.029897423,0.030193781,0.031636563,0.034886913,0.040650141,0.049692369,0.062710898,0.080046573,0.101481638,0.126536053,0.154032826,0.183139875,0.212440761,0.241368031,0.268579985,0.293525276,0.314710935,0.331956078,0.344071012,0.351317354,0.352787936,0.348836696,0.338694658,0.323400958,0.30301485,0.279139656,0.252495661,0.225139337,0.197838289,0.172195119,0.148937832,0.128858561,0.112362259,0.099831207,0.090976815,0.085648715,0.083240782,0.083428716,0.085511888,0.089157076,0.093888855,0.099631019,0.106069393,0.113297258,0.121077361,0.129439714,0.137802066,0.146164419,0.146164419
all,World,CH2Cl2,kt CH2Cl2/yr,215.9731971,215.9731971,215.9731971,215.9731971,215.9731971,215.9731971,215.9731971,215.9731971,215.9731971,215.9731971,215.9731971,215.9731971,215.9731971,215.9731971,215.9731971,215.9731971,215.9731971,215.9731971,215.9731971,215.9731971,215.9731971,215.9731971,215.9731971,215.9731971,215.9731971,215.9731971,215.9731971,215.9731971,215.9731971,215.9731971,215.9731971,215.9731971,215.9731971,215.9731971,215.9731971,215.9731971,215.9731971,215.9731971,215.9731971,215.9731971,215.9731971,215.9731971,215.9731971,215.9731971,215.9731971,215.9731971,215.9731971,215.9731971,215.9731971,215.9731971,215.9731971,215.9731971,215.9731971,215.9731971,215.9731971,215.9731971,215.9731971,215.9731971,215.9731971,215.9731971,215.9731971,215.9731971,215.9731971,215.9731971,215.9731971,215.9731971,215.9731971,215.9731971,215.9731971,215.9731971,215.9731971,215.9731971,215.9731971,215.9731971,215.9731971,215.9731971,215.9731971,215.9731971,215.9731971,215.9731971,215.9731971,215.9731971,215.9731971,215.9731971,215.9731971,215.9731971,215.9731971,215.9731971,215.9731971,215.9731971,215.9731971,215.9731971,215.9731971,215.9731971,215.9731971,215.9731971,215.9731971,215.9731971,215.9731971,215.9731971,215.9731971,215.9731971,215.9731971,215.9731971,215.9731971,215.9731971,215.9731971,215.9731971,215.9731971,215.9731971,215.9731971,215.9731971,215.9731971,215.9731971,215.9731971,215.9731972,215.9731972,215.9731972,215.9731971,215.9731971,215.9731971,215.973197,215.9731969,215.9731967,215.9731965,215.9731963,215.973196,215.9731957,215.9731954,215.9731952,215.973195,215.9731951,215.9731954,215.9731961,215.9731973,215.9731992,215.9732019,215.9732056,215.9732102,215.9732157,215.9732221,215.9732289,215.9732355,215.9732411,215.9732444,215.9732436,215.9732366,215.9732206,215.9731926,215.9731494,215.9730879,215.9730053,215.9729001,215.9727727,215.9726265,215.9724693,215.9723144,215.9721825,215.9721032,215.9721159,215.9722709,215.9726292,215.9732606,215.9742402,215.9756416,215.9775278,215.979936,215.9828595,215.9862235,215.9898554,215.9934523,215.9965446,215.998461,215.9982987,215.9949057,215.9868844,215.9726278,215.9504024,215.9184937,215.8754314,215.8203107,215.7532244,215.6758145,215.5919395,215.5084429,215.4359798,215.3898347,215.3906203,215.4647047,215.6441597,215.9659662,216.4701584,217.1968332,218.1831233,219.4612967,221.0579311,222.9938399,225.2844869,227.9406789,230.9693806,234.3745431,238.1578749,242.3195141,246.8585835,251.7736269,257.0629346,262.7247719,268.7575264,275.1597931,281.9304119,289.0684717,296.5732937,304.4444006,312.6814818,321.284357,330.2529419,339.5872185,349.2872107,359.3529645,369.784534,380.5819717,391.7453234,403.274626,415.1699088,427.431198,440.0585228,453.0519249,466.4114693,480.137256,494.2294339,508.6882131,523.5138763,538.7067861,554.2673854,570.1961885,586.4937561,603.1606517,620.1973719,637.6042459,655.3813,673.5280824,692.0434502,710.9253215,730.1704069,749.7739392,769.7294359,790.0285427,810.6610222,831.6149722,852.877376,874.4351019,896.2764797,918.3935846,940.7853413,963.46152,986.4476319,1009.790615,1033.565049,1057.879414,1082.881646,1108.762886,1135.75794,1164.140543,1194.211074,1226.274025,1260.640084,1297.657835,1337.429972,1379.77546,1424.321925,1470.533107,1517.730591,1565.193682,1612.656773,1660.119864,1660.119864
all,World,CH3Br,kt CH3Br/yr,111.7659708,111.7659708,111.7659708,111.7659708,111.7659708,111.7659708,111.7659708,111.7659708,111.7659708,111.7659708,111.7659708,111.7659708,111.7659708,111.7659708,111.7659708,111.7659708,111.7659708,111.7659708,111.7659708,111.7659708,111.7659708,111.7659708,111.7659708,111.7659708,111.7659708,111.7659708,111.7659708,111.7659708,111.7659708,111.7659708,111.7659708,111.7659708,111.7659708,111.7659708,111.7659708,111.7659708,111.7659708,111.7659708,111.7659708,111.7659708,111.7659708,111.7659708,111.7659708,111.7659708,111.7659708,111.7659708,111.7659708,111.7659708,111.7659708,111.7659708,111.7659708,111.7659708,111.7659708,111.7659708,111.7659708,111.7659708,111.7659708,111.7659708,111.7659708,111.7659708,111.7659708,111.7659708,111.7659708,111.7659708,111.7659708,111.7659708,111.7659708,111.7659708,111.7659708,111.7659708,111.7659708,111.7659708,111.7659708,111.7659708,111.7659708,111.7659708,111.7659708,111.7659708,111.7659708,111.7659708,111.7659708,111.7659708,111.7659708,111.7659708,111.7659708,111.7659708,111.7659708,111.7659708,111.7659708,111.7659708,111.7659708,111.7659708,111.7659708,111.7659708,111.7659708,111.7659708,111.7659708,111.7659708,111.7659708,111.7659708,111.7659708,111.7659708,111.7659708,111.7659708,111.7659708,111.7659708,111.7659707,111.7659707,111.7659707,111.7659707,111.7659707,111.7659706,111.7659706,111.7659705,111.7659705,111.7659705,111.7659705,111.7659706,111.7659707,111.7659709,111.7659711,111.7659715,111.765972,111.7659725,111.7659733,111.7659741,111.7659749,111.7659757,111.7659763,111.7659766,111.7659763,111.7659751,111.7659728,111.7659689,111.765963,111.7659547,111.7659438,111.7659301,111.7659138,111.7658954,111.7658761,111.7658577,111.765843,111.7658361,111.7658421,111.7658676,111.7659204,111.7660092,111.7661434,111.7663315,111.7665807,111.7668941,111.7672688,111.7676925,111.7681398,111.7685681,111.7689131,111.7690847,111.7689636,111.7684,111.7672148,111.7652056,111.762159,111.757871,111.7521777,111.7449986,111.7363937,111.7266349,111.7162918,111.7063286,111.6982055,111.6939759,111.6963645,111.708805,111.7354103,111.7808413,111.8500334,111.9477928,112.07847,112.2457786,112.452734,112.7016741,112.9943308,113.3319302,113.715303,114.1449938,114.6213592,115.1446504,115.7150765,116.3328448,116.9981772,117.7113004,118.4724065,119.2815838,120.138714,121.0433361,121.9944793,122.9904672,124.0287059,125.105472,126.215727,127.3529949,128.5093553,129.6756147,130.8417371,131.9976226,133.1355304,134.25463,135.3570824,136.4489107,137.5358794,138.6249132,139.721324,140.8308214,141.9569985,143.1043353,144.2756708,145.4739848,146.7003355,147.9568213,149.2446023,150.5663503,151.9236553,153.3191035,154.7544643,156.2335076,157.7591272,159.336304,160.9697309,162.6655103,164.4286833,166.2654278,168.1799222,170.1754874,172.2511366,174.4017001,176.6134107,178.8648893,181.1225214,183.340889,185.4589223,187.4015522,189.0788539,190.3922622,191.2387939,191.5253348,191.1832696,190.1689394,188.4623103,186.0980015,183.1823897,179.8812002,176.369121,172.7878479,169.2295391,165.7460898,162.3752344,159.159196,156.1408128,153.3622133,150.8475771,148.6001379,146.6131497,144.8856702,143.4159563,142.187999,141.1699642,140.3358493,139.6662422,139.1409945,138.7227797,138.3670217,138.0349635,137.7029052,137.370847,137.370847
all,World,CH3Cl,kt CH3Cl/yr,4554.415615,4554.415615,4554.415615,4554.415615,4554.415615,4554.415615,4554.415615,4554.415615,4554.415615,4554.415615,4554.415615,4554.415615,4554.415615,4554.415615,4554.415615,4554.415615,4554.415615,4554.415615,4554.415615,4554.415615,4554.415615,4554.415615,4554.415615,4554.415615,4554.415615,4554.415615,4554.415615,4554.415615,4554.415615,4554.415615,4554.415615,4554.415615,4554.415615,4554.415615,4554.415615,4554.415615,4554.415615,4554.415615,4554.415615,4554.415615,4554.415615,4554.415615,4554.415615,4554.415615,4554.415615,4554.415615,4554.415615,4554.415615,4554.415615,4554.415615,4554.415615,4554.415615,4554.415615,4554.415615,4554.415615,4554.415615,4554.415615,4554.415615,4554.415615,4554.415615,4554.415615,4554.415615,4554.415615,4554.415615,4554.415615,4554.415615,4554.415615,4554.415615,4554.415615,4554.415615,4554.415615,4554.415615,4554.415615,4554.415615,4554.415615,4554.415615,4554.415615,4554.415615,4554.415615,4554.415615,4554.415615,4554.415615,4554.415615,4554.415615,4554.415615,4554.415615,4554.415615,4554.415615,4554.415615,4554.415615,4554.415615,4554.415615,4554.415615,4554.415615,4554.415615,4554.415615,4554.415615,4554.415615,4554.415615,4554.415615,4554.415615,4554.415615,4554.415615,4554.415615,4554.415615,4554.415615,4554.415615,4554.415615,4554.415615,4554.415615,4554.415615,4554.415615,4554.415615,4554.415615,4554.415615,4554.415616,4554.415616,4554.415616,4554.415615,4554.415615,4554.415614,4554.415614,4554.415612,4554.415611,4554.415609,4554.415607,4554.415604,4554.415601,4554.415599,4554.415597,4554.415596,4554.415597,4554.415601,4554.415609,4554.415622,4554.415642,4554.415669,4554.415705,4554.41575,4554.415803,4554.415863,4554.415925,4554.415984,4554.41603,4554.41605,4554.416026,4554.415938,4554.41576,4554.415463,4554.415018,4554.414396,4554.413576,4554.412548,4554.411324,4554.409946,4554.408501,4554.40713,4554.406047,4554.40555,4554.406031,4554.407982,4554.411988,4554.418706,4554.428827,4554.443003,4554.461748,4554.485296,4554.513409,4554.545146,4554.578583,4554.610495,4554.636033,4554.648408,4554.638649,4554.595494,4554.505507,4554.353531,4554.123612,4553.800549,4553.372214,4552.832807,4552.187147,4551.456056,4550.682786,4549.940252,4549.338649,4549.032688,4549.22736,4550.180647,4552.201152,4555.638049,4560.860295,4568.226289,4578.059421,4590.632669,4606.159556,4624.788751,4646.600191,4671.601235,4699.722064,4730.810262,4764.625278,4800.834311,4839.012031,4878.647445,4919.162187,4959.98254,5000.681561,5040.864818,5080.228071,5118.449389,5155.268621,5190.400227,5223.627542,5254.724035,5283.55053,5309.974283,5333.96043,5355.483847,5374.614075,5391.421352,5406.056634,5418.655092,5429.41509,5438.502369,5446.13091,5452.46866,5457.721123,5462.040719,5465.613125,5468.568618,5471.069869,5473.223797,5475.168942,5476.986207,5478.784517,5480.608879,5482.522336,5484.509334,5486.553167,5488.534826,5490.30648,5491.588368,5492.043407,5491.180167,5488.626848,5484.581842,5479.059563,5471.213595,5460.637679,5448.18563,5435.460114,5423.73683,5413.700258,5405.652599,5399.662967,5395.580399,5393.083405,5391.83478,5391.808597,5393.148697,5396.005142,5400.009858,5404.361602,5408.07227,5410.038362,5409.427581,5406.385852,5401.646262,5395.928329,5389.674991,5383.180816,5376.566047,5369.951278,5363.336508,5363.336508
all,World,CHCl3,kt CHCl3/yr,261.0325378,261.0325378,261.0325378,261.0325378,261.0325378,261.0325378,261.0325378,261.0325378,261.0325378,261.0325378,261.0325378,261.0325378,261.0325378,261.0325378,261.0325378,261.0325378,261.0325378,261.0325378,261.0325378,261.0325378,261.0325378,261.0325378,261.0325378,261.0325378,261.0325378,261.0325378,261.0325378,261.0325378,261.0325378,261.0325378,261.0325378,261.0325378,261.0325378,261.0325378,261.0325378,261.0325378,261.0325378,261.0325378,261.0325378,261.0325378,261.0325378,261.0325378,261.0325378,261.0325378,261.0325378,261.0325378,261.0325378,261.0325378,261.0325378,261.0325378,261.0325378,261.0325378,261.0325378,261.0325378,261.0325378,261.0325378,261.0325378,261.0325378,261.0325378,261.0325378,261.0325378,261.0325378,261.0325378,261.0325378,261.0325378,261.0325378,261.0325378,261.0325378,261.0325378,261.0325378,261.0325378,261.0325378,261.0325378,261.0325378,261.0325378,261.0325378,261.0325378,261.0325378,261.0325378,261.0325378,261.0325378,261.0325378,261.0325378,261.0325378,261.0325378,261.0325378,261.0325378,261.0325378,261.0325378,261.0325378,261.0325378,261.0325378,261.0325378,261.0325378,261.0325378,261.0325378,261.0325378,261.0325378,261.0325378,261.0325378,261.0325378,261.0325378,261.0325378,261.0325378,261.0325378,261.0325378,261.0325378,261.0325378,261.0325378,261.0325378,261.0325378,261.0325378,261.0325378,261.0325378,261.0325378,261.0325378,261.0325378,261.0325378,261.0325378,261.0325378,261.0325378,261.0325378,261.0325377,261.0325377,261.0325377,261.0325376,261.0325376,261.0325375,261.0325375,261.0325374,261.0325374,261.0325374,261.0325375,261.0325376,261.0325378,261.0325381,261.0325386,261.0325392,261.03254,261.032541,261.0325421,261.0325432,261.0325444,261.0325453,261.0325459,261.0325458,261.0325445,261.0325418,261.032537,261.0325296,261.032519,261.0325048,261.0324867,261.0324648,261.0324397,261.0324127,261.0323861,261.0323635,261.0323499,261.0323522,261.0323789,261.0324406,261.0325492,261.0327177,261.0329587,261.0332829,261.0336967,261.0341991,261.0347769,261.0354006,261.0360181,261.0365484,261.0368764,261.0368466,261.0362613,261.0348802,261.0324273,261.0286049,261.0231187,261.0157166,261.0062436,260.9947167,260.9814191,260.9670152,260.9526823,260.940253,260.9323553,260.9325321,260.9453153,260.9762152,261.0315847,261.1182987,261.2432408,261.4127843,261.6324681,261.9068555,262.2395231,262.6331319,263.0895472,263.6099784,264.1951215,264.8452909,265.5605343,266.3407275,267.1856471,268.0950254,269.0685861,270.1060665,271.2072281,272.3718581,273.5997646,274.8907685,276.2446935,277.6613567,279.1405615,280.6820957,282.2857362,283.951263,285.6784855,287.467283,289.3176621,291.2298317,293.2042971,295.2419704,297.3442919,299.5133557,301.7520227,304.0640024,306.4538739,308.9270103,311.4893611,314.1470397,316.9056569,319.7693435,322.7394041,325.8125677,328.9788225,332.2188737,335.5013285,338.7798058,341.9902923,345.0492112,347.8528493,350.2789793,352.1917125,353.4507964,353.9267025,353.5228808,352.2024825,350.0239097,347.221506,344.1969042,341.3915322,339.1705461,337.8201047,337.5653624,338.5680386,340.9375376,344.6986971,349.8198449,356.2143905,363.6840913,371.8984701,380.3814115,388.5201485,395.6372322,401.2030447,404.9081381,406.6818597,406.7992441,405.7533586,404.0020325,401.9370727,399.8721129,397.807153,397.807153
all,World,NF3,kt NF3/yr,0,0,0,0,0,0,0,0,0,0,0,0,0,0,0,0,0,0,0,0,0,0,0,0,0,0,0,0,0,0,0,0,0,0,0,0,0,0,0,0,0,0,0,0,0,0,0,0,0,0,0,0,0,0,0,0,0,0,0,0,0,0,0,0,0,0,0,0,0,0,0,0,0,0,0,0,0,0,0,0,0,0,0,0,0,0,0,0,0,0,0,0,0,0,0,0,0,0,0,0,0,0,0,0,0,0,0,0,0,0,0,0,0,0,0,0,0,0,0,0,0,0,0,0,0,0,0,0,0,0,0,0,0,0,0,0,0,0,0,0,0,0,0,0,0,0,0,0,0,0,0,0,0,0,0,0,0,0,0,0,0,0,0,0,0,0,0,0,0,0,0,0,0,0,0,0,0,0,0,0,0,0,0,0,0,0,0,0,0,0,0,0,0,0,0,0,0,0,0,0,0,0,4.84E-06,9.81E-06,1.64E-05,2.45E-05,3.43E-05,4.52E-05,5.67E-05,6.75E-05,7.60E-05,7.98E-05,7.57E-05,5.99E-05,2.76E-05,0,0,0,0,0,0,0,0,0,0,0,0,0,0,0.000536233,0.002393352,0.005033001,0.008611983,0.013293691,0.019246126,0.026640146,0.035647871,0.046441162,0.059190093,0.074061307,0.091216205,0.110808929,0.132984166,0.157874875,0.185600133,0.216263424,0.249951821,0.286736682,0.326676647,0.36982386,0.416234485,0.465984647,0.519192848,0.576049759,0.636855792,0.702066183,0.772342153,0.848605214,0.932089579,1.024385071,1.127459798,1.243648334,1.375587463,1.526077914,1.697847693,1.893191019,2.113457976,2.356396508,2.613311243,2.883531327,3.160506791,3.443768318,3.726527118,4.009285918,4.292044718,4.292044718
all,World,SO2F2,kt SO2F2/yr,0,0,0,0,0,0,0,0,0,0,0,0,0,0,0,0,0,0,0,0,0,0,0,0,0,0,0,0,0,0,0,0,0,0,0,0,0,0,0,0,0,0,0,0,0,0,0,0,0,0,0,0,0,0,0,0,0,0,0,0,0,0,0,0,0,0,0,0,0,0,0,0,0,0,0,0,0,0,0,0,0,0,0,0,0,0,0,0,0,0,0,0,0,0,0,0,0,0,0,0,0,0,0,0,0,0,0,0,0,0,0,0,0,0,0,0,0,0,0,0,0,0,0,0,0,0,0,0,0,0,0,0,0,0,0,0,0,0,0,0,0,0,0,0,0,0,0,0,0,0,0,0,0,0,0,0,0,0,0,0,0,0,0,0,0,0,0,0,0,0,0,0,0,0,0,0,0,0,0,0,1.40E-05,2.99E-05,5.10E-05,7.77E-05,0.00010964,0.000145948,0.00018448,0.00022167,0.000252113,0.000268195,0.000259806,0.000214196,0.000116077,0,0,0,0,0,0,0,0,0,0,0,0,0,0,0.000963054,0.00678036,0.015030374,0.026053283,0.040034349,0.056933088,0.076543216,0.098568928,0.122680832,0.148554402,0.175894182,0.204446943,0.234006727,0.264414303,0.295553095,0.327343178,0.359734525,0.392700302,0.426230743,0.460327862,0.495001126,0.530264058,0.56613171,0.602618829,0.639738628,0.677501957,0.715916783,0.754987864,0.794716522,0.835100483,0.876133775,0.917806685,0.960105855,1.003014615,1.046513663,1.090582282,1.135200286,1.180350872,1.226024599,1.272224658,1.318973494,1.366320761,1.414352362,1.463200067,1.513050817,1.564154418,1.616827697,1.671452654,1.728465428,1.788332255,1.851508136,1.918373615,1.989645236,2.066511742,2.146525064,2.229990396,2.317310029,2.414041678,2.529421988,2.676307963,2.854500434,3.065583344,3.31815396,3.610899462,3.938610482,4.27761364,4.616616799,4.955619957,4.955619957
all,World,c-C4F8,kt cC4F8/yr,0,0,0,0,0,0,0,0,0,0,0,0,0,0,0,0,0,0,0,0,0,0,0,0,0,0,0,0,0,0,0,0,0,0,0,0,0,0,0,0,0,0,0,0,0,0,0,0,0,0,0,0,0,0,0,0,0,0,0,0,0,0,0,0,0,0,0,0,0,0,0,0,0,0,0,0,0,0,0,0,0,0,0,0,0,0,0,0,0,0,0,0,0,0,0,0,0,0,0,0,0,0,0,0,0,0,0,0,0,0,0,0,0,0,0,0,0,0,0,0,0,0,0,0,0,0,0,0,0,0,0,0,0,0,0,0,0,0,0,0,0,0,0,0,0,0,0,0,0,0,0,0,0,0,0,0,0,0,0,0,0,0,0,0,0,0,0,0,0,0,1.10E-05,3.05E-05,5.71E-05,9.17E-05,0.000134238,0.000184036,0.000238902,0.000294833,0.000345435,0.000381375,0.000389888,0.000354444,0.000254685,6.68E-05,0,0,0,0,0,0,0,0,0,0,0,0,0,0,0.006502401,0.016832452,0.030896711,0.049042081,0.071300865,0.097209014,0.125698425,0.155396973,0.184985504,0.213519853,0.240513879,0.265998723,0.29040788,0.314477665,0.339072696,0.365084557,0.393276467,0.424265105,0.458398412,0.495724688,0.535961731,0.578677569,0.623350246,0.669524953,0.716831762,0.765108708,0.814391666,0.864971552,0.917135894,0.97098445,1.026172106,1.081848295,1.136416059,1.187338959,1.230969309,1.262757676,1.277602934,1.270618649,1.238309474,1.180311276,1.100826947,1.007083756,0.908097038,0.812707516,0.728925773,0.662424184,0.616529256,0.591896476,0.587498698,0.600906753,0.629337692,0.669662695,0.719140946,0.775160059,0.835759391,0.899212111,0.964458276,1.030689422,1.097706633,1.165416225,1.234148983,1.304149868,1.375882704,1.449480399,1.525031923,1.601999287,1.679514622,1.7560771,1.8302063,1.900330628,1.965634064,2.026153851,2.083278658,2.138385452,2.193034361,2.24768327,2.302332179,2.302332179
all,World,CO2 AFOLU,Gt CO2/yr,0.010992174,0.032976522,0.054960869,0.076945217,0.098929565,0.120913912,0.14289826,0.164882608,0.186866955,0.208851303,0.230835651,0.252819998,0.274804346,0.296788694,0.318773041,0.340757389,0.362741737,0.384726084,0.406710432,0.42869478,0.450679127,0.472663475,0.494647823,0.516632171,0.538616518,0.560600866,0.582585214,0.604569561,0.626553909,0.648538257,0.670522604,0.692506952,0.7144913,0.736475647,0.758459995,0.780444343,0.80242869,0.824413038,0.846397386,0.868381733,0.890366081,0.912350429,0.934334776,0.956319124,0.978303472,1.000287819,1.022272167,1.044256515,1.066240863,1.08822521,1.110209558,1.132193906,1.154178253,1.176162601,1.198146949,1.220131296,1.242115644,1.264099992,1.286084339,1.308068687,1.330053035,1.352037382,1.37402173,1.396006078,1.417990425,1.439974773,1.461959121,1.483943468,1.505927816,1.527912164,1.549896512,1.571880859,1.593865207,1.615849555,1.637833902,1.65981825,1.681802598,1.703786945,1.725771293,1.747755641,1.769739988,1.791724336,1.813708684,1.835693031,1.857677379,1.879661727,1.901646074,1.923630422,1.94561477,1.967599117,1.989583465,2.011567813,2.033552161,2.055536508,2.077520856,2.099505204,2.121489551,2.143473899,2.165458247,2.187442594,2.640530108,2.821766548,2.85957595,2.907718339,2.916957258,2.880611928,2.971040893,2.953232645,2.976991041,3.040890114,2.782861519,2.769375437,2.742446034,2.709092448,2.620616616,2.573305112,2.610016118,2.572092948,2.540508392,2.586766261,2.837214765,2.856598882,3.054735072,2.982379666,3.180326893,3.264798918,3.285769144,3.183775879,3.279301135,3.27252827,3.382776531,3.379537278,3.559227604,3.481436668,3.634892424,3.633883715,3.547918504,3.694130504,3.569017247,3.680369321,3.953200735,4.163666962,4.104820418,4.291812516,4.307302688,4.312621317,4.247702112,4.407572767,4.360104347,4.450847683,4.509373321,4.536064812,4.630583027,4.600289513,4.6824756,4.830257098,4.840826027,4.75199263,4.842356429,4.949777314,4.75033988,4.830274946,4.689623253,4.517843064,4.599750797,4.57447518,4.525947222,4.54868106,4.551802686,4.484531507,4.606870492,4.842472479,4.806061617,4.911316447,4.924881775,4.922030034,4.933884826,4.969471751,4.943589741,4.897666757,5.023916663,5.188617032,5.237213511,5.301217405,5.341668979,5.264984661,5.304434538,5.372189863,5.422035208,5.361063006,5.462309737,5.742478977,5.773442501,5.72498696,5.702544577,5.696444866,5.651659163,5.640429346,5.554334637,5.480181217,6.211576516,6.564578066,6.482803516,6.593883542,6.985543693,7.128406138,7.224753516,7.328894595,7.196540047,8.693,7.611,7.63,7.138,6.953,6.66,6.385,5.917,6.251,6.327,6.941,6.69,6.139,6.438,6.254,6.313,6.123,6.06,6.62,6.564,5.856,6.001,5.837,5.532,5.84,6.425,6.788,6.943,6.498,6.157,5.981,5.829,5.72,5.968,5.733,6.669,6.278,6.542,8.02,6.792,6.562,6.146,5.461,6.094,7.321,6.444,5.931,6.034,5.593,5.951,6.535,6.518,6.393,6.682,6.32,6.41,6.513,5.377,5.308,4.882,4.887,4.517,4.657,4.785,4.746,4.586,4.123
all,World,HFC-125,kt HFC125/yr,0,0,0,0,0,0,0,0,0,0,0,0,0,0,0,0,0,0,0,0,0,0,0,0,0,0,0,0,0,0,0,0,0,0,0,0,0,0,0,0,0,0,0,0,0,0,0,0,0,0,0,0,0,0,0,0,0,0,0,0,0,0,0,0,0,0,0,0,0,0,0,0,0,0,0,0,0,0,0,0,0,0,0,0,0,0,0,0,0,0,0,0,0,0,0,0,0,0,0,0,0,0,0,0,0,0,0,0,0,0,0,0,0,0,0,0,0,0,0,0,0,0,0,0,0,0,0,0,0,0,0,0,0,0,0,0,0,0,0,0,0,0,0,0,0,0,0,0,0,0,0,0,0,0,0,0,0,0,0,0,0,0,0,0,0,0,0,0,0,0,0,0,0,0,0,0,0,0,0,0,0,0,0,0,0,0,0,0,0,0,0,0,0,0,0,0,0,0,0,0,0,0,0,0,0,0,0,0,0,0,0,0.000182391,0.000636437,0.001266949,0.002094593,0.003127038,0.004350666,0.005720269,0.00714689,0.008484272,0.009514842,0.009936692,0.009353781,0.007272376,0.003107705,0,0,0,0,0,0,0,0,0,0,0,0,0,0,0.078129857,0.0024,0.0082,0.6156,1.037,1.0699,3.111,4.2139,7.5765,6.2315,5.8818,8.2226,9.2016,10.8449,12.9179,14.0317,15.3336,18.4382,21.4492,24.8367,27.6175,33.6076,38.1922,43.2294,48.1587,54.1462,58.9704,65.8881,74.9193,79.1515,82.654,94.9691,103.1366,111.7943,120.7133,127.9964,127.9964
all,World,HFC-134a,kt HFC134a/yr,0,0,0,0,0,0,0,0,0,0,0,0,0,0,0,0,0,0,0,0,0,0,0,0,0,0,0,0,0,0,0,0,0,0,0,0,0,0,0,0,0,0,0,0,0,0,0,0,0,0,0,0,0,0,0,0,0,0,0,0,0,0,0,0,0,0,0,0,0,0,0,0,0,0,0,0,0,0,0,0,0,0,0,0,0,0,0,0,0,0,0,0,0,0,0,0,0,0,0,0,0,0,0,0,0,0,0,0,0,0,0,0,0,0,0,0,0,0,0,0,0,0,0,0,0,0,0,0,0,0,0,0,0,0,0,0,0,0,0,0,0,0,0,0,0,0,0,0,0,0,0,0,0,0,0,0,0,0,0,0,0,0,0,0,0,0,0,0,0,0,0,0,0,0,0,0,0,0,0,0,0,0,0,0,0,0,0,0,0,0,0,0,0,0,0,0,0,0,0,0,0,0,0,0,0,0,0,0,0,0,0,0.002702828,0.00715812,0.013230776,0.02107347,0.030703615,0.041924914,0.054231378,0.066695964,0.07784905,0.085556239,0.086910389,0.078159382,0.05469884,0.011167304,0,0,0,0,0,0,0,0,0,0,0,0,0,0,1.253159635,1.4158,3.5993,5.5789,7.7001,13.77,21.6553,33.8886,40.3582,59.5792,67.7986,74.935,81.7709,93.5337,103.0066,110.7878,114.2227,118.5128,129.0365,136.2778,143.9075,155.9124,157.9344,164.3579,171.7149,183.7253,196.0126,211.3489,219.816,219.9578,223.1781,273.4836,273.2599,277.8708,284.7813,288.2208,288.2208
all,World,HFC-143a,kt HFC143a/yr,0,0,0,0,0,0,0,0,0,0,0,0,0,0,0,0,0,0,0,0,0,0,0,0,0,0,0,0,0,0,0,0,0,0,0,0,0,0,0,0,0,0,0,0,0,0,0,0,0,0,0,0,0,0,0,0,0,0,0,0,0,0,0,0,0,0,0,0,0,0,0,0,0,0,0,0,0,0,0,0,0,0,0,0,0,0,0,0,0,0,0,0,0,0,0,0,0,0,0,0,0,0,0,0,0,0,0,0,0,0,0,0,0,0,0,0,0,0,0,0,0,0,0,0,0,0,0,0,0,0,0,0,0,0,0,0,0,0,0,0,0,0,0,0,0,0,0,0,0,0,0,0,0,0,0,0,0,0,0,0,0,0,0,0,0,0,0,0,0,0,0,0,0,0,0,0,0,0,0,0,0,0,0,0,0,0,0,0,0,0,0,0,0,0,0,0,0,0,0,4.21E-05,9.32E-05,0.000161538,0.000248179,0.000352644,0.00047192,0.000599445,0.000723921,0.000828064,0.000887381,0.000869176,0.000732007,0.000425939,0,0,0,0,0,0,0,0,0,0,0,0,0,0,0.001696582,0.020278208,0.046802916,0.082433052,0.127847757,0.182885533,0.246309662,0.316360599,0.391465831,0.47090856,0.55546982,0.648050122,0.754261778,0.882961924,0.774,0.5804,0.6556,1.0322,1.5208,2.5456,3.247,4.68,5.5131,6.2708,7.2027,8.8496,9.8368,10.3523,11.4053,13.2631,14.9461,15.691,17.415,17.985,19.2541,20.6838,22.1133,23.201,24.77,26.4862,28.3066,28.8855,28.3002,28.8309,30.9368,31.8075,32.7142,33.6389,33.787,33.787
all,World,HFC-152a,kt HFC152a/yr,0,0,0,0,0,0,0,0,0,0,0,0,0,0,0,0,0,0,0,0,0,0,0,0,0,0,0,0,0,0,0,0,0,0,0,0,0,0,0,0,0,0,0,0,0,0,0,0,0,0,0,0,0,0,0,0,0,0,0,0,0,0,0,0,0,0,0,0,0,0,0,0,0,0,0,0,0,0,0,0,0,0,0,0,0,0,0,0,0,0,0,0,0,0,0,0,0,0,0,0,0,0,0,0,0,0,0,0,0,0,0,0,0,0,0,0,0,0,0,0,0,0,0,0,0,0,0,0,0,0,0,0,0,0,0,0,0,0,0,0,0,0,0,0,0,0,0,0,0,0,0,0,0,0,0,0,0,0,0,0,0,0,0,0,0,0,0,0,0,0,0,0,0,0,0,0,0,0,0,0,0,0,0,0,0,0,0,0,0,0,0,0,0,0,0,0,0,0,0,0,0,0,0,0,0,0,0,0,0,0.00053609,0.001360943,0.002480771,0.003921883,0.005685242,0.007732055,0.009966206,0.012213945,0.014201839,0.015534745,0.015676597,0.013937964,0.009475786,0.00131216,0,0,0,0,0,0,0,0,0,0,0,0,0,0,0.251024662,0.678133438,1.261302539,0.0004,3.6029,4.9615,7.3167,8.2534,8.1955,8.7544,10.7647,12.5773,13.267,15.223,16.9782,20.9028,23.8262,26.8743,32.6453,39.412,43.3941,43.1542,43.173,46.8619,47.9762,46.8891,44.9765,45.1089,45.5776,46.6378,48.5146,49.4887,49.9019,48.3849,49.7374,51.2765,52.9854,50.4099,50.4099
all,World,HFC-227ea,kt HFC227ea/yr,0,0,0,0,0,0,0,0,0,0,0,0,0,0,0,0,0,0,0,0,0,0,0,0,0,0,0,0,0,0,0,0,0,0,0,0,0,0,0,0,0,0,0,0,0,0,0,0,0,0,0,0,0,0,0,0,0,0,0,0,0,0,0,0,0,0,0,0,0,0,0,0,0,0,0,0,0,0,0,0,0,0,0,0,0,0,0,0,0,0,0,0,0,0,0,0,0,0,0,0,0,0,0,0,0,0,0,0,0,0,0,0,0,0,0,0,0,0,0,0,0,0,0,0,0,0,0,0,0,0,0,0,0,0,0,0,0,0,0,0,0,0,0,0,0,0,0,0,0,0,0,0,0,0,0,0,0,0,0,0,0,0,0,0,0,0,0,0,0,0,0,0,0,0,0,0,0,0,0,0,0,0,0,0,0,0,0,0,0,0,0,0,0,0,0,0,0,0,0,0,0,0,0,0,0,0,0,0,0,0,0,0,0,4.05E-05,0.000108233,0.000200693,0.000320196,0.00046705,0.000638314,0.000826335,0.001017049,0.001188127,0.001307098,0.0013297,0.001198759,0.00084406,0.000183774,0,0,0,0,0,0,0,0,0,0,0,0,0,0,0.0003,0.0008,0.0023,0.0116,0.2097,0.4939,0.4376,0.4935,0.4394,0.8558,0.7688,1.1145,1.2862,1.5734,1.7995,2.1048,2.169,2.4495,2.6501,2.7864,2.8874,3.2482,3.5172,3.6183,3.8902,4.3558,4.665,4.9362,5.2404,5.5837,5.8267,6.1266,6.4629,6.5542,6.5542
all,World,HFC-236fa,kt HFC236fa/yr,0,0,0,0,0,0,0,0,0,0,0,0,0,0,0,0,0,0,0,0,0,0,0,0,0,0,0,0,0,0,0,0,0,0,0,0,0,0,0,0,0,0,0,0,0,0,0,0,0,0,0,0,0,0,0,0,0,0,0,0,0,0,0,0,0,0,0,0,0,0,0,0,0,0,0,0,0,0,0,0,0,0,0,0,0,0,0,0,0,0,0,0,0,0,0,0,0,0,0,0,0,0,0,0,0,0,0,0,0,0,0,0,0,0,0,0,0,0,0,0,0,0,0,0,0,0,0,0,0,0,0,0,0,0,0,0,0,0,0,0,0,0,0,0,0,0,0,0,0,0,0,0,0,0,0,0,0,0,0,0,0,0,0,0,0,0,0,0,0,0,0,0,0,0,0,0,0,0,0,0,0,0,0,0,0,0,0,0,0,0,0,0,0,0,0,0,0,0,0,0,0,0,0,0,0,0,0,0,0,0,0,5.12E-06,1.51E-05,2.88E-05,4.67E-05,6.88E-05,9.47E-05,0.000123481,0.000152994,0.000180017,0.000199766,0.000205672,0.000189186,0.000139745,4.49E-05,0,0,0,0,0,0,0,0,0,0,0,0,0,0,0.002306683,0,0,0.0061,0.0189,0.0322,0.0562,0.0765,0.0964,0.1147,0.1283,0.1354,0.1413,0.1484,0.1554,0.1634,0.1741,0.1865,0.1994,0.2128,0.2225,0.2386,0.258,0.2704,0.2794,0.2884,0.3005,0.3158,0.3298,0.3367,0.338,0.3198,0.3282,0.3371,0.3469,0.3541,0.3541
all,World,HFC-245fa,kt HFC245fa/yr,0,0,0,0,0,0,0,0,0,0,0,0,0,0,0,0,0,0,0,0,0,0,0,0,0,0,0,0,0,0,0,0,0,0,0,0,0,0,0,0,0,0,0,0,0,0,0,0,0,0,0,0,0,0,0,0,0,0,0,0,0,0,0,0,0,0,0,0,0,0,0,0,0,0,0,0,0,0,0,0,0,0,0,0,0,0,0,0,0,0,0,0,0,0,0,0,0,0,0,0,0,0,0,0,0,0,0,0,0,0,0,0,0,0,0,0,0,0,0,0,0,0,0,0,0,0,0,0,0,0,0,0,0,0,0,0,0,0,0,0,0,0,0,0,0,0,0,0,0,0,0,0,0,0,0,0,0,0,0,0,0,0,0,0,0,0,0,0,0,0,0,0,0,0,0,0,0,0,0,0,0,0,0,0,0,0,0,0,0,0,0,0,0,0,0,0,0,0,0,0,1.91E-05,2.04E-05,2.01E-05,0,0,0,0,0,0,0,0,0,0,0,0,0,0,0,0,3.48E-05,0.000460981,0.001069823,0.001888228,0.002932032,0.004197812,0.005652454,0.007220551,0.008769984,0.010096458,0.01090835,0.010813931,0.009313898,0.005803152,0,0,0,0,0,0,0,0,0,0,0,0.0002,0.0003,0.0006,0.0015,0.0039,0.0096,0.0218,0.0572,0.7026,1.3307,4.1327,5.8095,6.8506,6.9737,6.919,6.8565,7.3951,8.1294,8.7513,9.2156,9.7851,10.5005,11.2736,11.9319,12.3624,12.5277,12.8389,13.3898,14.0283,14.6969,15.141,15.141
all,World,HFC-32,kt HFC32/yr,0,0,0,0,0,0,0,0,0,0,0,0,0,0,0,0,0,0,0,0,0,0,0,0,0,0,0,0,0,0,0,0,0,0,0,0,0,0,0,0,0,0,0,0,0,0,0,0,0,0,0,0,0,0,0,0,0,0,0,0,0,0,0,0,0,0,0,0,0,0,0,0,0,0,0,0,0,0,0,0,0,0,0,0,0,0,0,0,0,0,0,0,0,0,0,0,0,0,0,0,0,0,0,0,0,0,0,0,0,0,0,0,0,0,0,0,0,0,0,0,0,0,0,0,0,0,0,0,0,0,0,0,0,0,0,0,0,0,0,0,0,0,0,0,0,0,0,0,0,0,0,0,0,0,0,0,0,0,0,0,0,0,0,0,0,0,0,0,0,0,0,0,0,0,0,0,0,0,0,0,0,0,0,0,0,0,0,0,0,0,0,0,0,0,0,0,0,0,0,0,0,0,0,0,0,0,0,0,0,0,0,0,0,0,0,0,0,0,0,0,0.000155718,0.000237365,0.000335371,0.000446707,0.000564967,0.000679265,0.000773074,0.000823107,0.000798419,0.000659961,0.000360886,0,0,0,0,0,0,0,0,0,0.0012,0.1096,0.2193,0.251,0.2827,0.3144,0.3461,0.4284,0.4897,0.747,0.872,1.3411,1.7978,2.7325,4.1145,5.1514,6.5632,8.1483,9.1848,10.9962,14.9,17.4576,20.2333,23.356,27.8709,32.4335,39.3784,48.4845,55.5579,60.5857,74.4372,83.7911,93.5933,103.6249,112.3745,112.3745
all,World,HFC-365mfc,kt HFC365mfc/yr,0,0,0,0,0,0,0,0,0,0,0,0,0,0,0,0,0,0,0,0,0,0,0,0,0,0,0,0,0,0,0,0,0,0,0,0,0,0,0,0,0,0,0,0,0,0,0,0,0,0,0,0,0,0,0,0,0,0,0,0,0,0,0,0,0,0,0,0,0,0,0,0,0,0,0,0,0,0,0,0,0,0,0,0,0,0,0,0,0,0,0,0,0,0,0,0,0,0,0,0,0,0,0,0,0,0,0,0,0,0,0,0,0,0,0,0,0,0,0,0,0,0,0,0,0,0,0,0,0,0,0,0,0,0,0,0,0,0,0,0,0,0,0,0,0,0,0,0,0,0,0,0,0,0,0,0,0,0,0,0,0,0,0,0,0,0,0,0,0,0,0,0,0,0,0,0,0,0,0,0,0,0,0,0,0,0,0,0,0,0,0,0,0,0,0,0,0,5.01E-06,6.20E-06,7.30E-06,8.09E-06,8.32E-06,7.65E-06,5.63E-06,0,0,0,0,0,0,0,0,0,0,0,0,0,0,0,9.50E-05,0.000304695,0.00059451,0.000973417,0.001444274,0.002000051,0.002619133,0.003259802,0.003854109,0.004301586,0.00446347,0.004158456,0.003161382,0.001206658,0,0,0,0,0,0,0,0,0,0,0,0,0,0,0.0011,0.0041,0.0116,0.0316,0.0599,0.1,0.9523,2.2198,2.7007,3.0259,3.0539,3.017,2.927,3.0465,3.2784,3.5301,3.7811,4.017,4.1782,4.2425,4.231,4.1793,4.127,4.4544,4.443,4.6781,5.0503,5.1653,5.1653
all,World,HFC-4310mee,kt HFC43-10/yr,0,0,0,0,0,0,0,0,0,0,0,0,0,0,0,0,0,0,0,0,0,0,0,0,0,0,0,0,0,0,0,0,0,0,0,0,0,0,0,0,0,0,0,0,0,0,0,0,0,0,0,0,0,0,0,0,0,0,0,0,0,0,0,0,0,0,0,0,0,0,0,0,0,0,0,0,0,0,0,0,0,0,0,0,0,0,0,0,0,0,0,0,0,0,0,0,0,0,0,0,0,0,0,0,0,0,0,0,0,0,0,0,0,0,0,0,0,0,0,0,0,0,0,0,0,0,0,0,0,0,0,0,0,0,0,0,0,0,0,0,0,0,0,0,0,0,0,0,0,0,0,0,0,0,0,0,0,0,0,0,0,0,0,0,0,0,0,0,0,0,0,0,0,0,0,0,0,0,0,0,0,0,0,0,0,0,0,0,0,0,0,0,0,0,0,0,1.46E-06,1.92E-06,2.40E-06,2.86E-06,3.21E-06,3.35E-06,3.16E-06,2.46E-06,0,0,0,0,0,0,0,0,0,0,0,0,0,0,0,2.56E-05,0.000104278,0.000214355,0.000359702,0.000542033,0.000759404,0.001004391,0.00126193,0.001506893,0.001701553,0.001793198,0.001712273,0.001371578,0.000667221,0,0,0,0,0,0,0,0,0,0,0,0,0,0,0.0013,0.003,0.0031,0.0031,0.0031,0.0031,0.0018,0.9902,1.0131,1.115,1.2026,1.2035,1.2054,1.2789,1.2524,1.0615,0.9242,0.9214,1.0355,1.0027,0.9682,1.0066,1.1222,0.8671,0.846,0.8444,0.8672,0.6968,0.6968
all,World,CCl4,kt CCl4/yr,0,0,0,0,0,0,0,0,0,0,0,0,0,0,0,0,0,0,0,0,0,0,0,0,0,0,0,0,0,0,0,0,0,0,0,0,0,0,0,0,0,0,0,0,0,0,0,0,0,0,0,0,0,0,0,0,0,0,0,0,0,0,0,0,0,0,0,0,0,0,0,0,0,0,0,0,0,0,0,0,0,0,0,0,0,0,0,0,0,0,0,0,0,0,0,0,0,0,0,0,0,0,0,0,0,0,0,0,0,0,0,0,0,0,0,0,0,0,0,0,0.000346992,0.00076261,0.001317244,0.00201993,0.002866285,0.003831487,0.004861853,0.005865277,0.006701079,0.007170205,0.007007203,0.005875972,0.003371951,0,0,0,0,0,0,0,0,0,0,0,0,0,0,0.016189286,0.167441514,0.383051934,0.672351312,1.040717079,1.487706748,2.008587002,2.596295455,3.242882268,3.940503883,4.682050954,5.461492151,6.274008872,7.11598547,7.984907955,8.879212348,9.798112939,10.74143166,11.70944168,12.70273288,13.72210202,14.76846749,15.84280658,16.94611204,18.07936418,19.24351497,20.43948002,21.66813628,22.93032148,24.22683455,25.55843427,26.92583596,28.32970461,29.77064552,31.24919207,32.76579285,34.32079998,35.9144615,37.54692266,39.21824091,40.92842171,42.67748206,44.4655509,46.29301305,48.16070431,50.07016337,52.02393841,54.0259435,56.0818453,58.19945235,60.38905574,62.66365571,65.03897693,67.533154,70.16594002,72.95726649,75.92497396,79.08152196,77.20082008,81.88798315,86.42087337,91.04868806,95.7714272,100.0748754,104.9716428,108.4206885,111.9171964,115.4611665,114.938876,114.5945894,114.1791095,113.6924363,113.3916773,113.0276354,112.6003106,112.1097027,111.8129196,111.7178715,111.3182535,110.863263,110.6100075,101.8247362,115.8706519,113.0937818,105.3052998,105.4674006,109.2052779,110.7162001,114.0426968,121.5541098,108.6946675,113.6548002,112.5709145,86.48430061,73.9651279,70.57133121,61.16913337,64.34545663,57.61323586,55.31910445,55.29147995,53.2307251,48.30223389,53.27437634,50.97233456,50.679692,50.91708555,50.92901291,47.62227151,43.72221103,43.58384132,37.81283372,41.14740562,39.98851555,38.56460744,40.72438613,38.86536636,38.26024352,33.54930813,37.71848605,39.98900994,41.06891989,33.46254124,40.8119358,37.87304729,35.12007312,32.04670829,28.90215011,28.90215011
all,World,CFC-11,kt CFC11/yr,0,0,0,0,0,0,0,0,0,0,0,0,0,0,0,0,0,0,0,0,0,0,0,0,0,0,0,0,0,0,0,0,0,0,0,0,0,0,0,0,0,0,0,0,0,0,0,0,0,0,0,0,0,0,0,0,0,0,0,0,0,0,0,0,0,0,0,0,0,0,0,0,0,0,0,0,0,0,0,0,0,0,0,0,0,0,0,0,0,0,0,0,0,0,0,0,0,0,0,0,0,0,0,0,0,0,0,0,0,0,0,0,0,0,0,0,0,0,0,0,0,0,0,0,0,0,0,0,0,0,0,0,0,0,0,0,0,0,0,0,0,0,0,0,0,0,0,0,0,0,0,0,0,0,0,0,0,0,0,0,0,0,0,0,0,0,0,0,0,0.001670713,0.004053212,0.007272424,0.011397625,0.016423854,0.022230671,0.0285321,0.034819031,0.040297059,0.043824936,0.043861693,0.038433931,0.025138741,0.001201989,0,0,0,0,0,0,0,0,0,0,0,0,0,0,0.790206626,2.024505637,3.701702168,5.861819885,8.507060566,11.59103954,15.04682045,18.82247935,24.48185934,30.39854131,33.90898139,31.77008422,32.31782916,42.67963714,54.82601212,69.01561839,84.37029733,99.99450154,114.0623589,127.4520279,144.7108004,164.7670613,191.3203737,217.1846231,238.6863289,269.2000078,308.2061507,339.1958252,328.2252027,334.9677239,321.4235,306.3772898,274.743912,262.0474582,270.2594244,268.5160372,279.6776571,295.5474144,316.2122528,347.9214347,350.7100893,324.4738981,284.6371508,234.6038024,190.6284682,171.5611007,126.9967442,102.7887155,90.89664373,93.16160918,83.38233752,83.01066043,77.850416,78.30907854,72.62715833,61.37198354,66.80615617,61.40681673,60.48521414,57.2812713,60.65264334,62.7372077,65.10651945,56.12499054,57.71396221,59.57898691,66.2890923,73.59912275,69.19313531,74.07084077,82.01992091,72.78406095,49.68461943,58.56403833,56.44691887,54.0754823,51.67361545,49.9260204,49.9260204
all,World,CFC-113,kt CFC113/yr,0,0,0,0,0,0,0,0,0,0,0,0,0,0,0,0,0,0,0,0,0,0,0,0,0,0,0,0,0,0,0,0,0,0,0,0,0,0,0,0,0,0,0,0,0,0,0,0,0,0,0,0,0,0,0,0,0,0,0,0,0,0,0,0,0,0,0,0,0,0,0,0,0,0,0,0,0,0,0,0,0,0,0,0,0,0,0,0,0,0,0,0,0,0,0,0,0,0,0,0,0,0,0,0,0,0,0,0,0,0,0,0,0,0,0,0,0,0,0,0,0,0,0,0,0,0,0,0,0,0,0,0,0,0,0,0,0,0,0,0,0,0,0,0,0,0,0,0,0,0,0,0,0.000298657,0.000448765,0.000627404,0.000828325,0.001038965,0.001238465,0.001395592,0.0014668,0.001394731,0.001107597,0.000520021,0,0,0,0,0,0,0,0,0,0,0,0,0,0,0.009352705,0.04299535,0.090233721,0.152827542,0.231608608,0.326082288,0.434787148,0.555740375,0.686756539,0.825658964,0.970405212,1.119148259,1.270253657,1.422291142,1.574017046,1.724361824,1.872435193,2.017559526,2.159340388,2.297780832,2.43344324,2.567658409,2.702775885,2.842441837,2.991880536,3.158142435,3.350266294,3.579284443,3.204513411,3.544361063,4.197531904,4.85733386,5.523766932,6.19683112,7.186534054,8.186183662,9.505787575,10.52864609,12.49147417,14.16418796,16.16348718,18.49268737,21.1551041,24.46406056,27.80617259,32.1114631,36.45985585,42.09138139,51.18935534,52.00995889,52.21386272,52.72445863,81.13574133,82.25474508,125.5381022,120.2944851,124.5914778,156.2022976,159.9273476,183.2060873,231.2075189,230.1017477,222.4493451,199.8104783,200.1569393,92.91417448,78.4366455,48.29627264,30.22796479,22.50429848,13.76772033,12.3784897,10.04597395,17.92050111,9.450828341,0.891635507,2.783182064,4.077922263,9.109331823,5.206884569,1.264650621,1.622736812,10.66766779,3.381661054,6.559655944,3.573969352,4.27853431,6.233076466,3.560713062,4.891924398,7.789751678,4.830589549,3.081617922,0.076037982,0,0.205350681,2.136683932,2.231180302,2.231180302
all,World,CFC-114,kt CFC114/yr,0,0,0,0,0,0,0,0,0,0,0,0,0,0,0,0,0,0,0,0,0,0,0,0,0,0,0,0,0,0,0,0,0,0,0,0,0,0,0,0,0,0,0,0,0,0,0,0,0,0,0,0,0,0,0,0,0,0,0,0,0,0,0,0,0,0,0,0,0,0,0,0,0,0,0,0,0,0,0,0,0,0,0,0,0,0,0,0,0,0,0,0,0,0,0,0,0,0,0,0,0,0,0,0,0,0,0,0,0,0,0,0,0,0,0,0,0,0,0,0,0,0,0,0,0,0,0,0,0,0,0,0,0,0,0,0,0,0,0,0,0,0,0,0,0,0,0,0,0,0,0,0,0,0,0,0,0,0,0,0,3.54E-05,0.000191511,0.000411675,0.000704517,0.001074399,0.001518514,0.002023182,0.002559442,0.003078045,0.003504179,0.003732403,0.003622568,0.002997761,0.001645704,0,0,0,0,0,0,0,0,0,0,0,0,0,0,0.012324961,0.092801182,0.207056117,0.359850661,0.554201951,0.791817021,1.073570635,1.399676909,1.769602427,2.181775872,2.633157322,3.11874128,3.631082558,4.159954106,4.692270302,5.212436943,5.703317267,7.499020893,7.255700704,7.010892322,7.328622154,6.237774162,6.551039415,6.865792862,7.182034501,7.499764333,7.818982358,8.139688576,8.179869784,8.784077398,9.109248195,9.435907184,9.764054366,10.37570295,10.4263015,11.32293967,14.19813484,14.83210631,15.18704097,15.82547702,14.49279703,15.97280811,18.02428656,17.26605033,15.37529671,14.03815214,16.64175146,19.54075772,19.35250066,20.85483464,21.51856997,17.10904402,13.8037598,11.60867008,7.991608793,6.047280226,5.502600326,4.10890443,2.989780773,2.992757158,3.277746748,3.000198123,2.157134898,2.437659908,2.155646705,1.872145308,2.997221737,2.154158512,0,0.445709169,3.255423855,4.387941247,2.98829258,1.863216151,0.732186951,0,0.990389069,1.828987715,0.979971719,1.818570365,2.097607183,2.942158601,0.125002951,0,0.099703672,0.93383774,0.926396776,0.926396776
all,World,CFC-115,kt CFC115/yr,0,0,0,0,0,0,0,0,0,0,0,0,0,0,0,0,0,0,0,0,0,0,0,0,0,0,0,0,0,0,0,0,0,0,0,0,0,0,0,0,0,0,0,0,0,0,0,0,0,0,0,0,0,0,0,0,0,0,0,0,0,0,0,0,0,0,0,0,0,0,0,0,0,0,0,0,0,0,0,0,0,0,0,0,0,0,0,0,0,0,0,0,0,0,0,0,0,0,0,0,0,0,0,0,0,0,0,0,0,0,0,0,0,0,0,0,0,0,0,0,0,0,0,0,0,0,0,0,0,0,0,0,0,0,0,0,0,0,0,0,0,0,0,0,0,0,0,0,0,0,0,0,0,0,0,0,0,0,0,0,0,0,0,0,0,0,0,0,0,0,0,0,0,0,0,0,0,0,0,0,0,0,0,1.53E-05,0.000148116,0.000337257,0.000590886,0.000913654,0.001304187,0.001751859,0.002232911,0.002706007,0.003107496,0.003346786,0.003302482,0.002820191,0.001713228,0,0,0,0,0,0,0,0,0,0,0,0,0,0,0,0,0,0.254425455,0.509321631,0.510263076,0.765629975,1.021467596,1.27777594,1.78898046,1.792275516,2.049996027,2.562612714,5.111574482,5.120988928,5.384828827,5.14028854,5.149702985,6.431244704,3.389907305,6.703557604,7.733498201,6.984343505,9.795733007,11.59459863,12.12463205,10.62020326,10.38507742,11.42160813,12.20559627,10.70116749,8.939488924,8.955493481,9.225923492,7.715846044,6.457369716,5.196539778,3.678930773,2.41292289,1.907837759,2.165087547,1.913957148,1.407930572,0.900962552,0.647478542,0.39352381,0.39352381,0.647949265,0.393994532,0.648419987,0.903316164,0.649832154,0.650302876,1.159624507,1.161036674,1.67129975,1.928078816,1.930903149,1.424876574,0.15463219,0,0,0.152278579,0,0
all,World,CFC-12,kt CFC12/yr,0,0,0,0,0,0,0,0,0,0,0,0,0,0,0,0,0,0,0,0,0,0,0,0,0,0,0,0,0,0,0,0,0,0,0,0,0,0,0,0,0,0,0,0,0,0,0,0,0,0,0,0,0,0,0,0,0,0,0,0,0,0,0,0,0,0,0,0,0,0,0,0,0,0,0,0,0,0,0,0,0,0,0,0,0,0,0,0,0,0,0,0,0,0,0,0,0,0,0,0,0,0,0,0,0,0,0,0,0,0,0,0,0,0,0,0,0,0,0,0,0,0,0,0,0,0,0,0,0,0,0,0,0,0,0,0,0,0,0,0,0,0,0,0,0,0,0,0,0,0,0,0,0,0,0,0,0,0,0,0,0.001121827,0.002603681,0.004595609,0.00713616,0.010217011,0.013757578,0.017574341,0.021345742,0.024574558,0.026551009,0.026321661,0.022671244,0.014126972,0,0,0,0,0,0,0,0,0,0,0,0,0,0,0.001567341,0.535543925,1.303680422,2.341968861,3.672914216,5.299018379,7.209080976,9.385993681,11.81259028,14.47604611,17.37132692,20.50414832,23.89383346,27.57635175,31.60768932,36.06753702,41.06308501,46.7324785,50.37659341,58.63906475,66.57770811,69.78964165,78.02577625,93.13446357,104.384532,120.5349271,141.6324671,164.7246651,185.6300512,208.3242894,235.0224759,263.5621849,294.158976,321.2317037,346.1429794,377.8673082,418.6685552,454.0359368,441.9226145,431.4508642,418.6391696,407.0652381,407.9401296,352.2027778,420.0592212,383.3740382,411.0817372,380.4429587,458.247339,452.0009521,514.4410838,507.2710048,438.0041009,361.6227542,318.655132,284.64056,218.8801786,222.4442213,227.6313022,198.2654163,165.401807,160.6019392,148.351116,137.7750275,120.2932236,106.0370148,103.2376637,91.41308769,87.67151707,65.09918967,58.90453116,61.05135421,44.62784743,48.04364569,52.29827358,42.20305659,43.21160801,48.43479214,34.31904384,30.06832702,44.17823262,28.23949244,12.95035898,24.11265632,22.19505775,20.46570832,18.72660514,17.17770185,17.17770185
all,World,CH3CCl3,kt CH3CCl3/yr,0,0,0,0,0,0,0,0,0,0,0,0,0,0,0,0,0,0,0,0,0,0,0,0,0,0,0,0,0,0,0,0,0,0,0,0,0,0,0,0,0,0,0,0,0,0,0,0,0,0,0,0,0,0,0,0,0,0,0,0,0,0,0,0,0,0,0,0,0,0,0,0,0,0,0,0,0,0,0,0,0,0,0,0,0,0,0,0,0,0,0,0,0,0,0,0,0,0,0,0,0,0,0,0,0,0,0,0,0,0,0,0,0,0,0,0,0,0,0,0,0,0,0,0,0,0,0,0,0,0,0,0,0,0,0,0,0,0,0,0,0,0,0,0,0,0,0,0,0,0,0,0,0,0,0,0,0,0,0,0,0,0,0,0,0,0,0,0,0,0,0,0,0,0,0,0,0.000841984,0.002517001,0.004821867,0.007823539,0.011539598,0.015908196,0.020751002,0.025729812,0.030298689,0.033655076,0.034695452,0.031983608,0.02374263,0.007884985,0,0,0,0,0,0,0,0,0,0,0,0,0,0,0.381933936,3.610534654,6.162936242,9.551015486,10.71379474,14.7392431,18.2787997,20.18798193,28.10862304,31.51207379,36.17050359,48.11659306,69.59247627,94.296186,114.7629758,135.004385,141.3473624,170.2645911,214.2342556,266.247504,305.5163244,309.3266886,382.2479665,462.2988599,568.5491941,510.6746479,519.3600471,511.9846337,510.9045915,533.4642465,559.7646917,558.6026876,553.3347358,623.6055329,633.8854299,640.6711389,647.6185631,626.6293468,522.1404763,371.3410113,255.0786626,186.6203726,87.38838224,54.34974662,31.95246513,23.34240241,19.94984776,13.10044427,13.21526989,9.944224729,8.202578784,8.762344466,7.044128731,6.155740411,6.560386952,4.735345815,3.083003789,2.638809629,1.266738015,2.006544852,1.972876718,2.311678794,2.010186632,2.059942932,1.976518498,1.672101215,1.543308163,1.590139341,1.570380153,1.682339138,1.683801699,1.683801699
all,World,HCFC-141b,kt HCFC141b/yr,0,0,0,0,0,0,0,0,0,0,0,0,0,0,0,0,0,0,0,0,0,0,0,0,0,0,0,0,0,0,0,0,0,0,0,0,0,0,0,0,0,0,0,0,0,0,0,0,0,0,0,0,0,0,0,0,0,0,0,0,0,0,0,0,0,0,0,0,0,0,0,0,0,0,0,0,0,0,0,0,0,0,0,0,0,0,0,0,0,0,0,0,0,0,0,0,0,0,0,0,0,0,0,0,0,0,0,0,0,0,0,0,0,0,0,0,0,0,0,0,0,0,0,0,0,0,0,0,0,0,0,0,0,0,0,0,0,0,0,0,0,0,0,0,0,0,0,0,0,0,0,0,0,0,0,0,0,0,0,0,0,0,0,0,0,0,0,0,0,0,0,0,0,0,0,0,0,0,0,0,0,0,0,0,0,0,0,0,7.66E-05,0.000139151,0.000219581,0.000317909,0.000431931,0.00055624,0.000681091,0.000791174,0.000864396,0.000870812,0.000771944,0.000520782,0,0,0,0,0,0,0,0,0,0,0,0,0,0,0,0,0,0,0,0,0,0,0,0,0,1.21723118,1.340073842,1.462916504,1.585759166,0.491370648,0.491370648,0.694242512,0.308972562,0.491370648,0.694242512,0.917588152,0.755663843,0.573265756,0.370393893,0.147048253,0.106100699,0,5.075528396,19.13884011,31.32794507,41.31526284,48.773213,48.91103411,55.35462495,55.79582091,57.91768129,54.41868492,56.30973603,51.82986427,45.01043541,42.38243072,49.52949121,49.21683804,50.56624141,50.31314366,56.00288536,64.19224258,63.72512872,60.5573934,59.9208916,54.61647104,53.7286862,47.62578834,48.57686042,51.67949379,55.92119505,55.70344713,55.60667596,55.44848347,55.43174151,55.43174151
all,World,HCFC-142b,kt HCFC142b/yr,0,0,0,0,0,0,0,0,0,0,0,0,0,0,0,0,0,0,0,0,0,0,0,0,0,0,0,0,0,0,0,0,0,0,0,0,0,0,0,0,0,0,0,0,0,0,0,0,0,0,0,0,0,0,0,0,0,0,0,0,0,0,0,0,0,0,0,0,0,0,0,0,0,0,0,0,0,0,0,0,0,0,0,0,0,0,0,0,0,0,0,0,0,0,0,0,0,0,0,0,0,0,0,0,0,0,0,0,0,0,0,0,0,0,0,0,0,0,0,0,0,0,0,0,0,0,0,0,0,0,0,0,0,0,0,0,0,0,0,0,0,0,0,0,0,0,0,0,0,0,0,0,0,0,0,0,0,0,0,0,0,0,0,0,0,0,0,0,0,0,0,0,0,0,0,0,0,0,0,0,0,0,0,0,0,0,0,8.64E-05,0.00020119,0.000355602,0.000552624,0.000791645,0.001066459,0.001362885,0.00165604,0.001907417,0.00206202,0.002045939,0.001764929,0.001104726,0,0,0,0,0,0,0,0,0,0,0,0,0,0,0,0,0,0,0,0,0,0.850056792,0.725982954,0.932744329,0.808670491,2.375522732,2.324948927,2.605210335,2.724647888,1.994028649,1.387483249,1.254221907,0.601738986,1.78263099,1.837756015,0.872812889,1.552858323,1.249585622,2.968074214,5.628494638,10.976898,15.75086969,21.26456306,23.80529074,23.87853557,23.55663267,26.05142283,24.54862792,25.62820218,27.39700938,27.85166324,25.72858421,23.10010738,23.51809629,23.41686361,26.33908537,32.28012528,35.95580744,35.86822842,30.78600748,31.83346801,30.34913318,25.8551677,24.48580426,20.98442949,21.70122494,22.28475904,20.17567393,19.64726485,17.39117967,21.3060772,21.0211795,20.88791816,20.74546932,20.59383297,20.59383297
all,World,HCFC-22,kt HCFC22/yr,0,0,0,0,0,0,0,0,0,0,0,0,0,0,0,0,0,0,0,0,0,0,0,0,0,0,0,0,0,0,0,0,0,0,0,0,0,0,0,0,0,0,0,0,0,0,0,0,0,0,0,0,0,0,0,0,0,0,0,0,0,0,0,0,0,0,0,0,0,0,0,0,0,0,0,0,0,0,0,0,0,0,0,0,0,0,0,0,0,0,0,0,0,0,0,0,0,0,0,0,0,0,0,0,0,0,0,0,0,0,0,0,0,0,0,0,0,0,0,0,0,0,0,0,0,0,0,0,0,0,0,0,0,0,0,0,0,0,0,0,0,0,0,0,0,0,0,0,0,0,0,0,0,0,0,0,0,0,0,0,0.000417372,0.00053955,0.000663154,0.000773531,0.000849419,0.000861877,0.000773576,0.000538737,0,0,0,0,0,0,0,0,0,0,0,0,0,0,0,0.012664233,0.035637767,0.067110349,0.107939088,0.158391893,0.218235754,0.286876035,0.363467175,0.447008531,0.536442217,0.630771926,0.729222857,0.831462751,0.937902329,1.050089435,1.17120421,1.306651644,1.464731974,1.657347592,1.90067672,2.215708678,2.628493719,2.975987264,3.416184289,4.325359646,6.03609443,6.976275108,7.815930527,9.433230723,11.5912532,14.4742245,16.79478288,20.57010556,24.57261742,29.84080038,36.31000117,39.45297236,43.86648132,47.86593191,54.96400429,62.13604463,62.68218309,70.72752682,78.88271049,86.08533753,63.15029822,103.018323,107.9686558,111.1387338,112.5334237,118.2520865,130.445654,157.6394375,154.1132564,137.8697404,174.4151464,194.5659083,199.1651615,201.2640777,186.8863231,199.8402928,201.6721185,220.6630199,215.9429116,219.4881148,233.9685927,235.3575787,249.6919261,259.206765,253.2232097,259.699632,270.0811022,289.5742112,311.1700041,336.2873733,340.9358425,340.7151685,353.0691788,340.7985561,339.2798189,340.1710453,346.2453666,331.9951132,339.9917904,335.3685966,332.6624735,323.3357337,328.1128291,323.7349044,319.240049,315.4059079,311.8830758,311.8830758
all,World,Halon-1211,kt Halon1211/yr,0,0,0,0,0,0,0,0,0,0,0,0,0,0,0,0,0,0,0,0,0,0,0,0,0,0,0,0,0,0,0,0,0,0,0,0,0,0,0,0,0,0,0,0,0,0,0,0,0,0,0,0,0,0,0,0,0,0,0,0,0,0,0,0,0,0,0,0,0,0,0,0,0,0,0,0,0,0,0,0,0,0,0,0,0,0,0,0,0,0,0,0,0,0,0,0,0,0,0,0,0,0,0,0,0,0,0,0,0,0,0,0,0,0,0,0,0,0,0,0,0,0,0,0,0,0,0,0,0,0,0,0,0,0,0,0,0,0,0,0,0,0,0,0,0,0,0,0,0,0,0,0,0,0,0,0,0,0,0,0,0,0,0,0,0,0,0,0,0,0,0,0,0,0,0,0,0,0,0,0,0,0,0,0,0,0,0,0,0.000136474,0.000386323,0.000728761,0.001173178,0.001721507,0.002363775,0.00307264,0.003797009,0.004455037,0.00492702,0.005049013,0.004608385,0.003342952,0.000945821,0,0,0,0,0,0,0,0,0,0,0,0,0,0,0,0.280717967,0.017007842,0.297725809,0.314733651,0.331741493,0.629467302,0.944200953,4.083122119,4.321231905,4.278623723,4.780443635,5.01855342,3.010919468,4.797274323,4.720650458,5.74989062,7.110872275,5.732705625,5.375363792,6.387596113,8.573723828,9.756034567,9.585778995,11.06581554,9.245267851,9.253683195,10.64868053,10.98883737,10.20612234,10.19752984,11.0140834,10.46106281,10.13773666,9.780394832,8.546883414,8.351204656,8.138518056,7.908823614,7.381403363,6.819967429,5.943797843,5.858758634,5.493001457,4.829518472,4.974173704,4.012964909,3.842886491,3.672808072,3.222011687,3.315643394,3.145564975,3.256204524,2.82241598,2.652337561,2.76297711,2.329188566,2.439828115,2.286757538,2.286757538
all,World,Halon-1301,kt Halon1301/yr,0,0,0,0,0,0,0,0,0,0,0,0,0,0,0,0,0,0,0,0,0,0,0,0,0,0,0,0,0,0,0,0,0,0,0,0,0,0,0,0,0,0,0,0,0,0,0,0,0,0,0,0,0,0,0,0,0,0,0,0,0,0,0,0,0,0,0,0,0,0,0,0,0,0,0,0,0,0,0,0,0,0,0,0,0,0,0,0,0,0,0,0,0,0,0,0,0,0,0,0,0,0,0,0,0,0,0,0,0,0,0,0,0,0,0,0,0,0,0,0,0,0,0,0,0,0,0,0,0,0,0,0,0,0,0,0,0,0,0,0,0,0,0,0,0,0,0,0,0,0,0,0,0,0,0,0,0,0,0,0,0,0,0,0,0,0,0,0,0,0,0,5.34E-06,5.59E-06,5.27E-06,0,0,0,0,0,0,0,0,0,0,0,0,0,0,0,0,4.22E-05,0.00017325,0.000356604,0.000598764,0.000902608,0.001264925,0.001673381,0.002102915,0.002511697,0.002836902,0.002990728,0.00285729,0.002291274,0.001119514,0,0,0,0,0,0,0,0,0,0,0,0,0,0,0,0,0,0.246752694,0.250156125,0.253559556,0.256962987,1.740882584,1.764706601,1.541777925,1.808951206,1.339269835,2.590050461,3.364342855,2.668329377,2.455610994,3.720005344,4.507911462,5.059275179,5.12394037,4.941852867,5.249867321,5.561285206,4.395590358,6.173910683,3.781259226,1.601326152,1.858289139,2.85891364,1.652377618,3.636609465,1.946778348,1.960392072,1.727253103,2.230968784,2.494738634,2.021653832,1.541762168,2.042074419,1.808935449,1.572393048,1.57919991,1.832759467,1.596217066,2.096529316,1.863390347,1.380095252,1.136745989,1.136745989,1.136745989,1.383498683,0.893396726,1.383498683,1.14014942,1.14014942,1.14014942,1.14014942,1.14014942
all,World,Halon-2402,kt Halon2402/yr,0,0,0,0,0,0,0,0,0,0,0,0,0,0,0,0,0,0,0,0,0,0,0,0,0,0,0,0,0,0,0,0,0,0,0,0,0,0,0,0,0,0,0,0,0,0,0,0,0,0,0,0,0,0,0,0,0,0,0,0,0,0,0,0,0,0,0,0,0,0,0,0,0,0,0,0,0,0,0,0,0,0,0,0,0,0,0,0,0,0,0,0,0,0,0,0,0,0,0,0,0,0,0,0,0,0,0,0,0,0,0,0,0,0,0,0,0,0,0,0,0,0,0,0,0,0,0,0,0,0,0,0,0,0,0,0,0,0,0,0,0,0,0,0,0,0,0,0,0,0,0,0,0,0,0,0,0,0,0,0,0,0,0,0,0,0,0,0,0,0,0,0,0,0,0,0,0,0,0,0,0,0,0,0,1.71E-05,5.11E-05,9.79E-05,0.000158904,0.000234384,0.000323119,0.000421489,0.000522622,0.000615431,0.000683615,0.00070476,0.000649694,0.000482324,0.000160248,0,0,0,0,0,0,0,0,0,0,0,0,0,0,0,0,0,0,0,0.43524658,0.015270215,0.450516795,0.03054043,0.46578701,0.481057225,0.496327441,0.511597656,0.962114451,0.557408301,1.007925096,1.473712107,0.649029593,1.099546388,1.130086818,0.725380669,1.175897464,1.641684474,1.25224854,1.28278897,1.74857598,1.794386626,1.840197272,1.886007917,1.496571983,1.091865834,1.542382629,1.13767648,0.717700115,1.152946695,1.16821691,0.748240546,0.748240546,0.748240546,0.748240546,0.748240546,0.748240546,0.312993966,0.73297033,0.297723751,0.717700115,0.282453535,0.7024299,0.26718332,0.251913105,0.671889469,0.23664289,0.221372675,0.641349039,0.206102459,0.626078824,0.190832244,0.610808609,0,0.145021598,0.129751383,0,0.083940738,0.083940738
all,World,C2F6,kt C2F6/yr,0,0,0,0,0,0,0,0,0,0,0,0,0,0,0,0,0,0,0,0,0,0,0,0,0,0,0,0,0,0,0,0,0,0,0,0,0,0,0,0,0,0,0,0,0,0,0,0,0,0,0,0,0,0,0,0,0,0,0,0,0,0,0,0,0,0,0,0,0,0,0,0,0,0,0,0,0,0,0,0,0,0,0,0,0,0,0,0,0,0,0,0,0,0,0,0,0,0,0,0,0,0,0,0,0,0,0,0,0,0,0,0,0,0,0,0,0,0,0,0,0,0,5.11E-06,7.07E-06,9.26E-06,1.15E-05,1.36E-05,1.52E-05,1.58E-05,1.47E-05,1.12E-05,4.24E-06,0,0,0,0,0,0,0,0,0,0,0,0,0,0,0.000159538,0.000564947,0.001150407,0.001962232,0.003053694,0.004484763,0.006315714,0.008599615,0.01141822,0.014832688,0.018904312,0.0236587,0.029119599,0.035254636,0.041942248,0.049018311,0.056357624,0.06380582,0.071223252,0.078446341,0.085275717,0.091498803,0.097090221,0.102260273,0.107420908,0.113039574,0.119512562,0.126697089,0.134087733,0.141211402,0.147792561,0.153716101,0.159110744,0.164477617,0.170923953,0.180165014,0.194261577,0.214968173,0.243110376,0.278322864,0.319125691,0.363224656,0.407836985,0.449919453,0.486279698,0.513705098,0.528988134,0.529875391,0.516708814,0.493746101,0.466727624,0.439294064,0.412911276,0.388068501,0.364807142,0.342664203,0.320941224,0.299041661,0.27666129,0.253965702,0.231632659,0.210759491,0.192720403,0.178905788,0.170702834,0.169618251,0.177340215,0.195639437,0.226319639,0.27106465,0.331338146,0.408106682,0.501609942,0.611084573,0.734534242,0.868713349,1.009244686,1.15089391,1.288268051,1.417074936,1.535075021,1.640628252,1.732279193,1.809544246,2.06225607,1.8938291,1.634903465,1.731338409,2.266643878,2.31113456,2.242638035,2.091783282,2.151259271,2.270092315,2.299541446,2.309849027,2.106891383,2.102876607,2.079866866,2.286563857,2.591237829,2.925239322,2.957889385,3.051427259,3.102689946,2.869053614,2.851718576,2.662957604,2.398933385,2.238795892,2.301538145,2.318492397,2.076218484,1.85709692,1.975794656,1.944152002,1.907933324,1.937356106,1.94656748,1.967785884,2.138915443,2.267490933,2.211953888,2.203614117,2.168661793,2.256398765,2.344135737,2.431872709,2.519609681,2.519609681
all,World,CF4,kt CF4/yr,0.010653464,0.010653464,0.010653464,0.010653464,0.010653464,0.010653464,0.010653464,0.010653464,0.010653464,0.010653464,0.010653464,0.010653464,0.010653464,0.010653464,0.010653464,0.010653464,0.010653464,0.010653464,0.010653464,0.010653464,0.010653464,0.010653464,0.010653464,0.010653464,0.010653464,0.010653464,0.010653464,0.010653464,0.010653464,0.010653464,0.010653464,0.010653464,0.010653464,0.010653464,0.010653464,0.010653464,0.010653464,0.010653464,0.010653464,0.010653464,0.010653464,0.010653464,0.010653464,0.010653464,0.010653464,0.010653464,0.010653464,0.010653464,0.010653464,0.010653464,0.010653464,0.010653464,0.010653464,0.010653464,0.010653464,0.010653464,0.010653464,0.010653464,0.010653464,0.010653464,0.010653464,0.010653464,0.010653464,0.010653464,0.010653464,0.010653464,0.010653464,0.010653464,0.010653464,0.010653464,0.010653464,0.010653464,0.010653464,0.010653464,0.010653464,0.010653464,0.010653464,0.010653464,0.010653463,0.010653462,0.010653462,0.010653461,0.01065346,0.010653459,0.010653458,0.010653457,0.010653457,0.010653458,0.01065346,0.010653463,0.010653468,0.010653476,0.010653487,0.010653501,0.010653518,0.010653538,0.010653561,0.010653584,0.010653604,0.010653619,0.010653623,0.010653609,0.010653569,0.010653494,0.010653372,0.010653193,0.010652948,0.010652628,0.010652232,0.010651767,0.010651253,0.010650724,0.010650241,0.010649887,0.010649782,0.010650078,0.010650964,0.010652663,0.01065542,0.010659487,0.010665094,0.010672409,0.01068148,0.010692163,0.010704031,0.010716268,0.010727552,0.010735934,0.01073873,0.01073244,0.010712725,0.010674482,0.010612042,0.010519571,0.010391694,0.010224439,0.010016514,0.009770986,0.009497354,0.009213989,0.00895084,0.008752215,0.008679342,0.00881265,0.009254153,0.010128933,0.011589066,0.013815368,0.017023177,0.021462213,0.02742108,0.035222585,0.045191656,0.057610214,0.072923151,0.09146025,0.11356398,0.139382887,0.169065664,0.20246017,0.238943386,0.277628212,0.317844362,0.358738965,0.399554594,0.439387546,0.477157616,0.511690852,0.542842365,0.571740168,0.600650532,0.632153846,0.668482127,0.70893168,0.750825072,0.791659979,0.830102339,0.865790454,0.899846697,0.935591537,0.979905404,1.043247521,1.138198395,1.275683188,1.461318927,1.693689863,1.964640948,2.260871115,2.565795125,2.860827563,3.12605996,3.341040703,3.48504828,3.543225522,3.517560886,3.436198375,3.337949983,3.247952154,3.176382033,3.126397011,3.097704575,3.085902499,3.084324645,3.086762417,3.089222729,3.091989476,3.100526931,3.125106315,3.179210516,3.276127909,3.427988371,3.647229586,3.946892242,4.338877423,4.832956481,5.435222503,6.148131516,6.96870968,7.887994162,8.890633976,9.954203637,11.0511477,12.14963108,13.21418708,14.2089561,15.10519852,15.88548478,16.53038937,17.02198212,17.35267088,18.26204571,17.51537002,15.92125246,16.00154814,17.11833183,16.4134827,15.5936397,15.96018952,16.11119723,16.38642179,15.54808972,15.53706865,13.22640716,12.45592769,11.44508372,11.49875795,11.43557421,11.31600137,11.12552587,11.07005945,10.98257205,10.37388529,10.43503109,10.99746012,10.98942159,10.74679282,10.9505712,10.91263187,10.24071582,9.645317665,10.21973676,10.96486157,11.17448038,11.12494119,11.25006958,11.9752926,12.94790193,13.91099239,14.33960908,14.44348631,14.54118766,14.73336448,14.9255413,15.11771813,15.30989495,15.30989495
all,World,SF6,kt SF6/yr,0,0,0,0,0,0,0,0,0,0,0,0,0,0,0,0,0,0,0,0,0,0,0,0,0,0,0,0,0,0,0,0,0,0,0,0,0,0,0,0,0,0,0,0,0,0,0,0,0,0,0,0,0,0,0,0,0,0,0,0,0,0,0,0,0,0,0,0,0,0,0,0,0,0,0,0,0,0,0,0,0,0,0,0,0,0,0,0,0,0,0,0,0,0,0,0,0,0,0,0,0,0,0,0,0,0,0,0,0,0,0,0,0,0,0,0,0,0,0,0,0,0,0,0,0,0,0,0,0,0,0,0,0,0,0,0,0,0,0,0,0,0,0,0,0,0,0,0,0,0,0,0,0,0,0,0,0,0,0,0,0,0,0,0,0,0,0,0,0,0,1.95E-05,4.33E-05,7.51E-05,0.00011549,0.000164205,0.000219858,0.000279402,0.000337583,0.000386358,0.000414323,0.000406244,0.000342804,0.000200718,0,0,0,0,0,0,0,0,0,0,0,0,0,0,0.000726486,0.009372986,0.021723478,0.038322289,0.059489427,0.085216884,0.115271616,0.149319444,0.187012254,0.228044731,0.272187041,0.31929951,0.369334597,0.422330612,0.478400696,0.537719763,0.600511331,0.667035577,0.737579452,0.81244934,0.891966453,0.976464984,1.06629287,1.161814886,1.263417679,1.371516151,1.486560388,1.609042071,1.739498921,1.878515362,2.026717119,2.184756966,2.353288585,2.657696128,3.189736397,3.148514699,2.710433607,3.315026597,4.107386215,4.433773892,4.151339618,4.255410404,4.609115324,5.034802571,5.435412257,5.462365944,5.527404812,5.906076998,6.240794121,6.176890797,5.736287262,5.467872429,5.248972454,5.146646209,5.205923363,5.618252134,5.920563961,5.83393534,6.115535272,6.502894401,6.953798886,7.293258414,7.230171303,7.385397001,7.655944436,7.964759295,8.20438454,8.40196013,8.532423657,8.75636956,8.891021144,8.93554061,8.904120139,8.962573116,9.092413287,9.222253458,9.352093628,9.481933799,9.481933799