iso,f,year,value
abw,coal,2000,0.0
abw,gas,2000,0.0
abw,oil,2000,1378.1579309836059
afg,coal,2000,3.281199155149171
afg,gas,2000,255.481153125
afg,oil,2000,521.2917755212093
ago,coal,2000,0.0
ago,gas,2000,1215.126
ago,oil,2000,3331.080200737979
alb,coal,2000,58.57490556
alb,gas,2000,2.3562
alb,oil,2000,2973.4151489572673
are,coal,2000,0.0
are,gas,2000,63853.861499999795
are,oil,2000,20685.319809777073
arg,coal,2000,1615.8976769215487
arg,gas,2000,68891.59383744001
arg,oil,2000,49977.12212599339
arm,coal,2000,214.366826764751
arm,gas,2000,1311.56868792304
arm,oil,2000,467.2819926255335
asm,coal,2000,10.899218465910026
asm,gas,2000,11.476185908207752
asm,oil,2000,275.82381709412834
atg,coal,2000,0.0
atg,gas,2000,0.0
atg,oil,2000,204.65536415870275
aus,coal,2000,181590.38349323708
aus,gas,2000,42715.36444559999
aus,oil,2000,93146.44912997
aut,coal,2000,8099.313998028529
aut,gas,2000,16735.92021023999
aut,oil,2000,29567.5093713663
aze,coal,2000,0.0
aze,gas,2000,11104.658399999998
aze,oil,2000,16567.05611384853
bdi,coal,2000,15.70269638591092
bdi,gas,2000,0.0
bdi,oil,2000,299.86702552470825
bel,coal,2000,15673.572948060011
bel,gas,2000,35543.220899999986
bel,oil,2000,48014.77097516102
ben,coal,2000,0.0
ben,gas,2000,0.0
ben,oil,2000,1426.3103760223864
bfa,coal,2000,0.0
bfa,gas,2000,0.0
bfa,oil,2000,1038.0012422009136
bgd,coal,2000,333.729496545206
bgd,gas,2000,13051.104
bgd,oil,2000,7678.285946839796
bgr,coal,2000,24500.1490329313
bgr,gas,2000,7192.937077919999
bgr,oil,2000,9531.484593020967
bhr,coal,2000,0.0
bhr,gas,2000,12717.6456
bhr,oil,2000,1717.047341216532
bhs,coal,2000,0.0014888714026772
bhs,gas,2000,0.0
bhs,oil,2000,988.4418651920328
bih,coal,2000,9712.805235191927
bih,gas,2000,513.4272000000009
bih,oil,2000,3185.1610474970407
blr,coal,2000,3077.142770708786
blr,gas,2000,33927.41389111379
blr,oil,2000,16300.076359829256
blz,coal,2000,0.0
blz,gas,2000,0.0
blz,oil,2000,409.31072831740585
bmu,coal,2000,0.0
bmu,gas,2000,0.0
bmu,oil,2000,293.9199378874983
bol,coal,2000,0.0
bol,gas,2000,2170.845600000001
bol,oil,2000,4365.007608613558
bra,coal,2000,29557.918927890812
bra,gas,2000,20442.984603360008
bra,oil,2000,221599.76465144032
brb,coal,2000,0.0
brb,gas,2000,3.3243274185521665
brb,oil,2000,583.485506324813
brn,coal,2000,0.0
brn,gas,2000,2240.4657
brn,oil,2000,1030.6360824876379
btn,coal,2000,157.49755944715997
btn,gas,2000,0.0
btn,oil,2000,154.8765420026781
bwa,coal,2000,2264.4867883210536
bwa,gas,2000,0.0
bwa,oil,2000,1714.4026342439372
caf,coal,2000,0.0
caf,gas,2000,0.0
caf,oil,2000,280.6447802987654
can,coal,2000,114315.07652434573
can,gas,2000,151893.20834688004
can,oil,2000,192296.96378347688
che,coal,2000,538.1710804870145
che,gas,2000,6342.665999999997
che,oil,2000,32567.604499022516
chl,coal,2000,10028.570390119185
chl,gas,2000,7194.712799999989
chl,oil,2000,29012.19059717741
chn,coal,2000,2202628.572232338
chn,gas,2000,89142.72793007988
chn,oil,2000,468058.8732824441
civ,coal,2000,0.0
civ,gas,2000,3306.3095999999996
civ,oil,2000,2813.0273447710583
cmr,coal,2000,0.0
cmr,gas,2000,0.0
cmr,oil,2000,2790.9918091756126
cod,coal,2000,0.0
cod,gas,2000,0.0
cod,oil,2000,853.3237431313817
cog,coal,2000,0.0
cog,gas,2000,0.0
cog,oil,2000,495.98518989081526
cok,coal,2000,0.0
cok,gas,2000,0.0
cok,oil,2000,30.2198130736933
col,coal,2000,11526.64766434737
col,gas,2000,9303.792299999997
col,oil,2000,28295.680964716266
com,coal,2000,0.0
com,gas,2000,0.0
com,oil,2000,88.42232803933717
cpv,coal,2000,0.0
cpv,gas,2000,0.0
cpv,oil,2000,196.0669013046169
cri,coal,2000,2.41931433234657
cri,gas,2000,0.0
cri,oil,2000,4513.344583057918
cub,coal,2000,54.1497195099975
cub,gas,2000,1263.933000000002
cub,oil,2000,25700.3625755076
cuw,coal,2000,0.0
cuw,gas,2000,0.0
cuw,oil,2000,2859.937661150909
cym,coal,2000,0.0
cym,gas,2000,0.0
cym,oil,2000,269.9709059114806
cyp,coal,2000,0.0
cyp,gas,2000,0.0
cyp,oil,2000,6165.543849420209
cze,coal,2000,81207.20317970353
cze,gas,2000,21522.764999999978
cze,oil,2000,16942.878242812396
deu,coal,2000,297177.9690753894
deu,gas,2000,182547.80819616013
deu,oil,2000,286172.6360645733
dji,coal,2000,0.0
dji,gas,2000,0.0
dji,oil,2000,380.6004554736684
dma,coal,2000,0.0
dma,gas,2000,0.0
dma,oil,2000,60.96117230259237
dnk,coal,2000,15325.58427702159
dnk,gas,2000,10138.641802080001
dnk,oil,2000,24002.6707534107
dom,coal,2000,123.675968155622
dom,gas,2000,0.0
dom,oil,2000,17408.40253311786
dza,coal,2000,101.10173774494
dza,gas,2000,27592.16790000001
dza,oil,2000,22753.442454245764
ecu,coal,2000,0.0
ecu,gas,2000,0.0
ecu,oil,2000,16435.62873576348
egy,coal,2000,888.056415337274
egy,gas,2000,29310.9036
egy,oil,2000,62680.89483579261
eri,coal,2000,0.0
eri,gas,2000,0.0
eri,oil,2000,614.2190082685463
esh,coal,2000,0.0
esh,gas,2000,0.0
esh,oil,2000,0.0
esp,coal,2000,77253.65554998191
esp,gas,2000,39605.59019999998
esp,oil,2000,150429.6140524133
est,coal,2000,359.9359813405339
est,gas,2000,1625.8901999999998
est,oil,2000,34830.90124609074
eth,coal,2000,0.0
eth,gas,2000,0.0
eth,oil,2000,3193.006811296891
fin,coal,2000,16848.940489908986
fin,gas,2000,9548.38686384
fin,oil,2000,23340.123819687247
fji,coal,2000,39.37438986179005
fji,gas,2000,0.0
fji,oil,2000,797.0475698186603
flk,coal,2000,0.2888844856921937
flk,gas,2000,0.0
flk,oil,2000,17.417477800740635
fra,coal,2000,39862.12230203207
fra,gas,2000,88635.76039823992
fra,oil,2000,210554.75453852394
fro,coal,2000,0.0
fro,gas,2000,0.0
fro,oil,2000,0.0
fsm,coal,2000,0.0
fsm,gas,2000,0.0
fsm,oil,2000,245.5359812237583
gab,coal,2000,0.0
gab,gas,2000,246.89610000000002
gab,oil,2000,1222.4334658695911
gbr,coal,2000,126611.49672938698
gbr,gas,2000,208507.16270736026
gbr,oil,2000,165416.40697940634
geo,coal,2000,98.94918598025663
geo,gas,2000,2409.658518018094
geo,oil,2000,2149.6836590936805
gha,coal,2000,0.0
gha,gas,2000,0.0
gha,oil,2000,4893.386377835862
gib,coal,2000,0.0
gib,gas,2000,0.0
gib,oil,2000,344.8431876751502
gin,coal,2000,0.0
gin,gas,2000,0.0
gin,oil,2000,1184.090305918079
global,coal,2000,0.0
global,gas,2000,0.0
global,oil,2000,1002593.8039637101
glp,coal,2000,0.0
glp,gas,2000,0.0
glp,oil,2000,1153.9079042990702
gmb,coal,2000,0.0
gmb,gas,2000,0.0
gmb,oil,2000,288.3336783891428
gnb,coal,2000,0.0
gnb,gas,2000,0.0
gnb,oil,2000,153.7779618075429
gnq,coal,2000,0.0
gnq,gas,2000,0.0
gnq,oil,2000,380.6004554736684
grc,coal,2000,37544.098390355604
grc,gas,2000,4236.003288
grc,oil,2000,43105.24187861759
grd,coal,2000,0.0
grd,gas,2000,0.0
grd,oil,2000,113.21360570481447
grl,coal,2000,0.0
grl,gas,2000,0.0
grl,oil,2000,0.0
gtm,coal,2000,511.352560643439
gtm,gas,2000,0.0
gtm,oil,2000,8106.0676746134895
guf,coal,2000,0.0
guf,gas,2000,0.0
guf,oil,2000,313.51460041333246
gum,coal,2000,0.0
gum,gas,2000,0.0
gum,oil,2000,0.0
guy,coal,2000,0.0
guy,gas,2000,0.0
guy,oil,2000,1669.9121977520163
hkg,coal,2000,16740.573691554284
hkg,gas,2000,7859.890500000009
hkg,oil,2000,16435.530519032432
hnd,coal,2000,321.08184040402
hnd,gas,2000,0.0
hnd,oil,2000,4170.9420142304925
hrv,coal,2000,1682.226706293152
hrv,gas,2000,4066.1501707200014
hrv,oil,2000,9527.847802918388
hti,coal,2000,0.0
hti,gas,2000,0.0
hti,oil,2000,1476.385819399508
hun,coal,2000,13412.935475041393
hun,gas,2000,23618.6049
hun,oil,2000,15601.500200751652
idn,coal,2000,50198.51447099872
idn,gas,2000,28829.0607
idn,oil,2000,149540.33745508586
ind,coal,2000,528144.4869469403
ind,gas,2000,47201.6424
ind,oil,2000,258088.78351487574
irl,coal,2000,10080.001132435462
irl,gas,2000,7927.598622239991
irl,oil,2000,23125.98465075854
irn,coal,2000,938.6700111135243
irn,gas,2000,121410.24739007998
irn,oil,2000,180908.7755703501
irq,coal,2000,0.0
irq,gas,2000,6715.17
irq,oil,2000,62937.383160387784
isl,coal,2000,143.993384060975
isl,gas,2000,0.0
isl,oil,2000,1773.2209667481413
isr,coal,2000,24078.442989358467
isr,gas,2000,7.854
isr,oil,2000,28038.777742908936
ita,coal,2000,34396.743670905205
ita,gas,2000,152647.9725407998
ita,oil,2000,229605.33702889446
jam,coal,2000,126.054352158615
jam,gas,2000,0.0
jam,oil,2000,9735.31291050198
jor,coal,2000,0.0
jor,gas,2000,574.127399999999
jor,oil,2000,14440.623647755257
jpn,coal,2000,206915.15680757054
jpn,gas,2000,224253.60251712
jpn,oil,2000,596948.1384355816
kaz,coal,2000,68073.41363879418
kaz,gas,2000,10483.790252948122
kaz,oil,2000,21350.134326316318
ken,coal,2000,254.487088320223
ken,gas,2000,0.0
ken,oil,2000,7542.623186865588
kgz,coal,2000,1840.6537843412461
kgz,gas,2000,1497.309
kgz,oil,2000,1198.0579613401399
khm,coal,2000,0.0
khm,gas,2000,0.0
khm,oil,2000,1973.3530047336603
kir,coal,2000,0.0
kir,gas,2000,0.0
kir,oil,2000,33.99728970790496
kna,coal,2000,0.0
kna,gas,2000,0.0
kna,oil,2000,97.97331262916614
kor,coal,2000,114013.03972692983
kor,gas,2000,52823.98440000003
kor,oil,2000,190660.2428132577
kwt,coal,2000,0.0
kwt,gas,2000,13884.693899999998
kwt,oil,2000,26620.282471094488
lao,coal,2000,34.7368514762678
lao,gas,2000,0.0
lao,oil,2000,836.9334451501608
lbn,coal,2000,510.246335525768
lbn,gas,2000,0.0
lbn,oil,2000,13404.24717265662
lbr,coal,2000,0.0
lbr,gas,2000,0.0
lbr,oil,2000,419.04494592555415
lby,coal,2000,0.0
lby,gas,2000,4656.3
lby,oil,2000,28392.22411830196
lca,coal,2000,0.0
lca,gas,2000,0.0
lca,oil,2000,195.9466252583322
lie,coal,2000,0.0
lie,gas,2000,0.0
lie,oil,2000,0.0
lka,coal,2000,3.06368902257394
lka,gas,2000,0.0
lka,oil,2000,10239.661562265532
lso,coal,2000,0.0
lso,gas,2000,0.0
lso,oil,2000,0.0
ltu,coal,2000,352.0727841062766
ltu,gas,2000,3873.2001
ltu,oil,2000,5365.935423193947
lux,coal,2000,426.4531288713639
lux,gas,2000,1752.0029999999979
lux,oil,2000,6028.697512845804
lva,coal,2000,500.43663671251295
lva,gas,2000,2752.3221
lva,oil,2000,3746.704218794725
mac,coal,2000,0.0
mac,gas,2000,0.0
mac,oil,2000,1684.7545788584014
mar,coal,2000,10223.068802445141
mar,gas,2000,99.1848000000002
mar,oil,2000,18756.811775196846
mda,coal,2000,445.15806327322423
mda,gas,2000,5371.6871999999985
mda,oil,2000,1276.252241458774
mdg,coal,2000,4.92270177363614
mdg,gas,2000,0.0
mdg,oil,2000,1633.9616680710474
mdv,coal,2000,0.0
mdv,gas,2000,0.0
mdv,oil,2000,513.7368222527858
mex,coal,2000,21300.20224180397
mex,gas,2000,60209.66159999999
mex,oil,2000,239620.27994181254
mhl,coal,2000,0.0
mhl,gas,2000,0.0
mhl,oil,2000,79.32700931844484
mkd,coal,2000,5590.746150195883
mkd,gas,2000,141.2037
mkd,oil,2000,2772.9523126592917
mli,coal,2000,0.0
mli,gas,2000,0.0
mli,oil,2000,861.1565861222397
mlt,coal,2000,0.0
mlt,gas,2000,0.0
mlt,oil,2000,2163.3147730490523
mmr,coal,2000,1245.273483000603
mmr,gas,2000,2573.6436
mmr,oil,2000,5260.431419360165
mne,coal,2000,0.0
mne,gas,2000,0.0
mne,oil,2000,0.0
mng,coal,2000,7529.970747010706
mng,gas,2000,0.0
mng,oil,2000,1296.2768282838076
moz,coal,2000,0.0
moz,gas,2000,2.1879
moz,oil,2000,1311.5008818766585
mrt,coal,2000,0.0
mrt,gas,2000,0.0
mrt,oil,2000,1168.712509737325
msr,coal,2000,0.0
msr,gas,2000,0.0
msr,oil,2000,32.657770876388774
mtq,coal,2000,0.0
mtq,gas,2000,0.0
mtq,oil,2000,1182.2113057252736
mus,coal,2000,601.7311527571628
mus,gas,2000,0.0
mus,oil,2000,1825.4429564172551
mwi,coal,2000,361.1620168759506
mwi,gas,2000,0.0
mwi,oil,2000,695.8452771791308
mys,coal,2000,9593.8794829297
mys,gas,2000,37748.14855152
mys,oil,2000,56911.60589717412
nam,coal,2000,6.27561509254782
nam,gas,2000,0.0
nam,oil,2000,1817.7135614727697
ncl,coal,2000,603.740644547447
ncl,gas,2000,0.0
ncl,oil,2000,1624.3149527110163
ner,coal,2000,168.7780094
ner,gas,2000,0.0
ner,oil,2000,479.70768297881807
nga,coal,2000,142.703040179564
nga,gas,2000,10545.902399999999
nga,oil,2000,27787.434225670986
nic,coal,2000,0.0
nic,gas,2000,0.0
nic,oil,2000,3460.030609165379
niu,coal,2000,0.0
niu,gas,2000,0.0
niu,oil,2000,7.55495326842332
nld,coal,2000,21645.29560208048
nld,gas,2000,91874.99459424007
nld,oil,2000,40166.802775491415
nor,coal,2000,3527.6532328695193
nor,gas,2000,624.8417999999998
nor,oil,2000,17986.653301422313
npl,coal,2000,995.7897423196757
npl,gas,2000,0.0
npl,oil,2000,1953.793018139736
nzl,coal,2000,2724.690629083822
nzl,gas,2000,9779.1837
nzl,oil,2000,15090.982666733245
omn,coal,2000,0.0
omn,gas,2000,7307.305500000009
omn,oil,2000,7879.168910678769
pak,coal,2000,5792.350662872648
pak,gas,2000,33902.07150000001
pak,oil,2000,55055.95389406828
pan,coal,2000,0.0
pan,gas,2000,0.0
pan,oil,2000,4613.394879495706
per,coal,2000,1969.4728129484783
per,gas,2000,690.2544000000009
per,oil,2000,21800.120464603115
phl,coal,2000,17312.111367794125
phl,gas,2000,22.8327
phl,oil,2000,46057.25734276302
plw,coal,2000,0.0
plw,gas,2000,0.0
plw,oil,2000,120.87925229477322
png,coal,2000,0.0
png,gas,2000,280.610446875
png,oil,2000,2493.1345785796984
pol,coal,2000,216400.05096676692
pol,gas,2000,23748.25998864
pol,oil,2000,46358.42499852074
pri,coal,2000,719.4486532093719
pri,gas,2000,757.5338104713411
pri,oil,2000,18206.908536801235
prk,coal,2000,64500.011251705684
prk,gas,2000,95.3138999999999
prk,oil,2000,3129.243359576094
prt,coal,2000,14078.714319103203
prt,gas,2000,5478.8068737600015
prt,oil,2000,36424.277590187
pry,coal,2000,0.0
pry,gas,2000,0.0
pry,oil,2000,3310.2788449548357
pyf,coal,2000,0.0
pyf,gas,2000,0.0
pyf,oil,2000,649.7259810844063
qat,coal,2000,0.0
qat,gas,2000,13296.0366
qat,oil,2000,2556.066699052157
reu,coal,2000,1907.8776108881718
reu,gas,2000,0.0
reu,oil,2000,2041.4024429951296
rou,coal,2000,24378.005788375158
rou,gas,2000,31060.162816319997
rou,oil,2000,22882.570696338596
rus,coal,2000,379841.0482156061
rus,gas,2000,790179.3439953601
rus,oil,2000,272036.22173755104
rwa,coal,2000,0.0
rwa,gas,2000,0.0
rwa,oil,2000,641.0280117739115
sau,coal,2000,0.0
sau,gas,2000,70981.59090000001
sau,oil,2000,156216.2540837526
sdn,coal,2000,0.0
sdn,gas,2000,0.0
sdn,oil,2000,5358.230221034426
sen,coal,2000,0.0
sen,gas,2000,1.4586
sen,oil,2000,3507.588128763458
sgp,coal,2000,0.0
sgp,gas,2000,5704.229509440001
sgp,oil,2000,28051.632256154327
slb,coal,2000,0.0
slb,gas,2000,0.0
slb,oil,2000,169.9864485395247
sle,coal,2000,0.0
sle,gas,2000,0.0
sle,oil,2000,407.51159878998834
slv,coal,2000,3.06368902257394
slv,gas,2000,0.0
slv,oil,2000,5136.330425920955
som,coal,2000,0.0
som,gas,2000,0.0
som,oil,2000,542.0673153715878
spm,coal,2000,0.0
spm,gas,2000,0.0
spm,oil,2000,32.657770876388774
srb,coal,2000,35835.22703586125
srb,gas,2000,3535.590299999999
srb,oil,2000,4154.811709175013
srb (kosovo),coal,2000,4584.472166979134
srb (kosovo),gas,2000,0.0
srb (kosovo),oil,2000,1027.9386121214893
ssd,coal,2000,0.0
ssd,gas,2000,0.0
ssd,oil,2000,0.0
stp,coal,2000,0.0
stp,gas,2000,0.0
stp,oil,2000,49.977837587451404
sur,coal,2000,0.0
sur,gas,2000,0.0
sur,oil,2000,1462.6744493738297
svk,coal,2000,11148.434241431713
svk,gas,2000,15683.193926399981
svk,oil,2000,5196.49594942735
svn,coal,2000,5377.459058469039
svn,gas,2000,1814.4984000000018
svn,oil,2000,6845.409118474742
swe,coal,2000,4566.712990139747
swe,gas,2000,2937.9008999999996
swe,oil,2000,39591.774249246606
swz,coal,2000,334.4597344576473
swz,gas,2000,0.0
swz,oil,2000,748.6170445249332
sxm,coal,2000,0.0
sxm,gas,2000,0.0
sxm,oil,2000,647.0473306360697
syc,coal,2000,0.0
syc,gas,2000,0.0
syc,oil,2000,584.356254868663
syr,coal,2000,0.0
syr,gas,2000,7799.3586
syr,oil,2000,28243.310417646782
tca,coal,2000,0.0
tca,gas,2000,0.0
tca,oil,2000,8.708738900370339
tcd,coal,2000,0.0
tcd,gas,2000,0.0
tcd,oil,2000,184.5335541690514
tgo,coal,2000,0.0
tgo,gas,2000,0.0
tgo,oil,2000,949.1053991363622
tha,coal,2000,31147.630724749884
tha,gas,2000,36151.06439999999
tha,oil,2000,80164.95415990603
tjk,coal,2000,412.71470137175123
tjk,gas,2000,2343.8591826407483
tjk,oil,2000,961.8072424771136
tkl,coal,2000,0.0
tkl,gas,2000,0.0
tkl,oil,2000,0.0
tkm,coal,2000,0.0
tkm,gas,2000,15706.109025102756
tkm,oil,2000,11560.983773831353
tls,coal,2000,0.0
tls,gas,2000,0.0
tls,oil,2000,0.0
ton,coal,2000,0.0
ton,gas,2000,0.0
ton,oil,2000,98.21439248950315
tto,coal,2000,0.0
tto,gas,2000,6418.401000000011
tto,oil,2000,2143.551056722572
tun,coal,2000,70.4648475192006
tun,gas,2000,7200.435
tun,oil,2000,10770.820964977871
tur,coal,2000,81618.9221041933
tur,gas,2000,34326.01919999999
tur,oil,2000,78152.71388959703
twn,coal,2000,97076.66840129015
twn,gas,2000,17865.66210000001
twn,oil,2000,93640.62587010191
tza,coal,2000,230.70324829029613
tza,gas,2000,0.0
tza,oil,2000,2413.966432288037
uga,coal,2000,0.0
uga,gas,2000,0.0
uga,oil,2000,1191.4561913955245
ukr,coal,2000,90016.66703701984
ukr,gas,2000,166169.3781000001
ukr,oil,2000,31996.34443532617
ury,coal,2000,0.0
ury,gas,2000,104.23380000000012
ury,oil,2000,4832.235489738267
usa,coal,2000,2054006.5047036042
usa,gas,2000,1264925.5772999988
usa,oil,2000,2154703.450921075
uzb,coal,2000,4499.200511694037
uzb,gas,2000,102692.3964000001
uzb,oil,2000,17947.467845318966
vct,coal,2000,0.0
vct,gas,2000,0.0
vct,oil,2000,87.0873890037034
ven,coal,2000,509.977522822173
ven,gas,2000,34166.31273263999
ven,oil,2000,47435.150253627595
vgb,coal,2000,0.0
vgb,gas,2000,0.0
vgb,oil,2000,60.96117230259237
vir,coal,2000,20.560569781203036
vir,gas,2000,21.64897620189727
vir,oil,2000,520.3212373822333
vnm,coal,2000,0.0
vnm,gas,2000,2921.8563
vnm,oil,2000,23826.97090269135
vut,coal,2000,0.0
vut,gas,2000,0.0
vut,oil,2000,83.10448595265666
wlf,coal,2000,0.0
wlf,gas,2000,0.0
wlf,oil,2000,0.0
wsm,coal,2000,0.0
wsm,gas,2000,0.0
wsm,oil,2000,143.54411210004312
yem,coal,2000,0.0
yem,gas,2000,0.0
yem,oil,2000,12272.42401373944
zaf,coal,2000,226383.15778704482
zaf,gas,2000,3794.5479
zaf,oil,2000,47321.34225762808
zmb,coal,2000,293.8017758896936
zmb,gas,2000,0.0
zmb,oil,2000,1353.6682219610411
zwe,coal,2000,9212.430255068397
zwe,gas,2000,298.900800000001
zwe,oil,2000,2944.9090520097116
abw,coal,2001,0.0
abw,gas,2001,0.0
abw,oil,2001,1350.436380134218
afg,coal,2001,62.17907015575979
afg,gas,2001,232.0186239130441
afg,oil,2001,343.2465185622425
ago,coal,2001,0.0
ago,gas,2001,1129.854
ago,oil,2001,3799.5646513019606
alb,coal,2001,66.384892968
alb,gas,2001,2.1318
alb,oil,2001,3125.262143641965
are,coal,2001,71.3515200897822
are,gas,2001,76471.4807999998
are,oil,2001,21920.578104262037
arg,coal,2001,737.8629102669395
arg,gas,2001,66670.55112432002
arg,oil,2001,45457.156467794295
arm,coal,2001,152.57401873469888
arm,gas,2001,1364.4164941288113
arm,oil,2001,460.95718951793975
asm,coal,2001,10.191888913408883
asm,gas,2001,20.48392450868212
asm,oil,2001,267.52750418590705
atg,coal,2001,0.0
atg,gas,2001,0.0
atg,oil,2001,197.41993737576408
aus,coal,2001,183303.37356766604
aus,gas,2001,44966.43564864
aus,oil,2001,92114.28426492015
aut,coal,2001,8734.030740592927
aut,gas,2001,17717.515015200017
aut,oil,2001,31906.308539226502
aze,coal,2001,7.99997765178671
aze,gas,2001,16582.655100000004
aze,oil,2001,9736.053657625354
bdi,coal,2001,24.134930819163873
bdi,gas,2001,0.0
bdi,oil,2001,218.93584062577602
bel,coal,2001,16720.342897141578
bel,gas,2001,35414.35919999999
bel,oil,2001,49868.854837365834
ben,coal,2001,0.0
ben,gas,2001,0.0
ben,oil,2001,1736.598816838446
bfa,coal,2001,0.0
bfa,gas,2001,0.0
bfa,oil,2001,1074.4073660339
bgd,coal,2001,1209.52829094707
bgd,gas,2001,15186.662699999999
bgd,oil,2001,9562.246288221922
bgr,coal,2001,27753.241414937555
bgr,gas,2001,6449.539013279998
bgr,oil,2001,9819.82063330509
bhr,coal,2001,0.0
bhr,gas,2001,13277.69189999998
bhr,oil,2001,1789.183770447449
bhs,coal,2001,0.0016542042984946
bhs,gas,2001,0.0
bhs,oil,2001,896.7905665899074
bih,coal,2001,9513.96661190643
bih,gas,2001,331.8314999999999
bih,oil,2001,3340.200582616864
blr,coal,2001,2707.653883028246
blr,gas,2001,34466.011499039996
blr,oil,2001,14615.794127094818
blz,coal,2001,0.0
blz,gas,2001,0.0
blz,oil,2001,407.4411473499813
bmu,coal,2001,0.0
bmu,gas,2001,0.0
bmu,oil,2001,283.52863346519314
bol,coal,2001,0.0
bol,gas,2001,1892.309100000001
bol,oil,2001,4602.283671943933
bra,coal,2001,27423.750181478576
bra,gas,2001,26443.856102400026
bra,oil,2001,223782.7772903535
brb,coal,2001,0.0
brb,gas,2001,5.369682261016472
brb,oil,2001,592.2598121272938
brn,coal,2001,0.0
brn,gas,2001,2280.2406
brn,oil,2001,1043.2182783496762
btn,coal,2001,130.90330559107323
btn,gas,2001,0.0
btn,oil,2001,173.59594042228352
bwa,coal,2001,1964.2954561516842
bwa,gas,2001,0.0
bwa,oil,2001,1855.463846096738
caf,coal,2001,0.0
caf,gas,2001,0.0
caf,oil,2001,271.6426170727222
can,coal,2001,112963.72514982233
can,gas,2001,143099.36244384
can,oil,2001,192441.9474895253
che,coal,2001,569.5036796345012
che,gas,2001,6601.904100000002
che,oil,2001,33630.829549472815
chl,coal,2001,7614.97250076075
chl,gas,2001,9105.93020303999
chl,oil,2001,27433.556602289478
chn,coal,2001,2308052.806027731
chn,gas,2001,101103.76270368011
chn,oil,2001,480508.8287221652
civ,coal,2001,0.0
civ,gas,2001,3330.9936
civ,oil,2001,2721.6502961561546
cmr,coal,2001,0.0
cmr,gas,2001,0.0
cmr,oil,2001,2709.6862492175123
cod,coal,2001,0.0
cod,gas,2001,0.0
cod,oil,2001,714.106611743584
cog,coal,2001,0.0
cog,gas,2001,0.0
cog,oil,2001,632.3517981318541
cok,coal,2001,0.0
cok,gas,2001,0.0
cok,oil,2001,35.50826054092166
col,coal,2001,11512.154948566491
col,gas,2001,10243.86000000001
col,oil,2001,27909.905397907787
com,coal,2001,0.0
com,gas,2001,0.0
com,oil,2001,97.30481805590051
cpv,coal,2001,0.0
cpv,gas,2001,0.0
cpv,oil,2001,231.09894288276362
cri,coal,2001,120.965716617328
cri,gas,2001,0.0
cri,oil,2001,4752.397800314727
cub,coal,2001,31.9975615286349
cub,gas,2001,1305.5031000000008
cub,oil,2001,24596.359987413205
cuw,coal,2001,0.0
cuw,gas,2001,0.0
cuw,oil,2001,2784.438483071341
cym,coal,2001,0.0
cym,gas,2001,0.0
cym,oil,2001,260.4263003680287
cyp,coal,2001,0.0
cyp,gas,2001,0.0
cyp,oil,2001,6089.707406126718
cze,coal,2001,79402.73586355618
cze,gas,2001,23205.316199999976
cze,oil,2001,18121.250915961467
deu,coal,2001,301149.2445405721
deu,gas,2001,189688.84056672006
deu,oil,2001,293562.26804935705
dji,coal,2001,0.0
dji,gas,2001,0.0
dji,oil,2001,360.83870029063104
dma,coal,2001,0.0
dma,gas,2001,0.0
dma,oil,2001,65.10657509200732
dnk,coal,2001,16206.685764406624
dnk,gas,2001,10662.56948591998
dnk,oil,2001,24027.92802855068
dom,coal,2001,313.946688395041
dom,gas,2001,0.0
dom,oil,2001,17435.561228575993
dza,coal,2001,0.0
dza,gas,2001,28130.5035
dza,oil,2001,23584.23274956874
ecu,coal,2001,0.0
ecu,gas,2001,0.0
ecu,oil,2001,18479.516013907214
egy,coal,2001,843.481092951328
egy,gas,2001,42672.4649999999
egy,oil,2001,62287.452623749516
eri,coal,2001,0.0
eri,gas,2001,0.0
eri,oil,2001,674.1588732954278
esh,coal,2001,0.0
esh,gas,2001,0.0
esh,oil,2001,0.0
esp,coal,2001,69706.86942950137
esp,gas,2001,43109.54010000002
esp,oil,2001,157116.94968182824
est,coal,2001,445.731369856391
est,gas,2001,1762.7181000000005
est,oil,2001,34953.80875350563
eth,coal,2001,0.0
eth,gas,2001,0.0
eth,oil,2001,4027.8630991405416
fin,coal,2001,21239.407440630035
fin,gas,2001,10253.051783040008
fin,oil,2001,24381.027555919034
fji,coal,2001,35.99840903754516
fji,gas,2001,0.0
fji,oil,2001,1104.7014390508948
flk,coal,2001,0.27414599167378023
flk,gas,2001,0.0
flk,oil,2001,16.801696797937378
fra,coal,2001,32599.163786896384
fra,gas,2001,94368.04394688012
fra,oil,2001,218967.52218511415
fro,coal,2001,0.0
fro,gas,2001,0.0
fro,oil,2001,0.0
fsm,coal,2001,0.0
fsm,gas,2001,0.0
fsm,oil,2001,291.9568088920225
gab,coal,2001,0.0
gab,gas,2001,255.0867
gab,oil,2001,1225.7835589561862
gbr,coal,2001,137964.21312360882
gbr,gas,2001,207190.1030073601
gbr,oil,2001,167417.88493468857
geo,coal,2001,82.5115245997929
geo,gas,2001,1603.5623999999998
geo,oil,2001,1719.8303426834366
gha,coal,2001,0.0
gha,gas,2001,0.0
gha,oil,2001,5385.0067843864945
gib,coal,2001,0.0
gib,gas,2001,0.0
gib,oil,2001,354.3502335636109
gin,coal,2001,0.0
gin,gas,2001,0.0
gin,oil,2001,1260.90826730771
global,coal,2001,0.0
global,gas,2001,0.0
global,oil,2001,1003886.395622689
glp,coal,2001,0.0
glp,gas,2001,0.0
glp,oil,2001,1123.6134733620622
gmb,coal,2001,0.0
gmb,gas,2001,0.0
gmb,oil,2001,312.18629126268075
gnb,coal,2001,0.0
gnb,gas,2001,0.0
gnb,oil,2001,166.22906417883013
gnq,coal,2001,0.0
gnq,gas,2001,0.0
gnq,oil,2001,158.12032934083825
grc,coal,2001,38625.36930962968
grc,gas,2001,4361.74295567999
grc,oil,2001,44278.140711775384
grd,coal,2001,0.0
grd,gas,2001,0.0
grd,oil,2001,111.31124128633485
grl,coal,2001,0.0
grl,gas,2001,0.0
grl,oil,2001,0.0
gtm,coal,2001,846.704705065415
gtm,gas,2001,0.0
gtm,oil,2001,8116.972950431178
guf,coal,2001,0.0
guf,gas,2001,0.0
guf,oil,2001,344.4347843577157
gum,coal,2001,0.0
gum,gas,2001,0.0
gum,oil,2001,0.0
guy,coal,2001,0.0
guy,gas,2001,0.0
guy,oil,2001,1654.5132395831452
hkg,coal,2001,18490.710270458803
hkg,gas,2001,7947.406500000008
hkg,oil,2001,14663.427249975328
hnd,coal,2001,292.541232368107
hnd,gas,2001,0.0
hnd,oil,2001,5003.610456921514
hrv,coal,2001,1866.9454290734038
hrv,gas,2001,4520.194219200001
hrv,oil,2001,10136.945818338292
hti,coal,2001,0.0
hti,gas,2001,0.0
hti,oil,2001,1512.1836408829781
hun,coal,2001,12998.233820252211
hun,gas,2001,26095.980899999988
hun,oil,2001,15547.327095996268
idn,coal,2001,57624.66644299177
idn,gas,2001,32097.951600000004
idn,oil,2001,155494.28515767487
ind,coal,2001,541651.3677747414
ind,gas,2001,48628.882500000014
ind,oil,2001,256878.44884427852
irl,coal,2001,10670.87893741935
irl,gas,2001,8085.800622239997
irl,oil,2001,24529.785000709457
irn,coal,2001,850.3059179641921
irn,gas,2001,128023.70809008
irn,oil,2001,190912.7365481798
irq,coal,2001,0.0
irq,gas,2001,5883.768
irq,oil,2001,73638.44469064851
isl,coal,2001,128.674938948105
isl,gas,2001,0.0
isl,oil,2001,1740.279021371403
isr,coal,2001,27137.29095229587
isr,gas,2001,7.68569999999999
isr,oil,2001,25916.081148548416
ita,coal,2001,40555.48152213634
ita,gas,2001,151569.46494096002
ita,oil,2001,223891.72909603408
jam,coal,2001,126.054352158615
jam,gas,2001,0.0
jam,oil,2001,9758.318514900751
jor,coal,2001,0.0
jor,gas,2001,558.475499999999
jor,oil,2001,14312.496846466798
jpn,coal,2001,218204.65483549505
jpn,gas,2001,223705.18974144
jpn,oil,2001,578253.5139837136
kaz,coal,2001,69904.55209576999
kaz,gas,2001,8907.41044553606
kaz,oil,2001,19630.51251375869
ken,coal,2001,254.487088320223
ken,gas,2001,0.0
ken,oil,2001,6837.1642275031045
kgz,coal,2001,1264.085563449604
kgz,gas,2001,1530.127499999999
kgz,oil,2001,1216.3263648325778
khm,coal,2001,0.0
khm,gas,2001,0.0
khm,oil,2001,2159.182651078557
kir,coal,2001,0.0
kir,gas,2001,0.0
kir,oil,2001,27.61753597627237
kna,coal,2001,0.0
kna,gas,2001,0.0
kna,oil,2001,159.61611958040504
kor,coal,2001,123559.61879767878
kor,gas,2001,55679.30610000002
kor,oil,2001,187646.19693830886
kwt,coal,2001,0.0
kwt,gas,2001,13245.77100000004
kwt,oil,2001,30824.96285425743
lao,coal,2001,46.315801968357
lao,gas,2001,0.0
lao,oil,2001,919.8159425275657
lbn,coal,2001,510.246335525768
lbn,gas,2001,0.0
lbn,oil,2001,14533.108546275746
lbr,coal,2001,0.0
lbr,gas,2001,0.0
lbr,oil,2001,518.95902963147
lby,coal,2001,0.0
lby,gas,2001,4879.6902
lby,oil,2001,28956.02800939211
lca,coal,2001,0.0
lca,gas,2001,0.0
lca,oil,2001,207.92099787447518
lie,coal,2001,0.0
lie,gas,2001,0.0
lie,oil,2001,0.0
lka,coal,2001,3.06368902257394
lka,gas,2001,0.0
lka,oil,2001,10140.141483151561
lso,coal,2001,0.0
lso,gas,2001,0.0
lso,oil,2001,0.0
ltu,coal,2001,311.6819055970437
ltu,gas,2001,3915.1629
ltu,oil,2001,5733.399233557246
lux,coal,2001,460.7560782087457
lux,gas,2001,1947.735900000001
lux,oil,2001,6408.333876482641
lva,coal,2001,485.0266974748812
lva,gas,2001,3202.3563
lva,oil,2001,3877.66762609312
mac,coal,2001,0.0
mac,gas,2001,0.0
mac,oil,2001,1814.866649869328
mar,coal,2001,12993.14232172546
mar,gas,2001,98.1189
mar,oil,2001,18562.79446812129
mda,coal,2001,351.6729173544338
mda,gas,2001,5678.049299999999
mda,oil,2001,1406.5334716430332
mdg,coal,2001,66.4564739440879
mdg,gas,2001,0.0
mdg,oil,2001,1583.0776454368843
mdv,coal,2001,0.0
mdv,gas,2001,0.0
mdv,oil,2001,619.4218783249667
mex,coal,2001,25357.2815150153
mex,gas,2001,59356.8855
mex,oil,2001,236614.38563463787
mhl,coal,2001,0.0
mhl,gas,2001,0.0
mhl,oil,2001,86.79797021114179
mkd,coal,2001,6148.711536343867
mkd,gas,2001,187.9911
mkd,oil,2001,2268.4173497893007
mli,coal,2001,0.0
mli,gas,2001,0.0
mli,oil,2001,916.2870366930631
mlt,coal,2001,0.0
mlt,gas,2001,0.0
mlt,oil,2001,2528.0031908106644
mmr,coal,2001,1421.488128057978
mmr,gas,2001,2109.0795
mmr,oil,2001,4360.7030357058975
mne,coal,2001,0.0
mne,gas,2001,0.0
mne,oil,2001,0.0
mng,coal,2001,7499.530057271527
mng,gas,2001,0.0
mng,oil,2001,1309.4944407737648
moz,coal,2001,0.0
moz,gas,2001,2.9732999999999996
moz,oil,2001,1298.652995545796
mrt,coal,2001,0.0
mrt,gas,2001,0.0
mrt,oil,2001,1309.560676335661
msr,coal,2001,0.0
msr,gas,2001,0.0
msr,oil,2001,33.60339359587479
mtq,coal,2001,0.0
mtq,gas,2001,0.0
mtq,oil,2001,1136.2147459605133
mus,coal,2001,711.1368168948293
mus,gas,2001,0.0
mus,oil,2001,1847.5302483256426
mwi,coal,2001,265.48423901080247
mwi,gas,2001,0.0
mwi,oil,2001,762.2210747712198
mys,coal,2001,11591.489185056329
mys,gas,2001,40153.82875151989
mys,oil,2001,59348.362443419515
nam,coal,2001,8.36748679006376
nam,gas,2001,0.0
nam,oil,2001,2325.794781570125
ncl,coal,2001,615.2455362780436
ncl,gas,2001,0.0
ncl,oil,2001,1262.5159303438795
ner,coal,2001,174.16251532945174
ner,gas,2001,0.0
ner,oil,2001,470.1443178968096
nga,coal,2001,137.946272173579
nga,gas,2001,9348.1674
nga,oil,2001,33243.36141758938
nic,coal,2001,0.0
nic,gas,2001,0.0
nic,oil,2001,3613.2643307263975
niu,coal,2001,0.0
niu,gas,2001,0.0
niu,oil,2001,7.890724564649251
nld,coal,2001,22967.7350538884
nld,gas,2001,95095.42927632002
nld,oil,2001,40329.722654370205
nor,coal,2001,3182.355613310784
nor,gas,2001,629.946899999999
nor,oil,2001,18788.147197504753
npl,coal,2001,1139.3687284215857
npl,gas,2001,0.0
npl,oil,2001,2052.125592601717
nzl,coal,2001,3485.8256706856228
nzl,gas,2001,10921.71629999998
nzl,oil,2001,15153.362761919832
omn,coal,2001,0.0
omn,gas,2001,8429.922600000009
omn,oil,2001,9038.740872374903
pak,coal,2001,6530.245762709402
pak,gas,2001,36469.71239999999
pak,oil,2001,52987.72858245749
pan,coal,2001,0.0
pan,gas,2001,0.0
pan,oil,2001,5603.047379840756
per,coal,2001,1741.993833489587
per,gas,2001,730.7025000000001
per,oil,2001,19866.265392796122
phl,coal,2001,16929.151350466313
phl,gas,2001,296.6568
phl,oil,2001,46430.170754225524
plw,coal,2001,0.0
plw,gas,2001,0.0
plw,oil,2001,197.26811411623135
png,coal,2001,0.0
png,gas,2001,329.71067608695705
png,oil,2001,3132.617652165756
pol,coal,2001,216838.92112009352
pol,gas,2001,24925.25109359998
pol,oil,2001,46251.10395136268
pri,coal,2001,665.6132462421424
pri,gas,2001,1337.766885396962
pri,oil,2001,17471.72207557747
prk,coal,2001,66382.61327351327
prk,gas,2001,113.6586
prk,oil,2001,3443.06381288458
prt,coal,2001,12189.329981990822
prt,gas,2001,5900.098306080002
prt,oil,2001,37877.39021648648
pry,coal,2001,0.0
pry,gas,2001,0.0
pry,oil,2001,3441.8315583423087
pyf,coal,2001,0.0
pyf,gas,2001,0.0
pyf,oil,2001,793.01781874725
qat,coal,2001,0.0
qat,gas,2001,14027.8611
qat,oil,2001,2909.554289371555
reu,coal,2001,2083.649027387813
reu,gas,2001,0.0
reu,oil,2001,2262.337019799684
rou,coal,2001,23558.608335563793
rou,gas,2001,30487.84417008001
rou,oil,2001,27313.043280176422
rus,coal,2001,377515.7025951892
rus,gas,2001,797043.9584712001
rus,oil,2001,271901.85633185564
rwa,coal,2001,0.0
rwa,gas,2001,0.0
rwa,oil,2001,647.3393165522502
sau,coal,2001,0.0
sau,gas,2001,74207.4531000001
sau,oil,2001,156754.59975091528
sdn,coal,2001,0.0
sdn,gas,2001,0.0
sdn,oil,2001,5884.3060305257195
sen,coal,2001,0.0
sen,gas,2001,0.0
sen,oil,2001,3820.94701723937
sgp,coal,2001,0.0
sgp,gas,2001,7526.96087615999
sgp,oil,2001,26159.78216005791
slb,coal,2001,0.0
slb,gas,2001,0.0
slb,oil,2001,185.4320272692573
sle,coal,2001,0.0
sle,gas,2001,0.0
sle,oil,2001,567.6114386594196
slv,coal,2001,3.06368902257394
slv,gas,2001,0.0
slv,oil,2001,5331.620553915551
som,coal,2001,0.0
som,gas,2001,0.0
som,oil,2001,555.4483364024325
spm,coal,2001,0.0
spm,gas,2001,0.0
spm,oil,2001,31.503181496132537
srb,coal,2001,34685.2213482421
srb,gas,2001,3920.4923999999996
srb,oil,2001,7157.943103367142
srb (kosovo),coal,2001,5818.748386984654
srb (kosovo),gas,2001,0.0
srb (kosovo),oil,2001,1299.9867456368117
ssd,coal,2001,0.0
ssd,gas,2001,0.0
ssd,oil,2001,0.0
stp,coal,2001,0.0
stp,gas,2001,0.0
stp,oil,2001,56.76114386594196
sur,coal,2001,0.0
sur,gas,2001,0.0
sur,oil,2001,1490.8245609853768
svk,coal,2001,11623.721362468774
svk,gas,2001,15652.693837440009
svk,oil,2001,5990.876979748317
svn,coal,2001,5892.305644260827
svn,gas,2001,1888.9992000000009
svn,oil,2001,7190.1891814194905
swe,coal,2001,4417.384431188452
swe,gas,2001,3302.4947999999977
swe,oil,2001,38547.954168171025
swz,coal,2001,441.385917074073
swz,gas,2001,0.0
swz,oil,2001,653.8122761091452
sxm,coal,2001,0.0
sxm,gas,2001,0.0
sxm,oil,2001,645.6814910362152
syc,coal,2001,0.0
syc,gas,2001,0.0
syc,oil,2001,701.4055634862831
syr,coal,2001,0.0
syr,gas,2001,9209.76870000001
syr,oil,2001,28730.41285213182
tca,coal,2001,0.0
tca,gas,2001,0.0
tca,oil,2001,8.40084839896868
tcd,coal,2001,0.0
tcd,gas,2001,0.0
tcd,oil,2001,190.5552686928053
tgo,coal,2001,0.0
tgo,gas,2001,0.0
tgo,oil,2001,781.1199449027428
tha,coal,2001,35790.81246569439
tha,gas,2001,44128.54049999999
tha,oil,2001,76255.51870639321
tjk,coal,2001,295.62293215777123
tjk,gas,2001,2804.785058764764
tjk,oil,2001,990.0687815928493
tkl,coal,2001,0.0
tkl,gas,2001,0.0
tkl,oil,2001,0.0
tkm,coal,2001,0.0
tkm,gas,2001,22893.363594330567
tkm,oil,2001,9004.584478633189
tls,coal,2001,0.0
tls,gas,2001,0.0
tls,oil,2001,0.0
ton,coal,2001,0.0
ton,gas,2001,0.0
ton,oil,2001,94.6886947757911
tto,coal,2001,0.0
tto,gas,2001,7165.372500000009
tto,oil,2001,2140.982779490915
tun,coal,2001,64.3374694740527
tun,gas,2001,7985.835
tun,oil,2001,10971.269249778894
tur,coal,2001,66870.77717409683
tur,gas,2001,36884.74020000002
tur,oil,2001,71845.89754183739
twn,coal,2001,104212.72877900975
twn,gas,2001,19944.90618384
twn,oil,2001,87620.44314795911
tza,coal,2001,221.18971227832532
tza,gas,2001,0.0
tza,oil,2001,2571.6847798034983
uga,coal,2001,0.0
uga,gas,2001,0.0
uga,oil,2001,1182.0617838941557
ukr,coal,2001,86015.69053041328
ukr,gas,2001,167222.3189999999
ukr,oil,2001,33371.20380916032
ury,coal,2001,3.06368902257394
ury,gas,2001,96.82860000000011
ury,oil,2001,4153.349245822756
usa,coal,2001,1989741.2737925146
usa,gas,2001,1210653.8202
usa,oil,2001,2187008.378903633
uzb,coal,2001,3920.515964553731
uzb,gas,2001,104194.08120000022
uzb,oil,2001,17726.85557120484
vct,coal,2001,0.0
vct,gas,2001,0.0
vct,oil,2001,102.91039288736638
ven,coal,2001,188.776210105445
ven,gas,2001,37268.57298912001
ven,oil,2001,53579.1100489448
vgb,coal,2001,0.0
vgb,gas,2001,0.0
vgb,oil,2001,60.906150892523094
vir,coal,2001,19.009757874468573
vir,gas,2001,38.206307833343246
vir,oil,2001,498.9882761226024
vnm,coal,2001,0.0
vnm,gas,2001,2926.6248
vnm,oil,2001,25731.01954925732
vut,coal,2001,0.0
vut,gas,2001,0.0
vut,oil,2001,94.6886947757911
wlf,coal,2001,0.0
wlf,gas,2001,0.0
wlf,oil,2001,15.781449129298512
wsm,coal,2001,0.0
wsm,gas,2001,0.0
wsm,oil,2001,153.8691290106605
yem,coal,2001,0.0
yem,gas,2001,0.0
yem,oil,2001,13383.090617880847
zaf,coal,2001,212076.31255681446
zaf,gas,2001,3582.1533
zaf,oil,2001,47816.6326538615
zmb,coal,2001,309.74450791471526
zmb,gas,2001,0.0
zmb,oil,2001,1423.1959602656616
zwe,coal,2001,9426.45310355103
zwe,gas,2001,297.5544
zwe,oil,2001,2775.6970785979897
abw,coal,2002,0.0
abw,gas,2002,0.0
abw,oil,2002,661.0523889190309
afg,coal,2002,49.26652577627812
afg,gas,2002,613.615946086957
afg,oil,2002,276.3698652225758
ago,coal,2002,0.0
ago,gas,2002,1279.08
ago,oil,2002,4128.118326250429
alb,coal,2002,42.954930744
alb,gas,2002,0.0
alb,oil,2002,3683.753832012335
are,coal,2002,363.892752457889
are,gas,2002,76291.7925
are,oil,2002,23716.811867696484
arg,coal,2002,313.2931591497604
arg,gas,2002,64003.920472800004
arg,oil,2002,41418.5204725003
arm,coal,2002,229.104413112943
arm,gas,2002,1257.382763469281
arm,oil,2002,459.4104986944228
asm,coal,2002,20.504021498676096
asm,gas,2002,20.686794925947243
asm,oil,2002,128.8749526746297
atg,coal,2002,0.0
atg,gas,2002,0.0
atg,oil,2002,101.15021097833707
aus,coal,2002,184990.8700847087
aus,gas,2002,52909.583126400015
aus,oil,2002,93625.83933685302
aut,coal,2002,7957.834533230289
aut,gas,2002,17685.39646368002
aut,oil,2002,33015.159355921845
aze,coal,2002,5.27861381581721
aze,gas,2002,16690.14270000003
aze,oil,2002,9309.341810436137
bdi,coal,2002,23.005613601242658
bdi,gas,2002,0.0
bdi,oil,2002,216.11812456817503
bel,coal,2002,13363.307206509804
bel,gas,2002,36394.4262
bel,oil,2002,46301.14703219039
ben,coal,2002,0.0
ben,gas,2002,0.0
ben,oil,2002,2022.5119845874556
bfa,coal,2002,0.0
bfa,gas,2002,0.0
bfa,oil,2002,1060.9435206074052
bgd,coal,2002,1255.82602457184
bgd,gas,2002,16684.42050000001
bgd,oil,2002,9871.784773693915
bgr,coal,2002,25795.88754923602
bgr,gas,2002,5799.058884960001
bgr,oil,2002,10099.23193635201
bhr,coal,2002,0.0
bhr,gas,2002,13899.05550000001
bhr,oil,2002,1988.493818943853
bhs,coal,2002,0.001526014413838
bhs,gas,2002,0.0
bhs,oil,2002,438.3175809061269
bih,coal,2002,10436.602561095611
bih,gas,2002,313.76729999999986
bih,oil,2002,3115.21376401235
blr,coal,2002,2395.2211053657984
blr,gas,2002,35291.42964864
blr,oil,2002,14039.610692065147
blz,coal,2002,0.0
blz,gas,2002,0.0
blz,oil,2002,102.17193028114865
bmu,coal,2002,0.0
bmu,gas,2002,0.0
bmu,oil,2002,146.1058603020426
bol,coal,2002,0.0
bol,gas,2002,2178.0263999999997
bol,oil,2002,4785.499776713146
bra,coal,2002,25021.09019399117
bra,gas,2002,31946.85841248002
bra,oil,2002,218956.3576459171
brb,coal,2002,0.0
brb,gas,2002,4.597235428827143
brb,oil,2002,285.0596854844043
brn,coal,2002,0.0
brn,gas,2002,2447.0259
brn,oil,2002,1090.6971885984362
btn,coal,2002,151.08401238058627
btn,gas,2002,0.0
btn,oil,2002,179.05653239772488
bwa,coal,2002,2023.0285428804787
bwa,gas,2002,0.0
bwa,oil,2002,1956.5236000973182
caf,coal,2002,0.0
caf,gas,2002,0.0
caf,oil,2002,263.271169928504
can,coal,2002,107518.41172894159
can,gas,2002,149909.0902953601
can,oil,2002,201922.7227267276
che,coal,2002,527.7404816031458
che,gas,2002,6479.7183
che,oil,2002,32170.598897051746
chl,coal,2002,7751.433057452312
chl,gas,2002,8690.387719199998
chl,oil,2002,27802.00659715036
chn,coal,2002,2514591.5814564186
chn,gas,2002,106356.02655743998
chn,oil,2002,508307.7557499096
civ,coal,2002,0.0
civ,gas,2002,3376.2663000000002
civ,oil,2002,2885.9035261878853
cmr,coal,2002,0.0
cmr,gas,2002,0.0
cmr,oil,2002,2898.988229308757
cod,coal,2002,0.0
cod,gas,2002,0.0
cod,oil,2002,771.2933364592608
cog,coal,2002,0.0
cog,gas,2002,0.0
cog,oil,2002,502.1434425874208
cok,coal,2002,0.0
cok,gas,2002,0.0
cok,oil,2002,31.14026650395218
col,coal,2002,10846.101407284006
col,gas,2002,10480.489800000001
col,oil,2002,26507.467467523304
com,coal,2002,0.0
com,gas,2002,0.0
com,oil,2002,98.2355111673523
cpv,coal,2002,0.0
cpv,gas,2002,0.0
cpv,oil,2002,263.271169928504
cri,coal,2002,2.41931433234657
cri,gas,2002,0.0
cri,oil,2002,4964.619700818361
cub,coal,2002,63.9951230572698
cub,gas,2002,1282.782599999998
cub,oil,2002,23752.624920189024
cuw,coal,2002,0.0
cuw,gas,2002,0.0
cuw,oil,2002,2831.570225514627
cym,coal,2002,0.0
cym,gas,2002,0.0
cym,oil,2002,130.78007075987028
cyp,coal,2002,0.0
cyp,gas,2002,0.0
cyp,oil,2002,6198.291181807955
cze,coal,2002,76141.0699605369
cze,gas,2002,22135.0404
cze,oil,2002,18167.295929164284
deu,coal,2002,300396.9137501613
deu,gas,2002,189359.9575929601
deu,oil,2002,279293.04401756375
dji,coal,2002,0.0
dji,gas,2002,0.0
dji,oil,2002,436.16566958304503
dma,coal,2002,0.0
dma,gas,2002,0.0
dma,oil,2002,28.60814047872164
dnk,coal,2002,16224.66653328094
dnk,gas,2002,10539.934885920007
dnk,oil,2002,23441.63291149982
dom,coal,2002,711.136816894829
dom,gas,2002,0.0
dom,oil,2002,18784.043841861163
dza,coal,2002,64.3374694740527
dza,gas,2002,30158.96730000001
dza,oil,2002,25623.633686683366
ecu,coal,2002,0.0
ecu,gas,2002,282.1269
ecu,oil,2002,18492.93944257133
egy,coal,2002,905.748542996385
egy,gas,2002,43665.322800000096
egy,oil,2002,63831.72516399226
eri,coal,2002,0.0
eri,gas,2002,0.0
eri,oil,2002,661.0612019946467
esh,coal,2002,0.0
esh,gas,2002,0.0
esh,oil,2002,0.0
esp,coal,2002,78997.02189836626
esp,gas,2002,49295.01390000007
esp,oil,2002,160297.4065061433
est,coal,2002,326.44823358589423
est,gas,2002,1687.7684999999997
est,oil,2002,34085.408394511185
eth,coal,2002,0.0
eth,gas,2002,0.0
eth,oil,2002,4199.037641629565
fin,coal,2002,23228.48426838293
fin,gas,2002,10233.114112319987
fin,oil,2002,24397.689547276437
fji,coal,2002,39.41322062102253
fji,gas,2002,0.0
fji,oil,2002,786.2917292247927
flk,coal,2002,0.5454242068450429
flk,gas,2002,0.0
flk,oil,2002,9.19547372530337
fra,coal,2002,33352.59571664814
fra,gas,2002,94882.20313967999
fra,oil,2002,212340.04413031205
fro,coal,2002,0.0
fro,gas,2002,0.0
fro,oil,2002,0.0
fsm,coal,2002,0.0
fsm,gas,2002,0.0
fsm,oil,2002,253.01466534461153
gab,coal,2002,0.0
gab,gas,2002,267.4848
gab,oil,2002,1122.7592860361863
gbr,coal,2002,134006.73998295426
gbr,gas,2002,203969.99361552013
gbr,oil,2002,162172.55464747577
geo,coal,2002,64.23342996920101
geo,gas,2002,1108.5920999999998
geo,oil,2002,1648.5313985536354
gha,coal,2002,0.0
gha,gas,2002,0.0
gha,oil,2002,6605.491703085932
gib,coal,2002,0.0
gib,gas,2002,0.0
gib,oil,2002,360.6774438408573
gin,coal,2002,0.0
gin,gas,2002,0.0
gin,oil,2002,1225.9791793685572
global,coal,2002,0.0
global,gas,2002,0.0
global,oil,2002,1034326.8051156601
glp,coal,2002,0.0
glp,gas,2002,0.0
glp,oil,2002,533.3374760675961
gmb,coal,2002,0.0
gmb,gas,2002,0.0
gmb,oil,2002,334.00073796899767
gnb,coal,2002,0.0
gnb,gas,2002,0.0
gnb,oil,2002,165.03565876115192
gnq,coal,2002,0.0
gnq,gas,2002,0.0
gnq,oil,2002,840.8959755925347
grc,coal,2002,37338.269098867044
grc,gas,2002,4657.56803951999
grc,oil,2002,45586.830866417775
grd,coal,2002,0.0
grd,gas,2002,0.0
grd,oil,2002,57.21628095744318
grl,coal,2002,0.0
grl,gas,2002,0.0
grl,oil,2002,0.0
gtm,coal,2002,927.569761167169
gtm,gas,2002,0.0
gtm,oil,2002,8698.888679687774
guf,coal,2002,0.0
guf,gas,2002,0.0
guf,oil,2002,148.14929890766524
gum,coal,2002,0.0
gum,gas,2002,0.0
gum,oil,2002,0.0
guy,coal,2002,0.0
guy,gas,2002,0.0
guy,oil,2002,1631.9164751433566
hkg,coal,2002,20568.96694208923
hkg,gas,2002,7629.039000000009
hkg,oil,2002,11979.35246377582
hnd,coal,2002,335.352144421976
hnd,gas,2002,0.0
hnd,oil,2002,5289.2459290859
hrv,coal,2002,2249.7874590691777
hrv,gas,2002,4762.6584192
hrv,oil,2002,10464.203251081963
hti,coal,2002,0.0
hti,gas,2002,0.0
hti,oil,2002,1704.980316127854
hun,coal,2002,13193.730022437681
hun,gas,2002,26692.099500000022
hun,oil,2002,14645.970873789413
idn,coal,2002,59388.555334832316
idn,gas,2002,29993.3601
idn,oil,2002,156262.65874457124
ind,coal,2002,558920.9566770946
ind,gas,2002,53437.942800000004
ind,oil,2002,264808.8972315484
irl,coal,2002,10556.268086811
irl,gas,2002,8532.766286880009
irl,oil,2002,23434.96108506457
irn,coal,2002,746.3222110821184
irn,gas,2002,144149.5924123199
irn,oil,2002,189978.0286659187
irq,coal,2002,0.0
irq,gas,2002,5031.048
irq,oil,2002,68754.2837477064
isl,coal,2002,147.057073083549
isl,gas,2002,0.0
isl,oil,2002,1823.2649535535688
isr,coal,2002,29167.970424646446
isr,gas,2002,16.7178
isr,oil,2002,28043.278232194723
ita,coal,2002,42236.17161978425
ita,gas,2002,150686.56574400023
ita,oil,2002,229131.98807440017
jam,coal,2002,209.297792263361
jam,gas,2002,0.0
jam,oil,2002,9822.460257656381
jor,coal,2002,0.0
jor,gas,2002,491.8287
jor,oil,2002,14826.369247697246
jpn,coal,2002,230696.74881396696
jpn,gas,2002,229520.81311631997
jpn,oil,2002,589237.1993356891
kaz,coal,2002,74217.71969369061
kaz,gas,2002,8975.473850384671
kaz,oil,2002,21286.795505192385
ken,coal,2002,380.541440478838
ken,gas,2002,0.0
ken,oil,2002,6421.0962702327215
kgz,coal,2002,2055.91000682204
kgz,gas,2002,1939.489200000001
kgz,oil,2002,1088.9326431392988
khm,coal,2002,0.0
khm,gas,2002,0.0
khm,oil,2002,2216.562742995693
kir,coal,2002,0.0
kir,gas,2002,0.0
kir,oil,2002,42.81786644293421
kna,coal,2002,0.0
kna,gas,2002,0.0
kna,oil,2002,81.73754422491879
kor,coal,2002,133795.80881534689
kor,gas,2002,63037.71869999999
kor,oil,2002,183607.24052052668
kwt,coal,2002,0.0
kwt,gas,2002,11234.698199999999
kwt,oil,2002,34180.72087782374
lao,coal,2002,71.7894930509534
lao,gas,2002,0.0
lao,oil,2002,941.8488650845177
lbn,coal,2002,510.246335525768
lbn,gas,2002,0.0
lbn,oil,2002,14464.146790898185
lbr,coal,2002,0.0
lbr,gas,2002,0.0
lbr,oil,2002,510.8246580702322
lby,coal,2002,0.0
lby,gas,2002,4607.2125
lby,oil,2002,30550.62382744095
lca,coal,2002,0.0
lca,gas,2002,0.0
lca,oil,2002,90.93301795022211
lie,coal,2002,0.0
lie,gas,2002,0.0
lie,oil,2002,0.0
lka,coal,2002,48.99378716656964
lka,gas,2002,0.0
lka,oil,2002,10649.230997197865
lso,coal,2002,0.0
lso,gas,2002,0.0
lso,oil,2002,0.0
ltu,coal,2002,513.8216393363023
ltu,gas,2002,4009.6914
ltu,oil,2002,5498.985994010684
lux,coal,2002,283.7793748827781
lux,gas,2002,2784.130799999999
lux,oil,2002,6495.747870116382
lva,coal,2002,396.9249393415408
lva,gas,2002,3284.5989
lva,oil,2002,3885.1708865801284
mac,coal,2002,0.0
mac,gas,2002,0.0
mac,oil,2002,1619.2938582055128
mar,coal,2002,13317.597503440462
mar,gas,2002,94.9773
mar,oil,2002,19428.04419147206
mda,coal,2002,435.6048904095027
mda,gas,2002,5497.7439
mda,oil,2002,1605.8686782825462
mdg,coal,2002,46.7656668495433
mdg,gas,2002,0.0
mdg,oil,2002,1062.4766501532933
mdv,coal,2002,0.0
mdv,gas,2002,0.0
mdv,oil,2002,731.7962628428759
mex,coal,2002,29570.83814380205
mex,gas,2002,69556.42650000009
mex,oil,2002,229157.39197528473
mhl,coal,2002,0.0
mhl,gas,2002,0.0
mhl,oil,2002,89.52826619886257
mkd,coal,2002,5390.513799719028
mkd,gas,2002,194.3304
mkd,oil,2002,2548.038521376739
mli,coal,2002,0.0
mli,gas,2002,0.0
mli,oil,2002,907.6961231863354
mlt,coal,2002,0.0
mlt,gas,2002,0.0
mlt,oil,2002,2356.065337755085
mmr,coal,2002,1147.240011988632
mmr,gas,2002,2158.2231
mmr,oil,2002,4535.162749391144
mne,coal,2002,0.0
mne,gas,2002,0.0
mne,oil,2002,0.0
mng,coal,2002,7999.614583297987
mng,gas,2002,0.0
mng,oil,2002,1404.3402728315646
moz,coal,2002,0.0
moz,gas,2002,5.6661
moz,oil,2002,1365.494367147968
mrt,coal,2002,0.0
mrt,gas,2002,0.0
mrt,oil,2002,1343.861792769379
msr,coal,2002,0.0
msr,gas,2002,0.0
msr,oil,2002,18.390947450606756
mtq,coal,2002,0.0
mtq,gas,2002,0.0
mtq,oil,2002,545.5981077013332
mus,coal,2002,744.4341929367272
mus,gas,2002,0.0
mus,oil,2002,1860.410595601691
mwi,coal,2002,375.7583554869647
mwi,gas,2002,0.0
mwi,oil,2002,695.5074190648544
mys,coal,2002,14041.663326398
mys,gas,2002,43814.43920304001
mys,oil,2002,62850.29991851668
nam,coal,2002,0.0
nam,gas,2002,0.0
nam,oil,2002,2030.9924290872784
ncl,coal,2002,656.887010350375
ncl,gas,2002,0.0
ncl,oil,2002,1743.8549242213203
ner,coal,2002,195.40729972945172
ner,gas,2002,0.0
ner,oil,2002,476.5603083127879
nga,coal,2002,121.29758415263
nga,gas,2002,10004.256900000011
nga,oil,2002,33802.2682872138
nic,coal,2002,0.0
nic,gas,2002,0.0
nic,oil,2002,3760.092964038843
niu,coal,2002,0.0
niu,gas,2002,0.0
niu,oil,2002,11.677599938982066
nld,coal,2002,23103.10135781296
nld,gas,2002,94909.13320415998
nld,oil,2002,40581.40478440995
nor,coal,2002,2671.8428043234667
nor,gas,2002,485.09670000000017
nor,oil,2002,19072.968982761424
npl,coal,2002,528.0001424392699
npl,gas,2002,0.0
npl,oil,2002,2005.6849360325261
nzl,coal,2002,3683.113355292497
nzl,gas,2002,10122.291299999992
nzl,oil,2002,15800.064810576969
omn,coal,2002,0.0
omn,gas,2002,8958.21630000002
omn,oil,2002,10289.834840576867
pak,coal,2002,7339.649481602187
pak,gas,2002,39707.57999999999
pak,oil,2002,51659.976438677724
pan,coal,2002,0.0
pan,gas,2002,0.0
pan,oil,2002,4872.347788817601
per,coal,2002,2638.9816325370343
per,gas,2002,887.2214999999989
per,oil,2002,20173.274664624434
phl,coal,2002,15939.158965246641
phl,gas,2002,3233.43570000001
phl,oil,2002,44135.018890672676
plw,coal,2002,0.0
plw,gas,2002,0.0
plw,oil,2002,194.62666564970118
png,coal,2002,0.0
png,gas,2002,333.576453913044
png,oil,2002,3386.503982304795
pol,coal,2002,212983.23433907278
pol,gas,2002,25582.557828959987
pol,oil,2002,45352.50674217377
pri,coal,2002,1324.8609478491142
pri,gas,2002,1336.6707957909741
pri,oil,2002,8327.214832736265
prk,coal,2002,63253.44553266086
prk,gas,2002,107.7681
prk,oil,2002,3449.334703968283
prt,coal,2002,13423.796375075697
prt,gas,2002,7089.493973759991
prt,oil,2002,39685.007662553886
pry,coal,2002,0.0
pry,gas,2002,0.0
pry,oil,2002,3617.441514146856
pyf,coal,2002,0.0
pyf,gas,2002,0.0
pyf,oil,2002,782.3991959117973
qat,coal,2002,0.0
qat,gas,2002,14935.55910000001
qat,oil,2002,5893.637410721546
reu,coal,2002,1924.8030046373033
reu,gas,2002,0.0
reu,oil,2002,2204.4048705953837
rou,coal,2002,26174.85922153491
rou,gas,2002,31312.77043488004
rou,oil,2002,24772.782737678805
rus,coal,2002,365873.9356942124
rus,gas,2002,807446.9177121591
rus,oil,2002,259186.98262550944
rwa,coal,2002,0.0
rwa,gas,2002,0.0
rwa,oil,2002,767.4290678286609
sau,coal,2002,0.0
sau,gas,2002,87432.41100000001
sau,oil,2002,158963.67999806177
sdn,coal,2002,0.0
sdn,gas,2002,0.0
sdn,oil,2002,7183.842375296292
sen,coal,2002,0.0
sen,gas,2002,7.91010000000002
sen,oil,2002,3896.310348630852
sgp,coal,2002,30.6368902257394
sgp,gas,2002,10505.68884287999
sgp,oil,2002,22699.12209790883
slb,coal,2002,0.0
slb,gas,2002,0.0
slb,oil,2002,182.94906571071886
sle,coal,2002,30.67415146832358
sle,gas,2002,0.0
sle,oil,2002,554.0482829838675
slv,coal,2002,0.0
slv,gas,2002,0.0
slv,oil,2002,5346.797638428095
som,coal,2002,0.0
som,gas,2002,0.0
som,oil,2002,628.7072714710548
spm,coal,2002,0.0
spm,gas,2002,0.0
spm,oil,2002,16.347508844983775
srb,coal,2002,36672.64046997969
srb,gas,2002,3942.9324
srb,oil,2002,8752.675685594622
srb (kosovo),coal,2002,5779.891259752653
srb (kosovo),gas,2002,0.0
srb (kosovo),oil,2002,1296.7989572761417
ssd,coal,2002,0.0
ssd,gas,2002,0.0
ssd,oil,2002,0.0
stp,coal,2002,0.0
stp,gas,2002,0.0
stp,oil,2002,62.87072714710538
sur,coal,2002,0.0
sur,gas,2002,0.0
sur,oil,2002,1064.7509817183002
svk,coal,2002,10438.470548188152
svk,gas,2002,14605.3818768
svk,oil,2002,7241.796521849738
svn,coal,2002,6424.6105055330945
svn,gas,2002,1871.8886999999997
svn,oil,2002,6973.8229072108625
swe,coal,2002,5851.848633266854
swe,gas,2002,3296.436
swe,oil,2002,38855.97613803974
swz,coal,2002,431.26186212405537
swz,gas,2002,0.0
swz,oil,2002,633.8732189871139
sxm,coal,2002,0.0
sxm,gas,2002,0.0
sxm,oil,2002,306.9418779297031
syc,coal,2002,0.0
syc,gas,2002,0.0
syc,oil,2002,577.6248056640317
syr,coal,2002,0.0
syr,gas,2002,9656.38079999999
syr,oil,2002,29275.013123872865
tca,coal,2002,0.0
tca,gas,2002,0.0
tca,oil,2002,27.586421175910132
tcd,coal,2002,0.0
tcd,gas,2002,0.0
tcd,oil,2002,180.75334054792796
tgo,coal,2002,0.0
tgo,gas,2002,0.0
tgo,oil,2002,853.5783837960316
tha,coal,2002,37183.36743458525
tha,gas,2002,48022.4414999999
tha,oil,2002,80185.7337674638
tjk,coal,2002,477.8865007429962
tjk,gas,2002,2643.5139718006976
tjk,oil,2002,1007.8653380527355
tkl,coal,2002,0.0
tkl,gas,2002,0.0
tkl,oil,2002,0.0
tkm,coal,2002,0.0
tkm,gas,2002,16382.609812942772
tkm,oil,2002,10566.58986349134
tls,coal,2002,0.0
tls,gas,2002,0.0
tls,oil,2002,171.27146577173693
ton,coal,2002,0.0
ton,gas,2002,0.0
ton,oil,2002,108.99093276383249
tto,coal,2002,0.0
tto,gas,2002,7590.217800000001
tto,oil,2002,2216.8536335716917
tun,coal,2002,55.1464024063309
tun,gas,2002,7991.669400000009
tun,oil,2002,11026.919450769903
tur,coal,2002,69758.75713734646
tur,gas,2002,39566.03969999998
tur,oil,2002,75683.32198357473
twn,coal,2002,112060.81650239538
twn,gas,2002,22858.13547072
twn,oil,2002,86093.5169961589
tza,coal,2002,218.8113282753318
tza,gas,2002,0.0
tza,oil,2002,2956.0641134962007
uga,coal,2002,0.0
uga,gas,2002,0.0
uga,oil,2002,1344.7443258733058
ukr,coal,2002,89454.33423440508
ukr,gas,2002,165234.4155000001
ukr,oil,2002,34111.17102104104
ury,coal,2002,3.06368902257394
ury,gas,2002,67.99319999999999
ury,oil,2002,3834.7299620101335
usa,coal,2002,2032891.1474668167
usa,gas,2002,1231417.93089744
usa,oil,2002,2068785.111797286
uzb,coal,2002,4149.066590580945
uzb,gas,2002,107024.32620000011
uzb,oil,2002,17579.994133062988
vct,coal,2002,0.0
vct,gas,2002,0.0
vct,oil,2002,52.10768444338574
ven,coal,2002,70.4388843677035
ven,gas,2002,40933.41912528
ven,oil,2002,58551.93336899407
vgb,coal,2002,0.0
vgb,gas,2002,0.0
vgb,oil,2002,31.673298387156063
vir,coal,2002,37.85156394323045
vir,gas,2002,38.18897385425318
vir,oil,2002,237.9103295497181
vnm,coal,2002,0.0
vnm,gas,2002,6038.71619999999
vnm,oil,2002,29346.13308737838
vut,coal,2002,0.0
vut,gas,2002,0.0
vut,oil,2002,89.52826619886257
wlf,coal,2002,0.0
wlf,gas,2002,0.0
wlf,oil,2002,27.247733190958144
wsm,coal,2002,0.0
wsm,gas,2002,0.0
wsm,oil,2002,151.80879920676685
yem,coal,2002,0.0
yem,gas,2002,0.0
yem,oil,2002,13673.046264485296
zaf,coal,2002,221840.09197475458
zaf,gas,2002,3694.5777000000003
zaf,oil,2002,48664.70559888353
zmb,coal,2002,321.13217364687426
zmb,gas,2002,0.0
zmb,oil,2002,1489.5922294031582
zwe,coal,2002,8550.829472985986
zwe,gas,2002,274.6095
zwe,oil,2002,2563.6358766589005
abw,coal,2003,0.0
abw,gas,2003,0.0
abw,oil,2003,683.0254979086595
afg,coal,2003,84.1333116704914
afg,gas,2003,528.920798019804
afg,oil,2003,475.11237322603955
ago,coal,2003,0.0
ago,gas,2003,1385.67
ago,oil,2003,5601.859739969526
alb,coal,2003,44.907427596
alb,gas,2003,0.0
alb,oil,2003,3656.104786934011
are,coal,2003,428.109120538693
are,gas,2003,78619.7181000001
are,oil,2003,25791.205104174478
arg,coal,2003,367.0434634465354
arg,gas,2003,71496.83214960003
arg,oil,2003,43787.885693027754
arm,coal,2003,271.99448966448
arm,gas,2003,1147.367640073437
arm,oil,2003,529.1530294519868
asm,coal,2003,47.063801372603606
asm,gas,2003,24.476167300709715
asm,oil,2003,134.55237703457777
atg,coal,2003,0.0
atg,gas,2003,0.0
atg,oil,2003,109.86449586998175
aus,coal,2003,181756.05588016103
aus,gas,2003,46171.82897183999
aus,oil,2003,96008.58100006767
aut,coal,2003,9222.691977886472
aut,gas,2003,19066.68348287999
aut,oil,2003,35786.98206295137
aze,coal,2003,8.08363254991869
aze,gas,2003,16428.941099999993
aze,oil,2003,11203.641542018653
bdi,coal,2003,15.436723062521597
bdi,gas,2003,0.0
bdi,oil,2003,153.70237902083852
bel,coal,2003,12856.691907791375
bel,gas,2003,38240.34060000002
bel,oil,2003,49560.26702261151
ben,coal,2003,0.0
ben,gas,2003,0.0
ben,oil,2003,2279.912617367905
bfa,coal,2003,0.0
bfa,gas,2003,0.0
bfa,oil,2003,1061.278331334361
bgd,coal,2003,1348.42149182138
bgd,gas,2003,17830.15080000001
bgd,oil,2003,10120.493139696622
bgr,coal,2003,28458.9920720201
bgr,gas,2003,6165.183103199999
bgr,oil,2003,10849.23635290298
bhr,coal,2003,0.0
bhr,gas,2003,14588.58060000001
bhr,oil,2003,2155.8133454464787
bhs,coal,2003,0.0030904623396188
bhs,gas,2003,0.0
bhs,oil,2003,427.02049338143763
bih,coal,2003,10785.73839347387
bih,gas,2003,415.3644
bih,oil,2003,2974.4877141503457
blr,coal,2003,2232.547958590461
blr,gas,2003,36642.57795264
blr,oil,2003,13382.622517850112
blz,coal,2003,0.0
blz,gas,2003,0.0
blz,oil,2003,108.8280383617743
bmu,coal,2003,0.0
bmu,gas,2003,0.0
bmu,oil,2003,144.06759364082515
bol,coal,2003,0.0
bol,gas,2003,2581.890299999999
bol,oil,2003,4851.795757162474
bra,coal,2003,25347.161366917062
bra,gas,2003,33504.27591455999
bra,oil,2003,209598.6499044883
brb,coal,2003,0.0
brb,gas,2003,4.880329722391288
brb,oil,2003,300.57267738013843
brn,coal,2003,0.0
brn,gas,2003,2905.7556
brn,oil,2003,1138.4013756213844
btn,coal,2003,100.95997400458975
btn,gas,2003,0.0
btn,oil,2003,200.25397549196705
bwa,coal,2003,1831.6021861347924
bwa,gas,2003,0.0
bwa,oil,2003,2041.6364595450991
caf,coal,2003,0.0
caf,gas,2003,0.0
caf,oil,2003,234.21314898413496
can,coal,2003,107943.54618813137
can,gas,2003,153910.8645043201
can,oil,2003,215471.4767554864
che,coal,2003,535.4711290477725
che,gas,2003,6852.054000000002
che,oil,2003,33076.036526208394
chl,coal,2003,7510.417311633733
chl,gas,2003,10435.071599039988
chl,oil,2003,27927.69350170986
chn,coal,2003,2966005.6803228017
chn,gas,2003,117842.02663728013
chn,oil,2003,564059.2164546117
civ,coal,2003,0.0
civ,gas,2003,2973.861
civ,oil,2003,2252.622305706517
cmr,coal,2003,0.0
cmr,gas,2003,0.0
cmr,oil,2003,2986.919150958111
cod,coal,2003,0.0
cod,gas,2003,0.0
cod,oil,2003,938.5154801263293
cog,coal,2003,0.0
cog,gas,2003,36.5211
cog,oil,2003,714.5174015446879
cok,coal,2003,0.0
cok,gas,2003,0.0
cok,oil,2003,35.3389368515236
col,coal,2003,10479.10867500265
col,gas,2003,10162.06619999999
col,oil,2003,26397.69792564867
com,coal,2003,0.0
com,gas,2003,0.0
com,oil,2003,98.80867222768188
cpv,coal,2003,0.0
cpv,gas,2003,0.0
cpv,oil,2003,252.51105124851983
cri,coal,2003,87.0953159644765
cri,gas,2003,0.0
cri,oil,2003,5176.380102492102
cub,coal,2003,61.5337721704517
cub,gas,2003,1437.225900000001
cub,oil,2003,22763.401867615656
cuw,coal,2003,0.0
cuw,gas,2003,0.0
cuw,oil,2003,2869.332068652277
cym,coal,2003,0.0
cym,gas,2003,0.0
cym,oil,2003,135.7759335751661
cyp,coal,2003,0.0
cyp,gas,2003,0.0
cyp,oil,2003,6877.054234797442
cze,coal,2003,76944.58919783642
cze,gas,2003,22579.689000000006
cze,oil,2003,19658.926354756197
deu,coal,2003,310629.12375969527
deu,gas,2003,195914.10237168003
deu,oil,2003,277951.9531101865
dji,coal,2003,0.0
dji,gas,2003,0.0
dji,oil,2003,428.17091298662086
dma,coal,2003,0.0
dma,gas,2003,0.0
dma,oil,2003,32.13018275442858
dnk,coal,2003,22130.421715037734
dnk,gas,2003,10694.866121279987
dnk,oil,2003,21703.282041123228
dom,coal,2003,1377.084337732797
dom,gas,2003,569.751600000001
dom,oil,2003,15488.153382288257
dza,coal,2003,330.878414437986
dza,gas,2003,33973.4307
dza,oil,2003,26777.53434838063
ecu,coal,2003,0.0
ecu,gas,2003,492.3336
ecu,oil,2003,18795.547903772396
egy,coal,2003,941.132798314611
egy,gas,2003,47453.475300000006
egy,oil,2003,62604.911264887094
eri,coal,2003,0.0
eri,gas,2003,0.0
eri,oil,2003,667.267171187974
esh,coal,2003,0.0
esh,gas,2003,0.0
esh,oil,2003,0.0
esp,coal,2003,74126.71423342254
esp,gas,2003,55201.83900000006
esp,oil,2003,165015.14147240654
est,coal,2003,294.46832657899154
est,gas,2003,1826.616
est,oil,2003,40577.63743593606
eth,coal,2003,0.0
eth,gas,2003,0.0
eth,oil,2003,4555.728772427522
fin,coal,2003,29600.746974916186
fin,gas,2003,11281.511540640004
fin,oil,2003,24984.177186483983
fji,coal,2003,40.383989601835964
fji,gas,2003,0.0
fji,oil,2003,812.7955475850438
flk,coal,2003,1.2565585259079133
flk,gas,2003,0.0
flk,oil,2003,10.364575082073756
fra,coal,2003,35248.656994465244
fra,gas,2003,98587.54889808012
fra,oil,2003,212806.96322934428
fro,coal,2003,0.0
fro,gas,2003,0.0
fro,oil,2003,0.0
fsm,coal,2003,0.0
fsm,gas,2003,0.0
fsm,oil,2003,247.37255796066512
gab,coal,2003,0.0
gab,gas,2003,282.74399999999997
gab,oil,2003,1112.5665072335999
gbr,coal,2003,143223.1303879359
gbr,gas,2003,206098.9520832
gbr,oil,2003,162718.25225202602
geo,coal,2003,137.657927006124
geo,gas,2003,1224.999600000001
geo,oil,2003,1638.863347833995
gha,coal,2003,0.0
gha,gas,2003,0.0
gha,oil,2003,6304.855205047744
gib,coal,2003,0.0
gib,gas,2003,0.0
gib,oil,2003,367.0046541181033
gin,coal,2003,0.0
gin,gas,2003,0.0
gin,oil,2003,1156.4274231091647
global,coal,2003,0.0
global,gas,2003,0.0
global,oil,2003,1073456.41387416
glp,coal,2003,0.0
glp,gas,2003,0.0
glp,oil,2003,546.2131068252862
gmb,coal,2003,0.0
gmb,gas,2003,0.0
gmb,oil,2003,311.06433849455414
gnb,coal,2003,0.0
gnb,gas,2003,0.0
gnb,oil,2003,193.95776400248678
gnq,coal,2003,0.0
gnq,gas,2003,0.0
gnq,oil,2003,1818.8114850799188
grc,coal,2003,37057.65119158676
grc,gas,2003,5138.47941024
grc,oil,2003,48471.42835111096
grd,coal,2003,0.0
grd,gas,2003,0.0
grd,oil,2003,61.15099298423515
grl,coal,2003,0.0
grl,gas,2003,0.0
grl,oil,2003,0.0
gtm,coal,2003,870.488545095343
gtm,gas,2003,0.0
gtm,oil,2003,8853.284195482853
guf,coal,2003,0.0
guf,gas,2003,0.0
guf,oil,2003,198.99984157581594
gum,coal,2003,0.0
gum,gas,2003,0.0
gum,oil,2003,0.0
guy,coal,2003,0.0
guy,gas,2003,0.0
guy,oil,2003,1628.3503579267672
hkg,coal,2003,26086.789458752446
hkg,gas,2003,5459.59590000001
hkg,oil,2003,11853.306680958125
hnd,coal,2003,401.946896505773
hnd,gas,2003,0.0
hnd,oil,2003,5847.127703554565
hrv,coal,2003,2523.972398403493
hrv,gas,2003,4646.990003040001
hrv,oil,2003,11612.392073682826
hti,coal,2003,0.0
hti,gas,2003,0.0
hti,oil,2003,1689.5164360686113
hun,coal,2003,13751.960979586442
hun,gas,2003,29326.66770000002
hun,oil,2003,14683.926985784112
idn,coal,2003,80054.16606300138
idn,gas,2003,29651.4306
idn,oil,2003,160792.3026021278
ind,coal,2003,571133.8932653379
ind,gas,2003,59777.355
ind,oil,2003,272773.00123866275
irl,coal,2003,9835.582840552446
irl,gas,2003,9490.729886879997
irl,oil,2003,22860.133412559422
irn,coal,2003,1090.4198697313022
irn,gas,2003,158182.21545983982
irn,oil,2003,188242.78008728195
irq,coal,2003,0.0
irq,gas,2003,3325.608
irq,oil,2003,62692.260800267846
isl,coal,2003,162.375518196419
isl,gas,2003,0.0
isl,oil,2003,1833.3052811599289
isr,coal,2003,30061.8537872721
isr,gas,2003,18.7935
isr,oil,2003,28994.19219161728
ita,coal,2003,46796.07307128753
ita,gas,2003,166030.88371583997
ita,oil,2003,228348.96036944128
jam,coal,2003,202.162640254383
jam,gas,2003,0.0
jam,oil,2003,10138.009591773263
jor,coal,2003,0.0
jor,gas,2003,1166.5434
jor,oil,2003,14688.26588223942
jpn,coal,2003,247127.3476703175
jpn,gas,2003,236046.57569328
jpn,oil,2003,577420.0481417385
kaz,coal,2003,84258.97483297742
kaz,gas,2003,10418.10335313297
kaz,oil,2003,22285.75351943679
ken,coal,2003,356.757600448911
ken,gas,2003,0.0
ken,oil,2003,5514.172871997989
kgz,coal,2003,2427.555133704433
kgz,gas,2003,1600.196400000002
kgz,oil,2003,1278.1875723419403
khm,coal,2003,0.0
khm,gas,2003,0.0
khm,oil,2003,2382.8935840338518
kir,coal,2003,0.0
kir,gas,2003,0.0
kir,oil,2003,43.192033929639955
kna,coal,2003,0.0
kna,gas,2003,0.0
kna,oil,2003,91.20826072224895
kor,coal,2003,139636.31152450287
kor,gas,2003,65540.28360000004
kor,oil,2003,180187.97482246585
kwt,coal,2003,0.0
kwt,gas,2003,13023.78330000003
kwt,oil,2003,32927.08092250163
lao,coal,2003,88.0000237398783
lao,gas,2003,0.0
lao,oil,2003,967.238533582779
lbn,coal,2003,510.246335525768
lbn,gas,2003,0.0
lbn,oil,2003,14391.600106253612
lbr,coal,2003,0.0
lbr,gas,2003,0.0
lbr,oil,2003,519.6604243085487
lby,coal,2003,0.0
lby,gas,2003,4977.3603
lby,oil,2003,31986.45310318323
lca,coal,2003,0.0
lca,gas,2003,0.0
lca,oil,2003,101.5728358043227
lie,coal,2003,0.0
lie,gas,2003,0.0
lie,oil,2003,0.0
lka,coal,2003,259.73188453313793
lka,gas,2003,0.0
lka,oil,2003,11380.044525803973
lso,coal,2003,0.0
lso,gas,2003,0.0
lso,oil,2003,0.0
ltu,coal,2003,660.9422492930951
ltu,gas,2003,4441.6614
ltu,oil,2003,4924.848812238369
lux,coal,2003,222.43061956628674
lux,gas,2003,2818.295700000001
lux,oil,2003,7027.762658437444
lva,coal,2003,328.29684482867725
lva,gas,2003,3415.4241
lva,oil,2003,4026.216040251899
mac,coal,2003,0.0
mac,gas,2003,0.0
mac,oil,2003,1645.2238378653778
mar,coal,2003,12456.58986071612
mar,gas,2003,91.6113000000001
mar,oil,2003,20148.356925789976
mda,coal,2003,616.183329976652
mda,gas,2003,5730.6710999999905
mda,oil,2003,1770.170023952511
mdg,coal,2003,31.9975615286349
mdg,gas,2003,0.0
mdg,oil,2003,1442.950651573386
mdv,coal,2003,0.0
mdv,gas,2003,0.0
mdv,oil,2003,640.027411866483
mex,coal,2003,37734.53553595789
mex,gas,2003,79578.07439999998
mex,oil,2003,224314.98544894776
mhl,coal,2003,0.0
mhl,gas,2003,0.0
mhl,oil,2003,90.31061639833813
mkd,coal,2003,6131.520472337535
mkd,gas,2003,173.4050999999999
mkd,oil,2003,2491.7248397620842
mli,coal,2003,0.0
mli,gas,2003,0.0
mli,oil,2003,841.7035041617333
mlt,coal,2003,0.0
mlt,gas,2003,0.0
mlt,oil,2003,2648.5355428860034
mmr,coal,2003,1971.198323600177
mmr,gas,2003,2908.9532999999997
mmr,oil,2003,5113.843968320821
mne,coal,2003,0.0
mne,gas,2003,0.0
mne,oil,2003,0.0
mng,coal,2003,7579.630189573987
mng,gas,2003,0.0
mng,oil,2003,1534.0980748276238
moz,coal,2003,0.0
moz,gas,2003,5.9465999999999894
moz,oil,2003,1654.5615628689052
mrt,coal,2003,0.0
mrt,gas,2003,0.0
mrt,oil,2003,1288.1723194127412
msr,coal,2003,0.0
msr,gas,2003,0.0
msr,oil,2003,19.69269265594012
mtq,coal,2003,0.0
mtq,gas,2003,0.0
mtq,oil,2003,610.4734723341428
mus,coal,2003,751.5693449457056
mus,gas,2003,0.0
mus,oil,2003,1989.6840832094508
mwi,coal,2003,355.04463043799774
mwi,gas,2003,0.0
mwi,oil,2003,706.2990274052804
mys,coal,2003,20518.68771989506
mys,gas,2003,40814.82830304
mys,oil,2003,60500.94772596444
nam,coal,2003,16.7349735801275
nam,gas,2003,0.0
nam,oil,2003,2132.8339498809364
ncl,coal,2003,763.9304699680627
ncl,gas,2003,0.0
ncl,oil,2003,1998.6132063806133
ner,coal,2003,202.48889452945173
ner,gas,2003,0.0
ner,oil,2003,533.3932123682778
nga,coal,2003,133.189504167593
nga,gas,2003,15202.426800000012
nga,oil,2003,34118.81229141419
nic,coal,2003,0.0
nic,gas,2003,0.0
nic,oil,2003,4102.774709589626
niu,coal,2003,0.0
niu,gas,2003,0.0
niu,oil,2003,11.779645617174541
nld,coal,2003,23555.293904151888
nld,gas,2003,96343.69547615999
nld,oil,2003,40985.99786183187
nor,coal,2003,2627.3325475588176
nor,gas,2003,652.5551999999989
nor,oil,2003,20746.307850075384
npl,coal,2003,673.8949186395939
npl,gas,2003,0.0
npl,oil,2003,2086.6128170820757
nzl,coal,2003,5527.849742941899
nzl,gas,2003,8710.142099999997
nzl,oil,2003,16563.03520772725
omn,coal,2003,0.0
omn,gas,2003,9761.96100000001
omn,oil,2003,10344.06505591453
pak,coal,2003,10913.628569113567
pak,gas,2003,49548.585900000005
pak,oil,2003,41986.20452856125
pan,coal,2003,0.0
pan,gas,2003,0.0
pan,oil,2003,5190.892056946189
per,coal,2003,2551.801140120124
per,gas,2003,1083.459300000001
per,oil,2003,19719.415692925802
phl,coal,2003,16124.527909804254
phl,gas,2003,4988.29980000001
phl,oil,2003,43959.76936477352
plw,coal,2003,0.0
plw,gas,2003,0.0
plw,oil,2003,204.1805240310254
png,coal,2003,0.0
png,gas,2003,312.354801980197
png,oil,2003,3930.4750875972354
pol,coal,2003,214561.28452573222
pol,gas,2003,27314.243473439947
pol,oil,2003,48805.42994724751
pri,coal,2003,3013.367417819633
pri,gas,2003,1567.1425364291704
pri,oil,2003,8615.023375102895
prk,coal,2003,64749.955996762605
prk,gas,2003,109.7316
prk,oil,2003,3361.140041692212
prt,coal,2003,12647.530938968668
prt,gas,2003,6875.557925280002
prt,oil,2003,35407.46078717387
pry,coal,2003,0.0
pry,gas,2003,0.0
pry,oil,2003,3742.467548573368
pyf,coal,2003,0.0
pyf,gas,2003,0.0
pyf,oil,2003,855.9875815146829
qat,coal,2003,0.0
qat,gas,2003,16136.267399999979
qat,oil,2003,4919.0851050050815
reu,coal,2003,1991.3372750652854
reu,gas,2003,0.0
reu,oil,2003,1983.4926054593864
rou,coal,2003,29414.577415048043
rou,gas,2003,34207.37595792002
rou,oil,2003,23593.671528799732
rus,coal,2003,362843.3591317129
rus,gas,2003,838593.8990932812
rus,oil,2003,257219.88810023846
rwa,coal,2003,0.0
rwa,gas,2003,0.0
rwa,oil,2003,653.7069405241351
sau,coal,2003,0.0
sau,gas,2003,90045.2685000001
sau,oil,2003,167699.0035253133
sdn,coal,2003,0.0
sdn,gas,2003,0.0
sdn,oil,2003,7338.257696274501
sen,coal,2003,0.0
sen,gas,2003,29.5647
sen,oil,2003,3763.5760793915183
sgp,coal,2003,39.8279572934612
sgp,gas,2003,14551.158309600001
sgp,oil,2003,17316.883361714605
slb,coal,2003,0.0
slb,gas,2003,0.0
slb,oil,2003,192.40087841385068
sle,coal,2003,0.0
sle,gas,2003,0.0
sle,oil,2003,567.2349701959514
slv,coal,2003,3.06368902257394
slv,gas,2003,0.0
slv,oil,2003,5905.578072187278
som,coal,2003,0.0
som,gas,2003,0.0
som,oil,2003,592.8520333660911
spm,coal,2003,0.0
spm,gas,2003,0.0
spm,oil,2003,18.656235147732787
srb,coal,2003,39333.62170729857
srb,gas,2003,4123.1817
srb,oil,2003,9580.281251091665
srb (kosovo),coal,2003,6094.534740089987
srb (kosovo),gas,2003,0.0
srb (kosovo),oil,2003,1353.7683579670866
ssd,coal,2003,0.0
ssd,gas,2003,0.0
ssd,oil,2003,0.0
stp,coal,2003,0.0
stp,gas,2003,0.0
stp,oil,2003,65.87244815178794
sur,coal,2003,0.0
sur,gas,2003,0.0
sur,oil,2003,1184.39618235368
svk,coal,2003,11159.66759720971
svk,gas,2003,14249.032702079978
svk,oil,2003,6416.75468395277
svn,coal,2003,6004.9338656129685
svn,gas,2003,2034.859199999998
svn,oil,2003,7098.644923322071
swe,coal,2003,6331.331607971756
swe,gas,2003,3404.484599999999
swe,oil,2003,38811.58798619126
swz,coal,2003,353.7190043852451
swz,gas,2003,0.0
swz,oil,2003,634.7100541408594
sxm,coal,2003,0.0
sxm,gas,2003,0.0
sxm,oil,2003,314.4202874545276
syc,coal,2003,0.0
syc,gas,2003,0.0
syc,oil,2003,548.9370679315659
syr,coal,2003,0.0
syr,gas,2003,10618.43969999999
syr,oil,2003,28757.222046839295
tca,coal,2003,0.0
tca,gas,2003,0.0
tca,oil,2003,29.02081022980647
tcd,coal,2003,0.0
tcd,gas,2003,0.0
tcd,oil,2003,380.59636709921875
tgo,coal,2003,0.0
tgo,gas,2003,0.0
tgo,oil,2003,1090.9742349345777
tha,coal,2003,38517.79749024084
tha,gas,2003,50815.7166000001
tha,oil,2003,84816.8274518105
tjk,coal,2003,572.5205098860926
tjk,gas,2003,2468.5665297205906
tjk,oil,2003,1142.6631625613998
tkl,coal,2003,0.0
tkl,gas,2003,0.0
tkl,oil,2003,0.0
tkm,coal,2003,0.0
tkm,gas,2003,25842.688938927447
tkm,oil,2003,9681.145373828029
tls,coal,2003,0.0
tls,gas,2003,0.0
tls,oil,2003,172.76813571855985
ton,coal,2003,0.0
ton,gas,2003,0.0
ton,oil,2003,125.64955324986168
tto,coal,2003,0.0
tto,gas,2003,8002.104
tto,oil,2003,2586.6203367609673
tun,coal,2003,15.3184451128697
tun,gas,2003,7982.749499999999
tun,oil,2003,11011.370537574023
tur,coal,2003,78148.26141728312
tur,gas,2003,47439.562499999985
tur,oil,2003,74547.76837378657
twn,coal,2003,121526.33775016683
twn,gas,2003,23324.79223535999
twn,oil,2003,85413.97758587019
tza,coal,2003,154.59496019452817
tza,gas,2003,0.0
tza,oil,2003,3155.486150432332
uga,coal,2003,0.0
uga,gas,2003,0.0
uga,oil,2003,1429.5345257113422
ukr,coal,2003,105536.93216861822
ukr,gas,2003,175086.2486999999
ukr,oil,2003,34042.83887198391
ury,coal,2003,3.06368902257394
ury,gas,2003,138.11820000000012
ury,oil,2003,3658.974104243799
usa,coal,2003,2078563.9627186414
usa,gas,2003,1198425.2323190412
usa,oil,2003,2119500.5555445887
uzb,coal,2003,3184.2049938765363
uzb,gas,2003,102604.2072000001
uzb,oil,2003,15275.303250797606
vct,coal,2003,0.0
vct,gas,2003,0.0
vct,oil,2003,55.96870544319813
ven,coal,2003,166.23576710778
ven,gas,2003,41338.6314
ven,oil,2003,53826.98463677756
vgb,coal,2003,0.0
vgb,gas,2003,0.0
vgb,oil,2003,34.20309777084334
vir,coal,2003,86.17921238534329
vir,gas,2003,44.818666547724455
vir,oil,2003,246.38081793719357
vnm,coal,2003,0.0
vnm,gas,2003,7068.20730000001
vnm,oil,2003,30360.853168820515
vut,coal,2003,0.0
vut,gas,2003,0.0
vut,oil,2003,86.38406785927988
wlf,coal,2003,0.0
wlf,gas,2003,0.0
wlf,oil,2003,27.48583977340727
wsm,coal,2003,0.0
wsm,gas,2003,0.0
wsm,oil,2003,160.98849010138522
yem,coal,2003,0.0
yem,gas,2003,0.0
yem,oil,2003,15904.672694338771
zaf,coal,2003,246616.76417789535
zaf,gas,2003,4023.7725
zaf,oil,2003,50845.48746238919
zmb,coal,2003,341.6299719647591
zmb,gas,2003,0.0
zmb,oil,2003,1581.3298005948254
zwe,coal,2003,7017.243800610639
zwe,gas,2003,230.01
zwe,oil,2003,2142.701261141393
abw,coal,2004,0.0
abw,gas,2004,0.0
abw,oil,2004,677.1652787437963
afg,coal,2004,82.48438138038654
afg,gas,2004,259.29848244274797
afg,oil,2004,631.3337171935646
ago,coal,2004,0.0
ago,gas,2004,1598.85
ago,oil,2004,6072.273874627355
alb,coal,2004,62.479899264
alb,gas,2004,0.0
alb,oil,2004,3923.100645307328
are,coal,2004,485.190336610519
are,gas,2004,85089.8433000001
are,oil,2004,26181.53672240638
arg,coal,2004,1238.8912213104213
arg,gas,2004,77159.94906576003
arg,oil,2004,51106.53435595638
arm,coal,2004,247.52126354930417
arm,gas,2004,1343.7671020039802
arm,oil,2004,561.3358027591912
asm,coal,2004,51.948959383399746
asm,gas,2004,22.6524774850663
asm,oil,2004,135.27551235117582
atg,coal,2004,0.0
atg,gas,2004,0.0
atg,oil,2004,113.88688778872918
aus,coal,2004,189927.0358639934
aus,gas,2004,47790.12870719997
aus,oil,2004,99128.76325022738
aut,coal,2004,8906.521123997822
aut,gas,2004,19309.64279903998
aut,oil,2004,35982.13508837972
aze,coal,2004,2.428336587743594
aze,gas,2004,16859.84519999998
aze,oil,2004,10023.661086757185
bdi,coal,2004,17.0857945502925
bdi,gas,2004,0.0
bdi,oil,2004,201.51072530661384
bel,coal,2004,10595.140414361987
bel,gas,2004,38179.41599999997
bel,oil,2004,49819.242272955744
ben,coal,2004,0.0
ben,gas,2004,0.0
ben,oil,2004,2436.839896384229
bfa,coal,2004,0.0
bfa,gas,2004,0.0
bfa,oil,2004,1150.9362580012387
bgd,coal,2004,1350.35056405575
bgd,gas,2004,19564.4823
bgd,oil,2004,10416.708642209862
bgr,coal,2004,27717.490619269258
bgr,gas,2004,6063.722976960001
bgr,oil,2004,10713.131726648642
bhr,coal,2004,0.0
bhr,gas,2004,14235.375
bhr,oil,2004,2354.898117168703
bhs,coal,2004,0.0033100559560607
bhs,gas,2004,0.0
bhs,oil,2004,480.17174310923724
bih,coal,2004,11163.997365853162
bih,gas,2004,655.7529
bih,oil,2004,3298.998757561244
blr,coal,2004,2018.7983150930331
blr,gas,2004,39823.17140207999
blr,oil,2004,13307.515318220116
blz,coal,2004,0.0
blz,gas,2004,0.0
blz,oil,2004,110.80886379443943
bmu,coal,2004,0.0
bmu,gas,2004,0.0
bmu,oil,2004,187.75946365168878
bol,coal,2004,0.0
bol,gas,2004,2662.6182
bol,oil,2004,5307.62578717198
bra,coal,2004,27956.10658491585
bra,gas,2004,40773.54884591998
bra,oil,2004,216882.59266326425
brb,coal,2004,0.0
brb,gas,2004,4.611356538560148
brb,oil,2004,303.69836743661153
brn,coal,2004,0.0
brn,gas,2004,2966.231400000001
brn,oil,2004,1167.1477900609555
btn,coal,2004,23.095626786508276
btn,gas,2004,0.0
btn,oil,2004,207.87817517349075
bwa,coal,2004,1955.5942581177896
bwa,gas,2004,0.0
bwa,oil,2004,1969.7736735324627
caf,coal,2004,0.0
caf,gas,2004,0.0
caf,oil,2004,224.76196284199236
can,coal,2004,101923.00508369514
can,gas,2004,151379.93050752
can,oil,2004,212767.52556140753
che,coal,2004,509.309432826415
che,gas,2004,7070.395200000001
che,oil,2004,32988.65509234246
chl,coal,2004,8869.683708347313
chl,gas,2004,11538.038709120012
chl,oil,2004,29813.317332678635
chn,coal,2004,3510389.541233226
chn,gas,2004,143762.34649919992
chn,oil,2004,686687.475143774
civ,coal,2004,0.0
civ,gas,2004,2921.687999999999
civ,oil,2004,2434.7181826454644
cmr,coal,2004,0.0
cmr,gas,2004,0.0
cmr,oil,2004,3018.6035687884387
cod,coal,2004,0.0
cod,gas,2004,0.0
cod,oil,2004,1014.3300150135558
cog,coal,2004,0.0
cog,gas,2004,42.9726000000001
cog,oil,2004,740.9294182236139
cok,coal,2004,0.0
cok,gas,2004,0.0
cok,oil,2004,57.74393754819188
col,coal,2004,8712.902666208078
col,gas,2004,10616.195700000011
col,oil,2004,27791.89334452078
com,coal,2004,0.0
com,gas,2004,0.0
com,oil,2004,108.50577516509986
cpv,coal,2004,0.0
cpv,gas,2004,0.0
cpv,oil,2004,279.0148504245428
cri,coal,2004,4.83862866469314
cri,gas,2004,0.0
cri,oil,2004,5267.893249052131
cub,coal,2004,56.6110703968156
cub,gas,2004,1534.8399
cub,oil,2004,22491.904957343348
cuw,coal,2004,0.0
cuw,gas,2004,0.0
cuw,oil,2004,2894.431538485983
cym,coal,2004,0.0
cym,gas,2004,0.0
cym,oil,2004,129.27700776017937
cyp,coal,2004,0.513663578
cyp,gas,2004,0.0
cyp,oil,2004,6822.888290703905
cze,coal,2004,74941.9866956723
cze,gas,2004,22665.57810000002
cze,oil,2004,20627.119464033934
deu,coal,2004,302724.6689963194
deu,gas,2004,197113.38995040004
deu,oil,2004,269192.8503538522
dji,coal,2004,0.0
dji,gas,2004,0.0
dji,oil,2004,434.0231006603996
dma,coal,2004,0.0
dma,gas,2004,0.0
dma,oil,2004,30.78023994289983
dnk,coal,2004,16967.21719070238
dnk,gas,2004,10577.970685920001
dnk,oil,2004,21333.13300007352
dom,coal,2004,1339.030193684913
dom,gas,2004,327.287399999999
dom,oil,2004,14411.20182112178
dza,coal,2004,762.858566620911
dza,gas,2004,35000.0607
dza,oil,2004,28655.31340286712
ecu,coal,2004,0.0
ecu,gas,2004,625.0100999999989
ecu,oil,2004,20277.706497591502
egy,coal,2004,961.888614996297
egy,gas,2004,45343.8909000001
egy,oil,2004,74763.50759300365
eri,coal,2004,0.0
eri,gas,2004,0.0
eri,oil,2004,686.0308280476079
esh,coal,2004,0.0
esh,gas,2004,0.0
esh,oil,2004,0.0
esp,coal,2004,76614.42350919051
esp,gas,2004,64093.2402
esp,oil,2004,170857.4331933833
est,coal,2004,315.36371534691006
est,gas,2004,1983.4715999999999
est,oil,2004,40320.35469018349
eth,coal,2004,0.0
eth,gas,2004,0.0
eth,oil,2004,4793.706321488805
fin,coal,2004,26406.009772374313
fin,gas,2004,10851.00732143998
fin,oil,2004,24596.30435870976
fji,coal,2004,0.0
fji,gas,2004,0.0
fji,oil,2004,1127.931580108015
flk,coal,2004,1.3637511981229933
flk,gas,2004,0.0
flk,oil,2004,11.286087979063266
fra,coal,2004,33741.669578461566
fra,gas,2004,100694.35235376
fra,oil,2004,212884.34718406535
fro,coal,2004,0.0
fro,gas,2004,0.0
fro,oil,2004,0.0
fsm,coal,2004,0.0
fsm,gas,2004,0.0
fsm,oil,2004,238.67494186585967
gab,coal,2004,0.0
gab,gas,2004,276.9657
gab,oil,2004,1160.5363847253711
gbr,coal,2004,131514.4705514609
gbr,gas,2004,210495.2221204798
gbr,oil,2004,165338.0701239796
geo,coal,2004,28.351672032702698
geo,gas,2004,1491.923400000001
geo,oil,2004,1647.064347049813
gha,coal,2004,0.0
gha,gas,2004,0.0
gha,oil,2004,5774.613402726858
gib,coal,2004,0.0
gib,gas,2004,0.0
gib,oil,2004,398.7135801441575
gin,coal,2004,0.0
gin,gas,2004,0.0
gin,oil,2004,1224.5651768632702
global,coal,2004,0.0
global,gas,2004,0.0
global,oil,2004,1168629.931114551
glp,coal,2004,0.0
glp,gas,2004,0.0
glp,oil,2004,481.197751107334
gmb,coal,2004,0.0
gmb,gas,2004,0.0
gmb,oil,2004,337.1429442629889
gnb,coal,2004,0.0
gnb,gas,2004,0.0
gnb,oil,2004,213.13634407430305
gnq,coal,2004,0.0
gnq,gas,2004,0.0
gnq,oil,2004,1085.0577516509986
grc,coal,2004,37819.102789480195
grc,gas,2004,5624.546774880019
grc,oil,2004,46856.68876821086
grd,coal,2004,0.0
grd,gas,2004,0.0
grd,oil,2004,57.456447893413056
grl,coal,2004,0.0
grl,gas,2004,0.0
grl,oil,2004,0.0
gtm,coal,2004,1010.81320127191
gtm,gas,2004,0.0
gtm,oil,2004,8748.05246133258
guf,coal,2004,0.0
guf,gas,2004,0.0
guf,oil,2004,186.73345565359236
gum,coal,2004,0.0
gum,gas,2004,0.0
gum,oil,2004,0.0
guy,coal,2004,0.0
guy,gas,2004,0.0
guy,oil,2004,1682.5507128076008
hkg,coal,2004,24339.0529415197
hkg,gas,2004,7221.0797999999895
hkg,oil,2004,8341.418066678945
hnd,coal,2004,420.973968529715
hnd,gas,2004,0.0
hnd,oil,2004,6624.467266449606
hrv,coal,2004,2678.2535813754293
hrv,gas,2004,4940.149035359998
hrv,oil,2004,10503.686317100924
hti,coal,2004,0.0
hti,gas,2004,0.0
hti,oil,2004,1538.7725678919967
hun,coal,2004,12397.133034598748
hun,gas,2004,28616.45148384003
hun,oil,2004,14067.490653160265
idn,coal,2004,73490.33142342127
idn,gas,2004,31584.0756
idn,oil,2004,177739.4117851965
ind,coal,2004,634314.4847829791
ind,gas,2004,61629.72089999999
ind,oil,2004,280149.28498774103
irl,coal,2004,9318.705361524286
irl,gas,2004,9408.655586880011
irl,oil,2004,24022.948935686174
irn,coal,2004,1377.674585488791
irn,gas,2004,178195.8559022399
irn,oil,2004,196240.84067436226
irq,coal,2004,0.0
irq,gas,2004,2131.8
irq,oil,2004,68183.0038203733
isl,coal,2004,159.311829173845
isl,gas,2004,0.0
isl,oil,2004,1850.2630699023543
isr,coal,2004,30091.162853023
isr,gas,2004,2551.7085
isr,oil,2004,27340.48206347016
ita,coal,2004,54748.07032687937
ita,gas,2004,172488.84410208024
ita,oil,2004,223754.9060216497
jam,coal,2004,221.189712278325
jam,gas,2004,0.0
jam,oil,2004,10097.060610222316
jor,coal,2004,0.0
jor,gas,2004,3113.43780000002
jor,oil,2004,14145.650889912571
jpn,coal,2004,256879.80661054337
jpn,gas,2004,233613.27526416
jpn,oil,2004,567498.7002603824
kaz,coal,2004,92674.634322654
kaz,gas,2004,11338.586999997291
kaz,oil,2004,21989.363678997845
ken,coal,2004,416.21720052373
ken,gas,2004,0.0
ken,oil,2004,6157.5424316525
kgz,coal,2004,2236.8010592512646
kgz,gas,2004,1747.458900000001
kgz,oil,2004,1535.5074658504777
khm,coal,2004,0.0
khm,gas,2004,0.0
khm,oil,2004,2376.881381183493
kir,coal,2004,0.0
kir,gas,2004,0.0
kir,oil,2004,46.19515003855348
kna,coal,2004,0.0
kna,gas,2004,0.0
kna,oil,2004,97.4707598191826
kor,coal,2004,149793.80603711112
kor,gas,2004,74363.01840000002
kor,oil,2004,176990.9663021889
kwt,coal,2004,0.0
kwt,gas,2004,13248.071100000021
kwt,oil,2004,35028.64921938088
lao,coal,2004,106.526344527221
lao,gas,2004,0.0
lao,oil,2004,1008.3418671102015
lbn,coal,2004,510.246335525768
lbn,gas,2004,0.0
lbn,oil,2004,14561.118489891925
lbr,coal,2004,0.0
lbr,gas,2004,0.0
lbr,oil,2004,600.6569696639464
lby,coal,2004,0.0
lby,gas,2004,5705.9871
lby,oil,2004,30958.499655036612
lca,coal,2004,0.0
lca,gas,2004,0.0
lca,oil,2004,99.52277581537612
lie,coal,2004,0.0
lie,gas,2004,0.0
lie,oil,2004,0.0
lka,coal,2004,70.60795099903814
lka,gas,2004,0.0
lka,oil,2004,11905.795884225565
lso,coal,2004,0.0
lso,gas,2004,0.0
lso,oil,2004,0.0
ltu,coal,2004,647.435522457291
ltu,gas,2004,4615.964100000001
ltu,oil,2004,5227.139267780415
lux,coal,2004,312.0466180333856
lux,gas,2004,3120.9552000000012
lux,oil,2004,8036.383216361625
lva,coal,2004,265.299261304917
lva,gas,2004,3389.4498
lva,oil,2004,4125.852406180149
mac,coal,2004,0.0
mac,gas,2004,0.0
mac,oil,2004,1813.1596390132243
mar,coal,2004,11851.06490891788
mar,gas,2004,133.1252999999998
mar,oil,2004,24699.865470678014
mda,coal,2004,324.7262961725539
mda,gas,2004,5838.1587
mda,oil,2004,1947.4796108371554
mdg,coal,2004,39.3816141890891
mdg,gas,2004,0.0
mdg,oil,2004,1538.4312503117335
mdv,coal,2004,0.0
mdv,gas,2004,0.0
mdv,oil,2004,816.1143173477792
mex,coal,2004,32892.3684029624
mex,gas,2004,82980.81989999993
mex,oil,2004,232700.8839573891
mhl,coal,2004,0.0
mhl,gas,2004,0.0
mhl,oil,2004,92.39030007710693
mkd,coal,2004,5771.201420820393
mkd,gas,2004,155.57508384
mkd,oil,2004,2532.875889786231
mli,coal,2004,0.0
mli,gas,2004,0.0
mli,oil,2004,926.1742951592454
mlt,coal,2004,0.0
mlt,gas,2004,0.0
mlt,oil,2004,2638.1890620543054
mmr,coal,2004,1066.0536126330092
mmr,gas,2004,3025.6413
mmr,oil,2004,5625.926352374556
mne,coal,2004,0.0
mne,gas,2004,0.0
mne,oil,2004,0.0
mng,coal,2004,7663.014470657959
mng,gas,2004,0.0
mng,oil,2004,1702.479713258181
moz,coal,2004,0.0
moz,gas,2004,6.675900000000011
moz,oil,2004,1680.1201889478068
mrt,coal,2004,0.0
mrt,gas,2004,0.0
mrt,oil,2004,1464.827964728848
msr,coal,2004,0.0
msr,gas,2004,0.0
msr,oil,2004,19.49415196383656
mtq,coal,2004,0.0
mtq,gas,2004,0.0
mtq,oil,2004,639.2029828142211
mus,coal,2004,687.3529768649018
mus,gas,2004,0.0
mus,oil,2004,2077.726343351158
mwi,coal,2004,375.8874801064346
mwi,gas,2004,0.0
mwi,oil,2004,798.292488714663
mys,coal,2004,25591.7890949669
mys,gas,2004,42117.285038400005
mys,oil,2004,64910.888182763476
nam,coal,2004,2.09187169751594
nam,gas,2004,0.0
nam,oil,2004,2234.281236319768
ncl,coal,2004,669.7731768087392
ncl,gas,2004,0.0
ncl,oil,2004,1832.4076181959567
ner,coal,2004,226.09421052945174
ner,gas,2004,0.0
ner,oil,2004,543.0128966438327
nga,coal,2004,133.189504167593
nga,gas,2004,14592.451499999981
nga,oil,2004,34195.935874700575
nic,coal,2004,0.0
nic,gas,2004,0.0
nic,oil,2004,4214.445990439894
niu,coal,2004,0.0
niu,gas,2004,0.0
niu,oil,2004,11.54878750963838
nld,coal,2004,22550.003508983904
nld,gas,2004,98118.24295680001
nld,oil,2004,41161.59195615401
nor,coal,2004,2959.9273754464384
nor,gas,2004,779.5095000000003
nor,oil,2004,20472.545583496063
npl,coal,2004,595.1580552933879
npl,gas,2004,0.0
npl,oil,2004,1971.7303923845595
nzl,coal,2004,6145.505063027872
nzl,gas,2004,7466.7978
nzl,oil,2004,16998.836597147594
omn,coal,2004,0.0
omn,gas,2004,9740.082000000002
omn,oil,2004,10162.164441664245
pak,coal,2004,13023.423537490347
pak,gas,2004,55698.884999999995
pak,oil,2004,45921.72668199974
pan,coal,2004,0.0
pan,gas,2004,0.0
pan,oil,2004,5204.8561184932805
per,coal,2004,2960.298741675931
per,gas,2004,1793.4048
per,oil,2004,22223.29802370862
phl,coal,2004,16882.299858984712
phl,gas,2004,4812.08969999999
phl,oil,2004,45216.32233980801
plw,coal,2004,0.0
plw,gas,2004,0.0
plw,oil,2004,196.3293876638524
png,coal,2004,0.0
png,gas,2004,288.574117557252
png,oil,2004,4446.283191210774
pol,coal,2004,212422.08551703577
pol,gas,2004,28718.18053104005
pol,oil,2004,52026.804931709834
pri,coal,2004,3307.565225829929
pri,gas,2004,1442.272332262408
pri,oil,2004,8612.92672403473
prk,coal,2004,66226.98952395935
prk,gas,2004,112.2
prk,oil,2004,3389.475666330682
prt,coal,2004,12791.411916308289
prt,gas,2004,8578.361225280009
prt,oil,2004,35172.13681106713
pry,coal,2004,0.0
pry,gas,2004,0.0
pry,oil,2004,3793.680233724618
pyf,coal,2004,0.0
pyf,gas,2004,0.0
pyf,oil,2004,827.6631048574159
qat,coal,2004,0.0
qat,gas,2004,17181.57869999999
qat,oil,2004,5255.383222713661
reu,coal,2004,1887.9802978073294
reu,gas,2004,0.0
reu,oil,2004,2286.371690978889
rou,coal,2004,28111.306329261883
rou,gas,2004,32580.701704320018
rou,oil,2004,22867.253954878437
rus,coal,2004,345613.4977101961
rus,gas,2004,844255.3195454403
rus,oil,2004,255503.07721416999
rwa,coal,2004,0.0
rwa,gas,2004,0.0
rwa,oil,2004,631.6097460241814
sau,coal,2004,0.0
sau,gas,2004,98075.6468999999
sau,oil,2004,175493.416303057
sdn,coal,2004,0.0
sdn,gas,2004,0.0
sdn,oil,2004,8105.468637448936
sen,coal,2004,303.412844082872
sen,gas,2004,35.343
sen,oil,2004,4075.7019485167334
sgp,coal,2004,31.1139986031655
sgp,gas,2004,16899.82717632
sgp,oil,2004,15385.048057149048
slb,coal,2004,0.0
slb,gas,2004,0.0
slb,oil,2004,188.63019599076023
sle,coal,2004,0.0
sle,gas,2004,0.0
sle,oil,2004,585.1561446403601
slv,coal,2004,3.06368902257394
slv,gas,2004,0.0
slv,oil,2004,6128.8599067517225
som,coal,2004,0.0
som,gas,2004,0.0
som,oil,2004,627.7834134552214
spm,coal,2004,0.0
spm,gas,2004,0.0
spm,oil,2004,17.44213596764324
srb,coal,2004,41085.38988090432
srb,gas,2004,5236.542299999999
srb,oil,2004,11159.752170920825
srb (kosovo),coal,2004,6140.456799545987
srb (kosovo),gas,2004,0.0
srb (kosovo),oil,2004,1382.249081937832
ssd,coal,2004,0.0
ssd,gas,2004,0.0
ssd,oil,2004,0.0
stp,coal,2004,0.0
stp,gas,2004,0.0
stp,oil,2004,77.50412511792844
sur,coal,2004,0.0
sur,gas,2004,0.0
sur,oil,2004,1344.902234348647
svk,coal,2004,11052.910481078878
svk,gas,2004,13610.593159679993
svk,oil,2004,6222.60994238272
svn,coal,2004,6188.006460385478
svn,gas,2004,2065.321499999999
svn,oil,2004,7211.711523451294
swe,coal,2004,6471.642132258751
swe,gas,2004,3420.834473760001
swe,oil,2004,36429.65261938521
swz,coal,2004,352.53293390780414
swz,gas,2004,0.0
swz,oil,2004,625.074464366398
sxm,coal,2004,0.0
sxm,gas,2004,0.0
sxm,oil,2004,327.25171181461803
syc,coal,2004,0.0
syc,gas,2004,0.0
syc,oil,2004,778.9164574351809
syr,coal,2004,0.0
syr,gas,2004,9738.51119999999
syr,oil,2004,32042.54254526739
tca,coal,2004,0.0
tca,gas,2004,0.0
tca,oil,2004,28.72822394670651
tcd,coal,2004,0.0
tcd,gas,2004,0.0
tcd,oil,2004,399.14624435733157
tgo,coal,2004,0.0
tgo,gas,2004,0.0
tgo,oil,2004,1030.494386273221
tha,coal,2004,42898.553087144624
tha,gas,2004,52908.414899999916
tha,oil,2004,93124.34942848285
tjk,coal,2004,549.9401314889218
tjk,gas,2004,2960.491961848623
tjk,oil,2004,1263.5145049632285
tkl,coal,2004,0.0
tkl,gas,2004,0.0
tkl,oil,2004,0.0
tkm,coal,2004,0.0
tkm,gas,2004,24805.801835486967
tkm,oil,2004,13479.39772225952
tls,coal,2004,0.0
tls,gas,2004,0.0
tls,oil,2004,184.78060015421406
ton,coal,2004,0.0
ton,gas,2004,0.0
ton,oil,2004,115.4878750963838
tto,coal,2004,0.0
tto,gas,2004,8316.4323
tto,oil,2004,2519.8176740729477
tun,coal,2004,0.0
tun,gas,2004,8333.430600000009
tun,oil,2004,11471.623631200113
tur,coal,2004,78054.30347940848
tur,gas,2004,49845.80369999999
tur,oil,2004,73255.64480600836
twn,coal,2004,127880.40936171015
twn,gas,2004,27319.21725456
twn,oil,2004,85477.21396002911
tza,coal,2004,221.18971227832483
tza,gas,2004,255.75990000000002
tza,oil,2004,4256.172712343199
uga,coal,2004,0.0
uga,gas,2004,0.0
uga,oil,2004,1481.2461308550571
ukr,coal,2004,88445.98053750988
ukr,gas,2004,163392.82080000002
ukr,oil,2004,35536.017865635105
ury,coal,2004,3.06368902257394
ury,gas,2004,201.8478
ury,oil,2004,4659.822422955325
usa,coal,2004,2105879.3205883615
usa,gas,2004,1212526.56018384
usa,oil,2004,2172721.113372696
uzb,coal,2004,4345.968185242893
uzb,gas,2004,105304.07579999992
uzb,oil,2004,14665.044593401613
vct,coal,2004,0.0
vct,gas,2004,0.0
vct,oil,2004,61.56047988579954
ven,coal,2004,0.0
ven,gas,2004,41706.086400000015
ven,oil,2004,55266.26624832999
vgb,coal,2004,0.0
vgb,gas,2004,0.0
vgb,oil,2004,34.88427193528644
vir,coal,2004,94.69714461661573
vir,gas,2004,41.292933713961
vir,oil,2004,246.59213405340415
vnm,coal,2004,0.0
vnm,gas,2004,9512.596500000009
vnm,oil,2004,35259.84306826597
vut,coal,2004,0.0
vut,gas,2004,0.0
vut,oil,2004,57.74393754819188
wlf,coal,2004,0.0
wlf,gas,2004,0.0
wlf,oil,2004,26.947170855822876
wsm,coal,2004,0.0
wsm,gas,2004,0.0
wsm,oil,2004,169.3822168080296
yem,coal,2004,0.0
yem,gas,2004,0.0
yem,oil,2004,16719.053993792262
zaf,coal,2004,270245.9381320259
zaf,gas,2004,4203.4608
zaf,oil,2004,53176.163856536674
zmb,coal,2004,245.97357981462673
zmb,gas,2004,0.0
zmb,oil,2004,1682.5260512308614
zwe,coal,2004,6889.936655710343
zwe,gas,2004,215.5362
zwe,oil,2004,1846.4059011797785
abw,coal,2005,0.0
abw,gas,2005,0.0
abw,oil,2005,701.8683519580658
afg,coal,2005,93.28333978951018
afg,gas,2005,371.1906
afg,oil,2005,881.7549970898637
ago,coal,2005,0.0
ago,gas,2005,1385.67
ago,oil,2005,4513.476960421978
alb,coal,2005,52.717415004
alb,gas,2005,0.0
alb,oil,2005,3694.399157974234
are,coal,2005,561.298624706287
are,gas,2005,89814.5852999999
are,oil,2005,27924.590338096412
arg,coal,2005,2171.907019328204
arg,gas,2005,81734.48461727999
arg,oil,2005,50696.376993515056
arm,coal,2005,287.49560056162557
arm,gas,2005,1375.2084322978785
arm,oil,2005,597.3214318540109
asm,coal,2005,53.16638784651664
asm,gas,2005,22.34722861281754
asm,oil,2005,135.39152372205064
atg,coal,2005,0.0
atg,gas,2005,0.0
atg,oil,2005,115.43209312673055
aus,coal,2005,193757.9060504214
aus,gas,2005,47023.75378800004
aus,oil,2005,99438.21863481545
aut,coal,2005,8200.570055249536
aut,gas,2005,20504.975282879994
aut,oil,2005,36438.088692418256
aze,coal,2005,8.67492507983238
aze,gas,2005,16790.393399999994
aze,oil,2005,11572.951365704066
bdi,coal,2005,6.987281374977436
bdi,gas,2005,0.0
bdi,oil,2005,163.67308694646906
bel,coal,2005,10170.713178967495
bel,gas,2005,38126.51369999999
bel,oil,2005,49316.66968316333
ben,coal,2005,0.0
ben,gas,2005,0.0
ben,oil,2005,2682.4688631006725
bfa,coal,2005,0.0
bfa,gas,2005,0.0
bfa,oil,2005,1239.8236336195023
bgd,coal,2005,1846.122128287639
bgd,gas,2005,21168.83010000001
bgd,oil,2005,10760.88853571
bgr,coal,2005,27360.472895315754
bgr,gas,2005,6788.10574464
bgr,oil,2005,11207.46809901081
bhr,coal,2005,0.0
bhr,gas,2005,16827.64380000002
bhr,oil,2005,2729.36756792129
bhs,coal,2005,0.0033196078110501
bhs,gas,2005,0.0
bhs,oil,2005,447.29936086608103
bih,coal,2005,12041.579681694688
bih,gas,2005,778.2753000000009
bih,oil,2005,3185.1891500127276
blr,coal,2005,1921.8600302956459
blr,gas,2005,40463.60182128001
blr,oil,2005,13396.930879171156
blz,coal,2005,0.0
blz,gas,2005,0.0
blz,oil,2005,116.46273681536198
bmu,coal,2005,0.0
bmu,gas,2005,0.0
bmu,oil,2005,124.70788632441412
bol,coal,2005,0.0
bol,gas,2005,3119.16
bol,oil,2005,5429.5852743217265
bra,coal,2005,25167.61607334039
bra,gas,2005,42649.71685392
bra,oil,2005,218125.66685674587
brb,coal,2005,0.0
brb,gas,2005,4.986497409400195
brb,oil,2005,318.46889978714034
brn,coal,2005,0.0
brn,gas,2005,2892.9087000000013
brn,oil,2005,1148.3026558646732
btn,coal,2005,86.85000601092347
btn,gas,2005,0.0
btn,oil,2005,214.88146987904233
bwa,coal,2005,2216.6301991346277
bwa,gas,2005,0.0
bwa,oil,2005,2010.659683035153
caf,coal,2005,0.0
caf,gas,2005,0.0
caf,oil,2005,237.32597607237994
can,coal,2005,102847.80693861828
can,gas,2005,138590.83828127987
can,oil,2005,214902.4525386172
che,coal,2005,585.2346156985252
che,gas,2005,7259.0594999999985
che,oil,2005,33077.87829760747
chl,coal,2005,9031.440259258752
chl,gas,2005,10746.748837439998
chl,oil,2005,31865.619788848708
chn,coal,2005,4028818.1229806654
chn,gas,2005,183117.64013136
chn,oil,2005,706032.2994142167
civ,coal,2005,0.0
civ,gas,2005,3266.085900000001
civ,oil,2005,2356.011858526597
cmr,coal,2005,0.0
cmr,gas,2005,0.0
cmr,oil,2005,2941.8853270149807
cod,coal,2005,0.0
cod,gas,2005,0.0
cod,oil,2005,1282.8616976511237
cog,coal,2005,0.0
cog,gas,2005,49.9851
cog,oil,2005,796.9579480705436
cok,coal,2005,0.0
cok,gas,2005,0.0
cok,oil,2005,62.98249979213321
col,coal,2005,9794.791328211093
col,gas,2005,11648.267400000013
col,oil,2005,27043.72884420641
com,coal,2005,0.0
com,gas,2005,0.0
com,oil,2005,122.75481520985186
cpv,coal,2005,0.0
cpv,gas,2005,0.0
cpv,oil,2005,327.34617389293777
cri,coal,2005,4.83862866469314
cri,gas,2005,0.0
cri,oil,2005,5405.018196693457
cub,coal,2005,54.1497195099975
cub,gas,2005,1610.5749
cub,oil,2005,23278.858699570654
cuw,coal,2005,0.0
cuw,gas,2005,0.0
cuw,oil,2005,2935.3811699843036
cym,coal,2005,0.0
cym,gas,2005,0.0
cym,oil,2005,135.0143232107293
cyp,coal,2005,0.513663578
cyp,gas,2005,0.0
cyp,oil,2005,6994.799838403771
cze,coal,2005,73821.69923098493
cze,gas,2005,22231.083600000013
cze,oil,2005,21177.09656696048
deu,coal,2005,286830.75280302996
deu,gas,2005,198596.90229984024
deu,oil,2005,260497.46448025224
dji,coal,2005,0.0
dji,gas,2005,0.0
dji,oil,2005,470.56012497109873
dma,coal,2005,0.0
dma,gas,2005,0.0
dma,oil,2005,31.949954347577172
dnk,coal,2005,14305.394535926283
dnk,gas,2005,10027.9441152
dnk,oil,2005,21161.432337386614
dom,coal,2005,1441.300705813599
dom,gas,2005,452.5026
dom,oil,2005,15577.29946794728
dza,coal,2005,526.954511882718
dza,gas,2005,38875.05599999999
dza,oil,2005,29510.60965758516
ecu,coal,2005,0.0
ecu,gas,2005,725.8779000000011
ecu,oil,2005,22369.778185561274
egy,coal,2005,941.132798314611
egy,gas,2005,60072.440999999904
egy,oil,2005,75594.26076149111
eri,coal,2005,0.0
eri,gas,2005,0.0
eri,oil,2005,572.3497643850922
esh,coal,2005,0.0
esh,gas,2005,0.0
esh,oil,2005,0.0
esp,coal,2005,75073.39483061816
esp,gas,2005,75551.04809999994
esp,oil,2005,174567.54526951013
est,coal,2005,282.5893841422155
est,gas,2005,2040.6936000000005
est,oil,2005,41282.44493173038
eth,coal,2005,0.0
eth,gas,2005,0.0
eth,oil,2005,4414.540317282349
fin,coal,2005,15907.847433671617
fin,gas,2005,10004.626621439991
fin,oil,2005,23881.942106026843
fji,coal,2005,0.0
fji,gas,2005,0.0
fji,oil,2005,1307.8130839190005
flk,coal,2005,1.3987427576673934
flk,gas,2005,0.0
flk,oil,2005,11.337080574946754
fra,coal,2005,37892.187814962475
fra,gas,2005,104232.35737728
fra,oil,2005,211778.64309632604
fro,coal,2005,0.0
fro,gas,2005,0.0
fro,oil,2005,0.0
fsm,coal,2005,0.0
fsm,gas,2005,0.0
fsm,oil,2005,211.17661695009363
gab,coal,2005,0.0
gab,gas,2005,291.0468
gab,oil,2005,1448.6268457869407
gbr,coal,2005,134427.90098299453
gbr,gas,2005,204758.2522022401
gbr,oil,2005,164825.8754245047
geo,coal,2005,36.452149756332
geo,gas,2005,1748.412600000001
geo,oil,2005,2125.0969071442646
gha,coal,2005,0.0
gha,gas,2005,0.0
gha,oil,2005,6225.337597315511
gib,coal,2005,0.0
gib,gas,2005,0.0
gib,oil,2005,411.36800069864853
gin,coal,2005,0.0
gin,gas,2005,0.0
gin,oil,2005,1317.5683499190745
global,coal,2005,0.0
global,gas,2005,0.0
global,oil,2005,1241555.8265586067
glp,coal,2005,0.0
glp,gas,2005,0.0
glp,oil,2005,448.3300045547123
gmb,coal,2005,0.0
gmb,gas,2005,0.0
gmb,oil,2005,355.9889641085699
gnb,coal,2005,0.0
gnb,gas,2005,0.0
gnb,oil,2005,237.32597607237994
gnq,coal,2005,0.0
gnq,gas,2005,0.0
gnq,oil,2005,581.0394586599646
grc,coal,2005,37242.88757046886
grc,gas,2005,5943.070188
grc,oil,2005,48482.68237242205
grd,coal,2005,0.0
grd,gas,2005,0.0
grd,oil,2005,60.807977629259916
grl,coal,2005,0.0
grl,gas,2005,0.0
grl,oil,2005,0.0
gtm,coal,2005,972.759057224031
gtm,gas,2005,0.0
gtm,oil,2005,9483.713837533154
guf,coal,2005,0.0
guf,gas,2005,0.0
guf,oil,2005,177.2707144446215
gum,coal,2005,0.0
gum,gas,2005,0.0
gum,oil,2005,0.0
guy,coal,2005,0.0
guy,gas,2005,0.0
guy,oil,2005,1493.3307073182477
hkg,coal,2005,26483.000926742727
hkg,gas,2005,7241.163600000008
hkg,oil,2005,8426.96557417619
hnd,coal,2005,85.6218241077386
hnd,gas,2005,0.0
hnd,oil,2005,6397.684695304224
hrv,coal,2005,2656.977754235457
hrv,gas,2005,4686.118451519999
hrv,oil,2005,11134.363151225962
hti,coal,2005,0.0
hti,gas,2005,0.0
hti,oil,2005,1577.1949858006687
hun,coal,2005,10788.116906936722
hun,gas,2005,29665.24098384001
hun,oil,2005,14653.109236532864
idn,coal,2005,83811.87337427607
idn,gas,2005,29430.78930000001
idn,oil,2005,172652.1831984014
ind,coal,2005,670122.5518995095
ind,gas,2005,64854.68550000001
ind,oil,2005,284622.5200266507
irl,coal,2005,10516.394382728024
irl,gas,2005,8909.92658688002
irl,oil,2005,25261.51375455007
irn,coal,2005,2149.4459738546047
irn,gas,2005,191816.60262336
irn,oil,2005,209366.73410347282
irq,coal,2005,0.0
irq,gas,2005,3879.876
irq,oil,2005,64667.123151397216
isl,coal,2005,101.10173774494
isl,gas,2005,0.0
isl,oil,2005,1815.052298602711
isr,coal,2005,29808.5505441985
isr,gas,2005,3512.25270000001
isr,oil,2005,25542.43151666139
ita,coal,2005,52452.86754532911
ita,gas,2005,184969.81421424024
ita,oil,2005,212241.03134523414
jam,coal,2005,140.324656176572
jam,gas,2005,0.0
jam,oil,2005,10204.899427943268
jor,coal,2005,0.0
jor,gas,2005,3604.08840000001
jor,oil,2005,14954.901027081563
jpn,coal,2005,275572.4082495712
jpn,gas,2005,230394.25519968
jpn,oil,2005,566979.8771437124
kaz,coal,2005,95107.20293400674
kaz,gas,2005,12915.58618819397
kaz,oil,2005,24955.827726584383
ken,coal,2005,344.865680433947
ken,gas,2005,0.0
ken,oil,2005,7088.210236656827
kgz,coal,2005,2164.4942573372923
kgz,gas,2005,1372.318199999999
kgz,oil,2005,1601.0528929110885
khm,coal,2005,0.0
khm,gas,2005,0.0
khm,oil,2005,2654.6746290618803
kir,coal,2005,0.0
kir,gas,2005,0.0
kir,oil,2005,62.98249979213321
kna,coal,2005,0.0
kna,gas,2005,0.0
kna,oil,2005,102.03372517452071
kor,coal,2005,149866.91740911262
kor,gas,2005,80829.49710000002
kor,oil,2005,171016.95862138973
kwt,coal,2005,0.0
kwt,gas,2005,17061.9735
kwt,oil,2005,40344.80023700958
lao,coal,2005,118.10529501931
lao,gas,2005,0.0
lao,oil,2005,1043.1259431098317
lbn,coal,2005,510.246335525768
lbn,gas,2005,0.0
lbn,oil,2005,13844.268793110838
lbr,coal,2005,0.0
lbr,gas,2005,0.0
lbr,oil,2005,744.712545606434
lby,coal,2005,0.0
lby,gas,2005,7459.2243
lby,oil,2005,33174.49676453021
lca,coal,2005,0.0
lca,gas,2005,0.0
lca,oil,2005,103.06436886315221
lie,coal,2005,0.0
lie,gas,2005,0.0
lie,oil,2005,0.0
lka,coal,2005,254.32834357502097
lka,gas,2005,0.0
lka,oil,2005,12806.55132896032
lso,coal,2005,1352.038946058133
lso,gas,2005,0.0
lso,oil,2005,0.0
ltu,coal,2005,718.1125627163682
ltu,gas,2005,5065.4373
ltu,oil,2005,5510.114929403908
lux,coal,2005,302.70561720746923
lux,gas,2005,3069.7358999999997
lux,oil,2005,8351.594482635115
lva,coal,2005,317.4787236113639
lva,gas,2005,3478.9853999999996
lva,oil,2005,4108.982343442215
mac,coal,2005,0.0
mac,gas,2005,0.0
mac,oil,2005,1856.1313174034551
mar,coal,2005,12126.137924823634
mar,gas,2005,977.5985999999989
mar,oil,2005,25360.03061247275
mda,coal,2005,411.97226730367214
mda,gas,2005,6074.3958
mda,oil,2005,1947.7618567522602
mdg,coal,2005,61.5337721704517
mdg,gas,2005,0.0
mdg,oil,2005,1588.0040259954167
mdv,coal,2005,0.0
mdv,gas,2005,0.0
mdv,oil,2005,707.6269094292611
mex,coal,2005,42104.74959434154
mex,gas,2005,82525.17570000004
mex,oil,2005,240870.50981034385
mhl,coal,2005,0.0
mhl,gas,2005,0.0
mhl,oil,2005,85.21161736582724
mkd,coal,2005,6066.347023414577
mkd,gas,2005,163.5876
mkd,oil,2005,2586.3427952562156
mli,coal,2005,0.0
mli,gas,2005,0.0
mli,oil,2005,1002.4976575471228
mlt,coal,2005,0.0
mlt,gas,2005,0.0
mlt,oil,2005,2662.375823614636
mmr,coal,2005,1331.270207571189
mmr,gas,2005,2790.8628
mmr,oil,2005,6063.102611439897
mne,coal,2005,1189.1616319440002
mne,gas,2005,0.0
mne,oil,2005,801.8534736417696
mng,coal,2005,9118.544757945949
mng,gas,2005,0.0
mng,oil,2005,1678.1123929405826
moz,coal,2005,0.0
moz,gas,2005,46.56300000000011
moz,oil,2005,1470.0511652858067
mrt,coal,2005,0.0
mrt,gas,2005,0.0
mrt,oil,2005,1603.9962520753954
msr,coal,2005,0.0
msr,gas,2005,0.0
msr,oil,2005,19.582230083998915
mtq,coal,2005,0.0
mtq,gas,2005,0.0
mtq,oil,2005,665.7958228559637
mus,coal,2005,865.731777089357
mus,gas,2005,0.0
mus,oil,2005,2086.9603959687106
mwi,coal,2005,150.2265495620148
mwi,gas,2005,0.0
mwi,oil,2005,752.8961999537582
mys,coal,2005,26572.3453799329
mys,gas,2005,48662.584238399904
mys,oil,2005,65312.02723313549
nam,coal,2005,41.8374339503188
nam,gas,2005,0.0
nam,oil,2005,2353.78353827084
ncl,coal,2005,604.7333751871698
ncl,gas,2005,0.0
ncl,oil,2005,2111.7661695009374
ner,coal,2005,205.3662492
ner,gas,2005,0.0
ner,oil,2005,527.4681891953123
nga,coal,2005,154.594960194528
nga,gas,2005,14015.575200000032
nga,oil,2005,35704.63947080824
nic,coal,2005,0.0
nic,gas,2005,0.0
nic,oil,2005,4025.7678693652642
niu,coal,2005,0.0
niu,gas,2005,0.0
niu,oil,2005,11.114558786847022
nld,coal,2005,21028.750762157684
nld,gas,2005,94630.24251120003
nld,oil,2005,41259.114804801015
nor,coal,2005,2478.234071403715
nor,gas,2005,800.3226
nor,oil,2005,19834.959778689477
npl,coal,2005,949.4739403513187
npl,gas,2005,0.0
npl,oil,2005,1987.226733388987
nzl,coal,2005,6829.86219181117
nzl,gas,2005,7741.0146
nzl,oil,2005,17151.969031143493
omn,coal,2005,0.0
omn,gas,2005,10319.651100000008
omn,oil,2005,9508.597360975682
pak,coal,2005,13606.735992970978
pak,gas,2005,57989.22360000001
pak,oil,2005,46306.419307797
pan,coal,2005,0.0
pan,gas,2005,0.0
pan,oil,2005,6725.089236826039
per,coal,2005,3061.181664357195
per,gas,2005,3320.059306079999
per,oil,2005,20181.430779650604
phl,coal,2005,20032.068140432526
phl,gas,2005,6713.15040000001
phl,oil,2005,41123.76641405775
plw,coal,2005,0.0
plw,gas,2005,0.0
plw,oil,2005,192.65235230534844
png,coal,2005,0.0
png,gas,2005,329.9472
png,oil,2005,4130.911015778149
pol,coal,2005,209872.46559551507
pol,gas,2005,28680.17677536
pol,oil,2005,53918.252048614384
pri,coal,2005,3382.5530301641106
pri,gas,2005,1421.7758422534687
pri,oil,2005,8613.882330066228
prk,coal,2005,69888.03951993058
prk,gas,2005,118.4271
prk,oil,2005,2844.54566120101
prt,coal,2005,12876.641783810139
prt,gas,2005,9508.56771216
prt,oil,2005,36809.93802273716
pry,coal,2005,0.0
pry,gas,2005,0.0
pry,oil,2005,3502.8666461896773
pyf,coal,2005,0.0
pyf,gas,2005,0.0
pyf,oil,2005,859.5258795161703
qat,coal,2005,0.0
qat,gas,2005,16829.43899999999
qat,oil,2005,6332.349771189611
reu,coal,2005,1240.2424440584941
reu,gas,2005,0.0
reu,oil,2005,2344.616970508172
rou,coal,2005,27404.555006303406
rou,gas,2005,30843.07152431999
rou,oil,2005,22308.706606361822
rus,coal,2005,341787.90673604136
rus,gas,2005,846077.790967201
rus,oil,2005,253392.58649039888
rwa,coal,2005,0.0
rwa,gas,2005,0.0
rwa,oil,2005,688.442650079672
sau,coal,2005,0.0
sau,gas,2005,106966.5993
sau,oil,2005,182097.72581002748
sdn,coal,2005,0.0
sdn,gas,2005,0.0
sdn,oil,2005,9581.435714996758
sen,coal,2005,363.139781894461
sen,gas,2005,37.3065000000001
sen,oil,2005,4199.178956837539
sgp,coal,2005,9.19106706772182
sgp,gas,2005,16363.83404304
sgp,oil,2005,14491.47922608613
slb,coal,2005,0.0
slb,gas,2005,0.0
slb,oil,2005,181.53779351850153
sle,coal,2005,0.0
sle,gas,2005,0.0
sle,oil,2005,515.5702238813776
slv,coal,2005,3.06368902257394
slv,gas,2005,0.0
slv,oil,2005,6350.882263927638
som,coal,2005,0.0
som,gas,2005,0.0
som,oil,2005,662.8760021332
spm,coal,2005,0.0
spm,gas,2005,0.0
spm,oil,2005,18.551586395367384
srb,coal,2005,32870.88668392531
srb,gas,2005,4577.030700000001
srb,oil,2005,11727.419336809957
srb (kosovo),coal,2005,5870.223141977988
srb (kosovo),gas,2005,0.0
srb (kosovo),oil,2005,1420.2931709905858
ssd,coal,2005,0.0
ssd,gas,2005,0.0
ssd,oil,2005,0.0
stp,coal,2005,0.0
stp,gas,2005,0.0
stp,oil,2005,85.92837064689628
sur,coal,2005,0.0
sur,gas,2005,0.0
sur,oil,2005,1640.8307740037862
svk,coal,2005,9943.299503657427
svk,gas,2005,14839.265379839992
svk,oil,2005,6878.134352651895
svn,coal,2005,6209.372505110994
svn,gas,2005,2085.8541
svn,oil,2005,7348.866600401984
swe,coal,2005,5336.2047610991585
swe,gas,2005,3251.556000000002
swe,oil,2005,33775.17379388679
swz,coal,2005,340.10891242796185
swz,gas,2005,0.0
swz,oil,2005,634.6782431430449
sxm,coal,2005,0.0
sxm,gas,2005,0.0
sxm,oil,2005,323.80687870726575
syc,coal,2005,0.0
syc,gas,2005,0.0
syc,oil,2005,769.2635086484046
syr,coal,2005,0.0
syr,gas,2005,9500.75939999999
syr,oil,2005,43156.39523597485
tca,coal,2005,0.0
tca,gas,2005,0.0
tca,oil,2005,34.01124172484021
tcd,coal,2005,0.0
tcd,gas,2005,0.0
tcd,oil,2005,446.00916192912877
tgo,coal,2005,0.0
tgo,gas,2005,0.0
tgo,oil,2005,963.8588847047398
tha,coal,2005,46208.26930390033
tha,gas,2005,54509.003999999884
tha,oil,2005,92468.34454370239
tjk,coal,2005,664.7040412289446
tjk,gas,2005,3104.2957876817877
tjk,oil,2005,1309.3927604667222
tkl,coal,2005,0.0
tkl,gas,2005,0.0
tkl,oil,2005,0.0
tkm,coal,2005,0.0
tkm,gas,2005,24825.847423544812
tkm,oil,2005,11167.57218252985
tls,coal,2005,0.0
tls,gas,2005,0.0
tls,oil,2005,177.83294058955255
ton,coal,2005,0.0
ton,gas,2005,0.0
ton,oil,2005,114.85044079741937
tto,coal,2005,0.0
tto,gas,2005,8507.6211
tto,oil,2005,3455.682711862507
tun,coal,2005,0.0
tun,gas,2005,8636.14619999999
tun,oil,2005,11622.22840295179
tur,coal,2005,78977.91282573703
tur,gas,2005,60421.77570000001
tur,oil,2005,72150.88249882762
twn,coal,2005,133738.72933457297
twn,gas,2005,28844.91025152001
twn,oil,2005,85361.46547678213
tza,coal,2005,166.4868802094923
tza,gas,2005,872.4671999999997
tza,oil,2005,4402.412689513943
uga,coal,2005,0.0
uga,gas,2005,0.0
uga,oil,2005,1857.7112615775113
ukr,coal,2005,89405.15995034369
ukr,gas,2005,158207.1709838402
ukr,oil,2005,34364.78400152229
ury,coal,2005,3.06368902257394
ury,gas,2005,193.37669999999997
ury,oil,2005,4622.988144952266
usa,coal,2005,2138672.945553164
usa,gas,2005,1200152.3871479998
usa,oil,2005,2186595.858653103
uzb,coal,2005,4219.797105368194
uzb,gas,2005,98868.90090000002
uzb,oil,2005,14130.767364469186
vct,coal,2005,0.0
vct,gas,2005,0.0
vct,oil,2005,61.83862131789125
ven,coal,2005,143.695324110115
ven,gas,2005,41961.39749999999
ven,oil,2005,62348.5807808944
vgb,coal,2005,0.0
vgb,gas,2005,0.0
vgb,oil,2005,37.10317279073479
vir,coal,2005,96.92026465218768
vir,gas,2005,40.73813172431156
vir,oil,2005,246.81350082849247
vnm,coal,2005,257.349877896211
vnm,gas,2005,12244.2738
vnm,oil,2005,34749.35486484635
vut,coal,2005,0.0
vut,gas,2005,0.0
vut,oil,2005,55.57279393423513
wlf,coal,2005,0.0
wlf,gas,2005,0.0
wlf,oil,2005,29.63882343159205
wsm,coal,2005,0.0
wsm,gas,2005,0.0
wsm,oil,2005,170.4232347316546
yem,coal,2005,0.0
yem,gas,2005,0.0
yem,oil,2005,17593.505347335355
zaf,coal,2005,268314.82162479137
zaf,gas,2005,6285.556200000001
zaf,oil,2005,54774.971416385786
zmb,coal,2005,316.5771073540106
zmb,gas,2005,0.0
zmb,oil,2005,1786.9664094211134
zwe,coal,2005,7469.402638357366
zwe,gas,2005,199.6038
zwe,oil,2005,2025.1697318229408
abw,coal,2006,0.0
abw,gas,2006,0.0
abw,oil,2006,732.4072824872784
afg,coal,2006,150.04804960057155
afg,gas,2006,365.292108433735
afg,oil,2006,1167.6935656007101
ago,coal,2006,0.0
ago,gas,2006,1449.624
ago,oil,2006,6511.814426579042
alb,coal,2006,52.717415004
alb,gas,2006,0.0
alb,oil,2006,3702.404396988454
are,coal,2006,1086.92148936768
are,gas,2006,92120.8563000002
are,oil,2006,29201.876130222277
arg,coal,2006,2080.3019090956186
arg,gas,2006,84020.71158095999
arg,oil,2006,56755.233854413425
arm,coal,2006,278.509042964708
arm,gas,2006,1404.4355337783713
arm,oil,2006,646.866153177271
asm,coal,2006,59.03150144912792
asm,gas,2006,23.939221716806937
asm,oil,2006,135.98469672848483
atg,coal,2006,0.0
atg,gas,2006,0.0
atg,oil,2006,124.75660024746591
aus,coal,2006,196578.42093213418
aus,gas,2006,46085.72525567998
aus,oil,2006,101478.32048101148
aut,coal,2006,8403.494585968816
aut,gas,2006,19342.805079840007
aut,oil,2006,34786.772903523386
aze,coal,2006,8.83077282695304
aze,gas,2006,18568.93169999999
aze,oil,2006,10273.256800199604
bdi,coal,2006,13.934190208111277
bdi,gas,2006,0.0
bdi,oil,2006,191.80417309270936
bel,coal,2006,8749.585310569979
bel,gas,2006,38466.591900000014
bel,oil,2006,46888.90007314715
ben,coal,2006,0.0
ben,gas,2006,0.0
ben,oil,2006,3249.890793651481
bfa,coal,2006,0.0
bfa,gas,2006,0.0
bfa,oil,2006,1497.7049260643444
bgd,coal,2006,1803.682539131606
bgd,gas,2006,24778.19189999999
bgd,oil,2006,10797.513890641168
bgr,coal,2006,28368.607483669515
bgr,gas,2006,7125.64248
bgr,oil,2006,11549.404940912018
bhr,coal,2006,0.0
bhr,gas,2006,18009.44640000002
bhr,oil,2006,3486.018566102434
bhs,coal,2006,0.0034070740427838
bhs,gas,2006,0.0
bhs,oil,2006,444.1765163983048
bih,coal,2006,13475.14159087459
bih,gas,2006,818.050200000001
bih,oil,2006,3342.803653040022
blr,coal,2006,1863.0695243273212
blr,gas,2006,40990.26664656002
blr,oil,2006,15026.544767551683
blz,coal,2006,0.0
blz,gas,2006,0.0
blz,oil,2006,126.90757611380157
bmu,coal,2006,0.0
bmu,gas,2006,0.0
bmu,oil,2006,152.71928650982878
bol,coal,2006,0.0
bol,gas,2006,3417.3315000000002
bol,oil,2006,6044.533028988511
bra,coal,2006,25906.746468572175
bra,gas,2006,43817.34105407999
bra,oil,2006,220458.3274588963
brb,coal,2006,0.0
brb,gas,2006,5.481869175509913
brb,oil,2006,337.7032110146921
brn,coal,2006,0.0
brn,gas,2006,5012.5911
brn,oil,2006,1281.8518518515061
btn,coal,2006,78.43420774575347
btn,gas,2006,0.0
btn,oil,2006,224.5564549232131
bwa,coal,2006,1859.8810797449585
bwa,gas,2006,0.0
bwa,oil,2006,2121.1622109811947
caf,coal,2006,0.0
caf,gas,2006,0.0
caf,oil,2006,253.01827088825485
can,coal,2006,100539.7595353506
can,gas,2006,136728.61628448003
can,oil,2006,208258.9935280535
che,coal,2006,594.4905456559418
che,gas,2006,7059.736199999999
che,oil,2006,32550.157073705454
chl,coal,2006,11398.344365484347
chl,gas,2006,8746.342218239992
chl,oil,2006,31888.76641757258
chn,coal,2006,4431065.970462372
chn,gas,2006,222437.66293055995
chn,oil,2006,755573.4011977229
civ,coal,2006,0.0
civ,gas,2006,3208.863900000001
civ,oil,2006,2599.0833520550555
cmr,coal,2006,0.0
cmr,gas,2006,0.0
cmr,oil,2006,2939.0844702070526
cod,coal,2006,0.0
cod,gas,2006,25.6377
cod,oil,2006,1371.4677996756684
cog,coal,2006,0.0
cog,gas,2006,51.9485999999999
cog,oil,2006,971.0790966471483
cok,coal,2006,0.0
cok,gas,2006,0.0
cok,oil,2006,67.36693647696394
col,coal,2006,9158.844769388288
col,gas,2006,10711.39739999999
col,oil,2006,27733.827606127394
com,coal,2006,0.0
com,gas,2006,0.0
com,oil,2006,134.6710151502001
cpv,coal,2006,0.0
cpv,gas,2006,0.0
cpv,oil,2006,342.798947655055
cri,coal,2006,4.83862866469314
cri,gas,2006,0.0
cri,oil,2006,5919.176590841102
cub,coal,2006,0.0
cub,gas,2006,2334.7137
cub,oil,2006,23054.679161726217
cuw,coal,2006,0.0
cuw,gas,2006,0.0
cuw,oil,2006,2945.025362455582
cym,coal,2006,0.0
cym,gas,2006,0.0
cym,oil,2006,141.9644071781506
cyp,coal,2006,0.513663578
cyp,gas,2006,0.0
cyp,oil,2006,7059.786827807863
cze,coal,2006,73862.06736700182
cze,gas,2006,21994.84650000001
cze,oil,2006,20832.438881770307
deu,coal,2006,296254.1148669508
deu,gas,2006,202636.16558064008
deu,oil,2006,261506.2091958377
dji,coal,2006,0.0
dji,gas,2006,0.0
dji,oil,2006,465.2271432461459
dma,coal,2006,0.0
dma,gas,2006,0.0
dma,oil,2006,32.264637995034256
dnk,coal,2006,21507.21725777975
dnk,gas,2006,10235.21665055999
dnk,oil,2006,21437.74167229595
dom,coal,2006,1776.65285023558
dom,gas,2006,741.5859
dom,oil,2006,16268.893851821362
dza,coal,2006,493.253932634404
dza,gas,2006,41393.441100000025
dza,oil,2006,30296.55443438118
ecu,coal,2006,0.0
ecu,gas,2006,867.8109000000011
ecu,oil,2006,23898.84453329648
egy,coal,2006,929.264385583398
egy,gas,2006,64090.7718
egy,oil,2006,79261.22484849874
eri,coal,2006,0.0
eri,gas,2006,0.0
eri,oil,2006,511.7983409786518
esh,coal,2006,0.0
esh,gas,2006,0.0
esh,oil,2006,0.0
esp,coal,2006,67342.63156666412
esp,gas,2006,76718.26469999999
esp,oil,2006,171118.89771330004
est,coal,2006,337.98418673080204
est,gas,2006,2100.2156999999997
est,oil,2006,38476.62466686976
eth,coal,2006,0.0
eth,gas,2006,0.0
eth,oil,2006,4710.102877780482
fin,coal,2006,26304.21933813477
fin,gas,2006,10509.858015359992
fin,oil,2006,24006.955943887748
fji,coal,2006,0.0
fji,gas,2006,0.0
fji,oil,2006,1317.3978688828502
flk,coal,2006,1.601730842212166
flk,gas,2006,0.0
flk,oil,2006,13.981343131181529
fra,coal,2006,33926.61022561671
fra,gas,2006,102127.09402368
fra,oil,2006,207416.27828426549
fro,coal,2006,0.0
fro,gas,2006,0.0
fro,oil,2006,0.0
fsm,coal,2006,0.0
fsm,gas,2006,0.0
fsm,oil,2006,183.3877715206241
gab,coal,2006,0.0
gab,gas,2006,299.5179
gab,oil,2006,1507.3453912146836
gbr,coal,2006,147123.93567496576
gbr,gas,2006,194429.03663567977
gbr,oil,2006,165568.6676382852
geo,coal,2006,32.4019108945174
geo,gas,2006,2329.945199999999
geo,oil,2006,2055.7632845633916
gha,coal,2006,0.0
gha,gas,2006,0.0
gha,oil,2006,7687.830095657833
gib,coal,2006,0.0
gib,gas,2006,0.0
gib,oil,2006,430.3416787809322
gin,coal,2006,0.0
gin,gas,2006,0.0
gin,oil,2006,1314.0626326777103
global,coal,2006,0.0
global,gas,2006,0.0
global,oil,2006,1330906.7173036276
glp,coal,2006,0.0
glp,gas,2006,0.0
glp,oil,2006,467.83725092799654
gmb,coal,2006,0.0
gmb,gas,2006,0.0
gmb,oil,2006,371.36552662630993
gnb,coal,2006,0.0
gnb,gas,2006,0.0
gnb,oil,2006,240.77545132914588
gnq,coal,2006,0.0
gnq,gas,2006,0.0
gnq,oil,2006,624.3837975145641
grc,coal,2006,35060.21858935714
grc,gas,2006,6916.465865759992
grc,oil,2006,49260.23946768825
grd,coal,2006,0.0
grd,gas,2006,0.0
grd,oil,2006,67.755739789572
grl,coal,2006,0.0
grl,gas,2006,0.0
grl,oil,2006,0.0
gtm,coal,2006,1017.94835328089
gtm,gas,2006,0.0
gtm,oil,2006,9495.189608787283
guf,coal,2006,0.0
guf,gas,2006,0.0
guf,oil,2006,160.24770204200365
gum,coal,2006,0.0
gum,gas,2006,0.0
gum,oil,2006,0.0
guy,coal,2006,0.0
guy,gas,2006,0.0
guy,oil,2006,1344.1009571948093
hkg,coal,2006,26441.6476478429
hkg,gas,2006,7541.18639999999
hkg,oil,2006,7745.689683479145
hnd,coal,2006,159.351728200514
hnd,gas,2006,0.0
hnd,oil,2006,7227.320466419464
hrv,coal,2006,2471.201235833707
hrv,gas,2006,4680.723067680002
hrv,oil,2006,11550.762321741051
hti,coal,2006,0.0
hti,gas,2006,0.0
hti,oil,2006,1596.3780351582327
hun,coal,2006,10617.540229330682
hun,gas,2006,28131.401099999995
hun,oil,2006,15366.20294464096
idn,coal,2006,100729.67704388077
idn,gas,2006,47012.08050000001
idn,oil,2006,161430.5073261918
ind,coal,2006,713321.0903118956
ind,gas,2006,66131.6898000001
ind,oil,2006,304799.24119679374
irl,coal,2006,9342.188121751453
irl,gas,2006,10125.435503039998
irl,oil,2006,25850.837021682488
irn,coal,2006,2030.187490536764
irn,gas,2006,209889.14258399993
irn,oil,2006,227482.27691294695
irq,coal,2006,0.0
irq,gas,2006,5502.45630000001
irq,oil,2006,60510.47355027549
isl,coal,2006,79.6559145869224
isl,gas,2006,0.0
isl,oil,2006,1905.4737235838425
isr,coal,2006,29596.8456060791
isr,gas,2006,4885.86120000001
isr,oil,2006,25703.953034260237
ita,coal,2006,51865.81463016001
ita,gas,2006,181404.4198243203
ita,oil,2006,211912.0625490215
jam,coal,2006,76.1082880957677
jam,gas,2006,0.0
jam,oil,2006,11738.198788983202
jor,coal,2006,0.0
jor,gas,2006,5216.9073
jor,oil,2006,13802.66252644344
jpn,coal,2006,267564.6198283013
jpn,gas,2006,250615.78662384
jpn,oil,2006,532720.1538132656
kaz,coal,2006,99385.95932832643
kaz,gas,2006,14144.64475280668
kaz,oil,2006,30456.495198111872
ken,coal,2006,406.703664511759
ken,gas,2006,0.0
ken,oil,2006,8003.435917326045
kgz,coal,2006,2053.9845024303613
kgz,gas,2006,1446.4823999999999
kgz,oil,2006,1676.747808170666
khm,coal,2006,0.0
khm,gas,2006,0.0
khm,oil,2006,2958.3299033216967
kir,coal,2006,0.0
kir,gas,2006,0.0
kir,oil,2006,71.10954405901752
kna,coal,2006,0.0
kna,gas,2006,0.0
kna,oil,2006,110.77525711628431
kor,coal,2006,156356.45231673794
kor,gas,2006,86346.48330000002
kor,oil,2006,162328.06765467994
kwt,coal,2006,0.0
kwt,gas,2006,17468.02530000001
kwt,oil,2006,42642.87027009309
lao,coal,2006,143.578986101907
lao,gas,2006,0.0
lao,oil,2006,1345.5716030185965
lbn,coal,2006,510.246335525768
lbn,gas,2006,0.0
lbn,oil,2006,13486.684584306659
lbr,coal,2006,0.0
lbr,gas,2006,0.0
lbr,oil,2006,759.0548126647648
lby,coal,2006,0.0
lby,gas,2006,9124.833299999991
lby,oil,2006,31244.534026048455
lca,coal,2006,0.0
lca,gas,2006,0.0
lca,oil,2006,107.54879331678089
lie,coal,2006,0.0
lie,gas,2006,0.0
lie,oil,2006,0.0
lka,coal,2006,186.422163055041
lka,gas,2006,0.0
lka,oil,2006,11283.686426261318
lso,coal,2006,1372.5177354989585
lso,gas,2006,0.0
lso,oil,2006,0.0
ltu,coal,2006,974.47316436333
ltu,gas,2006,4924.2336000000105
ltu,oil,2006,5669.567270423779
lux,coal,2006,358.56668971501466
lux,gas,2006,3211.1079
lux,oil,2006,7956.105854809404
lva,coal,2006,338.58605340990187
lva,gas,2006,3595.7295
lva,oil,2006,4442.253677621298
mac,coal,2006,0.0
mac,gas,2006,0.0
mac,oil,2006,1665.460374013831
mar,coal,2006,12546.478395102711
mar,gas,2006,1234.0317
mar,oil,2006,25718.660300718653
mda,coal,2006,368.8849397245098
mda,gas,2006,5824.975199999998
mda,oil,2006,1922.9108719937324
mdg,coal,2006,34.458912415453
mdg,gas,2006,0.0
mdg,oil,2006,1544.0269610202445
mdv,coal,2006,0.0
mdv,gas,2006,0.0
mdv,oil,2006,905.7110348569597
mex,coal,2006,45856.137193449125
mex,gas,2006,94658.87640000001
mex,oil,2006,239640.08505543138
mhl,coal,2006,0.0
mhl,gas,2006,0.0
mhl,oil,2006,93.5651895513387
mkd,coal,2006,5884.414095953514
mkd,gas,2006,174.52710000000002
mkd,oil,2006,2715.1313185283047
mli,coal,2006,0.0
mli,gas,2006,0.0
mli,oil,2006,1048.8015422303467
mlt,coal,2006,0.0
mlt,gas,2006,0.0
mlt,oil,2006,2687.3314449489335
mmr,coal,2006,1667.44556973331
mmr,gas,2006,2552.886599999999
mmr,oil,2006,5070.592552689177
mne,coal,2006,1324.5379208400002
mne,gas,2006,0.0
mne,oil,2006,827.2802077263988
mng,coal,2006,10197.920104474444
mng,gas,2006,0.0
mng,oil,2006,1877.5834462681808
moz,coal,2006,0.0
moz,gas,2006,72.53729999999992
moz,oil,2006,1553.792056594745
mrt,coal,2006,0.0
mrt,gas,2006,0.0
mrt,oil,2006,1583.4046629781103
msr,coal,2006,0.0
msr,gas,2006,0.0
msr,oil,2006,22.58524659652402
mtq,coal,2006,0.0
mtq,gas,2006,0.0
mtq,oil,2006,661.4250788982027
mus,coal,2006,1153.5162414514803
mus,gas,2006,0.0
mus,oil,2006,2135.056867504373
mwi,coal,2006,149.79254473719615
mwi,gas,2006,0.0
mwi,oil,2006,783.5404517829827
mys,coal,2006,27299.85488168182
mys,gas,2006,54630.51202223992
mys,oil,2006,63679.03492292504
nam,coal,2006,133.87978864102
nam,gas,2006,0.0
nam,oil,2006,2226.1989274602442
ncl,coal,2006,699.0875038208446
ncl,gas,2006,0.0
ncl,oil,2006,2013.5228791448108
ner,coal,2006,190.0227938
ner,gas,2006,0.0
ner,oil,2006,536.8705494461337
nga,coal,2006,190.270720239419
nga,gas,2006,14798.394600000021
nga,oil,2006,30690.885958776846
nic,coal,2006,0.0
nic,gas,2006,0.0
nic,oil,2006,4262.812003066737
niu,coal,2006,0.0
niu,gas,2006,0.0
niu,oil,2006,11.22782274616066
nld,coal,2006,21103.67040423923
nld,gas,2006,91091.71167360002
nld,oil,2006,42160.766501795966
nor,coal,2006,2028.048485790488
nor,gas,2006,907.1931000000001
nor,oil,2006,20765.534690682598
npl,coal,2006,567.3685741123729
npl,gas,2006,0.0
npl,oil,2006,1827.4575339227276
nzl,coal,2006,6630.526678220767
nzl,gas,2006,7721.716200000001
nzl,oil,2006,17231.32548107052
omn,coal,2006,0.0
omn,gas,2006,17797.276200000004
omn,oil,2006,10845.850929441916
pak,coal,2006,16033.466180186078
pak,gas,2006,57991.97249999999
pak,oil,2006,53343.312522441345
pan,coal,2006,0.0
pan,gas,2006,0.0
pan,oil,2006,7110.0802815804245
per,coal,2006,2459.410684614167
per,gas,2006,3908.099506079999
per,oil,2006,19759.890341117705
phl,coal,2006,18868.92893886783
phl,gas,2006,6358.31789999999
phl,oil,2006,37416.2241350251
plw,coal,2006,0.0
plw,gas,2006,0.0
plw,oil,2006,205.84341701294534
png,coal,2006,0.0
png,gas,2006,308.46889156626503
png,oil,2006,4113.125732676851
pol,coal,2006,219454.9731993803
pol,gas,2006,29633.87605728001
pol,oil,2006,55345.78702195089
pri,coal,2006,3774.172120161437
pri,gas,2006,1530.5513321526746
pri,oil,2006,8694.165632963684
prk,coal,2006,71689.91743571297
prk,gas,2006,121.4565
prk,oil,2006,2176.717745184921
prt,coal,2006,12748.055318264902
prt,gas,2006,9102.601363679998
prt,oil,2006,32636.542744527236
pry,coal,2006,0.0
pry,gas,2006,0.0
pry,oil,2006,3760.8217155266334
pyf,coal,2006,0.0
pyf,gas,2006,0.0
pyf,oil,2006,868.2849590364259
qat,coal,2006,0.0
qat,gas,2006,19108.38929999997
qat,oil,2006,7343.556117103367
reu,coal,2006,1365.5506403949064
reu,gas,2006,0.0
reu,oil,2006,2362.864174908056
rou,coal,2006,31550.984732401164
rou,gas,2006,32702.96460816
rou,oil,2006,21628.405819431395
rus,coal,2006,354669.70136663894
rus,gas,2006,874997.025371041
rus,oil,2006,263847.45993519254
rwa,coal,2006,0.0
rwa,gas,2006,0.0
rwa,oil,2006,691.5820719962478
sau,coal,2006,0.0
sau,gas,2006,112365.27059999999
sau,oil,2006,194683.7414879133
sdn,coal,2006,0.0
sdn,gas,2006,0.0
sdn,oil,2006,11964.377807659133
sen,coal,2006,398.975944581415
sen,gas,2006,28.611
sen,oil,2006,3998.4713283592637
sgp,coal,2006,21.4458231580176
sgp,gas,2006,17491.76690976
sgp,oil,2006,13890.429960429807
slb,coal,2006,0.0
slb,gas,2006,0.0
slb,oil,2006,183.3877715206241
sle,coal,2006,0.0
sle,gas,2006,0.0
sle,oil,2006,685.5978953101098
slv,coal,2006,3.06368902257394
slv,gas,2006,0.0
slv,oil,2006,6684.781368048324
som,coal,2006,0.0
som,gas,2006,0.0
som,oil,2006,661.1122561918919
spm,coal,2006,0.0
spm,gas,2006,0.0
spm,oil,2006,19.35878279702057
srb,coal,2006,34252.890463649725
srb,gas,2006,4418.3238
srb,oil,2006,12708.323092058477
srb (kosovo),coal,2006,5852.400468348747
srb (kosovo),gas,2006,0.0
srb (kosovo),oil,2006,1499.359766181483
ssd,coal,2006,0.0
ssd,gas,2006,0.0
ssd,oil,2006,0.0
stp,coal,2006,0.0
stp,gas,2006,0.0
stp,oil,2006,93.86161661983645
sur,coal,2006,0.0
sur,gas,2006,0.0
sur,oil,2006,1480.906419232674
svk,coal,2006,9800.427744517308
svk,gas,2006,13648.027567679992
svk,oil,2006,6808.4918734359335
svn,coal,2006,6338.796259722857
svn,gas,2006,2042.7693000000002
svn,oil,2006,7575.560047524418
swe,coal,2006,5167.472343529615
swe,gas,2006,3138.2901
swe,oil,2006,32873.702717305285
swz,coal,2006,344.86568043394686
swz,gas,2006,0.0
swz,oil,2006,638.0270363349014
sxm,coal,2006,0.0
sxm,gas,2006,0.0
sxm,oil,2006,346.61329046022905
syc,coal,2006,0.0
syc,gas,2006,0.0
syc,oil,2006,816.1879706072743
syr,coal,2006,0.0
syr,gas,2006,10104.33930000001
syr,oil,2006,45965.29417863092
tca,coal,2006,0.0
tca,gas,2006,0.0
tca,oil,2006,41.94402939354458
tcd,coal,2006,0.0
tcd,gas,2006,0.0
tcd,oil,2006,452.9843236870372
tgo,coal,2006,0.0
tgo,gas,2006,0.0
tgo,oil,2006,886.7071420944279
tha,coal,2006,49863.01007241501
tha,gas,2006,54899.1233999999
tha,oil,2006,89175.53451297176
tjk,coal,2006,614.0522106587828
tjk,gas,2006,3251.0639618388304
tjk,oil,2006,1415.671180444008
tkl,coal,2006,0.0
tkl,gas,2006,0.0
tkl,oil,2006,0.0
tkm,coal,2006,0.0
tkm,gas,2006,25500.239606545874
tkm,oil,2006,11284.78034047289
tls,coal,2006,0.0
tls,gas,2006,0.0
tls,oil,2006,183.3877715206241
ton,coal,2006,0.0
ton,gas,2006,0.0
ton,oil,2006,130.99126537187445
tto,coal,2006,0.0
tto,gas,2006,8417.804999999991
tto,oil,2006,3468.931523224002
tun,coal,2006,0.0
tun,gas,2006,8778.75239999999
tun,oil,2006,12190.562605963438
tur,coal,2006,94772.03683581497
tur,gas,2006,69679.4538
tur,oil,2006,71291.16634999966
twn,coal,2006,139851.84638511934
twn,gas,2006,29586.74532527999
twn,oil,2006,85953.82459107116
tza,coal,2006,140.32465617657158
tza,gas,2006,1080.2615999999987
tza,oil,2006,4758.192964004595
uga,coal,2006,0.0
uga,gas,2006,0.0
uga,oil,2006,2232.5835493817494
ukr,coal,2006,100927.35940925166
ukr,gas,2006,145923.29058384022
ukr,oil,2006,36367.433853496324
ury,coal,2006,3.06368902257394
ury,gas,2006,221.8754999999999
ury,oil,2006,5554.999313968034
usa,coal,2006,2103659.130291897
usa,gas,2006,1179914.9558169588
usa,oil,2006,2124608.9671342326
uzb,coal,2006,4574.040780381723
uzb,gas,2006,106548.2054999999
uzb,oil,2006,14419.212487340425
vct,coal,2006,0.0
vct,gas,2006,0.0
vct,oil,2006,64.5292759900685
ven,coal,2006,955.151272026059
ven,gas,2006,36466.402500000004
ven,oil,2006,65563.02141883207
vgb,coal,2006,0.0
vgb,gas,2006,0.0
vgb,oil,2006,41.94402939354458
vir,coal,2006,108.17979609275585
vir,gas,2006,43.87047695500717
vir,oil,2006,249.20248346554686
vnm,coal,2006,370.706371731447
vnm,gas,2006,13366.329900000002
vnm,oil,2006,33549.00803954001
vut,coal,2006,0.0
vut,gas,2006,0.0
vut,oil,2006,48.653898566696206
wlf,coal,2006,0.0
wlf,gas,2006,0.0
wlf,oil,2006,29.94086065642842
wsm,coal,2006,0.0
wsm,gas,2006,0.0
wsm,oil,2006,179.64516393857062
yem,coal,2006,0.0
yem,gas,2006,0.0
yem,oil,2006,17606.35243103672
zaf,coal,2006,270148.6837358023
zaf,gas,2006,7523.290499999998
zaf,oil,2006,56593.92918964909
zmb,coal,2006,120.70925676088191
zmb,gas,2006,0.0
zmb,oil,2006,1830.6214647339134
zwe,coal,2006,6888.399934736754
zwe,gas,2006,192.4791
zwe,oil,2006,1952.1885146888274
abw,coal,2007,0.0
abw,gas,2007,0.0
abw,oil,2007,799.6130432007586
afg,coal,2007,622.4402085053059
afg,gas,2007,349.234443870968
afg,oil,2007,1122.8375010951247
ago,coal,2007,0.0
ago,gas,2007,1769.394
ago,oil,2007,7873.127807684389
alb,coal,2007,52.717415004
alb,gas,2007,4.71240000000001
alb,oil,2007,3561.590572263583
are,coal,2007,523.244480658403
are,gas,2007,101955.5790000002
are,oil,2007,30065.395902591932
arg,coal,2007,2257.7849635278744
arg,gas,2007,83095.35123648001
arg,oil,2007,64170.51371719321
arm,coal,2007,263.670750247911
arm,gas,2007,1567.4341629481064
arm,oil,2007,776.7687227604583
asm,coal,2007,59.31820485077822
asm,gas,2007,24.30350603226811
asm,oil,2007,138.87031859003994
atg,coal,2007,0.0
atg,gas,2007,0.0
atg,oil,2007,144.76728363464963
aus,coal,2007,198201.49149548975
aus,gas,2007,52729.39647887995
aus,oil,2007,103443.13313180773
aut,coal,2007,7309.418393298148
aut,gas,2007,18405.62783135999
aut,oil,2007,33231.35639011819
aze,coal,2007,13.3392774031504
aze,gas,2007,17734.8369
aze,oil,2007,8846.691125972025
bdi,coal,2007,10.396873291671046
bdi,gas,2007,0.0
bdi,oil,2007,204.92574932618766
bel,coal,2007,7767.688729945479
bel,gas,2007,38051.17140000001
bel,oil,2007,44121.25103311612
ben,coal,2007,0.0
ben,gas,2007,0.0
ben,oil,2007,3788.9909025384886
bfa,coal,2007,0.0
bfa,gas,2007,0.0
bfa,oil,2007,1861.0603765337416
bgd,coal,2007,2345.751836988269
bgd,gas,2007,27085.865400000013
bgd,oil,2007,10480.956410459792
bgr,coal,2007,32039.769298297295
bgr,gas,2007,7344.54073056
bgr,oil,2007,11182.719199401554
bhr,coal,2007,0.0
bhr,gas,2007,18121.14149999998
bhr,oil,2007,3374.9936037997963
bhs,coal,2007,0.0017110118911436
bhs,gas,2007,0.0
bhs,oil,2007,475.017649426193
bih,coal,2007,14216.508099338345
bih,gas,2007,864.501000000001
bih,oil,2007,3580.1809988901737
blr,coal,2007,1715.9547461354273
blr,gas,2007,41415.521611200005
blr,oil,2007,13179.504365836776
blz,coal,2007,0.0
blz,gas,2007,0.0
blz,oil,2007,141.3743004244623
bmu,coal,2007,0.0
bmu,gas,2007,0.0
bmu,oil,2007,159.47021087879338
bol,coal,2007,0.0
bol,gas,2007,3869.104800000001
bol,oil,2007,6826.197010590969
bra,coal,2007,27457.7204973817
bra,gas,2007,44828.70925103998
bra,oil,2007,232435.9204637733
brb,coal,2007,0.0
brb,gas,2007,4.5149938557553675
brb,oil,2007,381.1451139443503
brn,coal,2007,0.0
brn,gas,2007,4698.150599999999
brn,oil,2007,1379.941141516151
btn,coal,2007,67.12590483880749
btn,gas,2007,0.0
btn,oil,2007,207.55481080849276
bwa,coal,2007,1925.1400649991638
bwa,gas,2007,0.0
bwa,oil,2007,2337.5124270087845
caf,coal,2007,0.0
caf,gas,2007,0.0
caf,oil,2007,267.6581215688977
can,coal,2007,108349.0874824012
can,gas,2007,141017.80901472006
can,oil,2007,217240.90894385704
che,coal,2007,699.9214686933326
che,gas,2007,6873.259799999997
che,oil,2007,30829.510463763152
chl,coal,2007,11299.266620690521
chl,gas,2007,4773.53266368
chl,oil,2007,43242.17745518182
chn,coal,2007,4806631.626267626
chn,gas,2007,266285.51304960006
chn,oil,2007,787180.0015360977
civ,coal,2007,0.0
civ,gas,2007,3292.1162999999992
civ,oil,2007,2451.8879424526494
cmr,coal,2007,0.0
cmr,gas,2007,289.8126
cmr,oil,2007,3396.6012302252657
cod,coal,2007,0.0
cod,gas,2007,51.2753999999999
cod,oil,2007,1498.0782270056975
cog,coal,2007,0.0
cog,gas,2007,46.2264000000002
cog,oil,2007,1053.0445814288983
cok,coal,2007,0.0
cok,gas,2007,0.0
cok,oil,2007,61.24568187791591
col,coal,2007,9705.651096043142
col,gas,2007,11093.606699999988
col,oil,2007,28366.237856750602
com,coal,2007,0.0
com,gas,2007,0.0
com,oil,2007,133.82906078444867
cpv,coal,2007,0.0
cpv,gas,2007,0.0
cpv,oil,2007,422.39797310091626
cri,coal,2007,60.4828583086642
cri,gas,2007,0.0
cri,oil,2007,6555.308531415563
cub,coal,2007,44.3043159627253
cub,gas,2007,2596.4763000000003
cub,oil,2007,23764.377354676304
cuw,coal,2007,0.0
cuw,gas,2007,0.0
cuw,oil,2007,3020.782928201898
cym,coal,2007,0.0
cym,gas,2007,0.0
cym,oil,2007,179.82811013991602
cyp,coal,2007,0.513663578
cyp,gas,2007,0.0
cyp,oil,2007,7367.791990477861
cze,coal,2007,76013.7229915884
cze,gas,2007,20851.079700000013
cze,oil,2007,21555.369302657502
deu,coal,2007,301786.77632262796
deu,gas,2007,196792.14115440001
deu,oil,2007,224475.12434626848
dji,coal,2007,0.0
dji,gas,2007,0.0
dji,oil,2007,526.9519268387671
dma,coal,2007,0.0
dma,gas,2007,0.0
dma,oil,2007,46.37077053922365
dnk,coal,2007,18012.91068541496
dnk,gas,2007,9000.633734400002
dnk,oil,2007,21321.374525556785
dom,coal,2007,1945.518114448063
dom,gas,2007,1077.681
dom,oil,2007,15982.385183174929
dza,coal,2007,588.228292334197
dza,gas,2007,43303.08509999998
dza,oil,2007,33124.253966734854
ecu,coal,2007,0.0
ecu,gas,2007,1014.344100000001
ecu,oil,2007,24180.51918263822
egy,coal,2007,869.289499316909
egy,gas,2007,71215.4156999999
egy,oil,2007,83941.0759470688
eri,coal,2007,0.0
eri,gas,2007,0.0
eri,oil,2007,499.06309303488086
esh,coal,2007,0.0
esh,gas,2007,0.0
esh,oil,2007,0.0
esp,coal,2007,72005.20473580851
esp,gas,2007,78137.9874
esp,oil,2007,173515.08102924112
est,coal,2007,525.7323414701438
est,gas,2007,2088.3786
est,oil,2007,50244.7448425833
eth,coal,2007,0.0
eth,gas,2007,0.0
eth,oil,2007,5307.013122196406
fin,coal,2007,24816.934120589867
fin,gas,2007,9617.880402240022
fin,oil,2007,24088.20582405777
fji,coal,2007,0.0
fji,gas,2007,0.0
fji,oil,2007,1047.9816676887815
flk,coal,2007,1.6320421370507727
flk,gas,2007,0.0
flk,oil,2007,14.702927244144059
fra,coal,2007,36186.15474971762
fra,gas,2007,98431.4797752001
fra,oil,2007,197961.9159278239
fro,coal,2007,0.0
fro,gas,2007,0.0
fro,oil,2007,0.0
fsm,coal,2007,0.0
fsm,gas,2007,0.0
fsm,oil,2007,183.7370456337477
gab,coal,2007,0.0
gab,gas,2007,322.2945
gab,oil,2007,1619.7647215834236
gbr,coal,2007,137079.07438143587
gbr,gas,2007,197468.96970239998
gbr,oil,2007,165545.6925634074
geo,coal,2007,153.41855010169883
geo,gas,2007,2719.8963000000003
geo,oil,2007,2582.3621776597706
gha,coal,2007,0.0
gha,gas,2007,0.0
gha,oil,2007,8306.374734946688
gib,coal,2007,0.0
gib,gas,2007,0.0
gib,oil,2007,427.1055239761702
gin,coal,2007,0.0
gin,gas,2007,0.0
gin,oil,2007,1380.1121893396291
global,coal,2007,0.0
global,gas,2007,0.0
global,oil,2007,1410645.8990042887
glp,coal,2007,0.0
glp,gas,2007,0.0
glp,oil,2007,502.16151510768964
gmb,coal,2007,0.0
gmb,gas,2007,0.0
gmb,oil,2007,443.30876384848654
gnb,coal,2007,0.0
gnb,gas,2007,0.0
gnb,oil,2007,263.47596341938373
gnq,coal,2007,0.0
gnq,gas,2007,0.0
gnq,oil,2007,681.6917783707856
grc,coal,2007,36683.16878228324
grc,gas,2007,8358.75710207999
grc,oil,2007,49687.7982521108
grd,coal,2007,0.0
grd,gas,2007,0.0
grd,oil,2007,73.51463622072036
grl,coal,2007,0.0
grl,gas,2007,0.0
grl,oil,2007,0.0
gtm,coal,2007,1065.51603334075
gtm,gas,2007,0.0
gtm,oil,2007,10330.271632849246
guf,coal,2007,0.0
guf,gas,2007,0.0
guf,oil,2007,200.18600940103838
gum,coal,2007,0.0
gum,gas,2007,0.0
gum,oil,2007,0.0
guy,coal,2007,0.0
guy,gas,2007,0.0
guy,oil,2007,1615.599204484089
hkg,coal,2007,28869.96222774682
hkg,gas,2007,6745.351800000001
hkg,oil,2007,8085.172148609436
hnd,coal,2007,171.243648215477
hnd,gas,2007,0.0
hnd,oil,2007,7751.975792992174
hrv,coal,2007,2681.3614207712085
hrv,gas,2007,5358.793983840004
hrv,oil,2007,11735.295473925213
hti,coal,2007,0.0
hti,gas,2007,0.0
hti,oil,2007,1923.9304677027853
hun,coal,2007,10534.556915918894
hun,gas,2007,26634.37260000001
hun,oil,2007,15579.902756152875
idn,coal,2007,124673.04565192683
idn,gas,2007,33505.388399999996
idn,oil,2007,167653.4749058542
ind,coal,2007,784079.0473097826
ind,gas,2007,76233.3923999999
ind,oil,2007,331674.4023852482
irl,coal,2007,9151.354372005371
irl,gas,2007,10931.770586880008
irl,oil,2007,24710.183549146917
irn,coal,2007,2235.070956846878
irn,gas,2007,236569.37823551998
irn,oil,2007,232049.13059292085
irq,coal,2007,0.0
irq,gas,2007,5018.98649999999
irq,oil,2007,55801.56718063077
isl,coal,2007,122.547560902958
isl,gas,2007,0.0
isl,oil,2007,1892.1915878938387
isr,coal,2007,30961.8485827455
isr,gas,2007,5891.39759999999
isr,oil,2007,26347.411603076675
ita,coal,2007,51576.065606090844
ita,gas,2007,182493.73668239993
ita,oil,2007,201490.6457230242
jam,coal,2007,85.6218241077386
jam,gas,2007,0.0
jam,oil,2007,11733.73955593928
jor,coal,2007,0.0
jor,gas,2007,6253.01819999999
jor,oil,2007,13612.749981105384
jpn,coal,2007,280737.1086567388
jpn,gas,2007,268233.21340464
jpn,oil,2007,534055.9152465911
kaz,coal,2007,107457.0687594647
kaz,gas,2007,17219.160635455897
kaz,oil,2007,31571.059206260135
ken,coal,2007,371.027904466867
ken,gas,2007,0.0
ken,oil,2007,7957.46626943572
kgz,coal,2007,2362.6165158812128
kgz,gas,2007,1467.5759999999989
kgz,oil,2007,2518.2432410356396
khm,coal,2007,0.0
khm,gas,2007,0.0
khm,oil,2007,3618.024341801815
kir,coal,2007,0.0
kir,gas,2007,0.0
kir,oil,2007,47.635530349490125
kna,coal,2007,0.0
kna,gas,2007,0.0
kna,oil,2007,123.27838997013122
kor,coal,2007,168993.6817744341
kor,gas,2007,92134.32029999999
kor,oil,2007,162336.8474830882
kwt,coal,2007,0.0
kwt,gas,2007,14215.01069999999
kwt,oil,2007,43479.39693998738
lao,coal,2007,173.684257381339
lao,gas,2007,0.0
lao,oil,2007,1408.5468542717858
lbn,coal,2007,510.246335525768
lbn,gas,2007,0.0
lbn,oil,2007,12068.984200141213
lbr,coal,2007,0.0
lbr,gas,2007,0.0
lbr,oil,2007,685.8739365203013
lby,coal,2007,0.0
lby,gas,2007,9769.02960000002
lby,oil,2007,28054.887897499306
lca,coal,2007,0.0
lca,gas,2007,0.0
lca,oil,2007,118.75441235654817
lie,coal,2007,0.0
lie,gas,2007,0.0
lie,oil,2007,0.0
lka,coal,2007,183.720392575983
lka,gas,2007,0.0
lka,oil,2007,12440.93358672524
lso,coal,2007,1386.2497722228022
lso,gas,2007,0.0
lso,oil,2007,8.364316299028058
ltu,coal,2007,970.5687405880167
ltu,gas,2007,4810.921383839997
ltu,oil,2007,6078.737762943331
lux,coal,2007,303.09098251485466
lux,gas,2007,2997.0864
lux,oil,2007,7625.806934808358
lva,coal,2007,411.79949379231317
lva,gas,2007,3491.776200000001
lva,oil,2007,4805.577271168616
mac,coal,2007,0.0
mac,gas,2007,0.0
mac,oil,2007,1432.4684483668107
mar,coal,2007,12117.790995383728
mar,gas,2007,1429.5963000000002
mar,oil,2007,26744.94474165262
mda,coal,2007,277.57845270004793
mda,gas,2007,5784.358800000001
mda,oil,2007,1977.0316993800288
mdg,coal,2007,22.1521579813626
mdg,gas,2007,0.0
mdg,oil,2007,1597.6879822139717
mdv,coal,2007,0.0
mdv,gas,2007,0.0
mdv,oil,2007,850.6344705266102
mex,coal,2007,40953.15568668966
mex,gas,2007,99887.17199999996
mex,oil,2007,248167.89726573168
mhl,coal,2007,0.0
mhl,gas,2007,0.0
mhl,oil,2007,91.86852281687375
mkd,coal,2007,6015.918630541155
mkd,gas,2007,222.2120999999999
mkd,oil,2007,2989.1739848008833
mli,coal,2007,0.0
mli,gas,2007,0.0
mli,oil,2007,1150.0934911163579
mlt,coal,2007,0.0
mlt,gas,2007,0.0
mlt,oil,2007,2753.2366977815564
mmr,coal,2007,1767.534074291925
mmr,gas,2007,2506.660200000001
mmr,oil,2007,5430.3745862774895
mne,coal,2007,1044.964492696
mne,gas,2007,0.0
mne,oil,2007,1052.0615004291394
mng,coal,2007,10320.47484230424
mng,gas,2007,0.0
mng,oil,2007,2345.4655910967954
moz,coal,2007,20.7375726121408
moz,gas,2007,80.16690000000011
moz,oil,2007,1873.8996998831235
mrt,coal,2007,0.0
mrt,gas,2007,0.0
mrt,oil,2007,1869.4246928327705
msr,coal,2007,0.0
msr,gas,2007,0.0
msr,oil,2007,23.750882471309655
mtq,coal,2007,0.0
mtq,gas,2007,0.0
mtq,oil,2007,628.8328882880078
mus,coal,2007,1362.8140337148448
mus,gas,2007,0.0
mus,oil,2007,2011.4592680470316
mwi,coal,2007,152.48747494450834
mwi,gas,2007,0.0
mwi,oil,2007,798.7922065571801
mys,coal,2007,34119.952317809584
mys,gas,2007,57116.22735456
mys,oil,2007,70071.99973811905
nam,coal,2007,161.074120708727
nam,gas,2007,0.0
nam,oil,2007,2245.7211428119635
ncl,coal,2007,540.058416203133
ncl,gas,2007,0.0
ncl,oil,2007,2075.5481080849277
ner,coal,2007,172.3188068
ner,gas,2007,0.0
ner,oil,2007,628.8095391636258
nga,coal,2007,268.75739233818
nga,gas,2007,15560.00819999999
nga,oil,2007,26337.18456635114
nic,coal,2007,0.0
nic,gas,2007,0.0
nic,oil,2007,4409.04663322522
niu,coal,2007,0.0
niu,gas,2007,0.0
niu,oil,2007,10.207613646319329
nld,coal,2007,21943.591071405426
nld,gas,2007,89690.95508208004
nld,oil,2007,41100.21741519845
nor,coal,2007,2334.0923984259634
nor,gas,2007,1085.5349999999999
nor,oil,2007,20695.1751045615
npl,coal,2007,759.5791522810549
npl,gas,2007,0.0
npl,oil,2007,1714.5477335762148
nzl,coal,2007,4606.733216166956
nzl,gas,2007,8618.530800000008
nzl,oil,2007,17435.599926225797
omn,coal,2007,0.0
omn,gas,2007,19635.95369999999
omn,oil,2007,12860.447106498985
pak,coal,2007,20958.208507151412
pak,gas,2007,60610.383899999986
pak,oil,2007,57512.67687366297
pan,coal,2007,0.0
pan,gas,2007,0.0
pan,oil,2007,7096.435056299915
per,coal,2007,3350.9949427035012
per,gas,2007,5893.77399599999
per,oil,2007,19753.09766562478
phl,coal,2007,20103.3638883393
phl,gas,2007,7850.073
phl,oil,2007,38261.743943098816
plw,coal,2007,0.0
plw,gas,2007,0.0
plw,oil,2007,193.94465928006696
png,coal,2007,0.0
png,gas,2007,295.186256129032
png,oil,2007,5437.255535606086
pol,coal,2007,212960.72571463016
pol,gas,2007,30140.967816960016
pol,oil,2007,57878.37062178911
pri,coal,2007,3829.8565803169463
pri,gas,2007,1569.146314130803
pri,oil,2007,8966.107534789906
prk,coal,2007,58488.483351368784
prk,gas,2007,99.0164999999999
prk,oil,2007,2601.978041483481
prt,coal,2007,11095.18817642759
prt,gas,2007,9674.98706063999
prt,oil,2007,32055.888743722608
pry,coal,2007,0.0
pry,gas,2007,0.0
pry,oil,2007,3544.7219344163295
pyf,coal,2007,0.0
pyf,gas,2007,0.0
pyf,oil,2007,782.5837128844805
qat,coal,2007,0.0
qat,gas,2007,19890.254999999983
qat,oil,2007,10425.245399462296
reu,coal,2007,1656.568477806251
reu,gas,2007,0.0
reu,oil,2007,2333.6442474288265
rou,coal,2007,32157.443596786266
rou,gas,2007,29909.80413168004
rou,oil,2007,21859.176641433758
rus,coal,2007,327562.5588880779
rus,gas,2007,885411.8279951998
rus,oil,2007,260722.72029105117
rwa,coal,2007,0.0
rwa,gas,2007,0.0
rwa,oil,2007,625.2825357469353
sau,coal,2007,0.0
sau,gas,2007,114651.6822000001
sau,oil,2007,211978.85401972535
sdn,coal,2007,0.0
sdn,gas,2007,0.0
sdn,oil,2007,12762.880538266945
sen,coal,2007,513.651665179665
sen,gas,2007,26.367
sen,oil,2007,4406.579316004794
sgp,coal,2007,36.7642682708873
sgp,gas,2007,18309.803376480002
sgp,oil,2007,14169.99121850374
slb,coal,2007,0.0
slb,gas,2007,0.0
slb,oil,2007,176.9319698695349
sle,coal,2007,0.0
sle,gas,2007,0.0
sle,oil,2007,589.684299081478
slv,coal,2007,3.06368902257394
slv,gas,2007,0.0
slv,oil,2007,7112.09721931028
som,coal,2007,0.0
som,gas,2007,0.0
som,oil,2007,694.2382528193287
spm,coal,2007,0.0
spm,gas,2007,0.0
spm,oil,2007,20.357899261122558
srb,coal,2007,35365.688614466446
srb,gas,2007,5604.656676960001
srb,oil,2007,11875.72121713343
srb (kosovo),coal,2007,6122.888122286081
srb (kosovo),gas,2007,0.0
srb (kosovo),oil,2007,1587.9413600102955
ssd,coal,2007,0.0
ssd,gas,2007,0.0
ssd,oil,2007,0.0
stp,coal,2007,0.0
stp,gas,2007,0.0
stp,oil,2007,96.1896374388226
sur,coal,2007,0.0
sur,gas,2007,0.0
sur,oil,2007,1358.355676151728
svk,coal,2007,9107.98884534222
svk,gas,2007,12798.188235360001
svk,oil,2007,7142.189100285532
svn,coal,2007,6479.513302147067
svn,gas,2007,2037.047100000001
svn,oil,2007,7441.892707508385
swe,coal,2007,5102.978034405414
swe,gas,2007,3293.631
swe,oil,2007,31949.32389898964
swz,coal,2007,359.1359844519036
swz,gas,2007,0.0
swz,oil,2007,657.041128111823
sxm,coal,2007,0.0
sxm,gas,2007,0.0
sxm,oil,2007,400.5493227709626
syc,coal,2007,0.0
syc,gas,2007,0.0
syc,oil,2007,731.8776761649546
syr,coal,2007,0.0
syr,gas,2007,9065.47950000001
syr,oil,2007,49807.35412433675
tca,coal,2007,0.0
tca,gas,2007,0.0
tca,oil,2007,50.89474815280641
tcd,coal,2007,0.0
tcd,gas,2007,0.0
tcd,oil,2007,526.9519268387671
tgo,coal,2007,0.0
tgo,gas,2007,0.0
tgo,oil,2007,892.5930514674964
tha,coal,2007,55900.281086498566
tha,gas,2007,56959.452000000114
tha,oil,2007,86166.04202545603
tjk,coal,2007,607.960244586544
tjk,gas,2007,3723.832781275309
tjk,oil,2007,1848.4293638539664
tkl,coal,2007,0.0
tkl,gas,2007,0.0
tkl,oil,2007,0.0
tkm,coal,2007,0.0
tkm,gas,2007,23686.252196427737
tkm,oil,2007,10478.55254047594
tls,coal,2007,0.0
tls,gas,2007,0.0
tls,oil,2007,170.12689410532192
ton,coal,2007,0.0
ton,gas,2007,0.0
ton,oil,2007,105.47867434529948
tto,coal,2007,0.0
tto,gas,2007,9872.87069999999
tto,oil,2007,3759.7022499569466
tun,coal,2007,0.0
tun,gas,2007,9348.335700000001
tun,oil,2007,12484.454899271941
tur,coal,2007,108446.94505643412
tur,gas,2007,80101.65570000013
tur,oil,2007,73194.3011334925
twn,coal,2007,146356.7096253533
twn,gas,2007,31999.44062831999
twn,oil,2007,80988.78158534369
tza,coal,2007,347.24406443694
tza,gas,2007,1165.5336
tza,oil,2007,4044.8349416634874
uga,coal,2007,0.0
uga,gas,2007,0.0
uga,oil,2007,2719.19883996693
ukr,coal,2007,107845.08233383238
ukr,gas,2007,140288.5627809599
ukr,oil,2007,38655.505194372825
ury,coal,2007,6.12737804514788
ury,gas,2007,208.2432
ury,oil,2007,5167.786700343318
usa,coal,2007,2142170.3680705624
usa,gas,2007,1260722.4956462411
usa,oil,2007,2105714.8319012956
uzb,coal,2007,4078.738920076852
uzb,gas,2007,104957.82659999991
uzb,oil,2007,13466.640341486236
vct,coal,2007,0.0
vct,gas,2007,0.0
vct,oil,2007,70.12165301053324
ven,coal,2007,535.335521194547
ven,gas,2007,30818.647200000032
ven,oil,2007,65895.89591467356
vgb,coal,2007,0.0
vgb,gas,2007,0.0
vgb,oil,2007,46.37077053922365
vir,coal,2007,109.78334382837963
vir,gas,2007,44.97978598117682
vir,oil,2007,257.01465463560766
vnm,coal,2007,352.324237596003
vnm,gas,2007,14243.6217
vnm,oil,2007,38641.37833833627
vut,coal,2007,0.0
vut,gas,2007,0.0
vut,oil,2007,88.46598493476732
wlf,coal,2007,0.0
wlf,gas,2007,0.0
wlf,oil,2007,27.220303056851503
wsm,coal,2007,0.0
wsm,gas,2007,0.0
wsm,oil,2007,173.5294319874284
yem,coal,2007,0.0
yem,gas,2007,0.0
yem,oil,2007,18519.55421435934
zaf,coal,2007,278695.79751019744
zaf,gas,2007,7048.908899999999
zaf,oil,2007,61333.927959878965
zmb,coal,2007,6.83259943929519
zmb,gas,2007,0.0
zmb,oil,2007,1742.4240499862326
zwe,coal,2007,7016.658996436512
zwe,gas,2007,185.9154
zwe,oil,2007,1907.8973928007335
abw,coal,2008,0.0
abw,gas,2008,0.0
abw,oil,2008,825.6324558519251
afg,coal,2008,634.1713447167642
afg,gas,2008,333.9353881773409
afg,oil,2008,2709.7050245071437
ago,coal,2008,0.0
ago,gas,2008,1449.624
ago,oil,2008,10160.557183848588
alb,coal,2008,68.33738982
alb,gas,2008,0.0
alb,oil,2008,3425.611742672483
are,coal,2008,1324.75988966696
are,gas,2008,123721.20089999979
are,oil,2008,32010.752244884774
arg,coal,2008,2615.8771299383384
arg,gas,2008,83285.08664256003
arg,oil,2008,67319.25334344125
arm,coal,2008,353.419414025419
arm,gas,2008,1601.7513480915113
arm,oil,2008,816.3582991915667
asm,coal,2008,58.736491693679866
asm,gas,2008,26.200569956697194
asm,oil,2008,136.4302999486789
atg,coal,2008,0.0
atg,gas,2008,0.0
atg,oil,2008,158.12551420555897
aus,coal,2008,196254.3452870926
aus,gas,2008,54659.59524960002
aus,oil,2008,107411.70417836131
aut,coal,2008,6644.581296816643
aut,gas,2008,19290.142169759994
aut,oil,2008,32296.52701745956
aze,coal,2008,10.9907516247684
aze,gas,2008,20774.671500000008
aze,oil,2008,7993.53631194781
bdi,coal,2008,13.906664882127897
bdi,gas,2008,0.0
bdi,oil,2008,186.5882139329777
bel,coal,2008,7796.699332141432
bel,gas,2008,38218.62989999999
bel,oil,2008,46301.60761887315
ben,coal,2008,0.0
ben,gas,2008,0.0
ben,oil,2008,3838.9261015791913
bfa,coal,2008,0.0
bfa,gas,2008,0.0
bfa,oil,2008,1747.83653459667
bgd,coal,2008,2438.347304237799
bgd,gas,2008,30946.77960000002
bgd,oil,2008,10215.716049562574
bgr,coal,2008,31444.966569223794
bgr,gas,2008,7003.830440640001
bgr,oil,2008,10464.340014154714
bhr,coal,2008,0.0
bhr,gas,2008,19780.1307
bhr,oil,2008,3333.2386420824023
bhs,coal,2008,0.0017589732411823
bhs,gas,2008,0.0
bhs,oil,2008,342.80645827769985
bih,coal,2008,15422.709025321987
bih,gas,2008,857.151900000001
bih,oil,2008,4125.651484919559
blr,coal,2008,1574.7769251827704
blr,gas,2008,42430.178165760015
blr,oil,2008,15248.295048947217
blz,coal,2008,0.0
blz,gas,2008,0.0
blz,oil,2008,148.4689942540742
bmu,coal,2008,0.0
bmu,gas,2008,0.0
bmu,oil,2008,127.94888935716996
bol,coal,2008,0.0
bol,gas,2008,4393.134900000001
bol,oil,2008,7033.812093294599
bra,coal,2008,27515.427557944688
bra,gas,2008,53568.85282320001
bra,oil,2008,241395.70544189317
brb,coal,2008,0.0
brb,gas,2008,5.825378846857136
brb,oil,2008,465.9270876591277
brn,coal,2008,0.0
brn,gas,2008,4958.566800000001
brn,oil,2008,1565.651348982463
btn,coal,2008,66.86840709598542
btn,gas,2008,0.0
btn,oil,2008,207.8967444030189
bwa,coal,2008,1733.7137082534798
bwa,gas,2008,0.0
bwa,oil,2008,2619.48829880524
caf,coal,2008,0.0
caf,gas,2008,0.0
caf,oil,2008,243.70705493286897
can,coal,2008,97572.26044953642
can,gas,2008,140613.03324288008
can,oil,2008,213552.62468933777
che,coal,2008,634.2913754939696
che,gas,2008,7325.3136
che,oil,2008,31818.19051198849
chl,coal,2008,14551.773209596371
chl,gas,2008,2993.996950559999
chl,oil,2008,44359.93277246518
chn,coal,2008,4917750.320934685
chn,gas,2008,295437.52206144
chn,oil,2008,797329.4833257372
civ,coal,2008,0.0
civ,gas,2008,3435.339599999999
civ,oil,2008,3060.1097081046237
cmr,coal,2008,0.0
cmr,gas,2008,300.5838
cmr,oil,2008,3514.5752076605086
cod,coal,2008,0.0
cod,gas,2008,51.2753999999999
cod,oil,2008,1670.1545265388443
cog,coal,2008,0.0
cog,gas,2008,55.3706999999999
cog,oil,2008,1319.5625760734524
cok,coal,2008,0.0
cok,gas,2008,0.0
cok,oil,2008,66.94979904504004
col,coal,2008,9930.006081361564
col,gas,2008,11740.664100000004
col,oil,2008,28408.284675304512
com,coal,2008,0.0
com,gas,2008,0.0
com,oil,2008,125.66145019976057
cpv,coal,2008,0.0
cpv,gas,2008,0.0
cpv,oil,2008,297.0179731994338
cri,coal,2008,2.41931433234657
cri,gas,2008,0.0
cri,oil,2008,6624.805108669732
cub,coal,2008,59.0724212836337
cub,gas,2008,2461.667999999999
cub,oil,2008,23010.93960906196
cuw,coal,2008,0.0
cuw,gas,2008,0.0
cuw,oil,2008,3058.827017254646
cym,coal,2008,0.0
cym,gas,2008,0.0
cym,oil,2008,195.54452901756142
cyp,coal,2008,0.513663578
cyp,gas,2008,0.0
cyp,oil,2008,7552.5441217065145
cze,coal,2008,70015.62958659494
cze,gas,2008,20837.110800000002
cze,oil,2008,21288.134157745964
deu,coal,2008,277914.72935860965
deu,gas,2008,203529.20128464018
deu,oil,2008,247229.743982931
dji,coal,2008,0.0
dji,gas,2008,0.0
dji,oil,2008,517.8774917323456
dma,coal,2008,0.0
dma,gas,2008,0.0
dma,oil,2008,42.247274787744644
dnk,coal,2008,15837.679490664754
dnk,gas,2008,9054.08464752002
dnk,oil,2008,20570.837183722273
dom,coal,2008,2088.2211546276208
dom,gas,2008,1122.5049000000001
dom,oil,2008,15726.186408694744
dza,coal,2008,588.228292334197
dza,gas,2008,44789.39850000001
dza,oil,2008,35499.678039226186
ecu,coal,2008,0.0
ecu,gas,2008,887.614200000002
ecu,oil,2008,24649.757897869724
egy,coal,2008,760.1541631073334
egy,gas,2008,71043.7497000001
egy,oil,2008,90180.0744280938
eri,coal,2008,0.0
eri,gas,2008,0.0
eri,oil,2008,432.54623276083595
esh,coal,2008,0.0
esh,gas,2008,0.0
esh,oil,2008,0.0
esp,coal,2008,48644.74156649594
esp,gas,2008,86967.86565984007
esp,oil,2008,163795.81624557305
est,coal,2008,524.3543119652113
est,gas,2008,1990.2035999999998
est,oil,2008,42865.32843486314
eth,coal,2008,38.7081996487068
eth,gas,2008,0.0
eth,oil,2008,5717.931716559294
fin,coal,2008,18319.090320062915
fin,gas,2008,9804.86493360001
fin,oil,2008,22330.501795832482
fji,coal,2008,0.0
fji,gas,2008,0.0
fji,oil,2008,969.0102493361061
flk,coal,2008,1.6817791845104444
flk,gas,2008,0.0
flk,oil,2008,15.691844921162332
fra,coal,2008,33938.997473040654
fra,gas,2008,100552.30706400002
fra,oil,2008,194214.33711827075
fro,coal,2008,0.0
fro,gas,2008,0.0
fro,oil,2008,0.0
fsm,coal,2008,0.0
fsm,gas,2008,0.0
fsm,oil,2008,169.1363344295748
gab,coal,2008,0.0
gab,gas,2008,361.2278999999999
gab,oil,2008,1654.4600174443217
gbr,coal,2008,127850.2109258421
gbr,gas,2008,205405.08313775982
gbr,oil,2008,159252.37395574918
geo,coal,2008,258.6672406396909
geo,gas,2008,2210.1156
geo,oil,2008,2273.0167102119676
gha,coal,2008,0.0
gha,gas,2008,0.0
gha,oil,2008,7810.712892885277
gib,coal,2008,0.0
gib,gas,2008,0.0
gib,oil,2008,436.52378972589923
gin,coal,2008,0.0
gin,gas,2008,0.0
gin,oil,2008,2075.3178896627096
global,coal,2008,0.0
global,gas,2008,0.0
global,oil,2008,1469146.9553324736
glp,coal,2008,0.0
glp,gas,2008,0.0
glp,oil,2008,534.7297923134549
gmb,coal,2008,0.0
gmb,gas,2008,0.0
gmb,oil,2008,422.6794233991949
gnb,coal,2008,0.0
gnb,gas,2008,0.0
gnb,oil,2008,236.09120946621667
gnq,coal,2008,0.0
gnq,gas,2008,0.0
gnq,oil,2008,632.1151737321283
grc,coal,2008,34477.45325259843
grc,gas,2008,9188.99976191999
grc,oil,2008,47295.928102125254
grd,coal,2008,0.0
grd,gas,2008,0.0
grd,oil,2008,85.701614569425
grl,coal,2008,0.0
grl,gas,2008,0.0
grl,oil,2008,0.0
gtm,coal,2008,1072.65118534973
gtm,gas,2008,0.0
gtm,oil,2008,9168.26269027908
guf,coal,2008,0.0
guf,gas,2008,0.0
guf,oil,2008,218.47876390233688
gum,coal,2008,0.0
gum,gas,2008,0.0
gum,oil,2008,0.0
guy,coal,2008,0.0
guy,gas,2008,0.0
guy,oil,2008,1614.503981663602
hkg,coal,2008,26436.7861571925
hkg,gas,2008,7619.0532
hkg,oil,2008,8366.124678393633
hnd,coal,2008,283.027696356136
hnd,gas,2008,0.0
hnd,oil,2008,7685.306530583755
hrv,coal,2008,2755.50697747018
hrv,gas,2008,5092.253100000003
hrv,oil,2008,11338.704866556363
hti,coal,2008,0.0
hti,gas,2008,0.0
hti,oil,2008,1905.1416527000483
hun,coal,2008,10364.033448972472
hun,gas,2008,26342.93309999999
hun,oil,2008,15311.922106953954
idn,coal,2008,112331.44367594804
idn,gas,2008,39552.12689999999
idn,oil,2008,170919.1346087199
ind,coal,2008,877411.6433964972
ind,gas,2008,73373.6949
ind,oil,2008,353910.20605085243
irl,coal,2008,9056.531780145033
irl,gas,2008,11392.5003192
irl,oil,2008,24152.21664341788
irn,coal,2008,1312.403201847451
irn,gas,2008,250765.64893247987
irn,oil,2008,228025.06508397716
irq,coal,2008,0.0
irq,gas,2008,7062.316800000011
irq,oil,2008,63268.262388797135
isl,coal,2008,98.0380487223661
isl,gas,2008,0.0
isl,oil,2008,1749.7674636000565
isr,coal,2008,29327.0013475628
isr,gas,2008,7556.61389999999
isr,oil,2008,26747.11491707532
ita,coal,2008,50009.23042213162
ita,gas,2008,182041.31576399988
ita,oil,2008,192122.1984937312
jam,coal,2008,114.162432143652
jam,gas,2008,0.0
jam,oil,2008,9275.953506309506
jor,coal,2008,0.0
jor,gas,2008,7038.53039999999
jor,oil,2008,11768.478702240518
jpn,coal,2008,277740.90939707804
jpn,gas,2008,259920.21218064
jpn,oil,2008,489151.7313667016
kaz,coal,2008,121845.61937670156
kaz,gas,2008,18615.22274577623
kaz,oil,2008,32955.7898744777
ken,coal,2008,378.163056475846
ken,gas,2008,0.0
ken,oil,2008,8375.029036841393
kgz,coal,2008,3268.433273006818
kgz,gas,2008,1400.7609
kgz,oil,2008,2673.098052162846
khm,coal,2008,0.0
khm,gas,2008,0.0
khm,oil,2008,3697.6828919331324
kir,coal,2008,0.0
kir,gas,2008,0.0
kir,oil,2008,52.85510450924209
kna,coal,2008,0.0
kna,gas,2008,0.0
kna,oil,2008,131.5700843389766
kor,coal,2008,189236.01629157126
kor,gas,2008,95174.04270000002
kor,oil,2008,144396.05190158545
kwt,coal,2008,0.0
kwt,gas,2008,16541.646000000022
kwt,oil,2008,46355.145419979846
lao,coal,2008,262.26041353387404
lao,gas,2008,0.0
lao,oil,2008,1631.3541243573618
lbn,coal,2008,510.246335525768
lbn,gas,2008,0.0
lbn,oil,2008,15581.747689706988
lbr,coal,2008,0.0
lbr,gas,2008,0.0
lbr,oil,2008,548.3408735989555
lby,coal,2008,0.0
lby,gas,2008,10418.16269999999
lby,oil,2008,31014.7725384558
lca,coal,2008,0.0
lca,gas,2008,0.0
lca,oil,2008,130.3630193450409
lie,coal,2008,0.0
lie,gas,2008,0.0
lie,oil,2008,0.0
lka,coal,2008,194.527474492217
lka,gas,2008,0.0
lka,oil,2008,11626.892014684869
lso,coal,2008,1418.4798179770457
lso,gas,2008,0.0
lso,oil,2008,609.267637332172
ltu,coal,2008,822.4073242973924
ltu,gas,2008,4473.60186768001
ltu,oil,2008,5964.449642169867
lux,coal,2008,290.37286752227595
lux,gas,2008,2853.1337999999996
lux,oil,2008,7693.933193446921
lva,coal,2008,409.45574363277626
lva,gas,2008,3407.962799999999
lva,oil,2008,4439.1198544252165
mac,coal,2008,0.0
mac,gas,2008,177.2743418719212
mac,oil,2008,1134.6229101317301
mar,coal,2008,11366.31982791722
mar,gas,2008,1236.9488999999999
mar,oil,2008,30159.838485060423
mda,coal,2008,389.36082022947
mda,gas,2008,5489.6655
mda,oil,2008,2053.1921021779895
mdg,coal,2008,31.9975615286349
mdg,gas,2008,0.0
mdg,oil,2008,1685.8813445952999
mdv,coal,2008,0.0
mdv,gas,2008,0.0
mdv,oil,2008,969.0102493361061
mex,coal,2008,35343.89690055015
mex,gas,2008,107250.85799999989
mex,oil,2008,247076.91833239974
mhl,coal,2008,0.0
mhl,gas,2008,0.0
mhl,oil,2008,95.1391881166358
mkd,coal,2008,6181.315408252257
mkd,gas,2008,252.16949999999994
mkd,oil,2008,2580.1791895996384
mli,coal,2008,0.0
mli,gas,2008,0.0
mli,oil,2008,1111.9134381312147
mlt,coal,2008,0.0
mlt,gas,2008,0.0
mlt,oil,2008,2761.273338110195
mmr,coal,2008,1527.424404407615
mmr,gas,2008,2572.241100000001
mmr,oil,2008,3024.530350804902
mne,coal,2008,1563.5149662000001
mne,gas,2008,0.0
mne,oil,2008,1116.252565639364
mng,coal,2008,10078.549129250738
mng,gas,2008,0.0
mng,oil,2008,2535.5985561165753
moz,coal,2008,11.5208736734115
moz,gas,2008,134.7522000000001
moz,oil,2008,1801.311466270957
mrt,coal,2008,0.0
mrt,gas,2008,0.0
mrt,oil,2008,1843.0346029298212
msr,coal,2008,0.0
msr,gas,2008,0.0
msr,oil,2008,25.34836487264683
mtq,coal,2008,0.0
mtq,gas,2008,0.0
mtq,oil,2008,663.8857466645605
mus,coal,2008,1550.706369951265
mus,gas,2008,0.0
mus,oil,2008,1888.9012221640016
mwi,coal,2008,128.63665015968294
mwi,gas,2008,0.0
mwi,oil,2008,932.9410696648889
mys,coal,2008,37755.06668440791
mys,gas,2008,61032.6486
mys,oil,2008,68780.63158493934
nam,coal,2008,200.81968296153
nam,gas,2008,0.0
nam,oil,2008,2555.105571377536
ncl,coal,2008,573.774073791358
ncl,gas,2008,0.0
ncl,oil,2008,2149.440916709178
ner,coal,2008,191.2030596
ner,gas,2008,0.0
ner,oil,2008,648.1052269082824
nga,coal,2008,573.19054472125
nga,gas,2008,15206.8587
nga,oil,2008,32003.54260240089
nic,coal,2008,0.0
nic,gas,2008,0.0
nic,oil,2008,4232.868187534831
niu,coal,2008,0.0
niu,gas,2008,0.0
niu,oil,2008,10.571020901848433
nld,coal,2008,20363.824013161335
nld,gas,2008,92401.95015215999
nld,oil,2008,41306.4980438006
nor,coal,2008,2413.4738093067213
nor,gas,2008,1061.4681
nor,oil,2008,19984.35579345478
npl,coal,2008,713.2633503126979
npl,gas,2008,0.0
npl,oil,2008,2047.8156653363244
nzl,coal,2008,6184.382788707102
nzl,gas,2008,7775.179500000009
nzl,oil,2008,17479.428477801943
omn,coal,2008,0.0
omn,gas,2008,20714.644500000002
omn,oil,2008,10915.272603077574
pak,coal,2008,15695.654986339361
pak,gas,2008,60282.8721
pak,oil,2008,56668.927735920995
pan,coal,2008,0.0
pan,gas,2008,0.0
pan,oil,2008,6599.599266101779
per,coal,2008,3084.798998776312
per,gas,2008,7382.96743536001
per,oil,2008,22894.041690126098
phl,coal,2008,23941.112147092063
phl,gas,2008,8217.6402
phl,oil,2008,36114.78607351271
plw,coal,2008,0.0
plw,gas,2008,0.0
plw,oil,2008,200.84939713512023
png,coal,2008,0.0
png,gas,2008,325.6900699507382
png,oil,2008,4327.07122248995
pol,coal,2008,207830.83924271705
pol,gas,2008,29699.373480480008
pol,oil,2008,59112.2508774266
pri,coal,2008,3839.614277007102
pri,gas,2008,1712.7356362396174
pri,oil,2008,8918.471505435045
prk,coal,2008,65278.35917388633
prk,gas,2008,110.5731
prk,oil,2008,2668.1079702047746
prt,coal,2008,9709.682574690985
prt,gas,2008,10507.137928320011
prt,oil,2008,30529.511695167002
pry,coal,2008,0.0
pry,gas,2008,0.0
pry,oil,2008,4129.464825836564
pyf,coal,2008,0.0
pyf,gas,2008,0.0
pyf,oil,2008,835.1106512460246
qat,coal,2008,0.0
qat,gas,2008,20874.810000000012
qat,oil,2008,12127.585710232397
reu,coal,2008,1707.0431142811983
reu,gas,2008,0.0
reu,oil,2008,2162.900112529211
rou,coal,2008,32653.6690577759
rou,gas,2008,28961.579132640025
rou,oil,2008,21328.354285498233
rus,coal,2008,367391.45113022
rus,gas,2008,885555.6783585602
rus,oil,2008,275207.5450440722
rwa,coal,2008,0.0
rwa,gas,2008,0.0
rwa,oil,2008,625.2825357469358
sau,coal,2008,0.0
sau,gas,2008,126370.5794999999
sau,oil,2008,230034.7143222835
sdn,coal,2008,0.0
sdn,gas,2008,0.0
sdn,oil,2008,13905.500003877989
sen,coal,2008,513.651665179665
sen,gas,2008,27.489
sen,oil,2008,4673.345795724522
sgp,coal,2008,18.3821341354436
sgp,gas,2008,18764.7606432
sgp,oil,2008,13833.658421765813
slb,coal,2008,0.0
slb,gas,2008,0.0
slb,oil,2008,183.23102896537262
sle,coal,2008,0.0
sle,gas,2008,0.0
sle,oil,2008,555.9567190656068
slv,coal,2008,3.06368902257394
slv,gas,2008,0.0
slv,oil,2008,6403.5090845070235
som,coal,2008,0.0
som,gas,2008,0.0
som,oil,2008,624.4993282654758
spm,coal,2008,0.0
spm,gas,2008,0.0
spm,oil,2008,21.72716989084014
srb,coal,2008,35211.97917545287
srb,gas,2008,5171.634600000002
srb,oil,2008,9959.492458844132
srb (kosovo),coal,2008,6605.792520032842
srb (kosovo),gas,2008,0.0
srb (kosovo),oil,2008,1698.6201483390607
ssd,coal,2008,0.0
ssd,gas,2008,0.0
ssd,oil,2008,0.0
stp,coal,2008,0.0
stp,gas,2008,0.0
stp,oil,2008,87.5822228664997
sur,coal,2008,0.0
sur,gas,2008,0.0
sur,oil,2008,1402.5427623495502
svk,coal,2008,9711.923879563166
svk,gas,2008,12822.069870720012
svk,oil,2008,7620.706624715656
svn,coal,2008,6271.142857841237
svn,gas,2008,2033.9055
svn,oil,2008,8670.842491002084
swe,coal,2008,4959.353523044807
swe,gas,2008,2977.8441000000003
swe,oil,2008,30636.549831181765
swz,coal,2008,368.6495204638744
swz,gas,2008,0.0
swz,oil,2008,628.5199904464395
sxm,coal,2008,0.0
sxm,gas,2008,0.0
sxm,oil,2008,400.8954529167413
syc,coal,2008,0.0
syc,gas,2008,0.0
syc,oil,2008,719.6973965986284
syr,coal,2008,0.0
syr,gas,2008,9412.00919999999
syr,oil,2008,51458.252803918236
tca,coal,2008,0.0
tca,gas,2008,0.0
tca,oil,2008,59.146184702842646
tcd,coal,2008,0.0
tcd,gas,2008,0.0
tcd,oil,2008,529.3012599323247
tgo,coal,2008,0.0
tgo,gas,2008,0.0
tgo,oil,2008,1099.1726336620397
tha,coal,2008,61051.77000618878
tha,gas,2008,59999.1743999999
tha,oil,2008,79381.4282480529
tjk,coal,2008,877.1733251213481
tjk,gas,2008,3905.581964126341
tjk,oil,2008,1954.6685535726913
tkl,coal,2008,0.0
tkl,gas,2008,0.0
tkl,oil,2008,0.0
tkm,coal,2008,0.0
tkm,gas,2008,17172.12145747957
tkm,oil,2008,14637.20671462132
tls,coal,2008,0.0
tls,gas,2008,0.0
tls,oil,2008,183.23102896537262
ton,coal,2008,0.0
ton,gas,2008,0.0
ton,oil,2008,116.28122992033268
tto,coal,2008,0.0
tto,gas,2008,9146.15130000001
tto,oil,2008,3709.0438479812024
tun,coal,2008,0.0
tun,gas,2008,10230.900899999991
tun,oil,2008,11842.88189478782
tur,coal,2008,107197.99595173253
tur,gas,2008,79066.89120000022
tur,oil,2008,74198.04874873317
twn,coal,2008,140260.6605481455
twn,gas,2008,34235.63554752
twn,oil,2008,74734.76370270229
tza,coal,2008,249.7303203142374
tza,gas,2008,1193.5836
tza,oil,2008,4112.853111546523
uga,coal,2008,104.6488961316806
uga,gas,2008,0.0
uga,oil,2008,2798.459550881569
ukr,coal,2008,109295.79094978719
ukr,gas,2008,133349.14348800012
ukr,oil,2008,38881.62243826579
ury,coal,2008,0.0
ury,gas,2008,175.0881
ury,oil,2008,7035.763769443126
usa,coal,2008,2058889.7659775335
usa,gas,2008,1261633.760977921
usa,oil,2008,1981172.8249057077
uzb,coal,2008,5020.343575701406
uzb,gas,2008,110109.9383999999
uzb,oil,2008,12459.826087942985
vct,coal,2008,0.0
vct,gas,2008,0.0
vct,oil,2008,76.04509461794053
ven,coal,2008,543.788187318671
ven,gas,2008,35091.9525
ven,oil,2008,65248.692975003534
vgb,coal,2008,0.0
vgb,gas,2008,0.0
vgb,oil,2008,53.11085973316478
vir,coal,2008,110.05458024398939
vir,gas,2008,49.09201495682561
vir,oil,2008,255.62948961469812
vnm,coal,2008,382.961127821743
vnm,gas,2008,16594.4361
vnm,oil,2008,38682.41108955243
vut,coal,2008,0.0
vut,gas,2008,0.0
vut,oil,2008,88.0918408487369
wlf,coal,2008,0.0
wlf,gas,2008,0.0
wlf,oil,2008,21.14204180369683
wsm,coal,2008,0.0
wsm,gas,2008,0.0
wsm,oil,2008,183.23102896537262
yem,coal,2008,114.162432143652
yem,gas,2008,0.0
yem,oil,2008,19820.63503560402
zaf,coal,2008,316549.3136717901
zaf,gas,2008,6412.734900000001
zaf,oil,2008,59000.526569950205
zmb,coal,2008,239.1409803753318
zmb,gas,2008,0.0
zmb,oil,2008,1967.904282941106
zwe,coal,2008,5658.814689148533
zwe,gas,2008,51.4437000000001
zwe,oil,2008,1654.3949421729421
abw,coal,2009,0.0
abw,gas,2009,0.0
abw,oil,2009,867.4648929656406
afg,coal,2009,1117.482569250796
afg,gas,2009,300.3993541463412
afg,oil,2009,4754.92271366714
ago,coal,2009,0.0
ago,gas,2009,1470.942
ago,oil,2009,12305.101876905353
alb,coal,2009,388.581347859772
alb,gas,2009,2.1318
alb,oil,2009,3291.1058515698483
are,coal,2009,1059.9394674771138
are,gas,2009,123205.19309999989
are,oil,2009,34827.23247743679
arg,coal,2009,2247.840034067551
arg,gas,2009,80390.94374255999
arg,oil,2009,59513.76854279011
arm,coal,2009,373.54438955743416
arm,gas,2009,1394.8429041009572
arm,oil,2009,871.8215222136635
asm,coal,2009,57.75297476267058
asm,gas,2009,24.335962794376265
asm,oil,2009,133.67313390492646
atg,coal,2009,0.0
atg,gas,2009,0.0
atg,oil,2009,175.25816878230225
aus,coal,2009,203469.45007368765
aus,gas,2009,55704.22814351999
aus,oil,2009,106114.7554782999
aut,coal,2009,4856.559687297196
aut,gas,2009,18976.22353439999
aut,oil,2009,30719.21074081419
aze,coal,2009,11.4635821204547
aze,gas,2009,17970.961800000023
aze,oil,2009,6382.794949126889
bdi,coal,2009,13.966334855264853
bdi,gas,2009,0.0
bdi,oil,2009,185.68968357440164
bel,coal,2009,6676.594350154855
bel,gas,2009,37890.669300000016
bel,oil,2009,45902.73956014918
ben,coal,2009,0.0
ben,gas,2009,0.0
ben,oil,2009,4196.4501678466595
bfa,coal,2009,0.0
bfa,gas,2009,0.0
bfa,oil,2009,1740.8407835100186
bgd,coal,2009,2949.5514463446198
bgd,gas,2009,34761.91620000001
bgd,oil,2009,9970.563193227928
bgr,coal,2009,27702.209219644657
bgr,gas,2009,5141.356846559999
bgr,oil,2009,10333.243703841967
bhr,coal,2009,0.0
bhr,gas,2009,20099.84460000001
bhr,oil,2009,3287.467315663196
bhs,coal,2009,0.0020078423162568
bhs,gas,2009,0.0
bhs,oil,2009,562.3391602655166
bih,coal,2009,14603.351960807555
bih,gas,2009,674.0415000000003
bih,oil,2009,4337.638512324083
blr,coal,2009,1510.1227073941418
blr,gas,2009,34619.71436880001
blr,oil,2009,19192.648228147365
blz,coal,2009,0.0
blz,gas,2009,0.0
blz,oil,2009,161.3888172959331
bmu,coal,2009,0.0
bmu,gas,2009,0.0
bmu,oil,2009,160.12796716080837
bol,coal,2009,0.0
bol,gas,2009,4987.570500000001
bol,oil,2009,7207.366646817882
bra,coal,2009,21659.987162417932
bra,gas,2009,39353.608208639984
bra,oil,2009,236981.80848004064
brb,coal,2009,0.0
brb,gas,2009,3.5898304908449057
brb,oil,2009,494.25325296879447
brn,coal,2009,0.0
brn,gas,2009,3968.746837440002
brn,oil,2009,1606.9965147303496
btn,coal,2009,42.67236541291831
btn,gas,2009,0.0
btn,oil,2009,232.29082094894986
bwa,coal,2009,1574.9168441349084
bwa,gas,2009,0.0
bwa,oil,2009,2346.9074844575234
caf,coal,2009,0.0
caf,gas,2009,0.0
caf,oil,2009,247.58624476586905
can,coal,2009,81531.06925164128
can,gas,2009,134828.04675120002
can,oil,2009,205954.5064184368
che,coal,2009,592.1227339222967
che,gas,2009,7029.105600000002
che,oil,2009,31126.929799707217
chl,coal,2009,12391.480451991092
chl,gas,2009,4031.488179840002
chl,oil,2009,42534.091138427015
chn,coal,2009,5201544.968916774
chn,gas,2009,330972.00931344
chn,oil,2009,804229.8363887761
civ,coal,2009,0.0
civ,gas,2009,3127.294500000001
civ,oil,2009,2880.835449618429
cmr,coal,2009,0.0
cmr,gas,2009,248.3547
cmr,oil,2009,4185.127397362573
cod,coal,2009,0.0
cod,gas,2009,51.2753999999999
cod,oil,2009,1691.6083516614235
cog,coal,2009,0.0
cog,gas,2009,119.2125
cog,oil,2009,1459.093114426798
cok,coal,2009,0.0
cok,gas,2009,0.0
cok,oil,2009,66.87159997015227
col,coal,2009,11605.537870933053
col,gas,2009,13541.417999999992
col,oil,2009,26282.56980018889
com,coal,2009,0.0
com,gas,2009,0.0
com,oil,2009,127.66165745740109
cpv,coal,2009,0.0
cpv,gas,2009,0.0
cpv,oil,2009,321.0884111807367
cri,coal,2009,9.67725732938628
cri,gas,2009,0.0
cri,oil,2009,6312.670789529819
cub,coal,2009,56.6110703968156
cub,gas,2009,2449.830900000002
cub,oil,2009,22941.446243723603
cuw,coal,2009,0.0
cuw,gas,2009,0.0
cuw,oil,2009,3093.2559726993472
cym,coal,2009,0.0
cym,gas,2009,0.0
cym,oil,2009,192.9100706740451
cyp,coal,2009,0.513663578
cyp,gas,2009,0.0
cyp,oil,2009,7523.61854103159
cze,coal,2009,67641.44063311348
cze,gas,2009,19108.05270000001
cze,oil,2009,20544.44424734714
deu,coal,2009,260603.63266439404
deu,gas,2009,186181.69188959996
deu,oil,2009,235955.3699886667
dji,coal,2009,0.0
dji,gas,2009,0.0
dji,oil,2009,487.4354193828053
dma,coal,2009,0.0
dma,gas,2009,0.0
dma,oil,2009,44.12975472935673
dnk,coal,2009,15541.604988238167
dnk,gas,2009,8718.953031359997
dnk,oil,2009,19559.297516091854
dom,coal,2009,2059.680546591712
dom,gas,2009,1091.2572
dom,oil,2009,15055.068465088822
dza,coal,2009,361.515304663725
dza,gas,2009,46782.351
dza,oil,2009,39586.453990720256
ecu,coal,2009,0.0
ecu,gas,2009,1065.5073000000011
ecu,oil,2009,27174.665712351816
egy,coal,2009,674.0672073580139
egy,gas,2009,68770.07280000011
egy,oil,2009,96255.44601753564
eri,coal,2009,0.0
eri,gas,2009,0.0
eri,oil,2009,451.4954026473883
esh,coal,2009,0.0
esh,gas,2009,0.0
esh,oil,2009,0.0
esp,coal,2009,34907.930582724504
esp,gas,2009,77815.00650528
esp,oil,2009,152029.64963844314
est,coal,2009,407.9187046718276
est,gas,2009,1651.1352000000002
est,oil,2009,33761.94990432091
eth,coal,2009,104.828657713302
eth,gas,2009,0.0
eth,oil,2009,5758.18945955401
fin,coal,2009,19169.595131318325
fin,gas,2009,8661.273614400001
fin,oil,2009,21262.74238868751
fji,coal,2009,0.0
fji,gas,2009,0.0
fji,oil,2009,760.2245049238356
flk,coal,2009,1.9094805446596281
flk,gas,2009,0.0
flk,oil,2009,16.391051756618165
fra,coal,2009,29475.707738866222
fra,gas,2009,98336.86725983988
fra,oil,2009,190672.2701779195
fro,coal,2009,0.0
fro,gas,2009,0.0
fro,oil,2009,0.0
fsm,coal,2009,0.0
fsm,gas,2009,0.0
fsm,oil,2009,211.1734735899545
gab,coal,2009,0.0
gab,gas,2009,489.4725000000011
gab,oil,2009,1610.202006448786
gbr,coal,2009,105864.45963426594
gbr,gas,2009,190045.36432464
gbr,oil,2009,151710.72468585594
geo,coal,2009,462.1492510795756
geo,gas,2009,2292.4703999999992
geo,oil,2009,2630.153692244582
gha,coal,2009,0.0
gha,gas,2009,11.7249
gha,oil,2009,9248.389399759102
gib,coal,2009,0.0
gib,gas,2009,0.0
gib,oil,2009,477.6993479457754
gin,coal,2009,0.0
gin,gas,2009,0.0
gin,oil,2009,2224.407667818355
global,coal,2009,0.0
global,gas,2009,0.0
global,oil,2009,1286529.0832136846
glp,coal,2009,0.0
glp,gas,2009,0.0
glp,oil,2009,558.5566098601433
gmb,coal,2009,0.0
gmb,gas,2009,0.0
gmb,oil,2009,456.4871387870717
gnb,coal,2009,0.0
gnb,gas,2009,0.0
gnb,oil,2009,247.58624476586905
gnq,coal,2009,0.0
gnq,gas,2009,0.0
gnq,oil,2009,642.1768223614729
grc,coal,2009,34799.64810332803
grc,gas,2009,7446.34589424001
grc,oil,2009,45212.7196681854
grd,coal,2009,0.0
grd,gas,2009,0.0
grd,oil,2009,86.99865932358885
grl,coal,2009,0.0
grl,gas,2009,0.0
grl,oil,2009,0.0
gtm,coal,2009,699.244896879866
gtm,gas,2009,0.0
gtm,oil,2009,10559.599731670583
guf,coal,2009,0.0
guf,gas,2009,0.0
guf,oil,2009,230.73557472777935
gum,coal,2009,0.0
gum,gas,2009,0.0
gum,oil,2009,0.0
guy,coal,2009,0.0
guy,gas,2009,0.0
guy,oil,2009,1639.6127041414998
hkg,coal,2009,27610.8361492781
hkg,gas,2009,7202.342400000011
hkg,oil,2009,9698.61298669242
hnd,coal,2009,244.973552308252
hnd,gas,2009,0.0
hnd,oil,2009,7218.344494706638
hrv,coal,2009,1970.745970624198
hrv,gas,2009,4797.167100000002
hrv,oil,2009,10901.675056231097
hti,coal,2009,0.0
hti,gas,2009,0.0
hti,oil,2009,1869.3676894649395
hun,coal,2009,8568.677582324925
hun,gas,2009,22678.31280000002
hun,oil,2009,15273.884670755897
idn,coal,2009,114521.76379933112
idn,gas,2009,52263.65759999999
idn,oil,2009,171416.28842547256
ind,coal,2009,934441.2157230513
ind,gas,2009,94537.7003999999
ind,oil,2009,367561.305470385
irl,coal,2009,8069.060404743214
irl,gas,2009,11006.1396192
irl,oil,2009,21025.26426897677
irn,coal,2009,278.19637737009083
irn,gas,2009,265489.0254455999
irn,oil,2009,231554.02571949872
irq,coal,2009,0.0
irq,gas,2009,10072.75500000001
irq,oil,2009,64682.01148842428
isl,coal,2009,94.9743596997921
isl,gas,2009,0.0
isl,oil,2009,1746.7875934866083
isr,coal,2009,28538.0642712548
isr,gas,2009,9149.405099999989
isr,oil,2009,25731.736209306524
ita,coal,2009,41200.91006269698
ita,gas,2009,167095.97004144
ita,oil,2009,172294.41047106622
jam,coal,2009,149.838192188543
jam,gas,2009,0.0
jam,oil,2009,7399.528023790246
jor,coal,2009,0.0
jor,gas,2009,8038.12020000001
jor,oil,2009,11740.981249772749
jpn,coal,2009,269972.4935116879
jpn,gas,2009,256061.86143648002
jpn,oil,2009,447777.7999885347
kaz,coal,2009,111506.53805168661
kaz,gas,2009,17248.05362105446
kaz,oil,2009,26304.406838594674
ken,coal,2009,328.216992412998
ken,gas,2009,0.0
ken,oil,2009,10192.514213739882
kgz,coal,2009,2827.498693393843
kgz,gas,2009,557.1290999999999
kgz,oil,2009,3048.7183771094456
khm,coal,2009,0.0
khm,gas,2009,0.0
khm,oil,2009,4394.845015350679
kir,coal,2009,0.0
kir,gas,2009,0.0
kir,oil,2009,38.715136824824974
kna,coal,2009,0.0
kna,gas,2009,0.0
kna,oil,2009,139.9543649988167
kor,coal,2009,203941.13233095084
kor,gas,2009,89693.12879999999
kor,oil,2009,145306.23796566407
kwt,coal,2009,0.0
kwt,gas,2009,16862.93069999998
kwt,oil,2009,49327.16690562441
lao,coal,2009,313.810482642799
lao,gas,2009,0.0
lao,oil,2009,1838.7372781309673
lbn,coal,2009,510.246335525768
lbn,gas,2009,108.3291
lbn,oil,2009,18429.5876598874
lbr,coal,2009,0.0
lbr,gas,2009,0.0
lbr,oil,2009,518.3836999785383
lby,coal,2009,0.0
lby,gas,2009,9885.885900000001
lby,oil,2009,35173.25654297964
lca,coal,2009,0.0
lca,gas,2009,0.0
lca,oil,2009,132.38926418807
lie,coal,2009,0.0
lie,gas,2009,0.0
lie,oil,2009,0.0
lka,coal,2009,251.264654552447
lka,gas,2009,0.0
lka,oil,2009,11139.205260952638
lso,coal,2009,1445.5156575199132
lso,gas,2009,0.0
lso,oil,2009,626.7026820636065
ltu,coal,2009,652.1279499121537
ltu,gas,2009,4320.89766768
ltu,oil,2009,5157.762976298524
lux,coal,2009,259.7830829007633
lux,gas,2009,2903.287199999999
lux,oil,2009,7156.942855493718
lva,coal,2009,331.5352479873285
lva,gas,2009,3131.8947000000003
lva,oil,2009,4047.3038811721267
mac,coal,2009,0.0
mac,gas,2009,198.91308585365852
mac,oil,2009,1224.8061468217356
mar,coal,2009,10441.628187949991
mar,gas,2009,1358.8542000000002
mar,oil,2009,30217.978468140132
mda,coal,2009,370.80375812829243
mda,gas,2009,5479.679700000009
mda,oil,2009,2017.1836095245005
mdg,coal,2009,34.458912415453
mdg,gas,2009,0.0
mdg,oil,2009,1596.7193534373714
mdv,coal,2009,0.0
mdv,gas,2009,0.0
mdv,oil,2009,1024.1913469112797
mex,coal,2009,36339.487797695
mex,gas,2009,105943.89630000011
mex,oil,2009,238143.7163770997
mhl,coal,2009,0.0
mhl,gas,2009,0.0
mhl,oil,2009,98.5476210086454
mkd,coal,2009,5564.762312606066
mkd,gas,2009,166.72920000000002
mkd,oil,2009,2701.5814877212715
mli,coal,2009,0.0
mli,gas,2009,0.0
mli,oil,2009,1210.851478308078
mlt,coal,2009,0.0
mlt,gas,2009,0.0
mlt,oil,2009,2544.138952198688
mmr,coal,2009,1409.739027266956
mmr,gas,2009,2018.4219
mmr,oil,2009,3125.124896591077
mne,coal,2009,856.31655978
mne,gas,2009,0.0
mne,oil,2009,892.6936847387828
mng,coal,2009,10936.840477706744
mng,gas,2009,0.0
mng,oil,2009,2353.2816086019884
moz,coal,2009,11.5208736734115
moz,gas,2009,169.9269
moz,oil,2009,2011.705050322946
mrt,coal,2009,0.0
mrt,gas,2009,0.0
mrt,oil,2009,2069.6662648396873
msr,coal,2009,0.0
msr,gas,2009,0.0
msr,oil,2009,26.477852837613984
mtq,coal,2009,0.0
mtq,gas,2009,0.0
mtq,oil,2009,742.6407295883167
mus,coal,2009,1417.5168657836703
mus,gas,2009,0.0
mus,oil,2009,1983.0772268065841
mwi,coal,2009,122.2054299835676
mwi,gas,2009,0.0
mwi,oil,2009,854.9462514571421
mys,coal,2009,40356.09563882122
mys,gas,2009,51099.021600000015
mys,oil,2009,65619.27844994866
nam,coal,2009,119.236686758409
nam,gas,2009,0.0
nam,oil,2009,2719.4466807947706
ncl,coal,2009,488.0651794102538
ncl,gas,2009,0.0
ncl,oil,2009,2023.7457885703964
ner,coal,2009,204.1859834
ner,gas,2009,0.0
ner,oil,2009,860.4963912591982
nga,coal,2009,573.19054472125
nga,gas,2009,12532.010699999999
nga,oil,2009,27525.733221194805
nic,coal,2009,0.0
nic,gas,2009,0.0
nic,oil,2009,4137.75676313193
niu,coal,2009,0.0
niu,gas,2009,0.0
niu,oil,2009,10.558673679497728
nld,coal,2009,21096.527056204483
nld,gas,2009,92440.57576512001
nld,oil,2009,39170.75170667421
nor,coal,2009,1719.713909335172
nor,gas,2009,2350.9265999999984
nor,oil,2009,19848.212059348283
npl,coal,2009,717.8949305095339
npl,gas,2009,0.0
npl,oil,2009,2558.7484572181415
nzl,coal,2009,4393.541494763379
nzl,gas,2009,7440.150300000008
nzl,oil,2009,16681.005182061483
omn,coal,2009,0.0
omn,gas,2009,24027.573900000003
omn,oil,2009,10215.32233222601
pak,coal,2009,16436.935329054875
pak,gas,2009,59995.752299999986
pak,oil,2009,60418.34223422494
pan,coal,2009,0.0
pan,gas,2009,0.0
pan,oil,2009,8071.411035204978
per,coal,2009,3259.496664959024
per,gas,2009,8768.525235359999
per,oil,2009,23897.45797860841
phl,coal,2009,22813.634693387467
phl,gas,2009,8261.847000000009
phl,oil,2009,38123.69656340381
plw,coal,2009,0.0
plw,gas,2009,0.0
plw,oil,2009,200.6147999104567
png,coal,2009,0.0
png,gas,2009,332.8749600000001
png,oil,2009,4600.062166367844
pol,coal,2009,199768.71182607117
pol,gas,2009,28756.809285600022
pol,oil,2009,59074.3313780172
pri,coal,2009,3819.458565871172
pri,gas,2009,1609.444395473485
pri,oil,2009,8840.393043269192
prk,coal,2009,62793.3886307239
prk,gas,2009,106.3095
prk,oil,2009,2555.4299461061582
prt,coal,2009,11025.48731647411
prt,gas,2009,10522.41409296
prt,oil,2009,29507.323201147068
pry,coal,2009,0.0
pry,gas,2009,0.0
pry,oil,2009,4330.77070698496
pyf,coal,2009,0.0
pyf,gas,2009,0.0
pyf,oil,2009,837.6547785734856
qat,coal,2009,0.0
qat,gas,2009,21813.25080000001
qat,oil,2009,10898.241118078677
reu,coal,2009,1644.5359292074359
reu,gas,2009,0.0
reu,oil,2009,2460.388307360825
rou,coal,2009,28486.405606441018
rou,gas,2009,23861.27177808002
rou,oil,2009,20414.68648423393
rus,coal,2009,308957.1999987007
rus,gas,2009,845823.0469708799
rus,oil,2009,256171.65746778852
rwa,coal,2009,0.0
rwa,gas,2009,1.7952
rwa,oil,2009,647.3797302468885
sau,coal,2009,0.0
sau,gas,2009,119552.3537999999
sau,oil,2009,255857.3565960453
sdn,coal,2009,0.0
sdn,gas,2009,0.0
sdn,oil,2009,14222.66160299314
sen,coal,2009,606.825688165744
sen,gas,2009,40.0554000000001
sen,oil,2009,4713.434389936503
sgp,coal,2009,18.3821341354436
sgp,gas,2009,19746.22718112
sgp,oil,2009,15537.732698165968
slb,coal,2009,0.0
slb,gas,2009,0.0
slb,oil,2009,186.53656833779314
sle,coal,2009,0.0
sle,gas,2009,0.0
sle,oil,2009,564.8061208721388
slv,coal,2009,3.06368902257394
slv,gas,2009,0.0
slv,oil,2009,6205.278199951179
som,coal,2009,0.0
som,gas,2009,0.0
som,oil,2009,630.5712171380732
spm,coal,2009,0.0
spm,gas,2009,0.0
spm,oil,2009,22.695302432240624
srb,coal,2009,31683.980217727116
srb,gas,2009,3668.7156
srb,oil,2009,9653.850658931426
srb (kosovo),coal,2009,7507.134319571319
srb (kosovo),gas,2009,0.0
srb (kosovo),oil,2009,1727.310893532455
ssd,coal,2009,0.0
ssd,gas,2009,0.0
ssd,oil,2009,0.0
stp,coal,2009,0.0
stp,gas,2009,0.0
stp,oil,2009,96.71337686166753
sur,coal,2009,0.0
sur,gas,2009,0.0
sur,oil,2009,1407.8476244461328
svk,coal,2009,9350.419282728471
svk,gas,2009,11103.439189920002
svk,oil,2009,6997.915744558474
svn,coal,2009,5854.733396309604
svn,gas,2009,1926.0812999999996
svn,oil,2009,7475.9193231666795
swe,coal,2009,3861.458129163364
swe,gas,2009,3310.4049000000014
swe,oil,2009,29322.38984462356
swz,coal,2009,340.10891242796106
swz,gas,2009,0.0
swz,oil,2009,694.7234437549365
sxm,coal,2009,0.0
sxm,gas,2009,0.0
sxm,oil,2009,420.3838016252059
syc,coal,2009,0.0
syc,gas,2009,0.0
syc,oil,2009,781.444085042274
syr,coal,2009,0.0
syr,gas,2009,13199.0958
syr,oil,2009,43267.420272521944
tca,coal,2009,0.0
tca,gas,2009,0.0
tca,oil,2009,61.78165662109932
tcd,coal,2009,0.0
tcd,gas,2009,0.0
tcd,oil,2009,518.3836999785383
tgo,coal,2009,0.0
tgo,gas,2009,0.0
tgo,oil,2009,2275.861728415502
tha,coal,2009,59152.50632792775
tha,gas,2009,62070.38640000001
tha,oil,2009,79886.90555587882
tjk,coal,2009,810.1835654176028
tjk,gas,2009,3486.961479552471
tjk,oil,2009,2036.2965139796609
tkl,coal,2009,0.0
tkl,gas,2009,0.0
tkl,oil,2009,0.0
tkm,coal,2009,0.0
tkm,gas,2009,36470.54071703773
tkm,oil,2009,10562.03165823882
tls,coal,2009,0.0
tls,gas,2009,0.0
tls,oil,2009,175.9778946582954
ton,coal,2009,0.0
ton,gas,2009,0.0
ton,oil,2009,126.70408415397279
tto,coal,2009,0.0
tto,gas,2009,8735.10660000001
tto,oil,2009,3847.985538990741
tun,coal,2009,0.0
tun,gas,2009,10611.146699999988
tun,oil,2009,11587.646548806375
tur,coal,2009,110852.14660945586
tur,gas,2009,73793.49120000008
tur,oil,2009,71226.91003364416
twn,coal,2009,136702.986135089
twn,gas,2009,32695.34156064
twn,oil,2009,68741.51704682948
tza,coal,2009,195.02748824540495
tza,gas,2009,1417.7592000000002
tza,oil,2009,3717.068932096289
uga,coal,2009,104.6488961316806
uga,gas,2009,0.0
uga,oil,2009,3170.217727594463
ukr,coal,2009,94946.86632310215
ukr,gas,2009,104184.45865871981
ukr,oil,2009,37916.20994542825
ury,coal,2009,0.0
ury,gas,2009,136.4913000000004
ury,oil,2009,6826.222974857967
usa,coal,2009,1824879.4418272364
usa,gas,2009,1229499.4663617592
usa,oil,2009,1877679.481414655
uzb,coal,2009,4820.708524566792
uzb,gas,2009,100077.12660000002
uzb,oil,2009,11654.861102999346
vct,coal,2009,0.0
vct,gas,2009,0.0
vct,oil,2009,79.43355851284205
ven,coal,2009,915.705496780145
ven,gas,2009,34853.52750000002
ven,oil,2009,67544.73161743513
vgb,coal,2009,0.0
vgb,gas,2009,0.0
vgb,oil,2009,56.738256080601445
vir,coal,2009,109.48475047047697
vir,gas,2009,46.13471124128622
vir,oil,2009,253.40979872169677
vnm,coal,2009,327.814725415412
vnm,gas,2009,18532.0179
vnm,oil,2009,44246.989059179585
vut,coal,2009,0.0
vut,gas,2009,0.0
vut,oil,2009,112.62585258130898
wlf,coal,2009,0.0
wlf,gas,2009,0.0
wlf,oil,2009,28.156463145327297
wsm,coal,2009,0.0
wsm,gas,2009,0.0
wsm,oil,2009,190.05612623095908
yem,coal,2009,214.054560269347
yem,gas,2009,0.0
yem,oil,2009,21179.142807826986
zaf,coal,2009,311116.8382647508
zaf,gas,2009,5808.4257
zaf,oil,2009,57328.66923683897
zmb,coal,2009,236.8634472289
zmb,gas,2009,0.0
zmb,oil,2009,2123.559276124717
zwe,coal,2009,5426.607892230013
zwe,gas,2009,54.978
zwe,oil,2009,1644.1073803242816
abw,coal,2010,0.0
abw,gas,2010,0.0
abw,oil,2010,807.97758764033
afg,coal,2010,1496.7596969369883
afg,gas,2010,305.7665769230771
afg,oil,2010,5927.421221925974
ago,coal,2010,0.0
ago,gas,2010,1577.532
ago,oil,2010,12605.417606271048
alb,coal,2010,428.721094996172
alb,gas,2010,1.8513
alb,oil,2010,3457.977080429355
are,coal,2010,2543.132656284689
are,gas,2010,126536.3549999999
are,oil,2010,36090.272153302496
arg,coal,2010,2434.491490529822
arg,gas,2010,81119.20459104003
arg,oil,2010,68997.62237661431
arm,coal,2010,438.209472943806
arm,gas,2010,1358.9263913346244
arm,oil,2010,844.0547934000854
asm,coal,2010,53.703213705078525
asm,gas,2010,24.633972984400295
asm,oil,2010,126.26513902686963
atg,coal,2010,0.0
atg,gas,2010,0.0
atg,oil,2010,172.44894780980175
aus,coal,2010,189604.48405138648
aus,gas,2010,56060.89955663999
aus,oil,2010,110579.41326646424
aut,coal,2010,5682.542902150577
aut,gas,2010,20774.509034400013
aut,oil,2010,31348.502989107164
aze,coal,2010,11.560372042983
aze,gas,2010,17167.04880000003
aze,oil,2010,6581.314720964093
bdi,coal,2010,17.52786709622384
bdi,gas,2010,0.0
bdi,oil,2010,189.18336570541453
bel,coal,2010,6001.401056467971
bel,gas,2010,41983.11861215999
bel,oil,2010,46338.0875355386
ben,coal,2010,0.0
ben,gas,2010,0.0
ben,oil,2010,4585.176937345659
bfa,coal,2010,0.0
bfa,gas,2010,0.0
bfa,oil,2010,1756.70268155028
bgd,coal,2010,3082.6574305158333
bgd,gas,2010,39670.04910000001
bgd,oil,2010,10865.34457661559
bgr,coal,2010,29467.210398352592
bgr,gas,2010,5308.84344144
bgr,oil,2010,10137.174513162903
bhr,coal,2010,0.0
bhr,gas,2010,20781.1791
bhr,oil,2010,3364.289745809042
bhs,coal,2010,0.0019558888941135
bhs,gas,2010,0.0
bhs,oil,2010,809.1835243382993
bih,coal,2010,14861.682099977765
bih,gas,2010,753.7595999999992
bih,oil,2010,4357.099257965161
blr,coal,2010,1657.6423428816317
blr,gas,2010,43532.24893248
blr,oil,2010,14030.345657659627
blz,coal,2010,0.0
blz,gas,2010,1.5823272293722972
blz,oil,2010,177.27269460168424
bmu,coal,2010,0.0
bmu,gas,2010,0.0
bmu,oil,2010,156.7717707361833
bol,coal,2010,0.0
bol,gas,2010,5689.269299999991
bol,oil,2010,7696.405115302429
bra,coal,2010,32815.85942621005
bra,gas,2010,59232.27905232
bra,oil,2010,256857.76263985143
brb,coal,2010,0.0
brb,gas,2010,3.1646544587445846
brb,oil,2010,438.96095806131405
brn,coal,2010,0.0
brn,gas,2010,3226.250950560001
brn,oil,2010,1589.2087894493977
btn,coal,2010,50.130707552913506
btn,gas,2010,0.0
btn,oil,2010,314.30493066981126
bwa,coal,2010,683.0440456607198
bwa,gas,2010,0.0
bwa,oil,2010,2496.1219790294203
caf,coal,2010,0.0
caf,gas,2010,0.0
caf,oil,2010,277.98372103652764
can,coal,2010,84241.10147999537
can,gas,2010,136463.83074720006
can,oil,2010,212253.73453286372
che,coal,2010,595.1918718148926
che,gas,2010,7854.0561
che,oil,2010,31694.417494695626
chl,coal,2010,16610.6130767089
chl,gas,2010,9061.301979840011
chl,oil,2010,41434.19341800187
chn,coal,2010,5576871.18141669
chn,gas,2010,427569.86543567985
chn,oil,2010,925224.346655442
civ,coal,2010,0.0
civ,gas,2010,3462.043200000001
civ,oil,2010,2941.3384575189134
cmr,coal,2010,0.0
cmr,gas,2010,250.5426
cmr,oil,2010,4414.969519045766
cod,coal,2010,0.0
cod,gas,2010,51.2753999999999
cod,oil,2010,1824.0470692762315
cog,coal,2010,0.0
cog,gas,2010,220.0803
cog,oil,2010,1631.1541584084052
cok,coal,2010,0.0
cok,gas,2010,0.0
cok,oil,2010,70.2563962673696
col,coal,2010,10926.581337167827
col,gas,2010,14063.428499999998
col,oil,2010,28449.593648742648
com,coal,2010,0.0
com,gas,2010,0.0
com,oil,2010,138.9918605182639
cpv,coal,2010,0.0
cpv,gas,2010,0.0
cpv,oil,2010,308.87080115169744
cri,coal,2010,2.41931433234657
cri,gas,2010,0.0
cri,oil,2010,6553.235322855125
cub,coal,2010,56.6110703968156
cub,gas,2010,2272.8354000000013
cub,oil,2010,24650.7020020851
cuw,coal,2010,0.0
cuw,gas,2010,0.0
cuw,oil,2010,3115.223973365928
cym,coal,2010,0.0
cym,gas,2010,0.0
cym,oil,2010,185.71425148747903
cyp,coal,2010,0.513663578
cyp,gas,2010,0.0
cyp,oil,2010,7265.9485086013165
cze,coal,2010,66285.01295742774
cze,gas,2010,21701.10950304001
cze,oil,2010,19512.013952477442
deu,coal,2010,268236.5961480297
deu,gas,2010,206784.14743007996
deu,oil,2010,235494.2613790782
dji,coal,2010,0.0
dji,gas,2010,0.0
dji,oil,2010,544.3847870298667
dma,coal,2010,0.0
dma,gas,2010,0.0
dma,oil,2010,44.619657824913645
dnk,coal,2010,15098.864384062208
dnk,gas,2010,9991.37669904001
dnk,oil,2010,19330.42901052253
dom,coal,2010,1955.031650460036
dom,gas,2010,1762.0448999999999
dom,oil,2010,15478.075497079139
dza,coal,2010,340.069481505707
dza,gas,2010,47349.5781
dza,oil,2010,40926.385721634746
ecu,coal,2010,0.0
ecu,gas,2010,1106.235900000002
ecu,oil,2010,29748.534339499976
egy,coal,2010,977.4949388661103
egy,gas,2010,68486.7117
egy,oil,2010,97256.9086078795
eri,coal,2010,0.0
eri,gas,2010,0.0
eri,oil,2010,486.45638897711143
esh,coal,2010,0.0
esh,gas,2010,0.0
esh,oil,2010,0.0
esp,coal,2010,26111.205110908177
esp,gas,2010,76760.175888
esp,oil,2010,148229.3296178356
est,coal,2010,381.36973222552945
est,gas,2010,1780.2774000000002
est,oil,2010,47964.1650711352
eth,coal,2010,123.06293506958
eth,gas,2010,0.0
eth,oil,2010,5693.881359007236
fin,coal,2010,24468.666863692753
fin,gas,2010,9863.218717440002
fin,oil,2010,22408.578657823604
fji,coal,2010,0.0
fji,gas,2010,0.0
fji,oil,2010,1246.126607479134
flk,coal,2010,1.7436299839853113
flk,gas,2010,0.0
flk,oil,2010,14.471240375647692
fra,coal,2010,29826.501518659476
fra,gas,2010,105134.1623640001
fra,oil,2010,187152.91827213884
fro,coal,2010,0.0
fro,gas,2010,0.0
fro,oil,2010,0.0
fsm,coal,2010,0.0
fsm,gas,2010,0.0
fsm,oil,2010,177.48984320177578
gab,coal,2010,0.0
gab,gas,2010,666.2436000000009
gab,oil,2010,2026.4035545020024
gbr,coal,2010,109840.16044727941
gbr,gas,2010,205362.2787480001
gbr,oil,2010,151056.95364942806
geo,coal,2010,98.7348324945174
geo,gas,2010,2118.1116
geo,oil,2010,2867.8423477848883
gha,coal,2010,0.0
gha,gas,2010,924.303599999999
gha,oil,2010,9480.92474893887
gib,coal,2010,0.0
gib,gas,2010,0.0
gib,oil,2010,480.8871363064454
gin,coal,2010,0.0
gin,gas,2010,0.0
gin,oil,2010,2617.6800397606344
global,coal,2010,0.0
global,gas,2010,0.0
global,oil,2010,1244337.9958564993
glp,coal,2010,0.0
glp,gas,2010,0.0
glp,oil,2010,534.2299572009942
gmb,coal,2010,0.0
gmb,gas,2010,0.0
gmb,oil,2010,494.1932818427157
gnb,coal,2010,0.0
gnb,gas,2010,0.0
gnb,oil,2010,250.95752593575435
gnq,coal,2010,0.0
gnq,gas,2010,0.0
gnq,oil,2010,640.906912389772
grc,coal,2010,32533.997563255554
grc,gas,2010,7996.03586496001
grc,oil,2010,39761.83074519809
grd,coal,2010,0.0
grd,gas,2010,0.0
grd,oil,2010,85.62150555591546
grl,coal,2010,0.0
grl,gas,2010,0.0
grl,oil,2010,0.0
gtm,coal,2010,1167.78654546944
gtm,gas,2010,0.0
gtm,oil,2010,9161.5253779692
guf,coal,2010,0.0
guf,gas,2010,0.0
guf,oil,2010,220.68641572862768
gum,coal,2010,0.0
gum,gas,2010,0.0
gum,oil,2010,0.0
guy,coal,2010,0.0
guy,gas,2010,0.0
guy,oil,2010,1771.0019655904318
hkg,coal,2010,24023.0560492399
hkg,gas,2010,8843.71620000001
hkg,oil,2010,8868.652223721116
hnd,coal,2010,0.0
hnd,gas,2010,0.0
hnd,oil,2010,7353.005621642361
hrv,coal,2010,2656.727106818854
hrv,gas,2010,5118.854283840002
hrv,oil,2010,9223.227122790808
hti,coal,2010,0.0
hti,gas,2010,0.0
hti,oil,2010,2333.488148776357
hun,coal,2010,8521.12987255281
hun,gas,2010,24365.86668384003
hun,oil,2010,13959.052103612012
idn,coal,2010,137174.4418662651
idn,gas,2010,53778.1332
idn,oil,2010,173114.16269005148
ind,coal,2010,1016266.690509013
ind,gas,2010,95915.29200000022
ind,oil,2010,381520.9900081059
irl,coal,2010,7650.228276897465
irl,gas,2010,12036.089303039987
irl,oil,2010,20153.391592522144
irn,coal,2010,259.6105821555813
irn,gas,2010,283018.3393224001
irn,oil,2010,211730.0762629701
irq,coal,2010,0.0
irq,gas,2010,10933.2729
irq,oil,2010,75733.38092327985
isl,coal,2010,91.9106706772182
isl,gas,2010,0.0
isl,oil,2010,1594.396414916616
isr,coal,2010,28441.0409536009
isr,gas,2010,11010.8592
isr,oil,2010,27669.37028618651
ita,coal,2010,44431.95172512961
ita,gas,2010,177942.2552688
ita,oil,2010,163639.0365955754
jam,coal,2010,128.432736161608
jam,gas,2010,0.0
jam,oil,2010,7071.018012273271
jor,coal,2010,0.0
jor,gas,2010,5958.10050000001
jor,oil,2010,13165.35723767122
jpn,coal,2010,286563.6972761808
jpn,gas,2010,273098.60878608
jpn,oil,2010,451675.16842671327
kaz,coal,2010,119265.06697637595
kaz,gas,2010,18981.14884986738
kaz,oil,2010,27539.521133048223
ken,coal,2010,568.433776715265
ken,gas,2010,0.0
ken,oil,2010,10723.167438125362
kgz,coal,2010,2759.0337924202427
kgz,gas,2010,517.7469000000002
kgz,oil,2010,2776.182449862955
khm,coal,2010,0.0
khm,gas,2010,0.0
khm,oil,2010,4714.457485197504
kir,coal,2010,0.0
kir,gas,2010,0.0
kir,oil,2010,62.860986133962236
kna,coal,2010,0.0
kna,gas,2010,0.0
kna,oil,2010,135.06491017271168
kor,coal,2010,221888.71152875386
kor,gas,2010,113871.66780000001
kor,oil,2010,148033.92510344108
kwt,coal,2010,0.0
kwt,gas,2010,21225.9399
kwt,oil,2010,46887.940378979096
lao,coal,2010,564.4919456845839
lao,gas,2010,0.0
lao,oil,2010,1835.6058089638484
lbn,coal,2010,574.027127466489
lbn,gas,2010,553.5387
lbn,oil,2010,16944.20977207404
lbr,coal,2010,0.0
lbr,gas,2010,0.0
lbr,oil,2010,806.92496800881
lby,coal,2010,0.0
lby,gas,2010,11041.93859999999
lby,oil,2010,36485.90581460252
lca,coal,2010,0.0
lca,gas,2010,0.0
lca,oil,2010,132.65303677677056
lie,coal,2010,0.0
lie,gas,2010,0.0
lie,oil,2010,0.0
lka,coal,2010,256.668195510564
lka,gas,2010,0.0
lka,oil,2010,11978.170495896215
lso,coal,2010,1475.8464095020481
lso,gas,2010,0.0
lso,oil,2010,752.8725778072617
ltu,coal,2010,805.654334290556
ltu,gas,2010,5249.128267679979
ltu,oil,2010,5211.401734659892
lux,coal,2010,258.8577823193246
lux,gas,2010,3122.8064999999974
lux,oil,2010,7524.898130365277
lva,coal,2010,416.8341977802958
lva,gas,2010,3743.945700000002
lva,oil,2010,4182.076144856215
mac,coal,2010,0.0
mac,gas,2010,334.690442307693
mac,oil,2010,909.6354464091016
mar,coal,2010,10772.784973613143
mar,gas,2010,1486.9304999999997
mar,oil,2010,32543.82338103398
mda,coal,2010,404.4527671903122
mda,gas,2010,5922.58919999999
mda,oil,2010,2234.573379126403
mdg,coal,2010,95.9926845859047
mdg,gas,2010,0.0
mdg,oil,2010,1706.6083731617427
mdv,coal,2010,0.0
mdv,gas,2010,0.0
mdv,oil,2010,1083.4275845441728
mex,coal,2010,45095.55912758532
mex,gas,2010,110450.01660000006
mex,oil,2010,238798.67347434052
mhl,coal,2010,0.0
mhl,gas,2010,0.0
mhl,oil,2010,103.53574186770248
mkd,coal,2010,5411.70059454102
mkd,gas,2010,247.45710000000005
mkd,oil,2010,2604.5012405278662
mli,coal,2010,0.0
mli,gas,2010,0.0
mli,oil,2010,1301.1182498515238
mlt,coal,2010,0.0
mlt,gas,2010,0.0
mlt,oil,2010,2620.339320939103
mmr,coal,2010,1597.917001951267
mmr,gas,2010,2705.085899999998
mmr,oil,2010,3133.3363992839763
mne,coal,2010,1742.89354776
mne,gas,2010,0.0
mne,oil,2010,814.6507376232913
mng,coal,2010,11379.892358728637
mng,gas,2010,0.0
mng,oil,2010,2498.872214186885
moz,coal,2010,11.5208736734115
moz,gas,2010,177.05160000000018
moz,oil,2010,2152.1693584622158
mrt,coal,2010,0.0
mrt,gas,2010,0.0
mrt,oil,2010,2065.573482701974
msr,coal,2010,0.0
msr,gas,2010,0.0
msr,oil,2010,25.324670657383496
mtq,coal,2010,0.0
mtq,gas,2010,0.0
mtq,oil,2010,709.0907784067372
mus,coal,2010,1588.7605139991485
mus,gas,2010,0.0
mus,oil,2010,2046.0763363081332
mwi,coal,2010,133.21178993130135
mwi,gas,2010,0.0
mwi,oil,2010,1030.8562988437898
mys,coal,2010,57035.28505182735
mys,gas,2010,59043.454799999905
mys,oil,2010,69151.45255727589
nam,coal,2010,27.1943320677072
nam,gas,2010,0.0
nam,oil,2010,2461.1575902807185
ncl,coal,2010,1036.0346227602117
ncl,gas,2010,0.0
ncl,oil,2010,2266.693205889344
ner,coal,2010,270.2808682
ner,gas,2010,0.0
ner,oil,2010,1082.9094269899492
nga,coal,2010,573.19054472125
nga,gas,2010,14889.837599999999
nga,oil,2010,36518.24258690455
nic,coal,2010,0.0
nic,gas,2010,0.0
nic,oil,2010,4184.818383858188
niu,coal,2010,0.0
niu,gas,2010,0.0
niu,oil,2010,11.093115200110987
nld,coal,2010,19573.213401941033
nld,gas,2010,103238.08118975999
nld,oil,2010,39793.6186797416
nor,coal,2010,2048.670797830015
nor,gas,2010,2805.35877072
nor,oil,2010,21447.066553727913
npl,coal,2010,1169.4739997010158
npl,gas,2010,0.0
npl,oil,2010,2783.26331113326
nzl,coal,2010,3377.6750430543375
nzl,gas,2010,8343.86519999999
nzl,oil,2010,16568.4676586017
omn,coal,2010,0.0
omn,gas,2010,27857.57699999999
omn,oil,2010,10859.638917615126
pak,coal,2010,15457.487489768479
pak,gas,2010,57869.56229999999
pak,oil,2010,59319.70659850933
pan,coal,2010,0.0
pan,gas,2010,0.0
pan,oil,2010,8644.91054444413
per,coal,2010,3476.025459021833
per,gas,2010,11141.55523536
per,oil,2010,24185.3721008495
phl,coal,2010,26751.375193639065
phl,gas,2010,7803.73439999999
phl,oil,2010,39787.794351044984
plw,coal,2010,0.0
plw,gas,2010,0.0
plw,oil,2010,218.16459893551612
png,coal,2010,0.0
png,gas,2010,326.42648076923
png,oil,2010,4411.362144577464
pol,coal,2010,208661.34832389827
pol,gas,2010,31041.657984480014
pol,oil,2010,61590.1959304742
pri,coal,2010,3580.79758588921
pri,gas,2010,1642.5324465276603
pri,oil,2010,8419.047461337026
prk,coal,2010,60318.119033663665
prk,gas,2010,108.3291
prk,oil,2010,2536.617922802431
prt,coal,2010,6358.896151857011
prt,gas,2010,11413.05311520001
prt,oil,2010,28235.404411700365
pry,coal,2010,0.0
pry,gas,2010,0.0
pry,oil,2010,4830.522782670821
pyf,coal,2010,0.0
pyf,gas,2010,0.0
pyf,oil,2010,891.1469210755826
qat,coal,2010,0.0
qat,gas,2010,23810.691300000002
qat,oil,2010,12287.623046575958
reu,coal,2010,1763.3034298801176
reu,gas,2010,0.0
reu,oil,2010,2459.3837541703892
rou,coal,2010,26735.915141705947
rou,gas,2010,24182.72406000001
rou,oil,2010,18313.10579478931
rus,coal,2010,315441.7301192478
rus,gas,2010,912125.5239307199
rus,oil,2010,257411.13336581577
rwa,coal,2010,0.0
rwa,gas,2010,5.32950000000001
rwa,oil,2010,675.6345274960767
sau,coal,2010,0.0
sau,gas,2010,138152.9259
sau,oil,2010,275508.82191599865
sdn,coal,2010,0.0
sdn,gas,2010,0.0
sdn,oil,2010,14638.112800907236
sen,coal,2010,685.665246077042
sen,gas,2010,54.4730999999999
sen,oil,2010,4692.900827146433
sgp,coal,2010,33.7005792483133
sgp,gas,2010,21569.3778168
sgp,oil,2010,17135.22002760907
slb,coal,2010,0.0
slb,gas,2010,0.0
slb,oil,2010,199.67607360199773
sle,coal,2010,0.0
sle,gas,2010,0.0
sle,oil,2010,606.1589472602062
slv,coal,2010,3.06368902257394
slv,gas,2010,0.0
slv,oil,2010,6045.184237652067
som,coal,2010,0.0
som,gas,2010,0.0
som,oil,2010,644.7677974041682
spm,coal,2010,0.0
spm,gas,2010,0.0
spm,oil,2010,22.912797261442172
srb,coal,2010,30803.790468590927
srb,gas,2010,4488.841500000001
srb,oil,2010,9250.450673685455
srb (kosovo),coal,2010,7915.220475277834
srb (kosovo),gas,2010,0.0
srb (kosovo),oil,2010,1648.3967004759206
ssd,coal,2010,0.0
ssd,gas,2010,0.0
ssd,oil,2010,0.0
stp,coal,2010,0.0
stp,gas,2010,0.0
stp,oil,2010,104.24389538869796
sur,coal,2010,0.0
sur,gas,2010,0.0
sur,oil,2010,1701.9426361752026
svk,coal,2010,8232.691739234358
svk,gas,2010,12886.089754560011
svk,oil,2010,7925.550955026952
svn,coal,2010,5950.915102009737
svn,gas,2010,2028.2954999999988
svn,oil,2010,7576.408429747569
swe,coal,2010,5486.21062817447
swe,gas,2010,4351.845300000001
swe,oil,2010,30972.64593202678
swz,coal,2010,173.60524130150438
swz,gas,2010,0.0
swz,oil,2010,650.9398445561349
sxm,coal,2010,0.0
sxm,gas,2010,0.0
sxm,oil,2010,312.53564716467815
syc,coal,2010,0.0
syc,gas,2010,0.0
syc,oil,2010,725.8463827064876
syr,coal,2010,0.0
syr,gas,2010,17064.049199999998
syr,oil,2010,40658.08483189665
tca,coal,2010,0.0
tca,gas,2010,0.0
tca,oil,2010,62.7087082944733
tcd,coal,2010,0.0
tcd,gas,2010,0.0
tcd,oil,2010,544.3847870298667
tgo,coal,2010,0.0
tgo,gas,2010,0.0
tgo,oil,2010,2076.138940275875
tha,coal,2010,64809.302456602556
tha,gas,2010,68210.868
tha,oil,2010,81075.38003594005
tjk,coal,2010,842.8498294399527
tjk,gas,2010,3476.625845108659
tjk,oil,2010,2080.2965322319956
tkl,coal,2010,0.0
tkl,gas,2010,0.0
tkl,oil,2010,0.0
tkm,coal,2010,0.0
tkm,gas,2010,39606.0015533711
tkm,oil,2010,12301.40585555804
tls,coal,2010,0.0
tls,gas,2010,0.0
tls,oil,2010,184.88525333518325
ton,coal,2010,0.0
ton,gas,2010,0.0
ton,oil,2010,118.32656213451713
tto,coal,2010,0.0
tto,gas,2010,9994.776000000009
tto,oil,2010,3967.029428421239
tun,coal,2010,0.0
tun,gas,2010,12663.509099999988
tun,oil,2010,11501.679992695417
tur,coal,2010,114102.70102390711
tur,gas,2010,80588.6598000001
tur,oil,2010,67325.19038049778
twn,coal,2010,141019.02731235512
twn,gas,2010,41307.101225279905
twn,oil,2010,71653.96340171907
tza,coal,2010,235.46001629628168
tza,gas,2010,1672.1726999999998
tza,oil,2010,4512.539526214636
uga,coal,2010,121.2975841526299
uga,gas,2010,0.0
uga,oil,2010,3017.2560004273955
ukr,coal,2010,101135.00033099706
ukr,gas,2010,115776.14332944
ukr,oil,2010,36357.68229344179
ury,coal,2010,0.0
ury,gas,2010,163.8120000000002
ury,oil,2010,5528.173944820743
usa,coal,2010,1911627.7732730717
usa,gas,2010,1305289.9419912011
usa,oil,2010,1938319.3777785066
uzb,coal,2010,4149.233208094753
uzb,gas,2010,110496.8600999999
uzb,oil,2010,11599.798946023779
vct,coal,2010,0.0
vct,gas,2010,0.0
vct,oil,2010,77.17994867012098
ven,coal,2010,769.192617295322
ven,gas,2010,35278.09230000001
ven,oil,2010,82981.2643283424
vgb,coal,2010,0.0
vgb,gas,2010,0.0
vgb,oil,2010,56.679024804620155
vir,coal,2010,102.6863052766854
vir,gas,2010,47.10279879981441
vir,oil,2010,241.43249011353217
vnm,coal,2010,39.8279572934612
vnm,gas,2010,21201.5925
vnm,oil,2010,48239.28913240037
vut,coal,2010,0.0
vut,gas,2010,0.0
vut,oil,2010,118.32656213451713
wlf,coal,2010,0.0
wlf,gas,2010,0.0
wlf,oil,2010,29.581640533629287
wsm,coal,2010,0.0
wsm,gas,2010,0.0
wsm,oil,2010,207.07148373540522
yem,coal,2010,404.325280508766
yem,gas,2010,1476.3276
yem,oil,2010,18797.57374912963
zaf,coal,2010,299060.5017795817
zaf,gas,2010,6304.0131
zaf,oil,2010,58651.27587887547
zmb,coal,2010,293.801775889693
zmb,gas,2010,0.0
zmb,oil,2010,2206.233702121583
zwe,coal,2010,6885.722864188724
zwe,gas,2010,64.4589000000001
zwe,oil,2010,1980.186224166012
abw,coal,2011,0.0
abw,gas,2011,0.0
abw,oil,2011,556.653215691804
afg,coal,2011,3173.768794850723
afg,gas,2011,344.2797087378646
afg,oil,2011,7453.566037230823
ago,coal,2011,0.0
ago,gas,2011,1598.85
ago,oil,2011,13486.847393395623
alb,coal,2011,536.732891687296
alb,gas,2011,4.0392
alb,oil,2011,3532.186472415994
are,coal,2011,1720.8599297570502
are,gas,2011,132198.8646000001
are,oil,2011,36440.058085081386
arg,coal,2011,2876.9123170034345
arg,gas,2011,86732.77282032
arg,oil,2011,72133.96197746578
arm,coal,2011,499.28384293475864
arm,gas,2011,1433.9925470500568
arm,oil,2011,858.7927011543811
asm,coal,2011,51.871421482761185
asm,gas,2011,23.857710478093704
asm,oil,2011,84.25351116230486
atg,coal,2011,0.0
atg,gas,2011,0.0
atg,oil,2011,117.19015067195868
aus,coal,2011,181395.22275883963
aus,gas,2011,57288.610896
aus,oil,2011,115384.67937623415
aut,coal,2011,5934.199669424905
aut,gas,2011,19501.621576799993
aut,oil,2011,29604.294329462628
aze,coal,2011,10.1453230935327
aze,gas,2011,18725.338499999987
aze,oil,2011,7715.474351940395
bdi,coal,2011,7.65822065948288
bdi,gas,2011,0.0
bdi,oil,2011,182.72642599481975
bel,coal,2011,5296.566215415261
bel,gas,2011,35762.96783136004
bel,oil,2011,42881.8844191503
ben,coal,2011,0.0
ben,gas,2011,0.0
ben,oil,2011,4423.683598603577
bfa,coal,2011,0.0
bfa,gas,2011,0.0
bfa,oil,2011,1769.7392739868633
bgd,coal,2011,2775.9349452517426
bgd,gas,2011,40023.47909999999
bgd,oil,2011,15331.387349158293
bgr,coal,2011,33854.782927595676
bgr,gas,2011,5958.805654559999
bgr,oil,2011,9348.259197087576
bhr,coal,2011,0.0
bhr,gas,2011,21276.65430000001
bhr,oil,2011,3187.012619869588
bhs,coal,2011,0.0020651590816228
bhs,gas,2011,0.0
bhs,oil,2011,433.6035574862467
bih,coal,2011,17512.33456190231
bih,gas,2011,845.2587000000011
bih,oil,2011,4299.292869438339
blr,coal,2011,1772.1543970144921
blr,gas,2011,40952.224294079984
blr,oil,2011,14172.979639704346
blz,coal,2011,0.0
blz,gas,2011,1.516484922920191
blz,oil,2011,123.0496582055566
bmu,coal,2011,0.0
bmu,gas,2011,0.0
bmu,oil,2011,89.56675801356842
bol,coal,2011,2.46135088681807
bol,gas,2011,6353.6055
bol,oil,2011,8278.227361407671
bra,coal,2011,35658.7205187803
bra,gas,2011,55810.798755359996
bra,oil,2011,274785.62938151415
brb,coal,2011,0.0
brb,gas,2011,3.412091076570423
brb,oil,2011,315.57633430948846
brn,coal,2011,0.0
brn,gas,2011,3079.9467283200006
brn,oil,2011,1770.349534072087
btn,coal,2011,70.28789494558669
btn,gas,2011,0.0
btn,oil,2011,358.8621106033131
bwa,coal,2011,1142.0322419486558
bwa,gas,2011,0.0
bwa,oil,2011,2639.3471784853564
caf,coal,2011,0.0
caf,gas,2011,0.0
caf,oil,2011,263.9381708814061
can,coal,2011,80699.22710354556
can,gas,2011,148823.0763359999
can,oil,2011,213109.5591651536
che,coal,2011,565.9880920089187
che,gas,2011,6972.949500000001
che,oil,2011,28474.611695948195
chl,coal,2011,19038.679950621092
chl,gas,2011,10555.573770719988
chl,oil,2011,42705.34268711436
chn,coal,2011,6151102.449274989
chn,gas,2011,459468.63070944004
chn,oil,2011,940195.8756544216
civ,coal,2011,0.0
civ,gas,2011,3412.8995999999993
civ,oil,2011,2756.319335926699
cmr,coal,2011,0.0
cmr,gas,2011,178.959
cmr,oil,2011,4412.080684728613
cod,coal,2011,0.0
cod,gas,2011,51.2753999999999
cod,oil,2011,2297.563235983753
cog,coal,2011,0.0
cog,gas,2011,321.6774
cog,oil,2011,1799.3986502561415
cok,coal,2011,0.0
cok,gas,2011,0.0
cok,oil,2011,68.18380101462937
col,coal,2011,12780.69198369377
col,gas,2011,12266.545499999987
col,oil,2011,32303.42612171086
com,coal,2011,0.0
com,gas,2011,0.0
com,oil,2011,145.50437625513405
cpv,coal,2011,0.0
cpv,gas,2011,0.0
cpv,oil,2011,392.52343361850086
cri,coal,2011,21.7738289911191
cri,gas,2011,0.0
cri,oil,2011,6842.801744180485
cub,coal,2011,4.92270177363614
cub,gas,2011,2169.4991999999993
cub,oil,2011,24061.07088789578
cuw,coal,2011,0.0
cuw,gas,2011,0.0
cuw,oil,2011,3127.926760364514
cym,coal,2011,0.0
cym,gas,2011,0.0
cym,oil,2011,133.09452826315294
cyp,coal,2011,0.513663578
cyp,gas,2011,0.0
cyp,oil,2011,7084.648059042193
cze,coal,2011,64478.91560056197
cze,gas,2011,20075.607425279988
cze,oil,2011,19205.707017372537
deu,coal,2011,269552.56528391433
deu,gas,2011,187637.85086639997
deu,oil,2011,226131.41228601578
dji,coal,2011,0.0
dji,gas,2011,0.0
dji,oil,2011,436.51312876540226
dma,coal,2011,0.0
dma,gas,2011,0.0
dma,oil,2011,28.460465163189948
dnk,coal,2011,12567.273733397644
dnk,gas,2011,8262.362312159992
dnk,oil,2011,18210.746376098665
dom,coal,2011,2088.22115462763
dom,gas,2011,2029.5857999999998
dom,oil,2011,15387.90870631956
dza,coal,2011,254.286188873637
dza,gas,2011,52515.097799999996
dza,oil,2011,43838.013957794814
ecu,coal,2011,0.0
ecu,gas,2011,981.189
ecu,oil,2011,29997.74238910932
egy,coal,2011,566.672731084258
egy,gas,2011,77172.00149999991
egy,oil,2011,96220.65700530693
eri,coal,2011,0.0
eri,gas,2011,0.0
eri,oil,2011,534.9423918550003
esh,coal,2011,0.0
esh,gas,2011,0.0
esh,oil,2011,0.0
esp,coal,2011,45677.65160178941
esp,gas,2011,71741.35320000001
esp,oil,2011,137097.59700188824
est,coal,2011,339.6319155622618
est,gas,2011,1624.1510999999991
est,oil,2011,48513.27175253286
eth,coal,2011,413.807289104883
eth,gas,2011,0.0
eth,oil,2011,6303.602135293011
fin,coal,2011,19351.90143568357
fin,gas,2011,8630.791746720022
fin,oil,2011,21129.924441667055
fji,coal,2011,0.0
fji,gas,2011,0.0
fji,oil,2011,1151.9473750366358
flk,coal,2011,1.7848372329623532
flk,gas,2011,0.0
flk,oil,2011,10.044870057596453
fra,coal,2011,26401.210889077745
fra,gas,2011,96208.3286894399
fra,oil,2011,187603.74009318248
fro,coal,2011,0.0
fro,gas,2011,0.0
fro,oil,2011,0.0
fsm,coal,2011,0.0
fsm,gas,2011,0.0
fsm,oil,2011,175.8424341956233
gab,coal,2011,0.0
gab,gas,2011,758.808600000001
gab,oil,2011,2268.1685971709594
gbr,coal,2011,109910.45847677789
gbr,gas,2011,170739.08222976018
gbr,oil,2011,143545.533360579
geo,coal,2011,260.5168976327027
geo,gas,2011,3033.158699999999
geo,oil,2011,2842.876768849426
gha,coal,2011,0.0
gha,gas,2011,1806.7005
gha,oil,2011,9063.609499109412
gib,coal,2011,0.0
gib,gas,2011,0.0
gib,oil,2011,465.05288014073767
gin,coal,2011,0.0
gin,gas,2011,0.0
gin,oil,2011,2395.7464741543
global,coal,2011,0.0
global,gas,2011,0.0
global,oil,2011,1352674.2906153833
glp,coal,2011,0.0
glp,gas,2011,0.0
glp,oil,2011,379.193844674266
gmb,coal,2011,0.0
gmb,gas,2011,0.0
gmb,oil,2011,385.7557882112858
gnb,coal,2011,0.0
gnb,gas,2011,0.0
gnb,oil,2011,226.71612114172044
gnq,coal,2011,0.0
gnq,gas,2011,0.0
gnq,oil,2011,487.2704693195194
grc,coal,2011,32687.01648704245
grc,gas,2011,9628.10424576001
grc,oil,2011,38009.72090450759
grd,coal,2011,0.0
grd,gas,2011,0.0
grd,oil,2011,57.75800283117965
grl,coal,2011,0.0
grl,gas,2011,0.0
grl,oil,2011,0.0
gtm,coal,2011,1174.9216974784156
gtm,gas,2011,0.0
gtm,oil,2011,9409.192541573251
guf,coal,2011,0.0
guf,gas,2011,0.0
guf,oil,2011,157.36963090234434
gum,coal,2011,0.0
gum,gas,2011,0.0
gum,oil,2011,0.0
guy,coal,2011,0.0
guy,gas,2011,0.0
guy,oil,2011,1845.6833110698828
hkg,coal,2011,28570.9805527437
hkg,gas,2011,7219.7334
hkg,oil,2011,8600.290951241066
hnd,coal,2011,939.461681182132
hnd,gas,2011,0.0
hnd,oil,2011,7878.770586136505
hrv,coal,2011,2729.755664137586
hrv,gas,2011,4852.435383840002
hrv,oil,2011,9048.597151630169
hti,coal,2011,0.0
hti,gas,2011,0.0
hti,oil,2011,2675.5811019929215
hun,coal,2011,8608.504113890393
hun,gas,2011,23125.37370000002
hun,oil,2011,13930.852526706743
idn,coal,2011,161396.1181277848
idn,gas,2011,55376.81489999999
idn,oil,2011,204179.3287744713
ind,coal,2011,1086227.4966201421
ind,gas,2011,101700.49230000019
ind,oil,2011,390921.1940967132
irl,coal,2011,7722.662479505767
irl,gas,2011,10443.96151920002
irl,oil,2011,17965.83679385408
irn,coal,2011,219.22246769175084
irn,gas,2011,289315.9961577601
irn,oil,2011,216389.86126071448
irq,coal,2011,0.0
irq,gas,2011,13944.6648
irq,oil,2011,75755.95076674332
isl,coal,2011,98.0380487223661
isl,gas,2011,0.0
isl,oil,2011,1511.9944303670168
isr,coal,2011,29105.2682338883
isr,gas,2011,9936.263700000009
isr,oil,2011,27740.52982712937
ita,coal,2011,50010.84161362833
ita,gas,2011,166878.93987600022
ita,oil,2011,159192.49753190813
jam,coal,2011,154.594960194528
jam,gas,2011,0.0
jam,oil,2011,7094.041472013074
jor,coal,2011,0.0
jor,gas,2011,2215.6695
jor,oil,2011,17497.691195359625
jpn,coal,2011,280916.5877743983
jpn,gas,2011,307944.26469312
jpn,oil,2011,485820.3894319014
kaz,coal,2011,133103.19131108755
kaz,gas,2011,21403.103289830266
kaz,oil,2011,33366.23019587964
ken,coal,2011,801.515409008553
ken,gas,2011,0.0
ken,oil,2011,10585.802493333016
kgz,coal,2011,2951.25029468517
kgz,gas,2011,624.5052000000001
kgz,oil,2011,3731.980313329419
khm,coal,2011,0.0
khm,gas,2011,0.0
khm,oil,2011,4867.748771288401
kir,coal,2011,0.0
kir,gas,2011,0.0
kir,oil,2011,61.0065588025632
kna,coal,2011,0.0
kna,gas,2011,0.0
kna,oil,2011,93.75212053756688
kor,coal,2011,234402.6876437749
kor,gas,2011,124193.56289999989
kor,oil,2011,141270.58033441522
kwt,coal,2011,0.0
kwt,gas,2011,24998.721
kwt,oil,2011,46780.03380915734
lao,coal,2011,670.051907104016
lao,gas,2011,0.0
lao,oil,2011,1858.105190568073
lbn,coal,2011,637.80791940721
lbn,gas,2011,0.0
lbn,oil,2011,17653.494383532467
lbr,coal,2011,0.0
lbr,gas,2011,0.0
lbr,oil,2011,795.1983353478258
lby,coal,2011,0.0
lby,gas,2011,11366.140500000009
lby,oil,2011,24850.73959657075
lca,coal,2011,0.0
lca,gas,2011,0.0
lca,oil,2011,92.91504803276709
lie,coal,2011,0.0
lie,gas,2011,0.0
lie,oil,2011,0.0
lka,coal,2011,1391.411796715169
lka,gas,2011,0.0
lka,oil,2011,13057.536965607595
lso,coal,2011,1092.5728140862186
lso,gas,2011,0.0
lso,oil,2011,582.017505020537
ltu,coal,2011,934.191650505567
ltu,gas,2011,4573.17936768001
ltu,oil,2011,4921.920242850897
lux,coal,2011,231.72406774117002
lux,gas,2011,2695.661100000001
lux,oil,2011,7798.710014221559
lva,coal,2011,428.9197071908518
lva,gas,2011,3272.312999999999
lva,oil,2011,3713.2649816172525
mac,coal,2011,0.0
mac,gas,2011,159.844150485437
mac,oil,2011,1004.8139096892763
mar,coal,2011,11674.55037457301
mar,gas,2011,1881.7061999999999
mar,oil,2011,35567.81501217112
mda,coal,2011,409.3295663848291
mda,gas,2011,5782.507499999999
mda,oil,2011,2326.722390066543
mdg,coal,2011,197.18462722486288
mdg,gas,2011,0.0
mdg,oil,2011,1915.448025900236
mdv,coal,2011,0.0
mdv,gas,2011,0.0
mdv,oil,2011,1080.174952915972
mex,coal,2011,51146.935288601904
mex,gas,2011,116828.64270000013
mex,oil,2011,244323.62836116095
mhl,coal,2011,0.0
mhl,gas,2011,0.0
mhl,oil,2011,100.48139096892764
mkd,coal,2011,6141.4800765716545
mkd,gas,2011,286.10999999999996
mkd,oil,2011,2618.018304326575
mli,coal,2011,0.0
mli,gas,2011,0.0
mli,oil,2011,1153.8835419302493
mlt,coal,2011,0.0
mlt,gas,2011,0.0
mlt,oil,2011,2607.0010682507323
mmr,coal,2011,1589.5301745303175
mmr,gas,2011,3159.6081
mmr,oil,2011,3320.7653930661377
mne,coal,2011,1762.07633838
mne,gas,2011,0.0
mne,oil,2011,751.627119926009
mng,coal,2011,12181.86118655258
mng,gas,2011,0.0
mng,oil,2011,3102.2025020840206
moz,coal,2011,0.0
moz,gas,2011,252.0012000000003
moz,oil,2011,2556.1541267901835
mrt,coal,2011,0.0
mrt,gas,2011,0.0
mrt,oil,2011,1949.081877278073
msr,coal,2011,0.0
msr,gas,2011,0.0
msr,oil,2011,18.415595105593518
mtq,coal,2011,0.0
mtq,gas,2011,0.0
mtq,oil,2011,534.0522580622112
mus,coal,2011,1524.5441459183457
mus,gas,2011,0.0
mus,oil,2011,2089.8831438079246
mwi,coal,2011,117.42605011207061
mwi,gas,2011,0.0
mwi,oil,2011,862.8747894199821
mys,coal,2011,57013.38677251048
mys,gas,2011,45055.0881
mys,oil,2011,71554.53979846544
nam,coal,2011,12.5512301850956
nam,gas,2011,0.0
nam,oil,2011,2499.274553973295
ncl,coal,2011,1108.386035680405
ncl,gas,2011,0.0
ncl,oil,2011,2228.5337068465756
ner,coal,2011,293.8861842
ner,gas,2011,0.0
ner,oil,2011,1079.8660880141888
nga,coal,2011,689.731360867895
nga,gas,2011,21239.29169999999
nga,oil,2011,38555.00110952836
nic,coal,2011,0.0
nic,gas,2011,0.0
nic,oil,2011,4408.601591018988
niu,coal,2011,0.0
niu,gas,2011,0.0
niu,oil,2011,10.765863318099392
nld,coal,2011,18685.80846461395
nld,gas,2011,89406.84888432012
nld,oil,2011,39760.56959657458
nor,coal,2011,1848.2626334938923
nor,gas,2011,2721.1467465599994
nor,oil,2011,20751.64501636686
npl,coal,2011,1389.4740590507135
npl,gas,2011,0.0
npl,oil,2011,2842.4716765914122
nzl,coal,2011,3519.2208798418674
nzl,gas,2011,7411.1466
nzl,oil,2011,16688.119408471524
omn,coal,2011,0.0
omn,gas,2011,31977.56100000002
omn,oil,2011,13159.13891388684
pak,coal,2011,15458.34718349313
pak,gas,2011,60476.0805
pak,oil,2011,58711.52322282214
pan,coal,2011,0.0
pan,gas,2011,0.0
pan,oil,2011,8756.711204833327
per,coal,2011,3250.305597891304
per,gas,2011,13344.75159600001
per,oil,2011,25501.734041598145
phl,coal,2011,29424.068176738023
phl,gas,2011,8362.7148
phl,oil,2011,37090.35615421755
plw,coal,2011,0.0
plw,gas,2011,0.0
plw,oil,2011,218.9058874680208
png,coal,2011,0.0
png,gas,2011,340.181140776699
png,oil,2011,4823.106766508524
pol,coal,2011,205439.67896438367
pol,gas,2011,30072.068759039998
pol,oil,2011,61402.150256472196
pri,coal,2011,3471.4702204591304
pri,gas,2011,1596.6659305946039
pri,oil,2011,5638.626176193477
prk,coal,2011,42293.603716897735
prk,gas,2011,103.7289
prk,oil,2011,2612.109148132545
prt,coal,2011,8572.205507045677
prt,gas,2011,11509.286157599989
prt,oil,2011,25522.426178404305
pry,coal,2011,2.70177047905857
pry,gas,2011,0.0
pry,oil,2011,5051.439708371548
pyf,coal,2011,0.0
pyf,gas,2011,0.0
pyf,oil,2011,839.7373388117526
qat,coal,2011,0.0
qat,gas,2011,25683.14100000001
qat,oil,2011,10871.420681666057
reu,coal,2011,1263.6064088146761
reu,gas,2011,0.0
reu,oil,2011,2324.6861973785385
rou,coal,2011,31792.529945331557
rou,gas,2011,24836.22963888
rou,oil,2011,19684.76560861106
rus,coal,2011,324719.12120200205
rus,gas,2011,945427.1654783998
rus,oil,2011,288909.0949612704
rwa,coal,2011,0.0
rwa,gas,2011,3.5343
rwa,oil,2011,710.6279747709862
sau,coal,2011,0.0
sau,gas,2011,140817.67589999991
sau,oil,2011,290431.13982464385
sdn,coal,2011,0.0
sdn,gas,2011,0.0
sdn,oil,2011,13728.969238016067
sen,coal,2011,960.409160010351
sen,gas,2011,42.1871999999999
sen,oil,2011,4734.4352529233265
sgp,coal,2011,33.7005792483133
sgp,gas,2011,23031.71075568
sgp,oil,2011,17138.63868617136
slb,coal,2011,0.0
slb,gas,2011,0.0
slb,oil,2011,193.785539725789
sle,coal,2011,0.0
sle,gas,2011,0.0
sle,oil,2011,686.9160088323774
slv,coal,2011,3.06368902257394
slv,gas,2011,0.0
slv,oil,2011,6274.201032730957
som,coal,2011,0.0
som,gas,2011,0.0
som,oil,2011,531.2601644664192
spm,coal,2011,0.0
spm,gas,2011,0.0
spm,oil,2011,15.904377591194367
srb,coal,2011,34663.68282563106
srb,gas,2011,4677.393600000003
srb,oil,2011,9244.027325909003
srb (kosovo),coal,2011,7666.181530749243
srb (kosovo),gas,2011,0.0
srb (kosovo),oil,2011,1765.4901793259219
ssd,coal,2011,0.0
ssd,gas,2011,0.0
ssd,oil,2011,0.0
stp,coal,2011,0.0
stp,gas,2011,0.0
stp,oil,2011,94.74703570101765
sur,coal,2011,0.0
sur,gas,2011,0.0
sur,oil,2011,1903.5218166576562
svk,coal,2011,8245.05135429529
svk,gas,2011,11459.981438399998
svk,oil,2011,7650.855016785442
svn,coal,2011,6005.831023112577
svn,gas,2011,1905.941400000001
svn,oil,2011,7552.386977340697
swe,coal,2011,5315.210655478562
swe,gas,2011,3619.0670999999993
swe,oil,2011,28749.784879057177
swz,coal,2011,178.9595684112321
swz,gas,2011,0.0
swz,oil,2011,631.7567951985724
sxm,coal,2011,0.0
sxm,gas,2011,0.0
sxm,oil,2011,297.8207763003284
syc,coal,2011,0.0
syc,gas,2011,0.0
syc,oil,2011,551.563100688066
syr,coal,2011,0.0
syr,gas,2011,14776.6839
syr,oil,2011,39850.10009868249
tca,coal,2011,0.0
tca,gas,2011,0.0
tca,oil,2011,43.52777024958457
tcd,coal,2011,0.0
tcd,gas,2011,0.0
tcd,oil,2011,497.4219374303427
tgo,coal,2011,0.0
tgo,gas,2011,0.0
tgo,oil,2011,1887.165470019587
tha,coal,2011,64927.150496005
tha,gas,2011,60769.539600000004
tha,oil,2011,85396.35373965348
tjk,coal,2011,980.1341624030988
tjk,gas,2011,3746.337803837595
tjk,oil,2011,2208.6154716767346
tkl,coal,2011,0.0
tkl,gas,2011,0.0
tkl,oil,2011,0.0
tkm,coal,2011,0.0
tkm,gas,2011,44947.70595059656
tkm,oil,2011,11833.00716988812
tls,coal,2011,0.0
tls,gas,2011,0.0
tls,oil,2011,179.43105530165647
ton,coal,2011,0.0
ton,gas,2011,0.0
ton,oil,2011,100.48139096892764
tto,coal,2011,0.0
tto,gas,2011,10196.96040000002
tto,oil,2011,3855.118920636531
tun,coal,2011,64.3374694740527
tun,gas,2011,12331.060499999992
tun,oil,2011,10682.66916280491
tur,coal,2011,120080.84740999804
tur,gas,2011,94093.5567000001
tur,oil,2011,69182.225843252
twn,coal,2011,144986.99635545176
twn,gas,2011,44838.3300868801
twn,oil,2011,68769.70390192582
tza,coal,2011,468.5416485895694
tza,gas,2011,1853.9367
tza,oil,2011,5696.927603136735
uga,coal,2011,145.0814241825571
uga,gas,2011,0.0
uga,oil,2011,3364.9524637209174
ukr,coal,2011,112504.60445392001
ukr,gas,2011,118263.16269504021
ukr,oil,2011,36576.81297723777
ury,coal,2011,0.0
ury,gas,2011,181.3713000000001
ury,oil,2011,6885.631764311448
usa,coal,2011,1799115.7861812513
usa,gas,2011,1318317.969503041
usa,oil,2011,1835018.3439005243
uzb,coal,2011,4436.281529892773
uzb,gas,2011,113994.58290000001
uzb,oil,2011,11155.209699104751
vct,coal,2011,0.0
vct,gas,2011,0.0
vct,oil,2011,54.40971281198084
ven,coal,2011,791.733060292987
ven,gas,2011,34746.82530000001
ven,oil,2011,81802.30231258649
vgb,coal,2011,0.0
vgb,gas,2011,0.0
vgb,oil,2011,40.17948023038576
vir,coal,2011,99.62808778679717
vir,gas,2011,45.82288292780716
vir,oil,2011,161.82352375312541
vnm,coal,2011,379.897438799169
vnm,gas,2011,19730.313899999997
vnm,oil,2011,45033.05166904957
vut,coal,2011,0.0
vut,gas,2011,0.0
vut,oil,2011,139.95622313529202
wlf,coal,2011,0.0
wlf,gas,2011,0.0
wlf,oil,2011,25.12034774223192
wsm,coal,2011,0.0
wsm,gas,2011,0.0
wsm,oil,2011,229.67175078612013
yem,coal,2011,413.838816520737
yem,gas,2011,1003.068
yem,oil,2011,16591.428368401514
zaf,coal,2011,278799.0910571953
zaf,gas,2011,8567.031
zaf,oil,2011,63406.71600255164
zmb,coal,2011,163.982386543085
zmb,gas,2011,0.0
zmb,oil,2011,2593.928718113583
zwe,coal,2011,11255.39392812151
zwe,gas,2011,48.0776999999999
zwe,oil,2011,3193.9890896671527
abw,coal,2012,0.0
abw,gas,2012,0.0
abw,oil,2012,585.6637629738586
afg,coal,2012,2514.7348374500234
afg,gas,2012,257.740829126213
afg,oil,2012,7169.484031027704
ago,coal,2012,0.0
ago,gas,2012,1620.168
ago,oil,2012,15561.631678194164
alb,coal,2012,298.403143064923
alb,gas,2012,8.69549999999999
alb,oil,2012,3116.7931436971585
are,coal,2012,5342.822450805353
are,gas,2012,136832.3319000001
are,oil,2012,37104.57727561937
arg,coal,2012,2436.8205578747593
arg,gas,2012,89181.17186880008
arg,oil,2012,71403.86056970422
arm,coal,2012,575.054935057074
arm,gas,2012,1455.9410067790673
arm,oil,2012,843.5513006322758
asm,coal,2012,49.625450309529285
asm,gas,2012,42.97767414713777
asm,oil,2012,88.64446840525477
atg,coal,2012,0.0
atg,gas,2012,0.0
atg,oil,2012,123.29763431028597
aus,coal,2012,179751.58446589852
aus,gas,2012,59958.12679296003
aus,oil,2012,116539.00722956761
aut,coal,2012,5159.117097311575
aut,gas,2012,18684.573996
aut,oil,2012,28818.684700016584
aze,coal,2012,10.3973446885395
aze,gas,2012,20537.256299999986
aze,oil,2012,8347.01692566548
bdi,coal,2012,7.576622053902993
bdi,gas,2012,0.0
bdi,oil,2012,195.38698536751482
bel,coal,2012,5142.319280538112
bel,gas,2012,36194.086547520026
bel,oil,2012,42236.721444246585
ben,coal,2012,0.0
ben,gas,2012,0.0
ben,oil,2012,4214.543041979452
bfa,coal,2012,0.0
bfa,gas,2012,0.0
bfa,oil,2012,1892.3591360594476
bgd,coal,2012,3437.606721639052
bgd,gas,2012,42528.45630000001
bgd,oil,2012,16945.590361835977
bgr,coal,2012,29384.106153134882
bgr,gas,2012,5713.034157599996
bgr,oil,2012,9788.877235230862
bhr,coal,2012,0.0
bhr,gas,2012,22064.915399999998
bhr,oil,2012,3415.384592295362
bhs,coal,2012,0.0020651590816228
bhs,gas,2012,0.0
bhs,oil,2012,456.20124694805924
bih,coal,2012,16029.960085788884
bih,gas,2012,816.5916000000009
bih,oil,2012,4015.3946895770864
blr,coal,2012,2418.7186803335026
blr,gas,2012,40246.62326783999
blr,oil,2012,15145.707352835027
blz,coal,2012,0.0
blz,gas,2012,2.7318210155226423
blz,oil,2012,129.4625160258005
bmu,coal,2012,0.0
bmu,gas,2012,0.0
bmu,oil,2012,94.23462050857577
bol,coal,2012,0.0
bol,gas,2012,6701.42550000001
bol,oil,2012,8835.673684498508
bra,coal,2012,37790.869274502504
bra,gas,2012,66214.97217983998
bra,oil,2012,295916.36809877463
brb,coal,2012,0.0
brb,gas,2012,6.146597284925985
brb,oil,2012,332.0229152498419
brn,coal,2012,0.0
brn,gas,2012,3278.1871636799997
brn,oil,2012,1890.190150325951
btn,coal,2012,55.69259435579269
btn,gas,2012,0.0
btn,oil,2012,345.184594657087
bwa,coal,2012,550.3507756438278
bwa,gas,2012,0.0
bwa,oil,2012,2849.7412102895405
caf,coal,2012,0.0
caf,gas,2012,0.0
caf,oil,2012,282.2256455308548
can,coal,2012,72298.96108754635
can,gas,2012,147689.49298752012
can,oil,2012,212612.70725664258
che,coal,2012,510.47420198118675
che,gas,2012,7646.037299999998
che,oil,2012,29397.85865867662
chl,coal,2012,22391.023360364372
chl,gas,2012,9411.6582384
chl,oil,2012,42839.48768891171
chn,coal,2012,6260597.688289268
chn,gas,2012,479129.08781232004
chn,oil,2012,1022984.0333815725
civ,coal,2012,0.0
civ,gas,2012,3722.7399
civ,oil,2012,4328.3634298577335
cmr,coal,2012,0.0
cmr,gas,2012,214.7508
cmr,oil,2012,4517.705198560213
cod,coal,2012,0.0
cod,gas,2012,0.0
cod,oil,2012,2263.801755800941
cog,coal,2012,0.0
cog,gas,2012,465.237300000001
cog,oil,2012,1805.4356618688291
cok,coal,2012,0.0
cok,gas,2012,0.0
cok,oil,2012,65.58507298484665
col,coal,2012,10116.35948993744
col,gas,2012,12806.171400000014
col,oil,2012,34113.34062096509
com,coal,2012,0.0
com,gas,2012,0.0
com,oil,2012,155.58593279265042
cpv,coal,2012,0.0
cpv,gas,2012,0.0
cpv,oil,2012,419.720190789477
cri,coal,2012,9.67725732938628
cri,gas,2012,0.0
cri,oil,2012,6887.122279020918
cub,coal,2012,9.84540354727228
cub,gas,2012,2190.8172
cub,oil,2012,24880.273845147956
cuw,coal,2012,0.0
cuw,gas,2012,0.0
cuw,oil,2012,3041.208746819575
cym,coal,2012,0.0
cym,gas,2012,0.0
cym,oil,2012,140.03088468096783
cyp,coal,2012,0.513663578
cyp,gas,2012,0.0
cyp,oil,2012,6619.686100084406
cze,coal,2012,61505.06343932542
cze,gas,2012,19673.64374447998
cze,oil,2012,18773.360652436902
deu,coal,2012,280683.5435765082
deu,gas,2012,188808.6644188799
deu,oil,2012,227918.02812719997
dji,coal,2012,0.0
dji,gas,2012,0.0
dji,oil,2012,466.75779837795193
dma,coal,2012,0.0
dma,gas,2012,0.0
dma,oil,2012,29.94371118964095
dnk,coal,2012,9847.737098900867
dnk,gas,2012,7643.720863679992
dnk,oil,2012,16612.024739597447
dom,coal,2012,2288.0054108790164
dom,gas,2012,2406.2412
dom,oil,2012,15573.710140333058
dza,coal,2012,226.712987670472
dza,gas,2012,57605.163000000015
dza,oil,2012,47503.22373760892
ecu,coal,2012,0.0
ecu,gas,2012,1351.6734000000001
ecu,oil,2012,30962.395064264983
egy,coal,2012,534.655827905857
egy,gas,2012,78703.251
egy,oil,2012,101801.39789711128
eri,coal,2012,0.0
eri,gas,2012,0.0
eri,oil,2012,537.8320288016588
esh,coal,2012,0.0
esh,gas,2012,0.0
esh,oil,2012,0.0
esp,coal,2012,53565.27864086961
esp,gas,2012,68056.08810000002
esp,oil,2012,124895.84467751019
est,coal,2012,348.3210590154142
est,gas,2012,1747.8515999999995
est,oil,2012,44166.5247577288
eth,coal,2012,578.042448087355
eth,gas,2012,0.0
eth,oil,2012,6542.157825079266
fin,coal,2012,15391.126148090993
fin,gas,2012,7541.81705376
fin,oil,2012,20938.740059646192
fji,coal,2012,0.0
fji,gas,2012,0.0
fji,oil,2012,1108.0425488492485
flk,coal,2012,1.7075558926875931
flk,gas,2012,0.0
flk,oil,2012,10.56836865516738
fra,coal,2012,29985.99019754709
fra,gas,2012,99534.98436816009
fra,oil,2012,185703.73547252524
fro,coal,2012,0.0
fro,gas,2012,0.0
fro,oil,2012,0.0
fsm,coal,2012,0.0
fsm,gas,2012,0.0
fsm,oil,2012,169.14045138197264
gab,coal,2012,0.0
gab,gas,2012,763.4649
gab,oil,2012,2389.6742810354917
gbr,coal,2012,140108.85070586338
gbr,gas,2012,161217.6168134401
gbr,oil,2012,143871.23701392766
geo,coal,2012,452.60175544725865
geo,gas,2012,3559.2644999999993
geo,oil,2012,2809.768017929346
gha,coal,2012,0.0
gha,gas,2012,914.3178
gha,oil,2012,11973.465863661986
gib,coal,2012,0.0
gib,gas,2012,0.0
gib,oil,2012,474.5678787786527
gin,coal,2012,0.0
gin,gas,2012,0.0
gin,oil,2012,2561.7404748185263
global,coal,2012,0.0
global,gas,2012,0.0
global,oil,2012,1271479.5773983593
glp,coal,2012,0.0
glp,gas,2012,0.0
glp,oil,2012,398.955916732569
gmb,coal,2012,0.0
gmb,gas,2012,0.0
gmb,oil,2012,412.483635775865
gnb,coal,2012,0.0
gnb,gas,2012,0.0
gnb,oil,2012,242.4245929559907
gnq,coal,2012,0.0
gnq,gas,2012,0.0
gnq,oil,2012,521.0319609800389
grc,coal,2012,33710.98704352449
grc,gas,2012,8963.92000943999
grc,oil,2012,32350.17151458809
grd,coal,2012,0.0
grd,gas,2012,0.0
grd,oil,2012,60.76811976721255
grl,coal,2012,0.0
grl,gas,2012,0.0
grl,oil,2012,0.0
gtm,coal,2012,1564.976673969225
gtm,gas,2012,0.0
gtm,oil,2012,9417.866651992208
guf,coal,2012,0.0
guf,gas,2012,0.0
guf,oil,2012,165.5711089309557
gum,coal,2012,0.0
gum,gas,2012,0.0
gum,oil,2012,0.0
guy,coal,2012,0.0
guy,gas,2012,0.0
guy,oil,2012,2015.7381225426943
hkg,coal,2012,28128.584903552
hkg,gas,2012,6709.840500000009
hkg,oil,2012,8960.052529698867
hnd,coal,2012,1075.0295693527191
hnd,gas,2012,0.0
hnd,oil,2012,8157.315537457078
hrv,coal,2012,2452.6113532620125
hrv,gas,2012,4503.681251520003
hrv,oil,2012,8344.565376403973
hti,coal,2012,0.0
hti,gas,2012,0.0
hti,oil,2012,2388.992409285615
hun,coal,2012,8305.936383255274
hun,gas,2012,20507.92578383999
hun,oil,2012,13245.159472131365
idn,coal,2012,144529.68178939397
idn,gas,2012,62018.55
idn,oil,2012,220863.06633780437
ind,coal,2012,1204214.2659529042
ind,gas,2012,88921.1367000001
ind,oil,2012,416472.85617070197
irl,coal,2012,9218.980697928197
irl,gas,2012,10163.088386879988
irl,oil,2012,17076.46028870683
irn,coal,2012,175.0457145360645
irn,gas,2012,287975.37966383994
irn,oil,2012,224136.7892751886
irq,coal,2012,0.0
irq,gas,2012,13614.965100000001
irq,oil,2012,85983.4455058505
isl,coal,2012,107.229115790088
isl,gas,2012,0.0
isl,oil,2012,1487.109132944919
isr,coal,2012,32684.0778706856
isr,gas,2012,4710.26819999999
isr,oil,2012,35539.94136699954
ita,coal,2012,52133.18184229211
ita,gas,2012,160630.68694463998
ita,oil,2012,147637.80788292384
jam,coal,2012,173.62203221847
jam,gas,2012,0.0
jam,oil,2012,6487.520987167898
jor,coal,2012,871.318213933597
jor,gas,2012,1764.4572
jor,oil,2012,19890.37589637929
jpn,coal,2012,297391.7526378719
jpn,gas,2012,317817.90643152
jpn,oil,2012,495656.2153896657
kaz,coal,2012,134129.24508010256
kaz,gas,2012,22795.310493064695
kaz,oil,2012,29272.056851774272
ken,coal,2012,718.271968903807
ken,gas,2012,0.0
ken,oil,2012,9706.851186289352
kgz,coal,2012,4136.537828689625
kgz,gas,2012,738.0516
kgz,oil,2012,4923.802969863079
khm,coal,2012,0.0
khm,gas,2012,0.0
khm,oil,2012,5078.814482226178
kir,coal,2012,0.0
kir,gas,2012,0.0
kir,oil,2012,58.68138109170483
kna,coal,2012,0.0
kna,gas,2012,0.0
kna,oil,2012,98.63810744822896
kor,coal,2012,224430.49159871
kor,gas,2012,132767.21370000023
kor,oil,2012,142924.4838967572
kwt,coal,2012,0.0
kwt,gas,2012,25850.87999999999
kwt,oil,2012,45828.42608563346
lao,coal,2012,704.057332616673
lao,gas,2012,0.0
lao,oil,2012,1979.514791491796
lbn,coal,2012,637.80791940721
lbn,gas,2012,0.0
lbn,oil,2012,20005.9630929679
lbr,coal,2012,0.0
lbr,gas,2012,0.0
lbr,oil,2012,850.2952140993706
lby,coal,2012,0.0
lby,gas,2012,13257.8325
lby,oil,2012,32781.00660137612
lca,coal,2012,0.0
lca,gas,2012,0.0
lca,oil,2012,97.75741006029837
lie,coal,2012,0.0
lie,gas,2012,0.0
lie,oil,2012,0.0
lka,coal,2012,1956.0818268384082
lka,gas,2012,0.0
lka,oil,2012,14465.115954513425
lso,coal,2012,1080.9314130234916
lso,gas,2012,0.0
lso,oil,2012,622.3437311706025
ltu,coal,2012,913.2216503326538
ltu,gas,2012,4321.87093536
ltu,oil,2012,5288.379063808197
lux,coal,2012,215.10172085452677
lux,gas,2012,2752.658700000003
lux,oil,2012,7553.813502385479
lva,coal,2012,357.6850958158381
lva,gas,2012,3068.6139000000003
lva,oil,2012,3631.854135136013
mac,coal,2012,0.0
mac,gas,2012,119.6653849514564
mac,oil,2012,966.5168650398438
mar,coal,2012,11672.003014683254
mar,gas,2012,2785.4211
mar,oil,2012,36408.481887640686
mda,coal,2012,419.3881933827182
mda,gas,2012,5743.6302000000005
mda,oil,2012,2126.8717079882817
mdg,coal,2012,705.92096546501
mdg,gas,2012,0.0
mdg,oil,2012,1929.067825494476
mdv,coal,2012,0.0
mdv,gas,2012,0.0
mdv,oil,2012,1039.005629917834
mex,coal,2012,43739.58817370227
mex,gas,2012,122269.38900000004
mex,oil,2012,247426.27421355693
mhl,coal,2012,0.0
mhl,gas,2012,0.0
mhl,oil,2012,96.65168650398438
mkd,coal,2012,5763.699564150878
mkd,gas,2012,297.7227
mkd,oil,2012,2624.5602388390726
mli,coal,2012,0.0
mli,gas,2012,0.0
mli,oil,2012,1233.8326298207874
mlt,coal,2012,0.0
mlt,gas,2012,0.0
mlt,oil,2012,2751.724780827534
mmr,coal,2012,1873.613169865504
mmr,gas,2012,3380.8104
mmr,oil,2012,5952.637366119578
mne,coal,2012,1582.1234930399999
mne,gas,2012,0.0
mne,oil,2012,729.8048194772135
mng,coal,2012,13137.741243854502
mng,gas,2012,0.0
mng,oil,2012,3535.075944086188
moz,coal,2012,0.0
moz,gas,2012,268.7751
moz,oil,2012,2804.3956793194884
mrt,coal,2012,0.0
mrt,gas,2012,0.0
mrt,oil,2012,2084.127843920158
msr,coal,2012,0.0
msr,gas,2012,0.0
msr,oil,2012,19.375342534473532
mtq,coal,2012,0.0
mtq,gas,2012,0.0
mtq,oil,2012,561.8849334997326
mus,coal,2012,1605.4092020201012
mus,gas,2012,0.0
mus,oil,2012,2093.1597123073257
mwi,coal,2012,116.17487149317881
mwi,gas,2012,0.0
mwi,oil,2012,922.6607642354874
mys,coal,2012,61298.15009217547
mys,gas,2012,47336.05799999999
mys,oil,2012,71326.2140857661
nam,coal,2012,66.9398943205101
nam,gas,2012,0.0
nam,oil,2012,2535.8767496653263
ncl,coal,2012,878.2293725336532
ncl,gas,2012,0.0
ncl,oil,2012,2143.59633282051
ner,coal,2012,287.98485519999997
ner,gas,2012,0.0
ner,oil,2012,1578.7999865168197
nga,coal,2012,918.056225155198
nga,gas,2012,21745.0332
nga,oil,2012,42390.616546329205
nic,coal,2012,0.0
nic,gas,2012,0.0
nic,oil,2012,4390.456494774402
niu,coal,2012,0.0
niu,gas,2012,0.0
niu,oil,2012,10.355537839712625
nld,coal,2012,21750.82695768117
nld,gas,2012,87011.05637664
nld,oil,2012,37859.6832345372
nor,coal,2012,1962.0419199520666
nor,gas,2012,2406.1895880000025
nor,oil,2012,20443.090924136013
npl,coal,2012,1655.7899203687668
npl,gas,2012,0.0
npl,oil,2012,3115.020029993934
nzl,coal,2012,4824.918682502164
nzl,gas,2012,7786.06289999999
nzl,oil,2012,16704.03113866938
omn,coal,2012,0.0
omn,gas,2012,37198.90020000001
omn,oil,2012,14647.329815607167
pak,coal,2012,13840.078712405837
pak,gas,2012,61111.413000000015
pak,oil,2012,61275.834851365835
pan,coal,2012,0.0
pan,gas,2012,0.0
pan,oil,2012,8812.542674583918
per,coal,2012,3145.2227561676937
per,gas,2012,14051.89209600002
per,oil,2012,24620.418322956008
phl,coal,2012,30764.488895395814
phl,gas,2012,7969.50990000001
phl,oil,2012,38391.51315505201
plw,coal,2012,0.0
plw,gas,2012,0.0
plw,oil,2012,210.56260274082325
png,coal,2012,0.0
png,gas,2012,254.67248592232997
png,oil,2012,4639.280952191256
pol,coal,2012,199601.79510061326
pol,gas,2012,30696.81406704001
pol,oil,2012,58650.9572994927
pri,coal,2012,3321.1596675379
pri,gas,2012,2876.260408555953
pri,oil,2012,5932.488901996643
prk,coal,2012,41267.1134619999
prk,gas,2012,103.4484
prk,oil,2012,2501.995501581358
prt,coal,2012,11304.906033307461
prt,gas,2012,9797.433792960008
prt,oil,2012,22881.304886843438
pry,coal,2012,5.40354095811714
pry,gas,2012,0.0
pry,oil,2012,4918.20277213765
pyf,coal,2012,0.0
pyf,gas,2012,0.0
pyf,oil,2012,807.7319514975842
qat,coal,2012,0.0
qat,gas,2012,29974.622699999996
qat,oil,2012,13631.015979347321
reu,coal,2012,1250.1426388939888
reu,gas,2012,0.0
reu,oil,2012,2485.756647175607
rou,coal,2012,28717.84672878944
rou,gas,2012,24293.778542879998
rou,oil,2012,21122.660823382772
rus,coal,2012,400191.4758311701
rus,gas,2012,923241.79718496
rus,oil,2012,282541.31482013577
rwa,coal,2012,0.0
rwa,gas,2012,5.10509999999999
rwa,oil,2012,789.5819315747907
sau,coal,2012,0.0
sau,gas,2012,153751.8113999999
sau,oil,2012,305775.698205675
sdn,coal,2012,0.0
sdn,gas,2012,0.0
sdn,oil,2012,13772.197444647849
sen,coal,2012,833.788051849782
sen,gas,2012,60.7563
sen,oil,2012,4725.716675744518
sgp,coal,2012,105.05209933809546
sgp,gas,2012,23789.88547056
sgp,oil,2012,15403.881411994636
slb,coal,2012,0.0
slb,gas,2012,0.0
slb,oil,2012,186.39968111482716
sle,coal,2012,0.0
sle,gas,2012,0.0
sle,oil,2012,734.5103338815836
slv,coal,2012,3.06368902257394
slv,gas,2012,0.0
slv,oil,2012,6251.334678138122
som,coal,2012,0.0
som,gas,2012,0.0
som,oil,2012,568.0695685685153
spm,coal,2012,0.0
spm,gas,2012,0.0
spm,oil,2012,16.73325037068166
srb,coal,2012,31220.141132447923
srb,gas,2012,4239.477
srb,oil,2012,8671.701720338871
srb (kosovo),coal,2012,7224.300947114291
srb (kosovo),gas,2012,0.0
srb (kosovo),oil,2012,1665.4951370427561
ssd,coal,2012,0.0
ssd,gas,2012,0.0
ssd,oil,2012,1412.1678381050492
stp,coal,2012,0.0
stp,gas,2012,0.0
stp,oil,2012,101.3117701905632
sur,coal,2012,0.0
sur,gas,2012,0.0
sur,oil,2012,2380.8647441537632
svk,coal,2012,7141.340515444752
svk,gas,2012,10931.153486879997
svk,oil,2012,7725.370960484241
svn,coal,2012,5708.261542695362
svn,gas,2012,1835.9285999999988
svn,oil,2012,7335.390639464117
swe,coal,2012,4254.315993472413
swe,gas,2012,3320.2784999999994
swe,oil,2012,27173.443175438588
swz,coal,2012,230.0118575917513
swz,gas,2012,0.0
swz,oil,2012,569.6342845980377
sxm,coal,2012,0.0
sxm,gas,2012,0.0
sxm,oil,2012,313.3420083149531
syc,coal,2012,0.0
syc,gas,2012,0.0
syc,oil,2012,589.77923360935
syr,coal,2012,0.0
syr,gas,2012,11968.149600000002
syr,oil,2012,30366.9459302137
tca,coal,2012,0.0
tca,gas,2012,0.0
tca,oil,2012,45.79626417239196
tcd,coal,2012,0.0
tcd,gas,2012,0.0
tcd,oil,2012,531.8867935004572
tgo,coal,2012,0.0
tgo,gas,2012,37.3065000000001
tgo,oil,2012,1624.4633775615398
tha,coal,2012,65297.38962544575
tha,gas,2012,65798.8485
tha,oil,2012,91228.52327099426
tjk,coal,2012,1124.885931599605
tjk,gas,2012,3876.98134864879
tjk,oil,2012,2339.5330635237938
tkl,coal,2012,0.0
tkl,gas,2012,0.0
tkl,oil,2012,0.0
tkm,coal,2012,0.0
tkm,gas,2012,48715.26623022003
tkm,oil,2012,15818.65791737204
tls,coal,2012,0.0
tls,gas,2012,0.0
tls,oil,2012,172.59229732854357
ton,coal,2012,0.0
ton,gas,2012,0.0
ton,oil,2012,96.65168650398438
tto,coal,2012,0.0
tto,gas,2012,10355.162400000012
tto,oil,2012,3698.917290963723
tun,coal,2012,52.082713383757
tun,gas,2012,13275.728399999998
tun,oil,2012,10906.533497921599
tur,coal,2012,123315.76821417126
tur,gas,2012,95961.4062
tur,oil,2012,71838.06936590707
twn,coal,2012,143647.11009388894
twn,gas,2012,46389.05867375998
twn,oil,2012,64437.16232175915
tza,coal,2012,273.5141603441654
tza,gas,2012,2120.5239
tza,oil,2012,7286.390078638031
uga,coal,2012,142.7030401795649
uga,gas,2012,0.0
uga,oil,2012,3374.4226510158524
ukr,coal,2012,117855.79306101857
ukr,gas,2012,106625.71415760019
ukr,oil,2012,36429.12568864611
ury,coal,2012,0.0
ury,gas,2012,126.84210000000022
ury,oil,2012,7809.54971680375
usa,coal,2012,1586216.0526927419
usa,gas,2012,1385549.4454084812
usa,oil,2012,1772490.5894913794
uzb,coal,2012,5710.555767951921
uzb,gas,2012,98170.4558999999
uzb,oil,2012,9504.835672662985
vct,coal,2012,0.0
vct,gas,2012,0.0
vct,oil,2012,57.245330215489915
ven,coal,2012,814.273503290652
ven,gas,2012,37435.64220000001
ven,oil,2012,89138.94604482649
vgb,coal,2012,0.0
vgb,gas,2012,0.0
vgb,oil,2012,42.27347462066955
vir,coal,2012,95.31430947077907
vir,gas,2012,82.54609899646503
vir,oil,2012,170.25712092790263
vnm,coal,2012,438.107530228073
vnm,gas,2012,21538.865700000002
vnm,oil,2012,42023.82533739446
vut,coal,2012,0.0
vut,gas,2012,0.0
vut,oil,2012,134.62199191626416
wlf,coal,2012,0.0
wlf,gas,2012,0.0
wlf,oil,2012,24.16292162599608
wsm,coal,2012,0.0
wsm,gas,2012,0.0
wsm,oil,2012,220.91814058053595
yem,coal,2012,423.352352532708
yem,gas,2012,1622.6364
yem,oil,2012,14811.009743019242
zaf,coal,2012,290930.1912906725
zaf,gas,2012,8503.918500000002
zaf,oil,2012,64819.16457993193
zmb,coal,2012,241.418513521763
zmb,gas,2012,0.0
zmb,oil,2012,3148.2104611447303
zwe,coal,2012,7454.103699093684
zwe,gas,2012,64.9077000000001
zwe,oil,2012,3873.650190519755
abw,coal,2013,0.0
abw,gas,2013,0.0
abw,oil,2013,586.9357388941551
afg,coal,2013,2618.7928307238194
afg,gas,2013,255.727765048544
afg,oil,2013,7083.552366672513
ago,coal,2013,0.0
ago,gas,2013,777.658200000001
ago,oil,2013,19226.879717866937
alb,coal,2013,258.8196332725479
alb,gas,2013,14.586000000000002
alb,oil,2013,3370.3810263554055
are,coal,2013,6831.251163935716
are,gas,2013,139899.2067000001
are,oil,2013,41440.91351980419
arg,coal,2013,2113.281499184812
arg,gas,2013,92225.55056880016
arg,oil,2013,73827.97416727357
arm,coal,2013,601.124230797963
arm,gas,2013,1218.2905102593356
arm,oil,2013,917.699128194683
asm,coal,2013,49.42760026558292
asm,gas,2013,50.72015828336019
asm,oil,2013,88.83699120828163
atg,coal,2013,0.0
atg,gas,2013,0.0
atg,oil,2013,123.56541871455899
aus,coal,2013,167893.4501991939
aus,gas,2013,59843.52687983999
aus,oil,2013,120705.4482116354
aut,coal,2013,5025.62806969055
aut,gas,2013,18114.5490768
aut,oil,2013,29674.165270788122
aze,coal,2013,9.10740378868883
aze,gas,2013,20541.127199999988
aze,oil,2013,8949.125489325428
bdi,coal,2013,5.472574195468
bdi,gas,2013,0.0
bdi,oil,2013,198.14346717434762
bel,coal,2013,5176.436703829241
bel,gas,2013,36305.39873136006
bel,oil,2013,43092.21532482637
ben,coal,2013,0.0
ben,gas,2013,23.2815
ben,oil,2013,4449.481151749191
bfa,coal,2013,0.0
bfa,gas,2013,0.0
bfa,oil,2013,1919.0561728182165
bgd,coal,2013,3754.6592418564005
bgd,gas,2013,45925.928399999975
bgd,oil,2013,16714.7043985865
bgr,coal,2013,26211.28849354092
bgr,gas,2013,5521.213896
bgr,oil,2013,8801.715550024956
bhr,coal,2013,0.0
bhr,gas,2013,23805.75450000001
bhr,oil,2013,3561.85535188238
bhs,coal,2013,0.0017474422998347
bhs,gas,2013,0.0
bhs,oil,2013,457.1920492438676
bih,coal,2013,15985.08032244724
bih,gas,2013,702.7647000000011
bih,oil,2013,3734.3116660647843
blr,coal,2013,2749.6100493901636
blr,gas,2013,40570.13697791999
blr,oil,2013,14441.584339121968
blz,coal,2013,0.0
blz,gas,2013,3.223962139848534
blz,oil,2013,129.7436896502867
bmu,coal,2013,0.0
bmu,gas,2013,0.0
bmu,oil,2013,94.43928430327011
bol,coal,2013,2.46135088681807
bol,gas,2013,6955.4463
bol,oil,2013,9578.172890021477
bra,coal,2013,43224.63003172325
bra,gas,2013,79835.93971056
bra,oil,2013,307007.54101948737
brb,coal,2013,0.0
brb,gas,2013,7.253914814659166
brb,oil,2013,332.7440203956337
brn,coal,2013,0.0
brn,gas,2013,3094.5568737600006
brn,oil,2013,1838.9039405875064
btn,coal,2013,57.99711550154964
btn,gas,2013,0.0
btn,oil,2013,341.04729738432883
bwa,coal,2013,2305.8174789820528
bwa,gas,2013,0.0
bwa,oil,2013,3050.9740641159933
caf,coal,2013,0.0
caf,gas,2013,0.0
caf,oil,2013,286.20723036294663
can,coal,2013,68614.65520667161
can,gas,2013,153798.87885120013
can,oil,2013,214973.78754764455
che,coal,2013,520.7216571609889
che,gas,2013,8060.335799999989
che,oil,2013,29906.028550494768
chl,coal,2013,25343.758776182432
chl,gas,2013,8833.856243520007
chl,oil,2013,43780.70600286183
chn,coal,2013,6464131.6493519135
chn,gas,2013,545209.3309502401
chn,oil,2013,1073565.8517152956
civ,coal,2013,0.0
civ,gas,2013,4275.1005000000005
civ,oil,2013,4540.1345310083
cmr,coal,2013,0.0
cmr,gas,2013,659.679900000001
cmr,oil,2013,4833.780063389551
cod,coal,2013,0.0
cod,gas,2013,0.0
cod,oil,2013,2600.1908602439476
cog,coal,2013,0.0
cog,gas,2013,461.983500000001
cog,oil,2013,2098.1741572580527
cok,coal,2013,0.0
cok,gas,2013,0.0
cok,oil,2013,64.79898650302255
col,coal,2013,16223.49131162702
col,gas,2013,17331.870600000002
col,oil,2013,35482.10867442034
com,coal,2013,0.0
com,gas,2013,0.0
com,oil,2013,157.78090904624
cpv,coal,2013,0.0
cpv,gas,2013,0.0
cpv,oil,2013,425.64152207822775
cri,coal,2013,19.3545146587726
cri,gas,2013,0.0
cri,oil,2013,7190.50161059187
cub,coal,2013,31.9975615286349
cub,gas,2013,2258.3615999999993
cub,oil,2013,25173.039295840237
cuw,coal,2013,0.0
cuw,gas,2013,0.0
cuw,oil,2013,2895.553066662188
cym,coal,2013,0.0
cym,gas,2013,0.0
cym,oil,2013,140.335011254392
cyp,coal,2013,0.513663578
cyp,gas,2013,0.0
cyp,oil,2013,5716.862646412379
cze,coal,2013,58634.055311494085
cze,gas,2013,19938.65754144001
cze,oil,2013,18191.863507552232
deu,coal,2013,287489.3519130417
deu,gas,2013,191161.15400976004
deu,oil,2013,236011.89274372693
dji,coal,2013,0.0
dji,gas,2013,0.0
dji,oil,2013,473.34272713872
dma,coal,2013,0.0
dma,gas,2013,0.0
dma,oil,2013,30.008744544964323
dnk,coal,2013,12512.860183519557
dnk,gas,2013,7220.053663680001
dnk,oil,2013,16088.277767666295
dom,coal,2013,2268.978338855072
dom,gas,2013,2461.107
dom,oil,2013,15101.983342252626
dza,coal,2013,196.076097444732
dza,gas,2013,58287.8438999999
dza,oil,2013,50096.313822709846
ecu,coal,2013,0.0
ecu,gas,2013,1529.903100000001
ecu,oil,2013,33294.975212825906
egy,coal,2013,596.4391497131866
egy,gas,2013,76217.8526999999
egy,oil,2013,105393.370485604
eri,coal,2013,0.0
eri,gas,2013,0.0
eri,oil,2013,500.0701856640079
esh,coal,2013,0.0
esh,gas,2013,0.0
esh,oil,2013,0.0
esp,coal,2013,40293.54217945861
esp,gas,2013,62282.62688208001
esp,oil,2013,119705.87686417287
est,coal,2013,323.9450429075309
est,gas,2013,1609.8455999999994
est,oil,2013,51917.44941575052
eth,coal,2013,750.939073184912
eth,gas,2013,0.0
eth,oil,2013,7589.896895163098
fin,coal,2013,17262.06641873552
fin,gas,2013,6700.20368687999
fin,oil,2013,20511.613079565963
fji,coal,2013,0.0
fji,gas,2013,0.0
fji,oil,2013,1094.7618246036966
flk,coal,2013,1.700748095351719
flk,gas,2013,0.0
flk,oil,2013,10.591321604105062
fra,coal,2013,32548.762642335667
fra,gas,2013,100277.88273887988
fra,oil,2013,184461.96682410504
fro,coal,2013,0.0
fro,gas,2013,0.0
fro,oil,2013,0.0
fsm,coal,2013,0.0
fsm,gas,2013,0.0
fsm,oil,2013,167.11317571832103
gab,coal,2013,0.0
gab,gas,2013,617.660999999999
gab,oil,2013,2672.2849195124927
gbr,coal,2013,130645.7655859856
gbr,gas,2013,161085.5802124801
gbr,oil,2013,141068.45546006795
geo,coal,2013,1314.4580257948064
geo,gas,2013,3745.6287
geo,oil,2013,2737.9936081162737
gha,coal,2013,0.0
gha,gas,2013,684.981
gha,oil,2013,12989.289700475758
gib,coal,2013,0.0
gib,gas,2013,0.0
gib,oil,2013,506.18802466597515
gin,coal,2013,0.0
gin,gas,2013,0.0
gin,oil,2013,2597.881014063668
global,coal,2013,0.0
global,gas,2013,0.841499999999999
global,oil,2013,1269177.635957465
glp,coal,2013,0.0
glp,gas,2013,0.0
glp,oil,2013,399.82239055496643
gmb,coal,2013,0.0
gmb,gas,2013,0.0
gmb,oil,2013,418.3028751458443
gnb,coal,2013,0.0
gnb,gas,2013,0.0
gnb,oil,2013,245.8446722348388
gnq,coal,2013,0.0
gnq,gas,2013,0.0
gnq,oil,2013,528.3825791315927
grc,coal,2013,28921.435060705317
grc,gas,2013,8077.96861344
grc,oil,2013,28274.794743429495
grd,coal,2013,0.0
grd,gas,2013,0.0
grd,oil,2013,60.900099223604094
grl,coal,2013,0.0
grl,gas,2013,0.0
grl,oil,2013,0.0
gtm,coal,2013,2356.9785469658023
gtm,gas,2013,0.0
gtm,oil,2013,9422.672288033178
guf,coal,2013,0.0
guf,gas,2013,0.0
guf,oil,2013,165.93070513097905
gum,coal,2013,0.0
gum,gas,2013,0.0
gum,oil,2013,0.0
guy,coal,2013,0.0
guy,gas,2013,0.0
guy,oil,2013,1989.8243759088614
hkg,coal,2013,29985.674332027
hkg,gas,2013,6367.798799999991
hkg,oil,2013,8691.546157886538
hnd,coal,2013,1044.1105773138129
hnd,gas,2013,0.0
hnd,oil,2013,8378.791755409053
hrv,coal,2013,2619.925616349122
hrv,gas,2013,4162.3590676799995
hrv,oil,2013,8156.624408176962
hti,coal,2013,0.0
hti,gas,2013,0.0
hti,oil,2013,2613.7901590632177
hun,coal,2013,7804.296866510862
hun,gas,2013,19036.095967679994
hun,oil,2013,12996.682286536388
idn,coal,2013,115322.16647835399
idn,gas,2013,65422.41749999998
idn,oil,2013,219999.74285925113
ind,coal,2013,1254881.0647473827
ind,gas,2013,79046.2464000001
ind,oil,2013,425416.22232579323
irl,coal,2013,7980.277512933853
irl,gas,2013,9725.591235360002
irl,oil,2013,17108.92932462445
irn,coal,2013,424.05656867140374
irn,gas,2013,291402.3753537602
irn,oil,2013,241442.0306206223
irq,coal,2013,0.0
irq,gas,2013,13510.506899999991
irq,oil,2013,93941.3747982867
isl,coal,2013,82.7196036094964
isl,gas,2013,0.0
isl,oil,2013,1623.2809755148464
isr,coal,2013,27034.87082322
isr,gas,2013,15125.0649
isr,oil,2013,22586.59760778192
ita,coal,2013,46088.74715370941
ita,gas,2013,148974.8898475199
ita,oil,2013,139072.54225931372
jam,coal,2013,211.676176266354
jam,gas,2013,0.0
jam,oil,2013,6874.438049168079
jor,coal,2013,827.4602410752432
jor,gas,2013,2362.8759
jor,oil,2013,19110.560965098728
jpn,coal,2013,322921.27540377725
jpn,gas,2013,318947.9366304
jpn,oil,2013,475603.0898383139
kaz,coal,2013,132054.8653059525
kaz,gas,2013,23919.713482930503
kaz,oil,2013,40335.99185534912
ken,coal,2013,715.893584900815
ken,gas,2013,0.0
ken,oil,2013,10605.329994447791
kgz,coal,2013,3212.2683843036975
kgz,gas,2013,617.1000000000001
kgz,oil,2013,5204.831630827812
khm,coal,2013,0.0
khm,gas,2013,0.0
khm,oil,2013,5051.32084325857
kir,coal,2013,0.0
kir,gas,2013,0.0
kir,oil,2013,57.97804055533592
kna,coal,2013,0.0
kna,gas,2013,0.0
kna,oil,2013,98.85233497164707
kor,coal,2013,221716.0791397749
kor,gas,2013,138658.27469999978
kor,oil,2013,141024.7942475544
kwt,coal,2013,0.0
kwt,gas,2013,25890.935400000002
kwt,oil,2013,46405.33338338864
lao,coal,2013,1045.78284228357
lao,gas,2013,0.0
lao,oil,2013,2269.589079390676
lbn,coal,2013,510.246335525768
lbn,gas,2013,0.0
lbn,oil,2013,19799.353764478685
lbr,coal,2013,0.0
lbr,gas,2013,0.0
lbr,oil,2013,862.2910145550308
lby,coal,2013,0.0
lby,gas,2013,15956.5791
lby,oil,2013,34742.71837281656
lca,coal,2013,0.0
lca,gas,2013,0.0
lca,oil,2013,97.96972483797173
lie,coal,2013,0.0
lie,gas,2013,0.0
lie,oil,2013,0.0
lka,coal,2013,2058.7491050426297
lka,gas,2013,0.0
lka,oil,2013,11450.01905801634
lso,coal,2013,780.7539185534359
lso,gas,2013,0.0
lso,oil,2013,631.123636184959
ltu,coal,2013,1050.215397892144
ltu,gas,2013,3662.4617515199993
ltu,oil,2013,4975.683197210659
lux,coal,2013,203.80298629222
lux,gas,2013,2332.750200000003
lux,oil,2013,7418.484497876651
lva,coal,2013,280.79473876122296
lva,gas,2013,3051.9521999999997
lva,oil,2013,3645.3192331253113
mac,coal,2013,0.0
mac,gas,2013,118.7307480582522
mac,oil,2013,954.9324326761213
mar,coal,2013,11417.267025711557
mar,gas,2013,2604.2742000000003
mar,oil,2013,36134.93592327647
mda,coal,2013,565.0793592287005
mda,gas,2013,4385.449200000001
mda,oil,2013,2201.1171055235322
mdg,coal,2013,849.865743339159
mdg,gas,2013,0.0
mdg,oil,2013,1968.118357228986
mdv,coal,2013,0.0
mdv,gas,2013,0.0
mdv,oil,2013,1026.5523651268309
mex,coal,2013,44314.43410313525
mex,gas,2013,118579.80419999993
mex,oil,2013,242915.779682961
mhl,coal,2013,0.0
mhl,gas,2013,0.0
mhl,oil,2013,95.49324326761214
mkd,coal,2013,4808.226204916453
mkd,gas,2013,336.5439000000001
mkd,oil,2013,2654.1056745272313
mli,coal,2013,0.0
mli,gas,2013,0.0
mli,oil,2013,1251.239301971341
mlt,coal,2013,0.0
mlt,gas,2013,0.0
mlt,oil,2013,2403.102597922393
mmr,coal,2013,1433.790653341774
mmr,gas,2013,3730.9866000000006
mmr,oil,2013,7613.317406741247
mne,coal,2013,1527.31551984
mne,gas,2013,0.0
mne,oil,2013,723.4794609183513
mng,coal,2013,14264.380114474206
mng,gas,2013,0.0
mng,oil,2013,3691.7764937514585
moz,coal,2013,0.0
moz,gas,2013,319.77
moz,oil,2013,3188.156905849369
mrt,coal,2013,0.0
mrt,gas,2013,0.0
mrt,oil,2013,2113.5303165263717
msr,coal,2013,0.0
msr,gas,2013,0.0
msr,oil,2013,19.417422940859296
mtq,coal,2013,0.0
mtq,gas,2013,0.0
mtq,oil,2013,563.1052652849195
mus,coal,2013,1691.0310261278366
mus,gas,2013,0.0
mus,oil,2013,2099.052274535106
mwi,coal,2013,83.91280433050954
mwi,gas,2013,0.0
mwi,oil,2013,935.6774838788637
mys,coal,2013,58152.09729698701
mys,gas,2013,55901.34990000011
mys,oil,2013,82637.24592729317
nam,coal,2013,56.4805358329304
nam,gas,2013,0.0
nam,oil,2013,2621.5448482991196
ncl,coal,2013,914.5698982936672
ncl,gas,2013,0.0
ncl,oil,2013,2117.9037167566858
ner,coal,2013,265.559805
ner,gas,2013,0.0
ner,oil,2013,1510.0672170944347
nga,coal,2013,1148.75947344549
nga,gas,2013,21727.529999999988
nga,oil,2013,53289.28582692546
nic,coal,2013,0.0
nic,gas,2013,0.0
nic,oil,2013,4151.804158982898
niu,coal,2013,0.0
niu,gas,2013,0.0
niu,oil,2013,10.231418921529867
nld,coal,2013,22029.764975131064
nld,gas,2013,87173.05576320003
nld,oil,2013,36374.487468528336
nor,coal,2013,1940.0723323395998
nor,gas,2013,2365.9365364800024
nor,oil,2013,20320.154729446793
npl,coal,2013,1278.316134326655
npl,gas,2013,0.0
npl,oil,2013,3476.102910675929
nzl,coal,2013,3902.118720889429
nzl,gas,2013,8179.099500000002
nzl,oil,2013,16982.131987552315
omn,coal,2013,0.0
omn,gas,2013,37844.27459999999
omn,oil,2013,15692.181350569685
pak,coal,2013,13070.740188539998
pak,gas,2013,56776.005000000005
pak,oil,2013,66728.28529664445
pan,coal,2013,0.0
pan,gas,2013,0.0
pan,oil,2013,8528.921578879917
per,coal,2013,3415.9553004861223
per,gas,2013,14549.76981215998
per,oil,2013,26420.398478535026
phl,coal,2013,38169.39666488085
phl,gas,2013,7302.59310000001
phl,oil,2013,40307.66196697506
plw,coal,2013,0.0
plw,gas,2013,0.0
plw,oil,2013,208.03885140444066
png,coal,2013,0.0
png,gas,2013,252.683386893204
png,oil,2013,4583.675676845386
pol,coal,2013,202451.00242974982
pol,gas,2013,30755.908191360002
pol,oil,2013,54659.85590838073
pri,coal,2013,3307.9186474146245
pri,gas,2013,3394.422478207466
pri,oil,2013,5945.373399054219
prk,coal,2013,30350.090284300175
prk,gas,2013,102.4386
prk,oil,2013,2700.668183607738
prt,coal,2013,10203.090153412948
prt,gas,2013,8603.225912160005
prt,oil,2013,22096.071335844616
pry,coal,2013,0.0
pry,gas,2013,0.0
pry,oil,2013,5120.622228712803
pyf,coal,2013,0.0
pyf,gas,2013,0.0
pyf,oil,2013,798.0506758793307
qat,coal,2013,0.0
qat,gas,2013,31207.02750000001
qat,oil,2013,13010.63508624111
reu,coal,2013,902.9747422522213
reu,gas,2013,0.0
reu,oil,2013,2520.8252212736434
rou,coal,2013,21829.89487153027
rou,gas,2013,23034.74976
rou,oil,2013,19875.774555855613
rus,coal,2013,353904.8623689373
rus,gas,2013,918316.1776008002
rus,oil,2013,270899.94764289365
rwa,coal,2013,0.0
rwa,gas,2013,5.72219999999999
rwa,oil,2013,878.2847664875195
sau,coal,2013,0.0
sau,gas,2013,155321.4894000002
sau,oil,2013,311630.38697721146
sdn,coal,2013,0.0
sdn,gas,2013,0.0
sdn,oil,2013,13629.376076075174
sen,coal,2013,836.177129362246
sen,gas,2013,85.2159000000001
sen,oil,2013,5032.632618501368
sgp,coal,2013,1023.1083244932934
sgp,gas,2013,26639.00080512
sgp,oil,2013,12395.303839728165
slb,coal,2013,0.0
slb,gas,2013,0.0
slb,oil,2013,184.16554058753775
sle,coal,2013,0.0
sle,gas,2013,0.0
sle,oil,2013,744.8726636368989
slv,coal,2013,3.06368902257394
slv,gas,2013,0.0
slv,oil,2013,6039.82125920195
som,coal,2013,0.0
som,gas,2013,0.0
som,oil,2013,576.0837841920838
spm,coal,2013,0.0
spm,gas,2013,0.0
spm,oil,2013,16.76959253983301
srb,coal,2013,32303.07265730751
srb,gas,2013,4367.385
srb,oil,2013,8194.9870978707
srb (kosovo),coal,2013,7405.265388765196
srb (kosovo),gas,2013,0.0
srb (kosovo),oil,2013,1709.8651364780144
ssd,coal,2013,0.0
ssd,gas,2013,0.0
ssd,oil,2013,1399.6419614365589
stp,coal,2013,0.0
stp,gas,2013,0.0
stp,oil,2013,102.74105705336531
sur,coal,2013,0.0
sur,gas,2013,0.0
sur,oil,2013,2220.6298882697233
svk,coal,2013,7127.384122196748
svk,gas,2013,11165.28095760001
svk,oil,2013,7269.397474921434
svn,coal,2013,5539.54720880617
svn,gas,2013,1786.055700000001
svn,oil,2013,6907.0004799563285
swe,coal,2013,4606.6757680945
swe,gas,2013,3023.30466768
swe,oil,2013,25832.326780376818
swz,coal,2013,219.03257329886623
swz,gas,2013,0.0
swz,oil,2013,736.5595767458344
sxm,coal,2013,0.0
sxm,gas,2013,0.0
sxm,oil,2013,314.02254126677815
syc,coal,2013,0.0
syc,gas,2013,0.0
syc,oil,2013,598.0997249892345
syr,coal,2013,0.0
syr,gas,2013,9834.33
syr,oil,2013,19045.455220238036
tca,coal,2013,0.0
tca,gas,2013,0.0
tca,oil,2013,45.895726951121986
tcd,coal,2013,0.0
tcd,gas,2013,0.0
tcd,oil,2013,539.390549530168
tgo,coal,2013,0.0
tgo,gas,2013,32.9868000000002
tgo,oil,2013,1277.9990917703512
tha,coal,2013,68183.49659684722
tha,gas,2013,67569.58889999999
tha,oil,2013,92049.0915698632
tjk,coal,2013,1200.0044497101644
tjk,gas,2013,3302.8106085537347
tjk,oil,2013,2547.0215014166884
tkl,coal,2013,0.0
tkl,gas,2013,0.0
tkl,oil,2013,0.0
tkm,coal,2013,0.0
tkm,gas,2013,41349.62154980723
tkm,oil,2013,14394.79487539821
tls,coal,2013,0.0
tls,gas,2013,0.0
tls,oil,2013,170.52364869216456
ton,coal,2013,0.0
ton,gas,2013,0.0
ton,oil,2013,95.49324326761214
tto,coal,2013,0.0
tto,gas,2013,10347.757199999998
tto,oil,2013,3679.1934553421943
tun,coal,2013,0.0
tun,gas,2013,13178.955900000019
tun,oil,2013,11236.246973696676
tur,coal,2013,105487.49113669661
tur,gas,2013,97341.8589
tur,oil,2013,76023.06569824682
twn,coal,2013,143242.5687031843
twn,gas,2013,48398.27038991991
twn,oil,2013,62251.55872296374
tza,coal,2013,171.24364821547695
tza,gas,2013,2129.7803999999996
tza,oil,2013,8399.3725752517
uga,coal,2013,164.1084962064991
uga,gas,2013,0.0
uga,oil,2013,3365.2707256823246
ukr,coal,2013,116396.45945131975
ukr,gas,2013,101059.8916060799
ukr,oil,2013,35385.28024148807
ury,coal,2013,0.0
ury,gas,2013,122.12970000000007
ury,oil,2013,6614.560321191294
usa,coal,2013,1643479.5450714347
usa,gas,2013,1403815.11334416
usa,oil,2013,1828634.2726079726
uzb,coal,2013,8353.301943755256
uzb,gas,2013,95586.15329999989
uzb,oil,2013,8860.86560443308
vct,coal,2013,0.0
vct,gas,2013,0.0
vct,oil,2013,57.369658688902376
ven,coal,2013,811.455947915944
ven,gas,2013,35715.78450000001
ven,oil,2013,86539.40960879189
vgb,coal,2013,0.0
vgb,gas,2013,0.0
vgb,oil,2013,42.36528641642023
vir,coal,2013,94.93430404614587
vir,gas,2013,97.41688655465508
vir,oil,2013,170.62689445969758
vnm,coal,2013,1470.57073083549
vnm,gas,2013,22243.537800000002
vnm,oil,2013,40687.66939893839
vut,coal,2013,0.0
vut,gas,2013,0.0
vut,oil,2013,133.00844597988842
wlf,coal,2013,0.0
wlf,gas,2013,0.0
wlf,oil,2013,23.873310816903047
wsm,coal,2013,0.0
wsm,gas,2013,0.0
wsm,oil,2013,218.27027032597073
yem,coal,2013,444.757808559642
yem,gas,2013,1941.3405
yem,oil,2013,20556.609397147116
zaf,coal,2013,298263.97215774463
zaf,gas,2013,8731.0674
zaf,oil,2013,71619.83590022319
zmb,coal,2013,441.841430407756
zmb,gas,2013,0.0
zmb,oil,2013,3204.11109705303
zwe,coal,2013,7363.17420398973
zwe,gas,2013,66.3662999999999
zwe,oil,2013,3995.0604413908363
abw,coal,2014,0.0
abw,gas,2014,0.0
abw,oil,2014,589.0095352314224
afg,coal,2014,3189.3774938417882
afg,gas,2014,334.76340582524375
afg,oil,2014,7364.400378743984
ago,coal,2014,0.0
ago,gas,2014,559.821900000001
ago,oil,2014,20799.562670107905
alb,coal,2014,328.6441796792719
alb,gas,2014,17.8398
alb,oil,2014,3702.914416050462
are,coal,2014,7615.653532586112
are,gas,2014,138266.9771999998
are,oil,2014,42597.5132179077
arg,coal,2014,2297.939831070645
arg,gas,2014,91515.93125663987
arg,oil,2014,70038.66771483218
arm,coal,2014,772.3169545584695
arm,gas,2014,1320.9304023644863
arm,oil,2014,934.6472746179295
asm,coal,2014,51.88407979000174
asm,gas,2014,52.56848817438245
asm,oil,2014,89.15087536079326
atg,coal,2014,0.0
atg,gas,2014,0.0
atg,oil,2014,124.00200741714151
aus,coal,2014,159754.92744208995
aus,gas,2014,61004.323306079976
aus,oil,2014,119432.20402538635
aut,coal,2014,3974.3088029707237
aut,gas,2014,16534.47821520001
aut,oil,2014,28542.635692569595
aze,coal,2014,5.59885786560725
aze,gas,2014,21941.495400000025
aze,oil,2014,9127.062140947015
bdi,coal,2014,5.846692314476067
bdi,gas,2014,0.0
bdi,oil,2014,207.6865551832232
bel,coal,2014,4610.711048850629
bel,gas,2014,31670.44087680003
bel,oil,2014,40994.60341768271
ben,coal,2014,166.486880209492
ben,gas,2014,63.7296000000001
ben,oil,2014,4719.203490200695
bfa,coal,2014,0.0
bfa,gas,2014,0.0
bfa,oil,2014,2011.4827474227009
bgd,coal,2014,3244.69949820252
bgd,gas,2014,48255.31259999999
bgd,oil,2014,18450.356760056042
bgr,coal,2014,27672.488515104527
bgr,gas,2014,5429.365809120001
bgr,oil,2014,9733.880458890933
bhr,coal,2014,0.0
bhr,gas,2014,25305.756300000012
bhr,oil,2014,3658.4803425148116
bhs,coal,2014,0.0014297255180466
bhs,gas,2014,0.0
bhs,oil,2014,458.8074274434249
bih,coal,2014,12933.871503126078
bih,gas,2014,639.8766000000012
bih,oil,2014,3817.637414188481
blr,coal,2014,2981.5339917506763
blr,gas,2014,40112.38314864003
blr,oil,2014,13876.571936178008
blz,coal,2014,0.0
blz,gas,2014,3.341448870810892
blz,oil,2014,130.20210778799898
bmu,coal,2014,0.0
bmu,gas,2014,0.0
bmu,oil,2014,94.77296281167268
bol,coal,2014,12.3067544340904
bol,gas,2014,7643.9055
bol,oil,2014,10219.647402278526
bra,coal,2014,45543.45703551794
bra,gas,2014,88654.6805495999
bra,oil,2014,319218.6188282438
brb,coal,2014,0.0
brb,gas,2014,7.518259959324496
brb,oil,2014,333.91969140187473
brn,coal,2014,0.0
brn,gas,2014,3148.3052515199993
brn,oil,2014,1854.448648036027
btn,coal,2014,70.63357311745008
btn,gas,2014,0.0
btn,oil,2014,354.5691082688483
bwa,coal,2014,3776.319946710224
bwa,gas,2014,0.0
bwa,oil,2014,3110.415659097774
caf,coal,2014,0.0
caf,gas,2014,0.0
caf,oil,2014,299.9916908202115
can,coal,2014,68188.25657760608
can,gas,2014,161151.53487312002
can,oil,2014,212615.74964383914
che,coal,2014,577.331523463496
che,gas,2014,6999.484799999998
che,oil,2014,26703.875280287593
chl,coal,2014,20680.072957409513
chl,gas,2014,7538.044799999992
chl,oil,2014,42919.0367428269
chn,coal,2014,6537633.267029818
chn,gas,2014,592203.2940225599
chn,oil,2014,1107874.5190654353
civ,coal,2014,0.0
civ,gas,2014,4310.6678999999895
civ,oil,2014,5017.243682653663
cmr,coal,2014,0.0
cmr,gas,2014,957.570899999999
cmr,oil,2014,5184.429632943233
cod,coal,2014,0.0
cod,gas,2014,4.48799999999999
cod,oil,2014,2973.1666102085715
cog,coal,2014,0.0
cog,gas,2014,493.287300000001
cog,oil,2014,2171.301123671817
cok,coal,2014,0.0
cok,gas,2014,0.0
cok,oil,2014,67.36813057108124
col,coal,2014,16814.662393304796
col,gas,2014,18329.440799999997
col,oil,2014,36463.785385126816
com,coal,2014,0.0
com,gas,2014,0.0
com,oil,2014,165.3800346829373
cpv,coal,2014,0.0
cpv,gas,2014,0.0
cpv,oil,2014,446.14148891210874
cri,coal,2014,24.1931433234657
cri,gas,2014,0.0
cri,oil,2014,7225.634804239083
cub,coal,2014,2.46135088681807
cub,gas,2014,2533.195499999999
cub,oil,2014,22801.353125561058
cuw,coal,2014,0.0
cuw,gas,2014,0.0
cuw,oil,2014,2845.0566255281356
cym,coal,2014,0.0
cym,gas,2014,0.0
cym,oil,2014,140.83085128089678
cyp,coal,2014,0.0
cyp,gas,2014,0.0
cyp,oil,2014,5811.349267028926
cze,coal,2014,55837.336554942405
cze,gas,2014,18062.600476800002
cze,oil,2014,18984.106347818564
deu,coal,2014,273338.926531933
deu,gas,2014,172505.4707956801
deu,oil,2014,228006.73769725647
dji,coal,2014,0.0
dji,gas,2014,0.0
dji,oil,2014,496.1401040488111
dma,coal,2014,0.0
dma,gas,2014,0.0
dma,oil,2014,30.114773229877326
dnk,coal,2014,9913.683240087237
dnk,gas,2014,6084.30198288
dnk,oil,2014,15575.174023811163
dom,coal,2014,2630.492707309966
dom,gas,2014,2422.0614000000005
dom,oil,2014,14641.437106288276
dza,coal,2014,67.4011584966267
dza,gas,2014,62713.57289999989
dza,oil,2014,51283.18544909124
ecu,coal,2014,0.0
ecu,gas,2014,1585.7226
ecu,oil,2014,35050.516504280946
egy,coal,2014,437.3348435099084
egy,gas,2014,73649.08980000002
egy,oil,2014,112916.08080863788
eri,coal,2014,0.0
eri,gas,2014,0.0
eri,oil,2014,503.33019871713213
esh,coal,2014,0.0
esh,gas,2014,0.0
esh,oil,2014,0.0
esp,coal,2014,43055.50550406318
esp,gas,2014,56963.64172752003
esp,oil,2014,118744.22241010888
est,coal,2014,333.797374025459
est,gas,2014,1528.4444999999978
est,oil,2014,49864.37531956027
eth,coal,2014,1045.12139051508
eth,gas,2014,0.0
eth,oil,2014,8906.469507780617
fin,coal,2014,15108.460380551454
fin,gas,2014,6046.46060304
fin,oil,2014,19162.160848717907
fji,coal,2014,0.0
fji,gas,2014,0.0
fji,oil,2014,1138.1668375430047
flk,coal,2014,1.7852727910678345
flk,gas,2014,0.0
flk,oil,2014,10.628743492897858
fra,coal,2014,21257.896985470874
fra,gas,2014,83752.40790047999
fra,oil,2014,178912.26719443707
fro,coal,2014,0.0
fro,gas,2014,0.0
fro,oil,2014,0.0
fsm,coal,2014,0.0
fsm,gas,2014,0.0
fsm,oil,2014,173.73886305173568
gab,coal,2014,0.0
gab,gas,2014,683.859
gab,oil,2014,2582.889698830925
gbr,coal,2014,103055.46268098659
gbr,gas,2014,147294.83227008
gbr,oil,2014,142543.84510813156
geo,coal,2014,1204.9935101538542
geo,gas,2014,4372.490100000002
geo,oil,2014,2916.4130234255667
gha,coal,2014,0.0
gha,gas,2014,1454.8974
gha,oil,2014,11793.115734289708
gib,coal,2014,0.0
gib,gas,2014,0.0
gib,oil,2014,544.175794525182
gin,coal,2014,0.0
gin,gas,2014,0.0
gin,oil,2014,2723.0015012911517
global,coal,2014,0.0
global,gas,2014,1.3464
global,oil,2014,1290507.87039107
glp,coal,2014,0.0
glp,gas,2014,0.0
glp,oil,2014,401.23506685689483
gmb,coal,2014,0.0
gmb,gas,2014,0.0
gmb,oil,2014,438.4493942756941
gnb,coal,2014,0.0
gnb,gas,2014,0.0
gnb,oil,2014,257.68517031992553
gnq,coal,2014,0.0
gnq,gas,2014,0.0
gnq,oil,2014,553.8308138219294
grc,coal,2014,27756.990644856865
grc,gas,2014,6210.342167040001
grc,oil,2014,28738.80331907152
grd,coal,2014,0.0
grd,gas,2014,0.0
grd,oil,2014,61.11527508416271
grl,coal,2014,0.0
grl,gas,2014,0.0
grl,oil,2014,0.0
gtm,coal,2014,2547.2492672052194
gtm,gas,2014,0.0
gtm,oil,2014,9960.438094350835
guf,coal,2014,0.0
guf,gas,2014,0.0
guf,oil,2014,166.51698138873337
gum,coal,2014,0.0
gum,gas,2014,0.0
gum,oil,2014,0.0
guy,coal,2014,0.0
guy,gas,2014,0.0
guy,oil,2014,2078.5676245162304
hkg,coal,2014,31417.383328587
hkg,gas,2014,6136.4985
hkg,oil,2014,8750.593518513488
hnd,coal,2014,765.8396489636621
hnd,gas,2014,0.0
hnd,oil,2014,8480.917521021776
hrv,coal,2014,2514.0839800953386
hrv,gas,2014,3496.003267679999
hrv,oil,2014,7908.038085887672
hti,coal,2014,0.0
hti,gas,2014,0.0
hti,oil,2014,2942.8791153324355
hun,coal,2014,7221.805713396411
hun,gas,2014,17355.498483840012
hun,oil,2014,14220.97458061539
idn,coal,2014,139250.53497115854
idn,gas,2014,67640.21879999997
idn,oil,2014,223325.91278486853
ind,coal,2014,1406669.6958764705
ind,gas,2014,79853.18879999997
ind,oil,2014,450344.2968521479
irl,coal,2014,7945.150370617964
irl,gas,2014,9367.673235359991
irl,oil,2014,16941.403830167917
irn,coal,2014,429.7821969727667
irn,gas,2014,331094.5526275199
irn,oil,2014,225758.44842715093
irq,coal,2014,0.0
irq,gas,2014,13832.2404
irq,oil,2014,81072.9213090553
isl,coal,2014,94.9743596997921
isl,gas,2014,0.0
isl,oil,2014,1610.6026967119924
isr,coal,2014,25207.8166972856
isr,gas,2014,17214.50940000001
isr,oil,2014,20701.662689637058
ita,coal,2014,42867.611095628534
ita,gas,2014,131431.6436927999
ita,oil,2014,139501.70464332608
jam,coal,2014,199.78425625139
jam,gas,2014,0.0
jam,oil,2014,6620.764385054399
jor,coal,2014,1414.1024400028891
jor,gas,2014,787.868400000001
jor,oil,2014,21541.34293948889
jpn,coal,2014,316634.02711324673
jpn,gas,2014,320281.46504640003
jpn,oil,2014,434687.18061906303
kaz,coal,2014,129483.7463936033
kaz,gas,2014,31270.77475890505
kaz,oil,2014,31124.96676009819
ken,coal,2014,1117.84048140659
ken,gas,2014,0.0
ken,oil,2014,11946.681863697748
kgz,coal,2014,4037.7347703307782
kgz,gas,2014,512.6979
kgz,oil,2014,4294.749629385722
khm,coal,2014,0.0
khm,gas,2014,0.0
khm,oil,2014,5233.880469639631
kir,coal,2014,0.0
kir,gas,2014,0.0
kir,oil,2014,60.2767484057043
kna,coal,2014,0.0
kna,gas,2014,0.0
kna,oil,2014,99.20160593371335
kor,coal,2014,220076.42098327086
kor,gas,2014,124856.55270000009
kor,oil,2014,135236.64456823573
kwt,coal,2014,0.0
kwt,gas,2014,26632.6896
kwt,oil,2014,45039.262779651595
lao,coal,2014,1097.620977598824
lao,gas,2014,0.0
lao,oil,2014,2384.52637070486
lbn,coal,2014,637.80791940721
lbn,gas,2014,0.0
lbn,oil,2014,21477.370687303617
lbr,coal,2014,0.0
lbr,gas,2014,0.0
lbr,oil,2014,903.8211197788419
lby,coal,2014,0.0
lby,gas,2014,14930.2296
lby,oil,2014,36412.89014466679
lca,coal,2014,0.0
lca,gas,2014,0.0
lca,oil,2014,98.31587730930534
lie,coal,2014,0.0
lie,gas,2014,0.0
lie,oil,2014,0.0
lka,coal,2014,3949.98844038363
lka,gas,2014,0.0
lka,oil,2014,12510.26660242868
lso,coal,2014,834.1281035319209
lso,gas,2014,0.0
lso,oil,2014,661.520138731748
ltu,coal,2014,885.7052186323999
ltu,gas,2014,3098.92746768
ltu,oil,2014,5391.892545331195
lux,coal,2014,199.07708858545794
lux,gas,2014,2211.405899999999
lux,oil,2014,7001.777376976249
lva,coal,2014,230.18353329192507
lva,gas,2014,2734.6506
lva,oil,2014,3753.9488190264733
mac,coal,2014,0.0
mac,gas,2014,155.42586699029107
mac,oil,2014,992.7935031527766
mar,coal,2014,15582.200445398857
mar,gas,2014,2626.4898000000003
mar,oil,2014,33797.071278769836
mda,coal,2014,356.48935781361394
mda,gas,2014,5201.255399999998
mda,oil,2014,2236.6034208216993
mdg,coal,2014,932.6832867736019
mdg,gas,2014,0.0
mdg,oil,2014,1994.5310238552818
mdv,coal,2014,0.0
mdv,gas,2014,0.0
mdv,oil,2014,1067.2530158892353
mex,coal,2014,42519.193650530025
mex,gas,2014,119954.7591
mex,oil,2014,232487.75188118385
mhl,coal,2014,0.0
mhl,gas,2014,0.0
mhl,oil,2014,99.27935031527765
mkd,coal,2014,4477.352534215171
mkd,gas,2014,289.0833
mkd,oil,2014,2670.9629288209703
mli,coal,2014,0.0
mli,gas,2014,0.0
mli,oil,2014,1311.50213550887
mlt,coal,2014,0.0
mlt,gas,2014,0.0
mlt,oil,2014,2387.558540421245
mmr,coal,2014,1585.9358199213402
mmr,gas,2014,5510.983500000012
mmr,oil,2014,9113.993319336756
mne,coal,2014,1488.9499386
mne,gas,2014,0.0
mne,oil,2014,714.0764997820223
mng,coal,2014,14095.713968898066
mng,gas,2014,0.0
mng,oil,2014,3517.721069694727
moz,coal,2014,0.0
moz,gas,2014,376.71150000000017
moz,oil,2014,3685.5606831273735
mrt,coal,2014,0.0
mrt,gas,2014,0.0
mrt,oil,2014,2215.323255287713
msr,coal,2014,0.0
msr,gas,2014,0.0
msr,oil,2014,19.48602973697945
mtq,coal,2014,0.0
mtq,gas,2014,0.0
mtq,oil,2014,565.0948623724031
mus,coal,2014,1764.760930220615
mus,gas,2014,0.0
mus,oil,2014,2155.522755233584
mwi,coal,2014,89.64928215529982
mwi,gas,2014,0.0
mwi,oil,2014,980.7420661429993
mys,coal,2014,59271.342684293115
mys,gas,2014,59307.12479999992
mys,oil,2014,86815.5351320108
nam,coal,2014,0.0
nam,gas,2014,0.0
nam,oil,2014,2767.507282567352
ncl,coal,2014,1113.8371145444082
ncl,gas,2014,0.0
ncl,oil,2014,2201.874162349549
ner,coal,2014,312.77043699999996
ner,gas,2014,0.0
ner,oil,2014,1652.2707183170778
nga,coal,2014,1148.75947344549
nga,gas,2014,26054.8596
nga,oil,2014,58894.67899812075
nic,coal,2014,0.0
nic,gas,2014,0.0
nic,oil,2014,4417.025714476323
niu,coal,2014,0.0
niu,gas,2014,0.0
niu,oil,2014,10.63707324806545
nld,coal,2014,25381.669570776838
nld,gas,2014,77312.39960399999
nld,oil,2014,34019.08277647732
nor,coal,2014,1899.6701246759344
nor,gas,2014,2419.373087999999
nor,oil,2014,20173.37711167746
npl,coal,2014,1857.2636589311119
npl,gas,2014,0.0
npl,oil,2014,3916.598904406922
nzl,coal,2014,3329.0544077491572
nzl,gas,2014,8330.5695
nzl,oil,2014,17338.171895046064
omn,coal,2014,0.0
omn,gas,2014,39775.180499999995
omn,oil,2014,17121.628893302273
pak,coal,2014,17854.20471686992
pak,gas,2014,56189.14289999999
pak,oil,2014,70763.48594493391
pan,coal,2014,0.0
pan,gas,2014,0.0
pan,oil,2014,9078.347407404954
per,coal,2014,3293.6770290360755
per,gas,2014,15871.18834752
per,oil,2014,25740.040135519936
phl,coal,2014,40479.48343533379
phl,gas,2014,7692.15150000001
phl,oil,2014,43008.337480257054
plw,coal,2014,0.0
plw,gas,2014,0.0
plw,oil,2014,216.2871560439976
png,coal,2014,0.0
png,gas,2014,330.7781271844662
png,oil,2014,4765.408815133324
pol,coal,2014,187751.48078161792
pol,gas,2014,29373.94931855999
pol,oil,2014,54745.70401439936
pri,coal,2014,3472.3173716528286
pri,gas,2014,3518.1210773754333
pri,oil,2014,5966.379946724802
prk,coal,2014,34065.016857244635
prk,gas,2014,103.2801
prk,oil,2014,2583.886811828544
prt,coal,2014,10349.290734741715
prt,gas,2014,8168.850792960003
prt,oil,2014,22191.768554101967
pry,coal,2014,0.0
pry,gas,2014,0.0
pry,oil,2014,5411.298172399677
pyf,coal,2014,0.0
pyf,gas,2014,0.0
pyf,oil,2014,829.6917133491072
qat,coal,2014,0.0
qat,gas,2014,35134.364100000006
qat,oil,2014,15893.566344578354
reu,coal,2014,964.7042318885537
reu,gas,2014,0.0
reu,oil,2014,2642.2345076087827
rou,coal,2014,21748.435936817536
rou,gas,2014,21813.14551152
rou,oil,2014,20435.441840735788
rus,coal,2014,339794.794255682
rus,gas,2014,909614.0607628813
rus,oil,2014,287554.9358217725
rwa,coal,2014,0.0
rwa,gas,2014,9.03209999999999
rwa,oil,2014,888.0734083437148
sau,coal,2014,0.0
sau,gas,2014,161532.93750000012
sau,oil,2014,334409.38363883976
sdn,coal,2014,0.0
sdn,gas,2014,0.0
sdn,oil,2014,14392.262789744296
sen,coal,2014,1149.1462834949727
sen,gas,2014,82.2426000000001
sen,oil,2014,5402.436179585286
sgp,coal,2014,1505.9202771008192
sgp,gas,2014,28988.76456432
sgp,oil,2014,10705.101139554381
slb,coal,2014,0.0
slb,gas,2014,0.0
slb,oil,2014,191.46731846517844
sle,coal,2014,0.0
sle,gas,2014,0.0
sle,oil,2014,780.7476055961907
slv,coal,2014,3.06368902257394
slv,gas,2014,0.0
slv,oil,2014,6261.621589340535
som,coal,2014,0.0
som,gas,2014,0.0
som,oil,2014,603.8294289586305
spm,coal,2014,0.0
spm,gas,2014,0.0
spm,oil,2014,16.828843863754948
srb,coal,2014,24971.99113872778
srb,gas,2014,3481.9025999999967
srb,oil,2014,8187.946943073846
srb (kosovo),coal,2014,6462.57458071813
srb (kosovo),gas,2014,0.0
srb (kosovo),oil,2014,1647.5842208357753
ssd,coal,2014,0.0
ssd,gas,2014,0.0
ssd,oil,2014,1421.9001607676987
stp,coal,2014,0.0
stp,gas,2014,0.0
stp,oil,2014,107.68932490981946
sur,coal,2014,0.0
sur,gas,2014,0.0
sur,oil,2014,2579.676828668217
svk,coal,2014,6393.473387995073
svk,gas,2014,9346.136041439999
svk,oil,2014,6986.178375119602
svn,coal,2014,4275.972382463285
svn,gas,2014,1614.1653
svn,oil,2014,6746.1287548675045
swe,coal,2014,3714.7451623096035
swe,gas,2014,2726.6941838400003
swe,oil,2014,24667.06658083129
swz,coal,2014,225.72523526077572
swz,gas,2014,0.0
swz,oil,2014,746.1308945772972
sxm,coal,2014,0.0
sxm,gas,2014,0.0
sxm,oil,2014,315.13206442705723
syc,coal,2014,0.0
syc,gas,2014,0.0
syc,oil,2014,626.9057128678767
syr,coal,2014,0.0
syr,gas,2014,9091.9587
syr,oil,2014,20454.86892489916
tca,coal,2014,0.0
tca,gas,2014,0.0
tca,oil,2014,46.057888469224075
tcd,coal,2014,0.0
tcd,gas,2014,0.0
tcd,oil,2014,565.3689557765525
tgo,coal,2014,0.0
tgo,gas,2014,0.7854
tgo,oil,2014,1157.1143723105815
tha,coal,2014,62713.32666294258
tha,gas,2014,70994.60610000009
tha,oil,2014,92811.67263101635
tjk,coal,2014,1531.6996585536524
tjk,gas,2014,3645.2647699191007
tjk,oil,2014,2648.2787589702225
tkl,coal,2014,0.0
tkl,gas,2014,0.0
tkl,oil,2014,0.0
tkm,coal,2014,0.0
tkm,gas,2014,42096.37780228542
tkm,oil,2014,16690.20572326181
tls,coal,2014,0.0
tls,gas,2014,0.0
tls,oil,2014,177.2845541344245
ton,coal,2014,0.0
ton,gas,2014,0.0
ton,oil,2014,99.27935031527765
tto,coal,2014,0.0
tto,gas,2014,10279.9323
tto,oil,2014,4053.280179590514
tun,coal,2014,0.0
tun,gas,2014,13356.961199999996
tun,oil,2014,12646.247039375403
tur,coal,2014,117734.3947658608
tur,gas,2014,103965.1931999999
tur,oil,2014,79643.73711730957
twn,coal,2014,143028.79483637848
twn,gas,2014,51647.74153440011
twn,oil,2014,62519.09600610409
tza,coal,2014,675.4610568499384
tza,gas,2014,2050.511100000001
tza,oil,2014,7542.9275709090125
uga,coal,2014,180.7571842274478
uga,gas,2014,0.0
uga,oil,2014,3748.3785761718036
ukr,coal,2014,107242.46314499195
ukr,gas,2014,83903.02365456011
ukr,oil,2014,30184.635025742173
ury,coal,2014,0.0
ury,gas,2014,112.14389999999997
ury,oil,2014,5747.577014019531
usa,coal,2014,1634175.4463745086
usa,gas,2014,1432018.2389673581
usa,oil,2014,1815809.2318204534
uzb,coal,2014,7724.77299671084
uzb,gas,2014,88778.0256
uzb,oil,2014,9129.104142635739
vct,coal,2014,0.0
vct,gas,2014,0.0
vct,oil,2014,57.57236058653006
ven,coal,2014,760.739951171198
ven,gas,2014,34210.902
ven,oil,2014,84188.93275877878
vgb,coal,2014,0.0
vgb,gas,2014,0.0
vgb,oil,2014,42.51497397159146
vir,coal,2014,99.65240026771558
vir,gas,2014,100.96692562005711
vir,oil,2014,171.2297635735069
vnm,coal,2014,1792.25807820576
vnm,gas,2014,23812.0938
vnm,oil,2014,42116.56350174158
vut,coal,2014,0.0
vut,gas,2014,0.0
vut,oil,2014,138.28195222485104
wlf,coal,2014,0.0
wlf,gas,2014,0.0
wlf,oil,2014,24.81983757881939
wsm,coal,2014,0.0
wsm,gas,2014,0.0
wsm,oil,2014,226.92422929206302
yem,coal,2014,444.757808559642
yem,gas,2014,2102.5158
yem,oil,2014,20170.6993885572
zaf,coal,2014,316376.2751841388
zaf,gas,2014,8250.17820000001
zaf,oil,2014,69149.57391278741
zmb,coal,2014,769.806203493925
zmb,gas,2014,0.0
zmb,oil,2014,3597.5743371341696
zwe,coal,2014,7483.778919595359
zwe,gas,2014,75.3423
zwe,oil,2014,3631.4496971718336
abw,coal,2015,0.0
abw,gas,2015,0.0
abw,oil,2015,607.1020878904312
afg,coal,2015,2745.396722540268
afg,gas,2015,301.41059417475776
afg,oil,2015,8034.358173194338
ago,coal,2015,0.0
ago,gas,2015,1641.486
ago,oil,2015,20512.008937447437
alb,coal,2015,363.1485395099766
alb,gas,2015,29.11590000000001
alb,oil,2015,3401.136327651659
are,coal,2015,6618.892230831168
are,gas,2015,153367.9751999998
are,oil,2015,38393.11871489755
arg,coal,2015,2222.644781501289
arg,gas,2015,93420.32923344
arg,oil,2015,74020.94105253302
arm,coal,2015,920.923472758865
arm,gas,2015,1267.9035179210846
arm,oil,2015,1011.46686704617
asm,coal,2015,49.89649719053816
asm,gas,2015,49.51489984055785
asm,oil,2015,91.88931474179232
atg,coal,2015,0.0
atg,gas,2015,0.0
atg,oil,2015,127.81096587166978
aus,coal,2015,165391.00122896317
aus,gas,2015,61626.07440000001
aus,oil,2015,118451.03486550649
aut,coal,2015,4111.356448063404
aut,gas,2015,18001.727399040003
aut,oil,2015,29308.033665267612
aze,coal,2015,8.51237480702335
aze,gas,2015,21334.82999999999
aze,oil,2015,9497.616526502574
bdi,coal,2015,5.143094084481255
bdi,gas,2015,0.0
bdi,oil,2015,228.68005665341576
bel,coal,2015,4806.80532290195
bel,gas,2015,34256.11922832
bel,oil,2015,44041.306559915334
ben,coal,2015,99.8921281256951
ben,gas,2015,67.9370999999999
ben,oil,2015,5108.887036042603
bfa,coal,2015,0.0
bfa,gas,2015,0.0
bfa,oil,2015,2214.808696846967
bgd,coal,2015,5346.57529457344
bgd,gas,2015,51383.953499999996
bgd,oil,2015,19773.61521664276
bgr,coal,2015,27779.24097557253
bgr,gas,2015,5604.526973759999
bgr,oil,2015,10580.145186812073
bhr,coal,2015,0.0
bhr,gas,2015,25021.890299999992
bhr,oil,2015,3835.258548461807
bhs,coal,2015,0.0012708671271525
bhs,gas,2015,0.0
bhs,oil,2015,472.900573725178
bih,coal,2015,12827.291457519157
bih,gas,2015,709.328400000001
bih,oil,2015,4005.290232167965
blr,coal,2015,2633.9808252854896
blr,gas,2015,37257.67073952002
blr,oil,2015,12568.521195767938
blz,coal,2015,0.0
blz,gas,2015,3.1473514249012293
blz,oil,2015,134.20151416525314
bmu,coal,2015,0.0
bmu,gas,2015,0.0
bmu,oil,2015,97.68409534477615
bol,coal,2015,14.7681053209084
bol,gas,2015,7909.651200000009
bol,oil,2015,10519.921924464208
bra,coal,2015,47506.70030373816
bra,gas,2015,86389.66198896003
bra,oil,2015,297508.6018611979
brb,coal,2015,0.0
brb,gas,2015,7.081540706027792
brb,oil,2015,344.17667238299623
brn,coal,2015,0.0
brn,gas,2015,2661.0963191999995
brn,oil,2015,1882.913466507864
btn,coal,2015,60.80094956222048
btn,gas,2015,0.0
btn,oil,2015,386.82514074118143
bwa,coal,2015,3780.670545727174
bwa,gas,2015,0.0
bwa,oil,2015,3070.472622963342
caf,coal,2015,0.0
caf,gas,2015,0.0
caf,oil,2015,330.3156373882672
can,coal,2015,62519.56788937197
can,gas,2015,158475.07693776
can,oil,2015,213360.1923905644
che,coal,2015,531.2517962175331
che,gas,2015,7485.479099999998
che,oil,2015,26444.32350756706
chl,coal,2015,23727.36100339779
chl,gas,2015,8675.52840000001
chl,oil,2015,44223.49359155398
chn,coal,2015,6358540.280019483
chn,gas,2015,603649.1404152
chn,oil,2015,1193882.255809757
civ,coal,2015,0.0
civ,gas,2015,4440.7638000000015
civ,oil,2015,5525.403681926765
cmr,coal,2015,0.0
cmr,gas,2015,1063.9926
cmr,oil,2015,4959.503584588944
cod,coal,2015,0.0
cod,gas,2015,2.5806
cod,oil,2015,2822.581245197389
cog,coal,2015,0.0
cog,gas,2015,1120.2048
cog,oil,2015,2153.2830747198423
cok,coal,2015,0.0
cok,gas,2015,0.0
cok,oil,2015,73.49677674082443
col,coal,2015,15972.977926516669
col,gas,2015,19543.164300000004
col,oil,2015,37307.20276189916
com,coal,2015,0.0
com,gas,2015,0.0
com,oil,2015,182.09708214994157
cpv,coal,2015,0.0
cpv,gas,2015,0.0
cpv,oil,2015,491.23864021844906
cri,coal,2015,2.41931433234657
cri,gas,2015,0.0
cri,oil,2015,6913.46966793295
cub,coal,2015,17.2294562077265
cub,gas,2015,2622.8433
cub,oil,2015,25227.606279825435
cuw,coal,2015,0.0
cuw,gas,2015,0.0
cuw,oil,2015,2668.0318843480773
cym,coal,2015,0.0
cym,gas,2015,0.0
cym,oil,2015,145.1567398113964
cyp,coal,2015,0.0
cyp,gas,2015,0.0
cyp,oil,2015,5924.01528531286
cze,coal,2015,57322.84074837847
cze,gas,2015,18652.8357576
cze,oil,2015,19836.887852109154
deu,coal,2015,272041.2351184009
deu,gas,2015,178574.0242967999
deu,oil,2015,230218.2284945692
dji,coal,2015,0.0
dji,gas,2015,0.0
dji,oil,2015,546.2912464498261
dma,coal,2015,0.0
dma,gas,2015,0.0
dma,oil,2015,31.03980599740547
dnk,coal,2015,7054.782701606156
dnk,gas,2015,6185.5429152
dnk,oil,2015,16090.682838719915
dom,coal,2015,2547.2492672052226
dom,gas,2015,2446.5770999999995
dom,oil,2015,16858.987982721275
dza,coal,2015,113.356493835236
dza,gas,2015,69756.92790000013
dza,oil,2015,54099.37059435495
ecu,coal,2015,0.0
ecu,gas,2015,1466.005199999998
ecu,oil,2015,35164.02130161299
egy,coal,2015,395.8232101465361
egy,gas,2015,78198.5753999999
egy,oil,2015,116106.6029975072
eri,coal,2015,0.0
eri,gas,2015,0.0
eri,oil,2015,493.78273913403143
esh,coal,2015,0.0
esh,gas,2015,0.0
esh,oil,2015,0.0
esp,coal,2015,49202.00073942869
esp,gas,2015,56625.97322448001
esp,oil,2015,125267.991934256
est,coal,2015,209.45165090381556
est,gas,2015,1689.7320000000009
est,oil,2015,37584.14208476707
eth,coal,2015,1091.53297314155
eth,gas,2015,0.0
eth,oil,2015,8947.406024771613
fin,coal,2015,12355.081983869419
fin,gas,2015,5453.073938399998
fin,oil,2015,19041.23381453558
fji,coal,2015,0.0
fji,gas,2015,0.0
fji,oil,2015,1241.7087017791905
flk,coal,2015,1.7168823108052123
flk,gas,2015,0.0
flk,oil,2015,10.955225646143113
fra,coal,2015,20311.430320301362
fra,gas,2015,89064.42821759995
fra,oil,2015,180525.45625369158
fro,coal,2015,0.0
fro,gas,2015,0.0
fro,oil,2015,0.0
fsm,coal,2015,0.0
fsm,gas,2015,0.0
fsm,oil,2015,189.54431896317897
gab,coal,2015,0.0
gab,gas,2015,746.6910000000009
gab,oil,2015,2528.7052494489985
gbr,coal,2015,80248.19633910319
gbr,gas,2015,149924.54194079989
gbr,oil,2015,146593.0262646107
geo,coal,2015,1124.3947190526499
geo,gas,2015,4766.368200000002
geo,oil,2015,3347.199902794898
gha,coal,2015,0.0
gha,gas,2015,2782.8405
gha,oil,2015,11521.42165570661
gib,coal,2015,0.0
gib,gas,2015,0.0
gib,oil,2015,594.777571244241
gin,coal,2015,0.0
gin,gas,2015,0.0
gin,oil,2015,2998.2496316781167
global,coal,2015,0.0
global,gas,2015,103.8411
global,oil,2015,1343668.041195654
glp,coal,2015,0.0
glp,gas,2015,0.0
glp,oil,2015,413.5597681419025
gmb,coal,2015,0.0
gmb,gas,2015,0.0
gmb,oil,2015,482.76900849054397
gnb,coal,2015,0.0
gnb,gas,2015,0.0
gnb,oil,2015,283.73266288479357
gnq,coal,2015,0.0
gnq,gas,2015,0.0
gnq,oil,2015,609.813484409108
grc,coal,2015,23229.795835498455
grc,gas,2015,6976.266221760004
grc,oil,2015,30486.34132340684
grd,coal,2015,0.0
grd,gas,2015,0.0
grd,oil,2015,62.99254746532291
grl,coal,2015,0.0
grl,gas,2015,0.0
grl,oil,2015,0.0
gtm,coal,2015,3650.819444593859
gtm,gas,2015,0.0
gtm,oil,2015,11243.05161229105
guf,coal,2015,0.0
guf,gas,2015,0.0
guf,oil,2015,171.631868456242
gum,coal,2015,0.0
gum,gas,2015,0.0
gum,oil,2015,0.0
guy,coal,2015,0.0
guy,gas,2015,0.0
guy,oil,2015,2055.801902495801
hkg,coal,2015,25838.8228071861
hkg,gas,2015,7604.355
hkg,oil,2015,9767.948559115395
hnd,coal,2015,951.353601197096
hnd,gas,2015,0.0
hnd,oil,2015,9170.395327726308
hrv,coal,2015,2352.185648976437
hrv,gas,2015,3675.7574515200017
hrv,oil,2015,8406.930216941406
hti,coal,2015,0.0
hti,gas,2015,0.0
hti,oil,2015,3203.692163300368
hun,coal,2015,7173.3183288534865
hun,gas,2015,18625.668367679977
hun,oil,2015,15529.828597083251
idn,coal,2015,153182.1692215333
idn,gas,2015,67611.55170000001
idn,oil,2015,215744.1773314465
ind,coal,2015,1396476.2480555014
ind,gas,2015,89667.21060000002
ind,oil,2015,493873.27827028604
irl,coal,2015,8798.635630369792
irl,gas,2015,9434.517686880023
irl,oil,2015,17365.443200512287
irn,coal,2015,675.7005856684923
irn,gas,2015,353203.26058512006
irn,oil,2015,199701.50073860784
irq,coal,2015,0.0
irq,gas,2015,14230.382099999999
irq,oil,2015,76172.29976035256
isl,coal,2015,73.5285365417746
isl,gas,2015,0.0
isl,oil,2015,1668.4311412818427
isr,coal,2015,24540.5961878936
isr,gas,2015,18184.08570000001
isr,oil,2015,21657.796631400557
ita,coal,2015,41793.39189495178
ita,gas,2015,142955.3677464
ita,oil,2015,140734.2200316085
jam,coal,2015,230.703248290296
jam,gas,2015,0.0
jam,oil,2015,6481.631980740105
jor,coal,2015,683.9955548164509
jor,gas,2015,5020.44509999999
jor,oil,2015,18201.922104529433
jpn,coal,2015,316998.73380052554
jpn,gas,2015,306017.273496
jpn,oil,2015,413158.03821874765
kaz,coal,2015,103685.70198124676
kaz,gas,2015,28541.10106930339
kaz,oil,2015,37869.31222124053
ken,coal,2015,1184.43523349038
ken,gas,2015,0.0
ken,oil,2015,12980.333717731786
kgz,coal,2015,4381.541558856553
kgz,gas,2015,552.585
kgz,oil,2015,4286.699170058334
khm,coal,2015,0.0
khm,gas,2015,0.0
khm,oil,2015,5619.097189610846
kir,coal,2015,0.0
kir,gas,2015,0.0
kir,oil,2015,65.76027392600069
kna,coal,2015,0.0
kna,gas,2015,0.0
kna,oil,2015,102.24877269733574
kor,coal,2015,228004.18772728913
kor,gas,2015,118265.53200000002
kor,oil,2015,144818.88199647318
kwt,coal,2015,0.0
kwt,gas,2015,30531.022500000017
kwt,oil,2015,44211.76105794388
lao,coal,2015,4763.908803664828
lao,gas,2015,0.0
lao,oil,2015,2849.331912983037
lbn,coal,2015,640.359151084839
lbn,gas,2015,0.0
lbn,oil,2015,23495.825627349197
lbr,coal,2015,0.0
lbr,gas,2015,0.0
lbr,oil,2015,995.1817280287524
lby,coal,2015,0.0
lby,gas,2015,15325.173599999998
lby,oil,2015,30479.183752316476
lca,coal,2015,0.0
lca,gas,2015,0.0
lca,oil,2015,101.3358372268239
lie,coal,2015,0.0
lie,gas,2015,0.0
lie,oil,2015,0.0
lka,coal,2015,5314.3825323082065
lka,gas,2015,0.0
lka,oil,2015,12758.402457353679
lso,coal,2015,733.7480893859911
lso,gas,2015,0.0
lso,oil,2015,728.3883285997686
ltu,coal,2015,707.1418732439563
ltu,gas,2015,2868.768735360001
ltu,oil,2015,5669.4627122857
lux,coal,2015,196.935246764953
lux,gas,2015,2019.5439000000013
lux,oil,2015,6703.195335750718
lva,coal,2015,179.53321640372343
lva,gas,2015,2803.0365
lva,oil,2015,3920.2035301914248
mac,coal,2015,0.0
mac,gas,2015,139.94063300970865
mac,oil,2015,1083.110394075307
mar,coal,2015,17153.92149735426
mar,gas,2015,2641.3001999999997
mar,oil,2015,34663.260954775185
mda,coal,2015,375.85208526098916
mda,gas,2015,5423.355300000022
mda,oil,2015,2351.500948388624
mdg,coal,2015,995.782367485558
mdg,gas,2015,0.0
mdg,oil,2015,2203.08357498394
mdv,coal,2015,0.0
mdv,gas,2015,0.0
mdv,oil,2015,1164.3436736309566
mex,coal,2015,48926.01750334367
mex,gas,2015,126604.12379999988
mex,oil,2015,230689.59029910585
mhl,coal,2015,0.0
mhl,gas,2015,0.0
mhl,oil,2015,108.31103940753073
mkd,coal,2015,3950.359838164841
mkd,gas,2015,290.87850000000003
mkd,oil,2015,2821.144752274731
mli,coal,2015,0.0
mli,gas,2015,0.0
mli,oil,2015,1444.0722096076825
mlt,coal,2015,0.0
mlt,gas,2015,0.0
mlt,oil,2015,1679.9733961200081
mmr,coal,2015,1721.4680032859442
mmr,gas,2015,6534.303599999998
mmr,oil,2015,10147.193676202756
mne,coal,2015,1571.1618984000002
mne,gas,2015,0.0
mne,oil,2015,771.2393662493389
mng,coal,2015,13342.706258005104
mng,gas,2015,0.0
mng,oil,2015,3475.2660755221777
moz,coal,2015,0.0
moz,gas,2015,1030.2765000000009
moz,oil,2015,3733.6831042390613
mrt,coal,2015,0.0
mrt,gas,2015,0.0
mrt,oil,2015,2439.2539376364316
msr,coal,2015,0.0
msr,gas,2015,0.0
msr,oil,2015,20.084580351262392
mtq,coal,2015,0.0
mtq,gas,2015,0.0
mtq,oil,2015,582.4528301866096
mus,coal,2015,1712.4364821547686
mus,gas,2015,0.0
mus,oil,2015,2221.4360098775232
mwi,coal,2015,78.86077596204586
mwi,gas,2015,0.0
mwi,oil,2015,1079.8780453077961
mys,coal,2015,66738.65593134136
mys,gas,2015,57748.33020000011
mys,oil,2015,80776.54324758619
nam,coal,2015,10.4593584875797
nam,gas,2015,0.0
nam,oil,2015,3083.483464666384
ncl,coal,2015,958.7842046350181
ncl,gas,2015,0.0
ncl,oil,2015,2402.184124002738
ner,coal,2015,260.8387418
ner,gas,2015,0.0
ner,oil,2015,1732.070265653582
nga,coal,2015,1205.84068951732
nga,gas,2015,27776.96130000001
nga,oil,2015,53274.27735656051
nic,coal,2015,0.0
nic,gas,2015,0.0
nic,oil,2015,4965.396045859374
niu,coal,2015,0.0
niu,gas,2015,0.0
niu,oil,2015,11.60475422223543
nld,coal,2015,33169.849108813636
nld,gas,2015,76172.97754704002
nld,oil,2015,33949.215478940474
nor,coal,2015,1916.4841342785187
nor,gas,2015,2456.58498096
nor,oil,2015,20046.774828546684
npl,coal,2015,2142.105841036511
npl,gas,2015,0.0
npl,oil,2015,3308.9927554485766
nzl,coal,2015,3335.6042454648905
nzl,gas,2015,7910.7732
nzl,oil,2015,17800.98651467766
omn,coal,2015,0.0
omn,gas,2015,42914.312099999996
omn,oil,2015,17885.2229030098
pak,coal,2015,19213.204426504897
pak,gas,2015,59816.73720000001
pak,oil,2015,75532.97680686318
pan,coal,2015,0.0
pan,gas,2015,0.0
pan,oil,2015,9023.968306514085
per,coal,2015,3336.68654163733
per,gas,2015,16471.40224752
per,oil,2015,27574.999974618062
phl,coal,2015,44321.4795985384
phl,gas,2015,7221.584700000009
phl,oil,2015,47846.18731132194
plw,coal,2015,0.0
plw,gas,2015,0.0
plw,oil,2015,235.96333585212076
png,coal,2015,0.0
png,gas,2015,297.82237281553427
png,oil,2015,5198.929891561477
pol,coal,2015,185912.88165995936
pol,gas,2015,30083.378249759968
pol,oil,2015,57847.405046462154
pri,coal,2015,3339.2993511801405
pri,gas,2015,3313.7611299632213
pri,oil,2015,6149.648700306793
prk,coal,2015,25137.616903012145
prk,gas,2015,91.3308
prk,oil,2015,2967.686704202642
prt,coal,2015,12580.7375553794
prt,gas,2015,9711.373789919999
prt,oil,2015,22327.876327375197
pry,coal,2015,10.8070819162343
pry,gas,2015,0.0
pry,oil,2015,6052.453428164841
pyf,coal,2015,0.0
pyf,gas,2015,0.0
pyf,oil,2015,905.1708293343646
qat,coal,2015,0.0
qat,gas,2015,38804.48219999999
qat,oil,2015,14781.36172631432
reu,coal,2015,848.6105239394068
reu,gas,2015,0.0
reu,oil,2015,2909.3184985351218
rou,coal,2015,22446.467046464484
rou,gas,2015,22156.73386607999
rou,oil,2015,20928.012715809
rus,coal,2015,370594.4449059404
rus,gas,2015,865649.7127555207
rus,oil,2015,278583.6636646866
rwa,coal,2015,42.1657062539876
rwa,gas,2015,13.464
rwa,oil,2015,973.8866063097862
sau,coal,2015,0.0
sau,gas,2015,166140.0377999999
sau,oil,2015,356172.0311226517
sdn,coal,2015,0.0
sdn,gas,2015,0.0
sdn,oil,2015,16770.152673311542
sen,coal,2015,1445.3918950404488
sen,gas,2015,53.0706000000002
sen,oil,2015,5937.631912210193
sgp,coal,2015,1567.355057972215
sgp,gas,2015,29335.9641432
sgp,oil,2015,11187.896726843739
slb,coal,2015,0.0
slb,gas,2015,0.0
slb,oil,2015,208.885576000238
sle,coal,2015,0.0
sle,gas,2015,0.0
sle,oil,2015,859.6676203822849
slv,coal,2015,3.06368902257394
slv,gas,2015,0.0
slv,oil,2015,6670.735866286811
som,coal,2015,0.0
som,gas,2015,0.0
som,oil,2015,664.8660906404868
spm,coal,2015,0.0
spm,gas,2015,0.0
spm,oil,2015,17.3457739397266
srb,coal,2015,30765.617457705666
srb,gas,2015,3681.842999999998
srb,oil,2015,8308.041348301
srb (kosovo),coal,2015,7412.18747749554
srb (kosovo),gas,2015,0.0
srb (kosovo),oil,2015,2017.6296141401585
ssd,coal,2015,0.0
ssd,gas,2015,0.0
ssd,oil,2015,1749.115978045712
stp,coal,2015,0.0
stp,gas,2015,0.0
stp,oil,2015,118.57484419066
sur,coal,2015,0.0
sur,gas,2015,0.0
sur,oil,2015,2682.87556481096
svk,coal,2015,6050.086946051244
svk,gas,2015,9670.24001328
svk,oil,2015,6960.625904630171
svn,coal,2015,4360.232995553007
svn,gas,2015,1712.676899999999
svn,oil,2015,6661.243122036007
swe,coal,2015,3687.5128208882206
swe,gas,2015,2864.6440838400003
swe,oil,2015,24370.22819055177
swz,coal,2015,168.8652642124843
swz,gas,2015,0.0
swz,oil,2015,803.0042123274266
sxm,coal,2015,0.0
sxm,gas,2015,0.0
sxm,oil,2015,324.8119475684194
syc,coal,2015,0.0
syc,gas,2015,0.0
syc,oil,2015,690.2749858241988
syr,coal,2015,0.0
syr,gas,2015,7978.654200000009
syr,oil,2015,18501.104083519553
tca,coal,2015,0.0
tca,gas,2015,0.0
tca,oil,2015,47.47264446662022
tcd,coal,2015,0.0
tcd,gas,2015,0.0
tcd,oil,2015,622.5179320009653
tgo,coal,2015,0.0
tgo,gas,2015,51.1632
tgo,oil,2015,966.3197238271445
tha,coal,2015,66283.45457600943
tha,gas,2015,74695.5792
tha,oil,2015,94722.87958165725
tjk,coal,2015,1793.7934686930157
tjk,gas,2015,3563.684603764884
tjk,oil,2015,2853.5791136216935
tkl,coal,2015,0.0
tkl,gas,2015,0.0
tkl,oil,2015,0.0
tkm,coal,2015,0.0
tkm,gas,2015,52498.35420509345
tkm,oil,2015,13619.545086956043
tls,coal,2015,0.0
tls,gas,2015,0.0
tls,oil,2015,193.41257037059052
ton,coal,2015,0.0
ton,gas,2015,0.0
ton,oil,2015,108.31103940753073
tto,coal,2015,0.0
tto,gas,2015,9540.75869999999
tto,oil,2015,4148.833003021327
tun,coal,2015,0.0
tun,gas,2015,12769.65030000001
tun,oil,2015,13796.488215565798
tur,coal,2015,119617.64528027675
tur,gas,2015,101129.33819999987
tur,oil,2015,89243.56104259276
twn,coal,2015,137332.12614875872
twn,gas,2015,54947.45153040009
twn,oil,2015,65104.534498182766
tza,coal,2015,932.3265291731537
tza,gas,2015,2252.751599999999
tza,oil,2015,8898.702964014405
uga,coal,2015,209.29779226336112
uga,gas,2015,0.0
uga,oil,2015,4367.704927695333
ukr,coal,2015,83636.66638890187
ukr,gas,2015,65810.8539
ukr,oil,2015,28246.24416924186
ury,coal,2015,0.0
ury,gas,2015,113.9952000000001
ury,oil,2015,5874.141773269866
usa,coal,2015,1423273.1224792246
usa,gas,2015,1482794.21387856
usa,oil,2015,1887265.9921224103
uzb,coal,2015,6162.934456397117
uzb,gas,2015,84766.14630000001
uzb,oil,2015,8946.1318199291
vct,coal,2015,0.0
vct,gas,2015,0.0
vct,oil,2015,59.340805583275134
ven,coal,2015,712.841509801159
ven,gas,2015,35838.98010000001
ven,oil,2015,71029.36687645773
vgb,coal,2015,0.0
vgb,gas,2015,0.0
vgb,oil,2015,43.82090258457241
vir,coal,2015,95.83490215329272
vir,gas,2015,95.10197806530081
vir,oil,2015,176.4894127454441
vnm,coal,2015,1798.3854562509
vnm,gas,2015,18757.988699999998
vnm,oil,2015,49558.955894409235
vut,coal,2015,0.0
vut,gas,2015,0.0
vut,oil,2015,150.86180488906075
wlf,coal,2015,0.0
wlf,gas,2015,0.0
wlf,oil,2015,27.077759851882682
wsm,coal,2015,0.0
wsm,gas,2015,0.0
wsm,oil,2015,247.56809007435572
yem,coal,2015,321.08184040402
yem,gas,2015,1613.997
yem,oil,2015,9404.505888614318
zaf,coal,2015,283639.6332373861
zaf,gas,2015,8427.28589999999
zaf,oil,2015,72943.00256208198
zmb,coal,2015,829.02206530115
zmb,gas,2015,0.0
zmb,oil,2015,3908.9964646232515
zwe,coal,2015,7479.951746548297
zwe,gas,2015,77.0253000000001
zwe,oil,2015,3731.0910714769457
abw,coal,2016,0.0
abw,gas,2016,0.0
abw,oil,2016,610.4313733351432
afg,coal,2016,3123.474098101722
afg,gas,2016,370.4037902912629
afg,oil,2016,7851.42753638343
ago,coal,2016,0.0
ago,gas,2016,1536.7473
ago,oil,2016,18597.13192463377
alb,coal,2016,192.7547487411495
alb,gas,2016,26.198699999999988
alb,oil,2016,3390.2584658823234
are,coal,2016,7104.383646485354
are,gas,2016,155381.4602999998
are,oil,2016,42528.293110587874
arg,coal,2016,1765.434880451774
arg,gas,2016,93905.5570728
arg,oil,2016,72861.34926776659
arm,coal,2016,826.065739012655
arm,gas,2016,1249.9924354249686
arm,oil,2016,1005.2153668394524
asm,coal,2016,49.27010924151827
asm,gas,2016,54.79561357599962
asm,oil,2016,92.39322629834395
atg,coal,2016,0.0
atg,gas,2016,0.0
atg,oil,2016,128.51186807055646
aus,coal,2016,171085.9133787415
aus,gas,2016,60469.34850000001
aus,oil,2016,119271.35121247996
aut,coal,2016,3296.225735742572
aut,gas,2016,19112.86608000002
aut,oil,2016,29861.513279453517
aze,coal,2016,3.23836928879824
aze,gas,2016,21659.76120000001
aze,oil,2016,9952.626195418163
bdi,coal,2016,5.006865793916896
bdi,gas,2016,0.0
bdi,oil,2016,243.50660812881785
bel,coal,2016,2972.9436257521315
bel,gas,2016,35204.61171216002
bel,oil,2016,42855.473649606356
ben,coal,2016,190.270720239419
ben,gas,2016,4.26359999999999
ben,oil,2016,6324.637825099153
bfa,coal,2016,0.0
bfa,gas,2016,0.0
bfa,oil,2016,2358.4065935439235
bgd,coal,2016,6771.04354262237
bgd,gas,2016,57097.3458
bgd,oil,2016,21462.543577724955
bgr,coal,2016,24715.949651417017
bgr,gas,2016,5676.833321279998
bgr,oil,2016,10819.507812775288
bhr,coal,2016,0.0
bhr,gas,2016,24671.54579999999
bhr,oil,2016,3886.6898575325304
bhs,coal,2016,0.0011120087362584
bhs,gas,2016,0.0
bhs,oil,2016,475.49391186105936
bih,coal,2016,14962.533072357764
bih,gas,2016,726.3827999999999
bih,oil,2016,4572.081793686568
blr,coal,2016,2796.313785663602
blr,gas,2016,37151.68545264003
blr,oil,2016,13215.160977130297
blz,coal,2016,0.0
blz,gas,2016,3.483013255042404
blz,oil,2016,134.93746147408453
bmu,coal,2016,0.0
bmu,gas,2016,0.0
bmu,oil,2016,98.21978488249674
bol,coal,2016,14.7681053209084
bol,gas,2016,8792.94569999999
bol,oil,2016,10906.05866100742
bra,coal,2016,42578.38636539341
bra,gas,2016,72778.81902720002
bra,oil,2016,281907.0553663066
brb,coal,2016,0.0
brb,gas,2016,7.836779823845398
brb,oil,2016,346.06410187571305
brn,coal,2016,0.0
brn,gas,2016,2876.247
brn,oil,2016,1783.9230697464748
btn,coal,2016,69.17404305847082
btn,gas,2016,0.0
btn,oil,2016,378.0176955408491
bwa,coal,2016,3682.7820678458547
bwa,gas,2016,0.0
bwa,oil,2016,2849.614118980406
caf,coal,2016,0.0
caf,gas,2016,0.0
caf,oil,2016,351.73176729718205
can,coal,2016,62104.24600429864
can,gas,2016,160279.08203471993
can,oil,2016,212201.00751066452
che,coal,2016,473.196547488782
che,gas,2016,7870.773900000008
che,oil,2016,26574.932597638886
chl,coal,2016,25655.49255337144
chl,gas,2016,9316.13430000001
chl,oil,2016,46520.25671404195
chn,coal,2016,6279377.415136233
chn,gas,2016,652370.6516448003
chn,oil,2016,1218577.1973065021
civ,coal,2016,0.0
civ,gas,2016,3957.7427999999904
civ,oil,2016,5760.515100812348
cmr,coal,2016,0.0
cmr,gas,2016,1138.5495
cmr,oil,2016,5099.009614746558
cod,coal,2016,0.0
cod,gas,2016,0.7854
cod,oil,2016,2268.9731688037464
cog,coal,2016,0.0
cog,gas,2016,1282.8948
cog,oil,2016,1822.413659981248
cok,coal,2016,0.0
cok,gas,2016,0.0
cok,oil,2016,71.82336215276123
col,coal,2016,16089.868852827338
col,gas,2016,18793.61220000001
col,oil,2016,39272.68267981066
com,coal,2016,0.0
com,gas,2016,0.0
com,oil,2016,193.90341017665108
cpv,coal,2016,0.0
cpv,gas,2016,0.0
cpv,oil,2016,523.0882693137579
cri,coal,2016,0.0
cri,gas,2016,0.0
cri,oil,2016,7562.215216225751
cub,coal,2016,4.92270177363614
cub,gas,2016,2500.320900000001
cub,oil,2016,23749.64409521518
cuw,coal,2016,0.0
cuw,gas,2016,0.0
cuw,oil,2016,2725.3478028971226
cym,coal,2016,0.0
cym,gas,2016,0.0
cym,oil,2016,145.95276445156068
cyp,coal,2016,0.0
cyp,gas,2016,0.0
cyp,oil,2016,6304.777535555403
cze,coal,2016,57155.187548375376
cze,gas,2016,20055.362506079986
cze,oil,2016,19995.99631288148
deu,coal,2016,263601.78119120694
deu,gas,2016,195080.59478159994
deu,oil,2016,230465.62069586304
dji,coal,2016,0.0
dji,gas,2016,0.0
dji,oil,2016,581.7102305299538
dma,coal,2016,0.0
dma,gas,2016,0.0
dma,oil,2016,31.21002510284945
dnk,coal,2016,8168.8607371024
dnk,gas,2016,6476.318999039999
dnk,oil,2016,16336.007290988828
dom,coal,2016,2620.979171298002
dom,gas,2016,2309.0199
dom,oil,2016,17879.308898808682
dza,coal,2016,0.0
dza,gas,2016,70261.77179999991
dza,oil,2016,52582.73433476281
ecu,coal,2016,0.0
ecu,gas,2016,1575.736799999997
ecu,oil,2016,33516.68098168453
egy,coal,2016,3716.531779927638
egy,gas,2016,83712.47610000012
egy,oil,2016,111882.13844218838
eri,coal,2016,0.0
eri,gas,2016,0.0
eri,oil,2016,503.3461042160398
esh,coal,2016,0.0
esh,gas,2016,0.0
esh,oil,2016,0.0
esp,coal,2016,36809.76856279514
esp,gas,2016,57054.309829440004
esp,oil,2016,128807.18853080545
est,coal,2016,205.80131876348506
est,gas,2016,1646.0301000000009
est,oil,2016,43225.23276436855
eth,coal,2016,1374.00645071373
eth,gas,2016,0.0
eth,oil,2016,10425.82568332813
fin,coal,2016,14135.353853867917
fin,gas,2016,5166.635147519991
fin,oil,2016,20505.764377715983
fji,coal,2016,0.0
fji,gas,2016,0.0
fji,oil,2016,1213.436802686124
flk,coal,2016,1.6953290064666902
flk,gas,2016,0.0
flk,oil,2016,11.015302977476285
fra,coal,2016,20158.579257108868
fra,gas,2016,97562.97745392002
fra,oil,2016,177503.27042417353
fro,coal,2016,0.0
fro,gas,2016,0.0
fro,oil,2016,0.0
fsm,coal,2016,0.0
fsm,gas,2016,0.0
fsm,oil,2016,185.22867081501587
gab,coal,2016,0.0
gab,gas,2016,845.8197
gab,oil,2016,2614.405159080607
gbr,coal,2016,38937.4490404428
gbr,gas,2016,167682.21414383993
gbr,oil,2016,149263.625106769
geo,coal,2016,1087.893307229225
geo,gas,2016,4496.639399999999
geo,oil,2016,4029.311442214225
gha,coal,2016,0.0
gha,gas,2016,1227.0192
gha,oil,2016,12858.46122787146
gib,coal,2016,0.0
gib,gas,2016,0.0
gib,oil,2016,620.2560198812349
gin,coal,2016,0.0
gin,gas,2016,0.0
gin,oil,2016,3192.6421954667258
global,coal,2016,0.0
global,gas,2016,127.347
global,oil,2016,1403543.671949301
glp,coal,2016,0.0
glp,gas,2016,0.0
glp,oil,2016,415.82768739972977
gmb,coal,2016,0.0
gmb,gas,2016,0.0
gmb,oil,2016,514.069506049728
gnb,coal,2016,0.0
gnb,gas,2016,0.0
gnb,oil,2016,302.1285693450151
gnq,coal,2016,0.0
gnq,gas,2016,0.0
gnq,oil,2016,649.3509550101811
grc,coal,2016,18039.758306258325
grc,gas,2016,9456.794952000002
grc,oil,2016,30128.265824966187
grd,coal,2016,0.0
grd,gas,2016,0.0
grd,oil,2016,63.33799212048874
grl,coal,2016,0.0
grl,gas,2016,0.0
grl,oil,2016,0.0
gtm,coal,2016,4288.2263573959135
gtm,gas,2016,0.0
gtm,oil,2016,11701.113800832021
guf,coal,2016,0.0
guf,gas,2016,0.0
guf,oil,2016,172.57307998046184
gum,coal,2016,0.0
gum,gas,2016,0.0
gum,oil,2016,0.0
guy,coal,2016,0.0
guy,gas,2016,0.0
guy,oil,2016,2328.3893696982295
hkg,coal,2016,25841.2535525113
hkg,gas,2016,7778.769899999991
hkg,oil,2016,10456.003972278064
hnd,coal,2016,16.6486880209492
hnd,gas,2016,0.0
hnd,oil,2016,9003.395057715563
hrv,coal,2016,2529.0306601407315
hrv,gas,2016,3997.210451519999
hrv,oil,2016,8465.828223426859
hti,coal,2016,0.0
hti,gas,2016,0.0
hti,oil,2016,3288.473110494212
hun,coal,2016,7143.561753546675
hun,gas,2016,19652.849583839983
hun,oil,2016,15517.573812905435
idn,coal,2016,167712.96679516174
idn,gas,2016,64948.37250000002
idn,oil,2016,193152.63460163347
ind,coal,2016,1364384.4327781058
ind,gas,2016,99424.0104
ind,oil,2016,522124.01294296
irl,coal,2016,8512.542178171685
irl,gas,2016,10782.57133536
irl,oil,2016,18179.30692290519
irn,coal,2016,863.3227180223914
irn,gas,2016,375333.5462183999
irn,oil,2016,181393.28932295545
irq,coal,2016,0.0
irq,gas,2016,22529.08679999999
irq,oil,2016,80008.74835529755
isl,coal,2016,0.0
isl,gas,2016,0.0
isl,oil,2016,1650.3379127229296
isr,coal,2016,20947.5825368237
isr,gas,2016,20692.4289
isr,oil,2016,22176.437657396327
ita,coal,2016,34856.593890709795
ita,gas,2016,150410.62258992
ita,oil,2016,137489.1255365613
jam,coal,2016,223.568096281318
jam,gas,2016,69.0030000000001
jam,oil,2016,6916.613347454268
jor,coal,2016,861.1088219797623
jor,gas,2016,8813.4783
jor,oil,2016,13989.110767278908
jpn,coal,2016,310719.54294234817
jpn,gas,2016,311780.05174799997
jpn,oil,2016,395701.8863186042
kaz,coal,2016,111756.49640967033
kaz,gas,2016,31090.277825431425
kaz,oil,2016,40282.45178057011
ken,coal,2016,1167.78654546944
ken,gas,2016,0.0
ken,oil,2016,14053.835087626714
kgz,coal,2016,3527.3206425568624
kgz,gas,2016,602.514
kgz,oil,2016,5043.09368520604
khm,coal,2016,0.0
khm,gas,2016,0.0
khm,oil,2016,6602.652852163825
kir,coal,2016,0.0
kir,gas,2016,0.0
kir,oil,2016,64.26300824194429
kna,coal,2016,0.0
kna,gas,2016,0.0
kna,oil,2016,102.80949445644531
kor,coal,2016,219075.01640365645
kor,gas,2016,122149.44719999988
kor,oil,2016,149558.3904076735
kwt,coal,2016,0.0
kwt,gas,2016,32867.64360000001
kwt,oil,2016,44013.74321462539
lao,coal,2016,11013.276368044828
lao,gas,2016,0.0
lao,oil,2016,3198.3070095997236
lbn,coal,2016,650.564077795354
lbn,gas,2016,0.0
lbn,oil,2016,24328.261145880842
lbr,coal,2016,0.0
lbr,gas,2016,0.0
lbr,oil,2016,1059.70468352356
lby,coal,2016,0.0
lby,gas,2016,16434.6633
lby,oil,2016,27433.503764541696
lca,coal,2016,0.0
lca,gas,2016,0.0
lca,oil,2016,101.89155254165554
lie,coal,2016,0.0
lie,gas,2016,0.0
lie,oil,2016,0.0
lka,coal,2016,5625.086137399938
lka,gas,2016,0.0
lka,oil,2016,16182.40084401306
lso,coal,2016,714.3128532654777
lso,gas,2016,0.0
lso,oil,2016,775.6136407066061
ltu,coal,2016,721.4298630693188
ltu,gas,2016,2567.1581707200007
ltu,oil,2016,5998.4251235729025
lux,coal,2016,201.46037023469853
lux,gas,2016,1863.193200000002
lux,oil,2016,6525.129741101595
lva,coal,2016,158.58394221950567
lva,gas,2016,2845.4481
lva,oil,2016,3942.3821529661677
mac,coal,2016,0.0
mac,gas,2016,171.97318834951477
mac,oil,2016,1058.4495475143763
mar,coal,2016,16532.36568426326
mar,gas,2016,2687.4144
mar,oil,2016,35766.29770438572
mda,coal,2016,276.85035092820715
mda,gas,2016,5490.282599999992
mda,oil,2016,2529.2438834279947
mdg,coal,2016,960.289134585083
mdg,gas,2016,0.0
mdg,oil,2016,2139.5242832233052
mdv,coal,2016,0.0
mdv,gas,2016,0.0
mdv,oil,2016,1137.8332635779545
mex,coal,2016,42617.134086864244
mex,gas,2016,131434.22160000002
mex,oil,2016,239889.3398347884
mhl,coal,2016,0.0
mhl,gas,2016,0.0
mhl,oil,2016,105.84495475143763
mkd,coal,2016,3604.3049070757797
mkd,gas,2016,458.3370000000011
mkd,oil,2016,2897.124688942614
mli,coal,2016,0.0
mli,gas,2016,0.0
mli,oil,2016,1537.6991365171675
mlt,coal,2016,0.0
mlt,gas,2016,0.0
mlt,oil,2016,1371.5428871066044
mmr,coal,2016,1343.0886316252088
mmr,gas,2016,8016.9144
mmr,oil,2016,11267.309213526689
mne,coal,2016,1280.213881768
mne,gas,2016,0.0
mne,oil,2016,860.5941732362668
mng,coal,2016,14679.046532018827
mng,gas,2016,0.0
mng,oil,2016,2980.7307317415425
moz,coal,2016,0.0
moz,gas,2016,1847.7096000000001
moz,oil,2016,4428.949246933681
mrt,coal,2016,0.0
mrt,gas,2016,0.0
mrt,oil,2016,2597.4038200407244
msr,coal,2016,0.0
msr,gas,2016,0.0
msr,oil,2016,20.19472212537318
mtq,coal,2016,0.0
mtq,gas,2016,0.0
mtq,oil,2016,585.6469416358223
mus,coal,2016,1745.7338581966703
mus,gas,2016,0.0
mus,oil,2016,2262.161664496397
mwi,coal,2016,76.77194217339265
mwi,gas,2016,0.0
mwi,oil,2016,1149.892316163865
mys,coal,2016,72407.87713226103
mys,gas,2016,53814.0933000002
mys,oil,2016,79104.65379391953
nam,coal,2016,81.5829962031217
nam,gas,2016,0.0
nam,oil,2016,3296.170180641829
ncl,coal,2016,1090.821448229731
ncl,gas,2016,0.0
ncl,oil,2016,2347.4898893086706
ner,coal,2016,275.0019314
ner,gas,2016,0.0
ner,oil,2016,1716.4129198179678
nga,coal,2016,1262.92190558914
nga,gas,2016,30992.501100000012
nga,oil,2016,55428.42146057266
nic,coal,2016,0.0
nic,gas,2016,0.0
nic,oil,2016,5046.773879571796
niu,coal,2016,0.0
niu,gas,2016,0.0
niu,oil,2016,11.340530866225466
nld,coal,2016,30371.447938115318
nld,gas,2016,80766.65073840001
nld,oil,2016,34047.26224553611
nor,coal,2016,2159.4116382234943
nor,gas,2016,2435.13781632
nor,oil,2016,19709.069812253605
npl,coal,2016,2651.579662688442
npl,gas,2016,0.0
npl,oil,2016,5413.125046772148
nzl,coal,2016,2485.464278155729
nzl,gas,2016,7588.5348
nzl,oil,2016,18231.44527740584
omn,coal,2016,0.0
omn,gas,2016,43005.8112
omn,oil,2016,17442.64959929016
pak,coal,2016,24522.6773731613
pak,gas,2016,63667.889999999985
pak,oil,2016,82831.40232791644
pan,coal,2016,0.0
pan,gas,2016,0.0
pan,oil,2016,9197.825217198735
per,coal,2016,3301.56352540957
per,gas,2016,17405.810400000002
per,oil,2016,29382.621837161663
phl,coal,2016,49823.723308408866
phl,gas,2016,8275.25489999999
phl,oil,2016,51689.744731206236
plw,coal,2016,0.0
plw,gas,2016,0.0
plw,oil,2016,230.59079427991796
png,coal,2016,0.0
png,gas,2016,365.9942213592223
png,oil,2016,5080.557828069006
pol,coal,2016,187470.41991161433
pol,gas,2016,32598.378410400015
pol,oil,2016,64971.67749727317
pri,coal,2016,3297.378635508223
pri,gas,2016,3667.170385991581
pri,oil,2016,6183.372741644175
prk,coal,2016,27675.88057582052
prk,gas,2016,103.1118
prk,oil,2016,3187.913997305011
prt,coal,2016,10984.746185750284
prt,gas,2016,10499.081070719989
prt,oil,2016,22340.50052640011
pry,coal,2016,5.40354095811714
pry,gas,2016,0.0
pry,oil,2016,6846.596411088539
pyf,coal,2016,0.0
pyf,gas,2016,0.0
pyf,oil,2016,884.5614075655864
qat,coal,2016,0.0
qat,gas,2016,39426.29460000003
qat,oil,2016,15925.345277212711
reu,coal,2016,826.1328559962903
reu,gas,2016,0.0
reu,oil,2016,3097.9451811944054
rou,coal,2016,19987.64662433679
rou,gas,2016,21953.696835840008
rou,oil,2016,22052.454269352947
rus,coal,2016,362850.00714210595
rus,gas,2016,875096.237996639
rus,oil,2016,262267.49078404595
rwa,coal,2016,64.1652051691115
rwa,gas,2016,61.7100000000001
rwa,oil,2016,935.4158219570216
sau,coal,2016,0.0
sau,gas,2016,172594.1183999997
sau,oil,2016,345093.4456359008
sdn,coal,2016,0.0
sdn,gas,2016,0.0
sdn,oil,2016,19150.16676949388
sen,coal,2016,1760.750126685644
sen,gas,2016,49.2557999999999
sen,oil,2016,6260.262819890949
sgp,coal,2016,1645.841730070973
sgp,gas,2016,28720.38054864
sgp,oil,2016,11016.69677491036
slb,coal,2016,0.0
slb,gas,2016,0.0
slb,oil,2016,204.12955559205824
sle,coal,2016,0.0
sle,gas,2016,0.0
sle,oil,2016,915.4044712990753
slv,coal,2016,3.06368902257394
slv,gas,2016,0.0
slv,oil,2016,6834.747166673239
som,coal,2016,0.0
som,gas,2016,0.0
som,oil,2016,707.9729162263776
spm,coal,2016,0.0
spm,gas,2016,0.0
spm,oil,2016,17.44089638100409
srb,coal,2016,31010.757886023803
srb,gas,2016,3879.090599999999
srb,oil,2016,8665.328886246123
srb (kosovo),coal,2016,7995.47441533459
srb (kosovo),gas,2016,0.0
srb (kosovo),oil,2016,1975.5401403793505
ssd,coal,2016,0.0
ssd,gas,2016,0.0
ssd,oil,2016,1504.4447429838208
stp,coal,2016,0.0
stp,gas,2016,0.0
stp,oil,2016,126.26268569642433
sur,coal,2016,0.0
sur,gas,2016,0.0
sur,oil,2016,2932.9573414386746
svk,coal,2016,5475.265461691129
svk,gas,2016,9821.00485872
svk,oil,2016,7741.036602953552
svn,coal,2016,4692.316215566694
svn,gas,2016,1824.484200000001
svn,oil,2016,7025.085643201783
swe,coal,2016,3274.793325657058
swe,gas,2016,2799.0534000000016
swe,oil,2016,23615.81250855133
swz,coal,2016,192.6491042424118
swz,gas,2016,0.0
swz,oil,2016,844.0995931053945
sxm,coal,2016,0.0
sxm,gas,2016,0.0
sxm,oil,2016,326.59318290079375
syc,coal,2016,0.0
syc,gas,2016,0.0
syc,oil,2016,735.0292060184694
syr,coal,2016,0.0
syr,gas,2016,6958.139100000009
syr,oil,2016,17122.69904410502
tca,coal,2016,0.0
tca,gas,2016,0.0
tca,oil,2016,47.73297956906391
tcd,coal,2016,0.0
tcd,gas,2016,0.0
tcd,oil,2016,662.8790999062273
tgo,coal,2016,0.0
tgo,gas,2016,20.4765
tgo,oil,2016,1504.0030589765602
tha,coal,2016,60818.576409722824
tha,gas,2016,73577.78670000011
tha,oil,2016,98601.44961449398
tjk,coal,2016,1671.9606055247014
tjk,gas,2016,3581.1607810547325
tjk,oil,2016,2982.75844891126
tkl,coal,2016,0.0
tkl,gas,2016,0.0
tkl,oil,2016,0.0
tkm,coal,2016,0.0
tkm,gas,2016,52008.47332055728
tkm,oil,2016,18521.354543556517
tls,coal,2016,0.0
tls,gas,2016,0.0
tls,oil,2016,189.0088477704244
ton,coal,2016,0.0
ton,gas,2016,0.0
ton,oil,2016,105.84495475143763
tto,coal,2016,0.0
tto,gas,2016,8093.8275
tto,oil,2016,3749.866388170401
tun,coal,2016,0.0
tun,gas,2016,13166.22119999999
tun,oil,2016,13022.773688870373
tur,coal,2016,136155.87702730586
tur,gas,2016,96537.94590000012
tur,oil,2016,94273.40432536826
twn,coal,2016,140127.01292956248
twn,gas,2016,57965.32293551999
twn,oil,2016,65244.88375794979
tza,coal,2016,910.9210731462191
tza,gas,2016,2923.1466
tza,oil,2016,8656.856481131023
uga,coal,2016,216.4329442723395
uga,gas,2016,0.0
uga,oil,2016,4577.031494611608
ukr,coal,2016,88457.8797377111
ukr,gas,2016,68747.59222848
ukr,oil,2016,29560.889485802643
ury,coal,2016,0.0
ury,gas,2016,124.54199999999989
ury,oil,2016,5615.220822131372
usa,coal,2016,1304237.910253206
usa,gas,2016,1491032.582893919
usa,oil,2016,1894640.549649164
uzb,coal,2016,7316.208705015654
uzb,gas,2016,89347.27229999998
uzb,oil,2016,9498.941961125962
vct,coal,2016,0.0
vct,gas,2016,0.0
vct,oil,2016,59.66622446132987
ven,coal,2016,591.686628688709
ven,gas,2016,33658.37309999999
ven,oil,2016,63172.68786990914
vgb,coal,2016,0.0
vgb,gas,2016,0.0
vgb,oil,2016,44.06121190990515
vir,coal,2016,94.63181513948689
vir,gas,2016,105.2445073535408
vir,oil,2016,177.45726254322867
vnm,coal,2016,1210.15716391671
vnm,gas,2016,21812.2971
vnm,oil,2016,55438.30307176598
vut,coal,2016,0.0
vut,gas,2016,0.0
vut,oil,2016,147.42690126093086
wlf,coal,2016,0.0
wlf,gas,2016,0.0
wlf,oil,2016,26.461238687859463
wsm,coal,2016,0.0
wsm,gas,2016,0.0
wsm,oil,2016,241.93132514614308
yem,coal,2016,290.162848365114
yem,gas,2016,1124.5245
yem,oil,2016,7611.227524467507
zaf,coal,2016,291096.2322435889
zaf,gas,2016,8159.352300000012
zaf,oil,2016,66713.18475326248
zmb,coal,2016,1195.704901876658
zmb,gas,2016,0.0
zmb,oil,2016,3803.6879575466764
zwe,coal,2016,6541.735306106953
zwe,gas,2016,69.6762000000001
zwe,oil,2016,3520.8627475165495
abw,coal,2017,0.0
abw,gas,2017,0.0
abw,oil,2017,618.5480499543238
afg,coal,2017,3732.213358753421
afg,gas,2017,519.8051708737869
afg,oil,2017,7896.80600817746
ago,coal,2017,0.0
ago,gas,2017,871.289100000001
ago,oil,2017,17089.226452727824
alb,coal,2017,476.8931431023604
alb,gas,2017,32.5941
alb,oil,2017,3698.3848205743675
are,coal,2017,8216.115366980517
are,gas,2017,141073.15530000022
are,oil,2017,45491.97273705957
arg,coal,2017,1609.057433511388
arg,gas,2017,95362.06440815999
arg,oil,2017,67544.45909473249
arm,coal,2017,977.923665459236
arm,gas,2017,1223.7055683848694
arm,oil,2017,991.7726234409606
asm,coal,2017,0.137311514124105
asm,gas,2017,0.5830087351230986
asm,oil,2017,93.62174431433162
atg,coal,2017,0.0
atg,gas,2017,0.0
atg,oil,2017,130.220642095647
aus,coal,2017,181001.4803290546
aus,gas,2017,60311.93190000003
aus,oil,2017,121281.65245647545
aut,coal,2017,2966.316695625767
aut,gas,2017,20739.749743680008
aut,oil,2017,30461.370425478373
aze,coal,2017,2.82360912693315
aze,gas,2017,20962.66259999999
aze,oil,2017,10123.610860211182
bdi,coal,2017,5.738204366673966
bdi,gas,2017,0.0
bdi,oil,2017,274.6601115416484
bel,coal,2017,2574.056385622315
bel,gas,2017,35609.01704448001
bel,oil,2017,41335.36285012333
ben,coal,2017,180.757184227448
ben,gas,2017,85.6086
ben,oil,2017,6392.797997259745
bfa,coal,2017,0.0
bfa,gas,2017,0.0
bfa,oil,2017,2660.1340432644834
bgd,coal,2017,8651.88897112859
bgd,gas,2017,58730.58509999999
bgd,oil,2017,24214.894124252885
bgr,coal,2017,25998.15019428959
bgr,gas,2017,5888.394230400001
bgr,oil,2017,11030.88863476022
bhr,coal,2017,0.0
bhr,gas,2017,24778.02360000002
bhr,oil,2017,4006.924708141226
bhs,coal,2017,0.0007942919544703
bhs,gas,2017,0.0
bhs,oil,2017,481.8163757538939
bih,coal,2017,15254.179787420038
bih,gas,2017,755.5547999999998
bih,oil,2017,4644.6356655733
blr,coal,2017,2828.070630423561
blr,gas,2017,38072.94529104001
blr,oil,2017,13658.753570495825
blz,coal,2017,0.0
blz,gas,2017,0.037058206300087104
blz,oil,2017,136.7316742004294
bmu,coal,2017,0.0
bmu,gas,2017,0.0
bmu,oil,2017,99.52577645881601
bol,coal,2017,24.6135088681807
bol,gas,2017,8623.187100000001
bol,oil,2017,11465.582294086887
bra,coal,2017,43244.56642921066
bra,gas,2017,78289.89776255998
bra,oil,2017,284240.62441076845
brb,coal,2017,0.0
brb,gas,2017,0.08338096417519619
brb,oil,2017,350.6655862147067
brn,coal,2017,0.0
brn,gas,2017,2939.752199999999
brn,oil,2017,1927.3735459765962
btn,coal,2017,82.65549176114897
btn,gas,2017,0.0
btn,oil,2017,380.20250400469234
bwa,coal,2017,4333.196620879476
bwa,gas,2017,0.0
bwa,oil,2017,2890.5564476766444
caf,coal,2017,0.0
caf,gas,2017,0.0
caf,oil,2017,396.73127222682524
can,coal,2017,62407.23621526401
can,gas,2017,160857.9361963201
can,oil,2017,218651.20369693855
che,coal,2017,456.10875361630997
che,gas,2017,7910.548799999998
che,oil,2017,25579.953442350918
chl,coal,2017,26543.279656922576
chl,gas,2017,9802.913999999997
chl,oil,2017,46845.832441802675
chn,coal,2017,6318184.017328039
chn,gas,2017,724468.02181776
chn,oil,2017,1241765.80203253
civ,coal,2017,0.0
civ,gas,2017,4918.735800000009
civ,oil,2017,5914.5574463458
cmr,coal,2017,0.0
cmr,gas,2017,1265.055
cmr,oil,2017,5113.031601445077
cod,coal,2017,0.0
cod,gas,2017,0.6732
cod,oil,2017,2319.8634456022983
cog,coal,2017,0.0
cog,gas,2017,1348.9245
cog,oil,2017,1635.74147659305
cok,coal,2017,0.0
cok,gas,2017,0.0
cok,oil,2017,72.23847576089163
col,coal,2017,13293.85775243105
col,gas,2017,17062.534499999987
col,oil,2017,36290.75330368676
com,coal,2017,0.0
com,gas,2017,0.0
com,oil,2017,218.71082956094222
cpv,coal,2017,0.0
cpv,gas,2017,0.0
cpv,oil,2017,590.0106099783554
cri,coal,2017,16.935200326426
cri,gas,2017,0.0
cri,oil,2017,7660.588051700239
cub,coal,2017,9.84540354727228
cub,gas,2017,2219.9892
cub,oil,2017,22965.177573807006
cuw,coal,2017,0.0
cuw,gas,2017,0.0
cuw,oil,2017,2602.2332179333366
cym,coal,2017,0.0
cym,gas,2017,0.0
cym,oil,2017,147.89344352291334
cyp,coal,2017,0.0
cyp,gas,2017,0.0
cyp,oil,2017,6374.145061116443
cze,coal,2017,56699.34524762121
cze,gas,2017,20458.94850912003
cze,oil,2017,20464.90535622124
deu,coal,2017,240980.8591528196
deu,gas,2017,198288.96554015978
deu,oil,2017,231838.02422854808
dji,coal,2017,0.0
dji,gas,2017,0.0
dji,oil,2017,656.1324886828272
dma,coal,2017,0.0
dma,gas,2017,0.0
dma,oil,2017,31.62501308037143
dnk,coal,2017,6094.5455696873305
dnk,gas,2017,6312.5239636800015
dnk,oil,2017,16233.184682602878
dom,coal,2017,2716.11453141771
dom,gas,2017,2647.92
dom,oil,2017,16431.248341313043
dza,coal,2017,183.821341354436
dza,gas,2017,75224.09730000001
dza,oil,2017,51714.43993402165
ecu,coal,2017,0.0
ecu,gas,2017,1418.544600000001
ecu,oil,2017,32778.88986954285
egy,coal,2017,7418.94471486166
egy,gas,2017,102798.2010000001
egy,oil,2017,101642.75629947869
eri,coal,2017,0.0
eri,gas,2017,0.0
eri,oil,2017,500.04567746827695
esh,coal,2017,0.0
esh,gas,2017,0.0
esh,oil,2017,0.0
esp,coal,2017,46624.8488157801
esp,gas,2017,62580.91910927995
esp,oil,2017,130516.94413775811
est,coal,2017,254.22356548786092
est,gas,2017,1782.8019000000013
est,oil,2017,45517.023167726635
eth,coal,2017,1337.91622499142
eth,gas,2017,0.0
eth,oil,2017,10202.461415416536
fin,coal,2017,12910.91565983619
fin,gas,2017,4769.922696
fin,oil,2017,19585.828641636028
fji,coal,2017,0.0
fji,gas,2017,0.0
fji,oil,2017,1220.450037855063
flk,coal,2017,0.0047247346596157
flk,gas,2017,0.0
flk,oil,2017,11.161769322484032
fra,coal,2017,20199.537155144215
fra,gas,2017,97602.11371151992
fra,oil,2017,177415.09440747695
fro,coal,2017,0.0
fro,gas,2017,0.0
fro,oil,2017,0.0
fsm,coal,2017,0.0
fsm,gas,2017,0.0
fsm,oil,2017,186.29922696229931
gab,coal,2017,0.0
gab,gas,2017,862.0326
gab,oil,2017,1220.6903233412543
gbr,coal,2017,30139.431988276196
gbr,gas,2017,163964.93093375993
gbr,oil,2017,150412.0590994045
geo,coal,2017,1208.176865986015
geo,gas,2017,4814.950800000002
geo,oil,2017,3624.832494771681
gha,coal,2017,0.0
gha,gas,2017,2782.1673
gha,oil,2017,12347.963787394823
gib,coal,2017,0.0
gib,gas,2017,0.0
gib,oil,2017,658.3405226286279
gin,coal,2017,0.0
gin,gas,2017,0.0
gin,oil,2017,3601.0992402127185
global,coal,2017,0.0
global,gas,2017,205.6065
global,oil,2017,1457720.034049755
glp,coal,2017,0.0
glp,gas,2017,0.0
glp,oil,2017,421.35679192377205
gmb,coal,2017,0.0
gmb,gas,2017,0.0
gmb,oil,2017,579.8380132545915
gnb,coal,2017,0.0
gnb,gas,2017,0.0
gnb,oil,2017,340.78199024611916
gnq,coal,2017,0.0
gnq,gas,2017,0.0
gnq,oil,2017,732.4269641110627
grc,coal,2017,19856.74223013488
grc,gas,2017,10052.467534559999
grc,oil,2017,29994.308592799913
grd,coal,2017,0.0
grd,gas,2017,0.0
grd,oil,2017,64.18017360428324
grl,coal,2017,0.0
grl,gas,2017,0.0
grl,oil,2017,0.0
gtm,coal,2017,3558.06246847714
gtm,gas,2017,0.0
gtm,oil,2017,11390.575918231409
guf,coal,2017,0.0
guf,gas,2017,0.0
guf,oil,2017,174.86771938558314
gum,coal,2017,0.0
gum,gas,2017,0.0
gum,oil,2017,0.0
guy,coal,2017,0.0
guy,gas,2017,0.0
guy,oil,2017,2338.017656670608
hkg,coal,2017,24205.3619486321
hkg,gas,2017,7740.958499999997
hkg,oil,2017,11376.339787892717
hnd,coal,2017,4.75676800598548
hnd,gas,2017,0.0
hnd,oil,2017,8517.238616613568
hrv,coal,2017,1530.0914542594091
hrv,gas,2017,4744.650319200001
hrv,oil,2017,9086.262202727059
hti,coal,2017,0.0
hti,gas,2017,0.0
hti,oil,2017,3249.4139760628764
hun,coal,2017,6555.671987426172
hun,gas,2017,20768.444399999993
hun,oil,2017,16393.60615623419
idn,coal,2017,180467.78797009957
idn,gas,2017,65492.71079999998
idn,oil,2017,207204.52044692056
ind,coal,2017,1443816.3956715767
ind,gas,2017,105585.92219999999
ind,oil,2017,550105.7128730089
irl,coal,2017,7286.502168804641
irl,gas,2017,11055.234299999991
irl,oil,2017,17783.917469826196
irn,coal,2017,1088.8081613350973
irn,gas,2017,390120.75995376013
irn,oil,2017,180240.97843655618
irq,coal,2017,0.0
irq,gas,2017,28276.98060000001
irq,oil,2017,85382.1094159119
isl,coal,2017,0.0
isl,gas,2017,0.0
isl,oil,2017,1688.5522101892013
isr,coal,2017,19077.985666241
isr,gas,2017,22161.968399999998
isr,oil,2017,23879.762121435495
ita,coal,2017,30490.23137955813
ita,gas,2017,158234.46233232008
ita,oil,2017,129623.08756784956
jam,coal,2017,195.027488245405
jam,gas,2017,433.148099999999
jam,oil,2017,6334.711371411605
jor,coal,2017,657.8653796139901
jor,gas,2017,8719.0059
jor,oil,2017,15613.85799601455
jpn,coal,2017,316763.6536207598
jpn,gas,2017,306749.69014272
jpn,oil,2017,382111.77713008935
kaz,coal,2017,120736.11686877672
kaz,gas,2017,34797.54150893673
kaz,oil,2017,37406.15965752294
ken,coal,2017,1105.94856139162
ken,gas,2017,0.0
ken,oil,2017,15181.656409008538
kgz,coal,2017,3460.513923148063
kgz,gas,2017,609.5265000000002
kgz,oil,2017,4829.617953486699
khm,coal,2017,0.0
khm,gas,2017,0.0
khm,oil,2017,6793.581587996468
kir,coal,2017,0.0
kir,gas,2017,0.0
kir,oil,2017,64.63442568079775
kna,coal,2017,0.0
kna,gas,2017,0.0
kna,oil,2017,104.17651367651757
kor,coal,2017,232811.79397294627
kor,gas,2017,126648.16229999987
kor,oil,2017,146715.31081973203
kwt,coal,2017,0.0
kwt,gas,2017,33800.979300000006
kwt,oil,2017,43668.84829520942
lao,coal,2017,14040.636209997487
lao,gas,2017,0.0
lao,oil,2017,3265.01733565014
lbn,coal,2017,655.666541150612
lbn,gas,2017,0.0
lbn,oil,2017,25792.440116779428
lbr,coal,2017,0.0
lbr,gas,2017,0.0
lbr,oil,2017,1195.2801150423568
lby,coal,2017,0.0
lby,gas,2017,16315.9557
lby,oil,2017,27758.59979343332
lca,coal,2017,0.0
lca,gas,2017,0.0
lca,oil,2017,103.24636623297735
lie,coal,2017,0.0
lie,gas,2017,0.0
lie,oil,2017,0.0
lka,coal,2017,5827.718923329339
lka,gas,2017,0.0
lka,oil,2017,15932.597068334242
lso,coal,2017,818.6504896454863
lso,gas,2017,0.0
lso,oil,2017,874.8433182437692
ltu,coal,2017,768.6642931672347
ltu,gas,2017,2386.272203039999
ltu,oil,2017,6241.680874250052
lux,coal,2017,186.46841273058902
lux,gas,2017,1823.3622000000018
lux,oil,2017,6709.184630866675
lva,coal,2017,152.26782961327675
lva,gas,2017,2534.4296999999997
lva,oil,2017,4147.004213679111
mac,coal,2017,0.0
mac,gas,2017,241.3381150485438
mac,oil,2017,1064.5670112131406
mar,coal,2017,17184.48981603086
mar,gas,2017,2665.9842
mar,oil,2017,38021.49094221135
mda,coal,2017,386.90848884858275
mda,gas,2017,5041.6509
mda,oil,2017,2628.305854934467
mdg,coal,2017,932.683286773602
mdg,gas,2017,0.0
mdg,oil,2017,2447.60787568828
mdv,coal,2017,0.0
mdv,gas,2017,0.0
mdv,oil,2017,1144.4095370541247
mex,coal,2017,44805.70855953341
mex,gas,2017,139377.86940000008
mex,oil,2017,236180.35675700454
mhl,coal,2017,0.0
mhl,gas,2017,0.0
mhl,oil,2017,106.45670112131407
mkd,coal,2017,3969.389847860064
mkd,gas,2017,590.0037
mkd,oil,2017,2891.861540435408
mli,coal,2017,0.0
mli,gas,2017,0.0
mli,oil,2017,1734.4277414018948
mlt,coal,2017,0.0
mlt,gas,2017,604.533599999999
mlt,oil,2017,991.8290388957093
mmr,coal,2017,2469.110034318579
mmr,gas,2017,8132.760900000011
mmr,oil,2017,19347.68451080573
mne,coal,2017,1303.5311732399998
mne,gas,2017,8.94925152
mne,oil,2017,946.822962139772
mng,coal,2017,15061.227397437488
mng,gas,2017,0.0
mng,oil,2017,3884.590374389979
moz,coal,2017,0.0
moz,gas,2017,1665.3845999999999
moz,oil,2017,4515.681101318571
mrt,coal,2017,0.0
mrt,gas,2017,0.0
mrt,oil,2017,2929.7078564442477
msr,coal,2017,0.0
msr,gas,2017,0.0
msr,oil,2017,20.46324375788737
mtq,coal,2017,0.0
mtq,gas,2017,0.0
mtq,oil,2017,593.4340689787346
mus,coal,2017,1821.034417585684
mus,gas,2017,0.0
mus,oil,2017,2347.055900024702
mwi,coal,2017,87.98580028900095
mwi,gas,2017,0.0
mwi,oil,2017,1297.0060822800076
mys,coal,2017,79814.36182565129
mys,gas,2017,52048.7946
mys,oil,2017,81151.47896199067
nam,coal,2017,94.1342263882173
nam,gas,2017,0.0
nam,oil,2017,3137.6930721914136
ncl,coal,2017,1303.41352392581
ncl,gas,2017,0.0
ncl,oil,2017,2361.057549869142
ner,coal,2017,263.86271612945177
ner,gas,2017,0.0
ner,oil,2017,1553.5919313612526
nga,coal,2017,1091.67825737367
nga,gas,2017,21242.37719999999
nga,oil,2017,55628.6445231579
nic,coal,2017,0.0
nic,gas,2017,0.0
nic,oil,2017,5067.094766543635
niu,coal,2017,0.0
niu,gas,2017,0.0
niu,oil,2017,11.40607512014078
nld,coal,2017,26149.216317568033
nld,gas,2017,81967.62661296
nld,oil,2017,34596.36521730161
nor,coal,2017,2070.56465656885
nor,gas,2017,2586.015490079999
nor,oil,2017,19054.594929154133
npl,coal,2017,3040.632399222634
npl,gas,2017,0.0
npl,oil,2017,6571.745622906435
nzl,coal,2017,2636.331454065989
nzl,gas,2017,8189.0853000000025
nzl,oil,2017,19122.426675302468
omn,coal,2017,0.0
omn,gas,2017,42577.3194
omn,oil,2017,17326.087004112578
pak,coal,2017,41597.613331225104
pak,gas,2017,68258.1603
pak,oil,2017,80286.83329943915
pan,coal,2017,0.0
pan,gas,2017,0.0
pan,oil,2017,9226.598433560377
per,coal,2017,2696.366938100454
per,gas,2017,15901.825500000019
per,oil,2017,29806.33425386824
phl,coal,2017,59131.29513750855
phl,gas,2017,8237.163
phl,oil,2017,53670.73974248021
plw,coal,2017,0.0
plw,gas,2017,0.0
plw,oil,2017,231.92352744286222
png,coal,2017,0.0
png,gas,2017,513.6170140776703
png,oil,2017,5109.92165382307
pol,coal,2017,190059.6001027281
pol,gas,2017,33382.357599359995
pol,oil,2017,74553.34379434002
pri,coal,2017,9.18950779797697
pri,gas,2017,39.01758240652794
pri,oil,2017,6265.590725765089
prk,coal,2017,63550.66826425156
prk,gas,2017,92.2845000000001
prk,oil,2017,2889.0640097053956
prt,coal,2017,12537.464365034963
prt,gas,2017,13298.312554560009
prt,oil,2017,22762.462892120166
pry,coal,2017,2.70177047905857
pry,gas,2017,0.0
pry,oil,2017,7706.8443172725465
pyf,coal,2017,0.0
pyf,gas,2017,0.0
pyf,oil,2017,889.6738593709799
qat,coal,2017,0.0
qat,gas,2017,41168.704499999985
qat,oil,2017,16833.603436762045
reu,coal,2017,946.8037205012064
reu,gas,2017,0.0
reu,oil,2017,3494.286974613188
rou,coal,2017,20217.352339141242
rou,gas,2017,23441.896093440002
rou,oil,2017,23442.598437545243
rus,coal,2017,359025.0674629922
rus,gas,2017,896980.5868848002
rus,oil,2017,275090.5231870034
rwa,coal,2017,117.74571306836485
rwa,gas,2017,64.1223
rwa,oil,2017,957.5693356505201
sau,coal,2017,0.0
sau,gas,2017,182010.8400000002
sau,oil,2017,329784.45833442226
sdn,coal,2017,0.0
sdn,gas,2017,0.0
sdn,oil,2017,19278.698204295084
sen,coal,2017,1290.101856730323
sen,gas,2017,53.3510999999999
sen,oil,2017,6607.022809988799
sgp,coal,2017,3465.3054923604195
sgp,gas,2017,29684.799328800007
sgp,oil,2017,10299.274207332383
slb,coal,2017,0.0
slb,gas,2017,0.0
slb,oil,2017,205.30935216253397
sle,coal,2017,0.0
sle,gas,2017,0.0
sle,oil,2017,1032.518567462123
slv,coal,2017,3.06368902257394
slv,gas,2017,0.0
slv,oil,2017,6034.58475923582
som,coal,2017,0.0
som,gas,2017,0.0
som,oil,2017,798.5488428155342
spm,coal,2017,0.0
spm,gas,2017,0.0
spm,oil,2017,17.672801427266393
srb,coal,2017,30738.11568551282
srb,gas,2017,4412.545500000001
srb,oil,2017,8755.388680205548
srb (kosovo),coal,2017,6725.55284807059
srb (kosovo),gas,2017,0.0
srb (kosovo),oil,2017,2181.3265515505177
ssd,coal,2017,0.0
ssd,gas,2017,0.0
ssd,oil,2017,1288.0130496195836
stp,coal,2017,0.0
stp,gas,2017,0.0
stp,oil,2017,142.41635413270666
sur,coal,2017,0.0
sur,gas,2017,0.0
sur,oil,2017,2416.289436360278
svk,coal,2017,5791.20126144648
svk,gas,2017,10462.40917392
svk,oil,2017,8702.132483974374
svn,coal,2017,4656.069646186465
svn,gas,2017,1911.4392000000003
svn,oil,2017,7066.6070693324
swe,coal,2017,3298.035979027878
swe,gas,2017,2563.1528999999996
swe,oil,2017,23153.19361080479
swz,coal,2017,145.08142418255756
swz,gas,2017,0.0
swz,oil,2017,910.1420415827049
sxm,coal,2017,0.0
sxm,gas,2017,0.0
sxm,oil,2017,330.9357697458162
syc,coal,2017,0.0
syc,gas,2017,0.0
syc,oil,2017,829.066632986828
syr,coal,2017,0.0
syr,gas,2017,6865.349700000002
syr,oil,2017,20742.144842316316
tca,coal,2017,0.0
tca,gas,2017,0.0
tca,oil,2017,48.36766706409748
tcd,coal,2017,0.0
tcd,gas,2017,0.0
tcd,oil,2017,747.6858591967092
tgo,coal,2017,0.0
tgo,gas,2017,83.1402000000001
tgo,oil,2017,1017.9267960153492
tha,coal,2017,64603.079198424115
tha,gas,2017,71167.78680000002
tha,oil,2017,99922.58878426187
tjk,coal,2017,2005.0145901399628
tjk,gas,2017,3575.4962284462226
tjk,oil,2017,3110.192849701997
tkl,coal,2017,0.0
tkl,gas,2017,0.0
tkl,oil,2017,0.0
tkm,coal,2017,0.0
tkm,gas,2017,51511.554898355236
tkm,oil,2017,15387.312428634401
tls,coal,2017,0.0
tls,gas,2017,0.0
tls,oil,2017,190.10125200234629
ton,coal,2017,0.0
ton,gas,2017,0.0
ton,oil,2017,106.45670112131407
tto,coal,2017,0.0
tto,gas,2017,7640.202899999988
tto,oil,2017,3816.3660430507935
tun,coal,2017,0.0
tun,gas,2017,13638.639299999992
tun,oil,2017,13597.09707143808
tur,coal,2017,143585.6279911626
tur,gas,2017,112628.21130000002
tur,oil,2017,113644.60547606589
twn,coal,2017,143655.60471930896
twn,gas,2017,62704.14801024011
twn,oil,2017,64786.68022277871
tza,coal,2017,1222.4893775382711
tza,gas,2017,3092.4003
tza,oil,2017,8187.747166478054
uga,coal,2017,240.216784302267
uga,gas,2017,0.0
uga,oil,2017,4804.645356748671
ukr,coal,2017,70886.54107946844
ukr,gas,2017,64427.98889999999
ukr,oil,2017,29541.40207443193
ury,coal,2017,0.0
ury,gas,2017,145.4112
ury,oil,2017,5582.509904931437
usa,coal,2017,1276062.251603557
usa,gas,2017,1455218.1465888
usa,oil,2017,1892058.7079755822
uzb,coal,2017,6873.1670850949595
uzb,gas,2017,94513.07250000001
uzb,oil,2017,9516.691069872248
vct,coal,2017,0.0
vct,gas,2017,0.0
vct,oil,2017,60.45958383012186
ven,coal,2017,498.707301323341
ven,gas,2017,33467.01599999999
ven,oil,2017,59722.21095430977
vgb,coal,2017,0.0
vgb,gas,2017,0.0
vgb,oil,2017,44.647077289936156
vir,coal,2017,0.263730647671585
vir,gas,2017,1.1197696878736374
vir,oil,2017,179.81684508879576
vnm,coal,2017,1813.70390136377
vnm,gas,2017,19848.4605
vnm,oil,2017,57933.34318650896
vut,coal,2017,0.0
vut,gas,2017,0.0
vut,oil,2017,148.27897656182998
wlf,coal,2017,0.0
wlf,gas,2017,0.0
wlf,oil,2017,26.614175280328475
wsm,coal,2017,0.0
wsm,gas,2017,0.0
wsm,oil,2017,243.329602563003
yem,coal,2017,275.892544347158
yem,gas,2017,44.9922
yem,oil,2017,7273.411235640526
zaf,coal,2017,288214.20222945965
zaf,gas,2017,8472.27810000001
zaf,oil,2017,70649.00137413209
zmb,coal,2017,2698.876778521597
zmb,gas,2017,0.0
zmb,oil,2017,3900.3634178463185
zwe,coal,2017,5954.803410140768
zwe,gas,2017,39.9432
zwe,oil,2017,3462.2472817685643
abw,coal,2018,0.0
abw,gas,2018,0.0
abw,oil,2018,623.1581893097488
afg,coal,2018,4040.918738799012
afg,gas,2018,391.4494601941747
afg,oil,2018,8551.286853555057
ago,coal,2018,0.0
ago,gas,2018,1484.8548
ago,oil,2018,16349.15996637537
alb,coal,2018,925.5412441193837
alb,gas,2018,19.2423
alb,oil,2018,3319.7672983800658
are,coal,2018,7423.9274306545385
are,gas,2018,123447.2085000001
are,oil,2018,44322.41839739223
arg,coal,2018,1727.3235743357861
arg,gas,2018,95912.8542081601
arg,oil,2018,64252.43906917849
arm,coal,2018,1020.255674948744
arm,gas,2018,1348.9872193077222
arm,oil,2018,1143.707492418233
asm,coal,2018,0.137311514124105
asm,gas,2018,0.6454739567434296
asm,oil,2018,94.31952242230402
atg,coal,2018,0.0
atg,gas,2018,0.0
atg,oil,2018,131.19119774942087
aus,coal,2018,174725.2345269076
aus,gas,2018,60895.1475
aus,oil,2018,124380.10076020252
aut,coal,2018,2954.546109860054
aut,gas,2018,19567.184704319996
aut,oil,2018,30160.713422548873
aze,coal,2018,2.13935481273268
aze,gas,2018,21829.85640000002
aze,oil,2018,10055.202934309205
bdi,coal,2018,5.328490932091869
bdi,gas,2018,0.0
bdi,oil,2018,298.496096174754
bel,coal,2018,2674.978883290032
bel,gas,2018,36233.60509295997
bel,oil,2018,41366.93793820826
ben,coal,2018,0.0
ben,gas,2018,42.0750000000001
ben,oil,2018,7185.8790209376375
bfa,coal,2018,0.0
bfa,gas,2018,0.0
bfa,oil,2018,2890.9899685073347
bgd,coal,2018,7725.93429863323
bgd,gas,2018,58790.556
bgd,oil,2018,27535.339455248886
bgr,coal,2018,22984.377117737717
bgr,gas,2018,5668.462034399999
bgr,oil,2018,11330.394838701355
bhr,coal,2018,0.0
bhr,gas,2018,25033.2786
bhr,oil,2018,4124.850471814501
bhs,coal,2018,0.0007942919544703
bhs,gas,2018,0.0
bhs,oil,2018,485.40743167285706
bih,coal,2018,15179.221053980325
bih,gas,2018,776.3118000000011
bih,oil,2018,4487.050411575428
blr,coal,2018,2841.141797515188
blr,gas,2018,40561.59478799999
blr,oil,2018,14387.147706724627
blz,coal,2018,0.0
blz,gas,2018,0.0410287284036679
blz,oil,2018,137.75075763689196
bmu,coal,2018,0.0
bmu,gas,2018,0.0
bmu,oil,2018,100.26755827991458
bol,coal,2018,19.6908070945446
bol,gas,2018,8361.7611
bol,oil,2018,11926.365315374887
bra,coal,2018,42396.26698176884
bra,gas,2018,76182.07041455999
bra,oil,2018,266392.42554810183
brb,coal,2018,0.0
brb,gas,2018,0.0923146389082533
brb,oil,2018,353.27915393951207
brn,coal,2018,0.0
brn,gas,2018,3437.303099999999
brn,oil,2018,1927.4298651701438
btn,coal,2018,89.49223782689471
btn,gas,2018,0.0
btn,oil,2018,411.71337763866455
bwa,coal,2018,4831.340208319937
bwa,gas,2018,0.0
bwa,oil,2018,3106.5939066860565
caf,coal,2018,0.0
caf,gas,2018,0.0
caf,oil,2018,431.1610278079784
can,coal,2018,49441.144993455426
can,gas,2018,174639.94618223977
can,oil,2018,223767.39372530748
che,coal,2018,418.64759724125906
che,gas,2018,7512.9681
che,oil,2018,24741.7518182928
chl,coal,2018,25077.879798391245
chl,gas,2018,9677.30609999999
chl,oil,2018,47642.63843594221
chn,coal,2018,6360093.1532033365
chn,gas,2018,873120.8561063998
chn,oil,2018,1363732.2188041988
civ,coal,2018,0.0
civ,gas,2018,4089.129
civ,oil,2018,6180.027437153656
cmr,coal,2018,0.0
cmr,gas,2018,1644.5715
cmr,oil,2018,5318.242164918714
cod,coal,2018,0.0
cod,gas,2018,0.6732
cod,oil,2018,3165.757623766156
cog,coal,2018,0.0
cog,gas,2018,1532.4276
cog,oil,2018,1619.9231259262503
cok,coal,2018,0.0
cok,gas,2018,0.0
cok,oil,2018,78.22554175134621
col,coal,2018,14648.2355304685
col,gas,2018,18091.46460000001
col,oil,2018,37761.1884844226
com,coal,2018,0.0
com,gas,2018,0.0
com,oil,2018,237.69133584285964
cpv,coal,2018,0.0
cpv,gas,2018,0.0
cpv,oil,2018,641.213836227249
cri,coal,2018,0.0
cri,gas,2018,0.0
cri,oil,2018,7678.8540394002885
cub,coal,2018,9.84540354727228
cub,gas,2018,2050.679399999999
cub,oil,2018,23236.75909559286
cuw,coal,2018,0.0
cuw,gas,2018,0.0
cuw,oil,2018,2486.614590654488
cym,coal,2018,0.0
cym,gas,2018,0.0
cym,oil,2018,148.99571744398537
cyp,coal,2018,0.0
cyp,gas,2018,0.0
cyp,oil,2018,6251.0450817568235
cze,coal,2018,55320.95842876312
cze,gas,2018,19555.64587679998
cze,oil,2018,20637.069835007587
deu,coal,2018,229935.8722058511
deu,gas,2018,199297.02060575996
deu,oil,2018,220299.21978751943
dji,coal,2018,0.0
dji,gas,2018,0.0
dji,oil,2018,713.0740075285792
dma,coal,2018,0.0
dma,gas,2018,0.0
dma,oil,2018,31.860719453430768
dnk,coal,2018,6228.362945912974
dnk,gas,2018,6253.816615200001
dnk,oil,2018,16297.26325706278
dom,coal,2018,2649.5197793339103
dom,gas,2018,2639.7855
dom,oil,2018,18216.379387827037
dza,coal,2018,330.878414437986
dza,gas,2018,81679.8048000001
dza,oil,2018,52769.39336582263
ecu,coal,2018,0.0
ecu,gas,2018,1227.355800000001
ecu,oil,2018,34471.62565171997
egy,coal,2018,10207.500111051586
egy,gas,2018,105760.72979999991
egy,oil,2018,90615.30118009169
eri,coal,2018,0.0
eri,gas,2018,0.0
eri,oil,2018,569.5966240738874
esh,coal,2018,0.0
esh,gas,2018,0.0
esh,oil,2018,0.0
esp,coal,2018,39752.30688150142
esp,gas,2018,62076.25589616001
esp,oil,2018,131786.38045156578
est,coal,2018,242.36936207984544
est,gas,2018,1796.6025000000013
est,oil,2018,42186.37685937383
eth,coal,2018,1536.63223652084
eth,gas,2018,0.0
eth,oil,2018,11421.327961440033
fin,coal,2018,13542.554874900552
fin,gas,2018,5431.564121280002
fin,oil,2018,19436.103718522216
fji,coal,2018,0.0
fji,gas,2018,0.0
fji,oil,2018,1321.5999422201112
flk,coal,2018,0.0047247346596157
flk,gas,2018,0.0
flk,oil,2018,11.244959807093217
fra,coal,2018,13394.344382655361
fra,gas,2018,92235.13756512004
fra,oil,2018,171502.99741298408
fro,coal,2018,0.0
fro,gas,2018,0.0
fro,oil,2018,0.0
fsm,coal,2018,0.0
fsm,gas,2018,0.0
fsm,oil,2018,201.7395550429456
gab,coal,2018,0.0
gab,gas,2018,732.2733
gab,oil,2018,1249.3320521431872
gbr,coal,2018,24318.775305467905
gbr,gas,2018,165165.62496192002
gbr,oil,2018,148420.85018652186
geo,coal,2018,1238.0748935225868
geo,gas,2018,4717.617299999999
geo,oil,2018,3513.073788235829
gha,coal,2018,0.0
gha,gas,2018,3489.19560000001
gha,oil,2018,13125.531712382626
gib,coal,2018,0.0
gib,gas,2018,0.0
gib,oil,2018,696.4250253760199
gin,coal,2018,0.0
gin,gas,2018,0.0
gin,oil,2018,3913.615483180106
global,coal,2018,0.0
global,gas,2018,293.6835
global,oil,2018,1472614.7425067052
glp,coal,2018,0.0
glp,gas,2018,0.0
glp,oil,2018,424.49723271776884
gmb,coal,2018,0.0
gmb,gas,2018,0.0
gmb,oil,2018,630.1584252578133
gnb,coal,2018,0.0
gnb,gas,2018,0.0
gnb,oil,2018,370.35626747608404
gnq,coal,2018,0.0
gnq,gas,2018,0.0
gnq,oil,2018,795.9895897993433
grc,coal,2018,19476.06091512278
grc,gas,2018,9575.547072960011
grc,oil,2018,28874.139945606184
grd,coal,2018,0.0
grd,gas,2018,0.0
grd,oil,2018,64.65851889078603
grl,coal,2018,0.0
grl,gas,2018,0.0
grl,oil,2018,0.0
gtm,coal,2018,4202.60453328817
gtm,gas,2018,0.0
gtm,oil,2018,12522.284869925828
guf,coal,2018,0.0
guf,gas,2018,0.0
guf,oil,2018,176.17103697779402
gum,coal,2018,0.0
gum,gas,2018,0.0
gum,oil,2018,0.0
guy,coal,2018,0.0
guy,gas,2018,0.1122
guy,oil,2018,2448.953532771377
hkg,coal,2018,24866.616493779104
hkg,gas,2018,7507.750799999991
hkg,oil,2018,10812.382844021988
hnd,coal,2018,0.0
hnd,gas,2018,0.0
hnd,oil,2018,8235.839586346232
hrv,coal,2018,1423.0032194530297
hrv,gas,2018,4335.849619200002
hrv,oil,2018,8662.236231170484
hti,coal,2018,0.0
hti,gas,2018,0.0
hti,oil,2018,3208.424580817288
hun,coal,2018,5792.390372035371
hun,gas,2018,20033.049067680007
hun,oil,2018,17489.707884888863
idn,coal,2018,214559.0026614805
idn,gas,2018,69083.4473999999
idn,oil,2018,223280.33950509905
ind,coal,2018,1516618.2721135141
ind,gas,2018,108238.0497000001
ind,oil,2018,552693.5358414744
irl,coal,2018,5819.893743681999
irl,gas,2018,11517.610499999997
irl,oil,2018,18409.586238567812
irn,coal,2018,1320.6883291328922
irn,gas,2018,377690.4096345601
irn,oil,2018,187238.6840079088
irq,coal,2018,0.0
irq,gas,2018,34589.9696999999
irq,oil,2018,88186.35347599028
isl,coal,2018,0.0
isl,gas,2018,0.0
isl,oil,2018,1717.4001586532863
isr,coal,2018,18018.6713152807
isr,gas,2018,20145.4539
isr,oil,2018,22331.37610049959
ita,coal,2018,27785.53865433205
ita,gas,2018,152547.68557776
ita,oil,2018,133023.1531718763
jam,coal,2018,206.919408260368
jam,gas,2018,521.056799999999
jam,oil,2018,7645.695041239875
jor,coal,2018,823.72057358334
jor,gas,2018,8878.94699999999
jor,oil,2018,13894.986263257353
jpn,coal,2018,304136.26995222946
jpn,gas,2018,294065.0064792
jpn,oil,2018,365971.3375087216
kaz,coal,2018,128301.09272394609
kaz,gas,2018,33237.910720184904
kaz,oil,2018,35657.609418893626
ken,coal,2018,1648.22011407397
ken,gas,2018,0.0
ken,oil,2018,14608.09037192114
kgz,coal,2018,4152.380734075388
kgz,gas,2018,642.6255000000001
kgz,oil,2018,5574.7604940509145
khm,coal,2018,0.0
khm,gas,2018,0.0
khm,oil,2018,6912.327385369022
kir,coal,2018,0.0
kir,gas,2018,0.0
kir,oil,2018,69.99127419857294
kna,coal,2018,0.0
kna,gas,2018,0.0
kna,oil,2018,104.95295819953674
kor,coal,2018,240405.3510108821
kor,gas,2018,141790.1880700799
kor,oil,2018,143490.29736624126
kwt,coal,2018,0.0
kwt,gas,2018,35768.8551
kwt,oil,2018,43279.93375538056
lao,coal,2018,14218.000958551156
lao,gas,2018,0.0
lao,oil,2018,3360.843802299222
lbn,coal,2018,642.910382762468
lbn,gas,2018,0.0
lbn,oil,2018,24277.70880647742
lbr,coal,2018,0.0
lbr,gas,2018,0.0
lbr,oil,2018,1299.0107889086526
lby,coal,2018,0.0
lby,gas,2018,15805.7262
lby,oil,2018,28402.43707420873
lca,coal,2018,0.0
lca,gas,2018,0.0
lca,oil,2018,104.01587821561235
lie,coal,2018,0.0
lie,gas,2018,0.0
lie,oil,2018,0.0
lka,coal,2018,5630.489678358063
lka,gas,2018,0.0
lka,oil,2018,14725.449769564288
lso,coal,2018,760.1980396451064
lso,gas,2018,0.0
lso,oil,2018,950.7653433714376
ltu,coal,2018,828.2166227384175
ltu,gas,2018,2368.10558688
ltu,oil,2018,6611.191330816786
lux,coal,2018,160.89678521340898
lux,gas,2018,1797.668400000001
lux,oil,2018,7061.572792618228
lva,coal,2018,185.5741327503367
lva,gas,2018,2985.642000000001
lva,oil,2018,4176.266704442931
mac,coal,2018,0.0
mac,gas,2018,181.7443922330101
mac,oil,2018,1152.797457388259
mar,coal,2018,19877.04921946171
mar,gas,2018,2404.4460000000004
mar,oil,2018,36939.76853749648
mda,coal,2018,319.5156100082501
mda,gas,2018,5476.089300000004
mda,oil,2018,2748.320830790812
mdg,coal,2018,832.119126888922
mdg,gas,2018,0.0
mdg,oil,2018,2309.398590497245
mdv,coal,2018,0.0
mdv,gas,2018,0.0
mdv,oil,2018,1239.2572666923775
mex,coal,2018,36786.23458712288
mex,gas,2018,129445.30830000002
mex,oil,2018,220598.67396199022
mhl,coal,2018,0.0
mhl,gas,2018,0.0
mhl,oil,2018,115.27974573882592
mkd,coal,2018,3543.754092301348
mkd,gas,2018,543.4967999999999
mkd,oil,2018,2857.198705519698
mli,coal,2018,0.0
mli,gas,2018,0.0
mli,oil,2018,1884.947570288727
mlt,coal,2018,0.0
mlt,gas,2018,763.0722
mlt,oil,2018,869.9841344786181
mmr,coal,2018,2768.517923045369
mmr,gas,2018,7424.04959999999
mmr,oil,2018,19596.235668492416
mne,coal,2018,1480.254057568
mne,gas,2018,11.93233536
mne,oil,2018,991.5083183826908
mng,coal,2018,16667.956380241412
mng,gas,2018,0.0
mng,oil,2018,4090.509229131372
moz,coal,2018,0.0
moz,gas,2018,1644.291
moz,oil,2018,4185.091179775776
mrt,coal,2018,0.0
mrt,gas,2018,0.0
mrt,oil,2018,3183.958359197374
msr,coal,2018,0.0
msr,gas,2018,0.0
msr,oil,2018,20.615759646337594
mtq,coal,2018,0.0
mtq,gas,2018,0.0
mtq,oil,2018,597.8570297437894
mus,coal,2018,1727.709394871043
mus,gas,2018,0.0
mus,oil,2018,2400.48304174742
mwi,coal,2018,81.70352762540871
mwi,gas,2018,0.0
mwi,oil,2018,1409.5648986030046
mys,coal,2018,85541.97843808262
mys,gas,2018,55479.30959999988
mys,oil,2018,78640.84361019213
nam,coal,2018,31.3780754627391
nam,gas,2018,0.0
nam,oil,2018,3163.218587377761
ncl,coal,2018,1411.223750347181
ncl,gas,2018,0.0
ncl,oil,2018,2556.740075136107
ner,coal,2018,254.42058972945173
ner,gas,2018,75.7911
ner,oil,2018,1549.9880002395068
nga,coal,2018,1277.1922096071
nga,gas,2018,23233.927200000002
nga,oil,2018,59397.63174265638
nic,coal,2018,0.0
nic,gas,2018,0.0
nic,oil,2018,4693.9921769781195
niu,coal,2018,0.0
niu,gas,2018,0.0
niu,oil,2018,12.35140132915993
nld,coal,2018,22527.63983138059
nld,gas,2018,80732.74686048001
nld,oil,2018,34742.75519856116
nor,coal,2018,1918.1279876850097
nor,gas,2018,2448.084529439999
nor,oil,2018,19266.434110905986
npl,coal,2018,3758.527329732171
npl,gas,2018,0.0
npl,oil,2018,7139.744051102139
nzl,coal,2018,3245.6894563906712
nzl,gas,2018,7102.2038999999995
nzl,oil,2018,19297.40310955931
omn,coal,2018,0.0
omn,gas,2018,46719.3507
omn,oil,2018,17297.30667615095
pak,coal,2018,49278.2452058117
pak,gas,2018,64671.01409999999
pak,oil,2018,62603.35591583336
pan,coal,2018,0.0
pan,gas,2018,579.569099999999
pan,oil,2018,8263.937697276016
per,coal,2018,2415.3828082783602
per,gas,2018,16486.66799999999
per,oil,2018,30427.77052830886
phl,coal,2018,62474.198479936305
phl,gas,2018,8896.2258
phl,oil,2018,54624.22790984373
plw,coal,2018,0.0
plw,gas,2018,0.0
plw,oil,2018,251.14516035958522
png,coal,2018,0.0
png,gas,2018,386.78934757281553
png,oil,2018,5533.427795463645
pol,coal,2018,185255.65714952865
pol,gas,2018,34688.25860543999
pol,oil,2018,76572.44404810866
pri,coal,2018,9.18950779797697
pri,gas,2018,43.198037664370375
pri,oil,2018,6312.289193882421
prk,coal,2018,57093.24947788925
prk,gas,2018,68.5542000000001
prk,oil,2018,2863.900267928697
prt,coal,2018,10398.892976202458
prt,gas,2018,12236.303022240008
prt,oil,2018,22695.16321091879
pry,coal,2018,13.5088523952929
pry,gas,2018,0.0
pry,oil,2018,8107.299892033567
pyf,coal,2018,0.0
pyf,gas,2018,0.0
pyf,oil,2018,963.4093036744736
qat,coal,2018,0.0
qat,gas,2018,41463.6222
qat,oil,2018,15268.85105313324
reu,coal,2018,879.2010037951593
reu,gas,2018,0.0
reu,oil,2018,3797.5336680010373
rou,coal,2018,19204.043471245375
rou,gas,2018,24279.33400463999
rou,oil,2018,24241.734826140975
rus,coal,2018,388796.84491873364
rus,gas,2018,908028.1485000001
rus,oil,2018,292761.84414557845
rwa,coal,2018,151.290053867783
rwa,gas,2018,105.6924
rwa,oil,2018,1033.1990074582013
sau,coal,2018,0.0
sau,gas,2018,184368.3303000002
sau,oil,2018,303510.9460606827
sdn,coal,2018,0.0
sdn,gas,2018,0.0
sdn,oil,2018,19185.86059240929
sen,coal,2018,1658.0197936497088
sen,gas,2018,27.7695
sen,oil,2018,6744.352846728586
sgp,coal,2018,1843.2476023193713
sgp,gas,2018,30599.71376351999
sgp,oil,2018,9017.98064126201
slb,coal,2018,0.0
slb,gas,2018,0.0
slb,oil,2018,222.32522392487874
sle,coal,2018,0.0
sle,gas,2018,0.0
sle,oil,2018,1122.124213397686
slv,coal,2018,3.06368902257394
slv,gas,2018,0.0
slv,oil,2018,6477.404597489639
som,coal,2018,0.0
som,gas,2018,0.0
som,oil,2018,867.8497611006726
spm,coal,2018,0.0
spm,gas,2018,0.0
spm,oil,2018,17.804519694564284
srb,coal,2018,28796.579616592637
srb,gas,2018,4688.613599999999
srb,oil,2018,8795.915565848814
srb (kosovo),coal,2018,6819.265486146759
srb (kosovo),gas,2018,0.0
srb (kosovo),oil,2018,2214.4049935627045
ssd,coal,2018,0.0
ssd,gas,2018,0.0
ssd,oil,2018,1555.4493567545321
stp,coal,2018,0.0
stp,gas,2018,0.0
stp,oil,2018,154.77575357209452
sur,coal,2018,0.0
sur,gas,2018,0.0
sur,oil,2018,2109.9402413388843
svk,coal,2018,5715.144912077795
svk,gas,2018,10259.773999199999
svk,oil,2018,8719.590744108726
svn,coal,2018,4615.293762754216
svn,gas,2018,1874.3010000000002
svn,oil,2018,7069.150838368334
swe,coal,2018,3485.423640730948
swe,gas,2018,2571.3435
swe,oil,2018,22451.064093150966
swz,coal,2018,145.08142418255756
swz,gas,2018,0.0
swz,oil,2018,910.1420415827049
sxm,coal,2018,0.0
sxm,gas,2018,0.0
sxm,oil,2018,333.402287935205
syc,coal,2018,0.0
syc,gas,2018,0.0
syc,oil,2018,901.0159940089795
syr,coal,2018,0.0
syr,gas,2018,6828.211500000011
syr,oil,2018,24902.31456008454
tca,coal,2018,0.0
tca,gas,2018,0.0
tca,oil,2018,48.72815916407071
tcd,coal,2018,0.0
tcd,gas,2018,0.0
tcd,oil,2018,812.572706253496
tgo,coal,2018,0.0
tgo,gas,2018,95.9310000000001
tgo,oil,2018,1395.3998219964312
tha,coal,2018,62377.718767432
tha,gas,2018,70374.9815999999
tha,oil,2018,98348.29269215092
tjk,coal,2018,2234.0933422429034
tjk,gas,2018,4021.061530721681
tjk,oil,2018,3632.586496508331
tkl,coal,2018,0.0
tkl,gas,2018,0.0
tkl,oil,2018,0.0
tkm,coal,2018,0.0
tkm,gas,2018,56608.80760219974
tkm,oil,2018,16446.79528129698
tls,coal,2018,0.0
tls,gas,2018,0.0
tls,oil,2018,205.85668881933222
ton,coal,2018,0.0
ton,gas,2018,0.0
ton,oil,2018,115.27974573882592
tto,coal,2018,0.0
tto,gas,2018,7412.2686
tto,oil,2018,3113.0624685946154
tun,coal,2018,0.0
tun,gas,2018,13985.44949999999
tun,oil,2018,13291.683240919718
tur,coal,2018,146650.27702108453
tur,gas,2018,102676.29570000009
tur,oil,2018,113064.19316016379
twn,coal,2018,139830.46754243676
twn,gas,2018,64642.58208144011
twn,oil,2018,59664.83295762163
tza,coal,2018,1196.3271535053486
tza,gas,2018,3583.219200000002
tza,oil,2018,8346.470656780531
uga,coal,2018,235.4600162962808
uga,gas,2018,0.0
uga,oil,2018,5379.523634618146
ukr,coal,2018,79573.1553144914
ukr,gas,2018,66789.294
ukr,oil,2018,29080.599832312655
ury,coal,2018,0.0
ury,gas,2018,139.6328999999999
ury,oil,2018,5727.962265782754
usa,coal,2018,1224783.9907908544
usa,gas,2018,1629803.6165294428
usa,oil,2018,1936733.6246261692
uzb,coal,2018,7795.0187898557815
uzb,gas,2018,81075.49560000002
uzb,oil,2018,10445.821854585547
vct,coal,2018,0.0
vct,gas,2018,0.0
vct,oil,2018,60.91019895508831
ven,coal,2018,400.092863208556
ven,gas,2018,31699.75379999999
ven,oil,2018,54898.897300848264
vgb,coal,2018,0.0
vgb,gas,2018,0.0
vgb,oil,2018,44.97983922837288
vir,coal,2018,0.263730647671585
vir,gas,2018,1.2397450115743849
vir,oil,2018,181.1570493209058
vnm,coal,2018,9298.29618351191
vnm,gas,2018,19704.732300000003
vnm,oil,2018,60946.837025644636
vut,coal,2018,0.0
vut,gas,2018,0.0
vut,oil,2018,160.56821727907885
wlf,coal,2018,0.0
wlf,gas,2018,0.0
wlf,oil,2018,28.819936434706502
wsm,coal,2018,0.0
wsm,gas,2018,0.0
wsm,oil,2018,263.49656168874503
yem,coal,2018,278.270928350151
yem,gas,2018,44.9922
yem,oil,2018,9050.84368239005
zaf,coal,2018,291788.0629379029
zaf,gas,2018,8108.5818
zaf,oil,2018,71141.47085162086
zmb,coal,2018,3680.4935646336767
zmb,gas,2018,0.0
zmb,oil,2018,3733.31088170726
zwe,coal,2018,6377.108347535442
zwe,gas,2018,48.4704000000001
zwe,oil,2018,4293.282964413108
abw,coal,2019,0.0
abw,gas,2019,0.0
abw,oil,2019,637.30272773494
afg,coal,2019,4200.474328485495
afg,gas,2019,394.4233048543701
afg,oil,2019,8632.534170120294
ago,coal,2019,0.0
ago,gas,2019,1751.8346999999999
ago,oil,2019,18039.238540944105
alb,coal,2019,475.8128662880204
alb,gas,2019,16.8861
alb,oil,2019,3404.209680465254
are,coal,2019,6863.70924796281
are,gas,2019,139740.6680999999
are,oil,2019,41983.14275722545
arg,coal,2019,768.3505560274781
arg,gas,2019,91334.38447584012
arg,oil,2019,61669.74882233823
arm,coal,2019,1024.050706781252
arm,gas,2019,1251.7989906502648
arm,oil,2019,998.7342671539511
asm,coal,2019,0.137311514124105
asm,gas,2019,0.6006271309647304
asm,oil,2019,96.46040114625319
atg,coal,2019,0.0
atg,gas,2019,0.0
atg,oil,2019,134.16899531261873
aus,coal,2019,171490.54811720364
aus,gas,2019,60522.13860000002
aus,oil,2019,122913.30082842581
aut,coal,2019,2907.720700323822
aut,gas,2019,19888.112069759994
aut,oil,2019,30310.203362995577
aze,coal,2019,2.03205318371548
aze,gas,2019,23594.2014
aze,oil,2019,10135.04899112256
bdi,coal,2019,5.403520268471286
bdi,gas,2019,0.0
bdi,oil,2019,322.563084099713
bel,coal,2019,2592.585130634988
bel,gas,2019,36281.70433536005
bel,oil,2019,39978.51775615851
ben,coal,2019,242.595168305259
ben,gas,2019,123.0834
ben,oil,2019,6710.359566792781
bfa,coal,2019,0.0
bfa,gas,2019,0.0
bfa,oil,2019,3124.083203410185
bgd,coal,2019,8784.9949552998
bgd,gas,2019,61665.96149999998
bgd,oil,2019,27432.845241748495
bgr,coal,2019,20897.56291844439
bgr,gas,2019,5283.736043519999
bgr,oil,2019,11653.882081354725
bhr,coal,2019,0.0
bhr,gas,2019,27977.3505
bhr,oil,2019,4044.423613281653
bhs,coal,2019,0.0007942919544703
bhs,gas,2019,0.0
bhs,oil,2019,496.4252826566893
bih,coal,2019,13694.262765623414
bih,gas,2019,774.1239000000011
bih,oil,2019,4678.695392124146
blr,coal,2019,3058.3077975651568
blr,gas,2019,38708.19431424
blr,oil,2019,14209.272174734024
blz,coal,2019,0.0
blz,gas,2019,0.038178097149815196
blz,oil,2019,140.8774450782497
bmu,coal,2019,0.0
bmu,gas,2019,0.0
bmu,oil,2019,102.54344641750146
bol,coal,2019,22.1521579813626
bol,gas,2019,7958.065499999999
bol,oil,2019,12225.485543074908
bra,coal,2019,41332.264733657496
bra,gas,2019,75786.02586720002
bra,oil,2019,268814.1461216591
brb,coal,2019,0.0
brb,gas,2019,0.0859007185870842
brb,oil,2019,361.29793737755233
brn,coal,2019,637.222629142
brn,gas,2019,3060.7357545600003
brn,oil,2019,1873.1248246516707
btn,coal,2019,93.02583691705499
btn,gas,2019,0.0
btn,oil,2019,415.62514059317726
bwa,coal,2019,4139.594964625314
bwa,gas,2019,0.0
bwa,oil,2019,2950.335957819708
caf,coal,2019,0.0
caf,gas,2019,0.0
caf,oil,2019,465.9244548106955
can,coal,2019,48139.22676888276
can,gas,2019,173800.69808111986
can,oil,2019,220592.39492379827
che,coal,2019,374.3059694733334
che,gas,2019,7714.198800000011
che,oil,2019,24440.84463195084
chl,coal,2019,29489.915421879847
chl,gas,2019,11073.074099999993
chl,oil,2019,47661.92242343994
chn,coal,2019,6350459.0805883575
chn,gas,2019,952456.7044396799
chn,oil,2019,1376882.3822857586
civ,coal,2019,0.0
civ,gas,2019,4360.372500000009
civ,oil,2019,6544.916120484262
cmr,coal,2019,0.0
cmr,gas,2019,1552.4553
cmr,oil,2019,5282.767652992364
cod,coal,2019,0.0
cod,gas,2019,0.0
cod,oil,2019,3285.1043724209285
cog,coal,2019,0.0
cog,gas,2019,2150.2008
cog,oil,2019,1692.879834864634
cok,coal,2019,0.0
cok,gas,2019,0.0
cok,oil,2019,78.96877671270374
col,coal,2019,16964.30812687033
col,gas,2019,14229.26009999999
col,oil,2019,39222.11187424318
com,coal,2019,0.0
com,gas,2019,0.0
com,oil,2019,256.8557891905124
cpv,coal,2019,0.0
cpv,gas,2019,0.0
cpv,oil,2019,692.9132917697539
cri,coal,2019,0.0
cri,gas,2019,0.0
cri,oil,2019,7533.599743018794
cub,coal,2019,2.46135088681807
cub,gas,2019,2010.567900000001
cub,oil,2019,19193.8259655482
cuw,coal,2019,0.0
cuw,gas,2019,0.0
cuw,oil,2019,2472.9806827213265
cym,coal,2019,0.0
cym,gas,2019,0.0
cym,oil,2019,152.37764467647423
cyp,coal,2019,0.0
cyp,gas,2019,0.0
cyp,oil,2019,6240.535340188706
cze,coal,2019,49423.077519487444
cze,gas,2019,20099.78912831999
cze,oil,2019,20755.888502222297
deu,coal,2019,178430.57483142262
deu,gas,2019,197452.3827724797
deu,oil,2019,227094.60859133088
dji,coal,2019,0.0
dji,gas,2019,0.0
dji,oil,2019,770.567367571537
dma,coal,2019,0.0
dma,gas,2019,0.0
dma,oil,2019,32.583898861636015
dnk,coal,2019,3679.263612265517
dnk,gas,2019,5981.9560152
dnk,oil,2019,15915.555739026762
dom,coal,2019,3933.847140949987
dom,gas,2019,3054.7011
dom,oil,2019,19327.974666494545
dza,coal,2019,272.668323009081
dza,gas,2019,84536.58509999998
dza,oil,2019,54812.42332172038
ecu,coal,2019,0.0
ecu,gas,2019,1087.049700000002
ecu,oil,2019,34304.24620046309
egy,coal,2019,7185.187669637596
egy,gas,2019,99757.2444000001
egy,oil,2019,79587.92173052927
eri,coal,2019,0.0
eri,gas,2019,0.0
eri,oil,2019,591.7097240727486
esh,coal,2019,0.0
esh,gas,2019,0.0
esh,oil,2019,0.0
esp,coal,2019,15494.420896023843
esp,gas,2019,72155.07167087996
esp,oil,2019,130223.81087972746
est,coal,2019,203.53281892376788
est,gas,2019,1724.626199999999
est,oil,2019,21081.409132276174
eth,coal,2019,1649.89788883577
eth,gas,2019,0.0
eth,oil,2019,12703.929666165415
fin,coal,2019,11524.887252738861
fin,gas,2019,5166.035640480009
fin,oil,2019,18923.657961296383
fji,coal,2019,0.0
fji,gas,2019,0.0
fji,oil,2019,1334.1567013040992
flk,coal,2019,0.0047247346596157
flk,gas,2019,0.0
flk,oil,2019,11.500199598224471
fra,coal,2019,8292.208157727706
fra,gas,2019,94724.03094
fra,oil,2019,169800.38222550447
fro,coal,2019,0.0
fro,gas,2019,0.0
fro,oil,2019,0.0
fsm,coal,2019,0.0
fsm,gas,2019,0.0
fsm,oil,2019,203.65631889065662
gab,coal,2019,0.0
gab,gas,2019,744.222600000001
gab,oil,2019,1278.1347857763042
gbr,coal,2019,14364.048522354084
gbr,gas,2019,161957.43758303998
gbr,oil,2019,146399.86338860224
geo,coal,2019,976.4988169808609
geo,gas,2019,5455.556700000001
geo,oil,2019,3678.0331579492045
gha,coal,2019,0.0
gha,gas,2019,4693.494299999989
gha,oil,2019,13044.09280165798
gib,coal,2019,0.0
gib,gas,2019,41.0652
gib,oil,2019,690.598034985981
gin,coal,2019,0.0
gin,gas,2019,0.0
gin,oil,2019,4229.160435974016
global,coal,2019,0.0
global,gas,2019,545.0676
global,oil,2019,1475283.35375584
glp,coal,2019,0.0
glp,gas,2019,0.0
glp,oil,2019,434.1325348329745
gmb,coal,2019,0.0
gmb,gas,2019,0.0
gmb,oil,2019,680.9665108771712
gnb,coal,2019,0.0
gnb,gas,2019,0.0
gnb,oil,2019,400.2171599014961
gnq,coal,2019,0.0
gnq,gas,2019,0.0
gnq,oil,2019,860.1682242659007
grc,coal,2019,13214.030005219505
grc,gas,2019,10828.998438720011
grc,oil,2019,29223.041278026416
grd,coal,2019,0.0
grd,gas,2019,0.0
grd,oil,2019,66.12614768979071
grl,coal,2019,0.0
grl,gas,2019,0.0
grl,oil,2019,0.0
gtm,coal,2019,4102.71240516248
gtm,gas,2019,0.0
gtm,oil,2019,13611.529115359363
guf,coal,2019,0.0
guf,gas,2019,0.0
guf,oil,2019,180.16979370551678
gum,coal,2019,0.0
gum,gas,2019,0.0
gum,oil,2019,0.0
guy,coal,2019,0.0
guy,gas,2019,0.897600000000001
guy,oil,2019,2652.5870061435853
hkg,coal,2019,23809.1504606197
hkg,gas,2019,7714.030500000003
hkg,oil,2019,10994.481014934958
hnd,coal,2019,59.4596000748185
hnd,gas,2019,0.0
hnd,oil,2019,9397.874795752152
hrv,coal,2019,1642.1254938573259
hrv,gas,2019,4501.585983840001
hrv,oil,2019,8583.424369722614
hti,coal,2019,0.0
hti,gas,2019,0.0
hti,oil,2019,3233.9507459510064
hun,coal,2019,5011.932985239527
hun,gas,2019,20294.138467680004
hun,oil,2019,18123.89500810674
idn,coal,2019,265376.01305559766
idn,gas,2019,70768.29870000009
idn,oil,2019,210248.1547646963
ind,coal,2019,1493006.7090014187
ind,gas,2019,115380.75780000011
ind,oil,2019,552616.6237759741
irl,coal,2019,4157.317132587161
irl,gas,2019,11703.469800000006
irl,oil,2019,18402.44095038114
irn,coal,2019,1081.4024523491164
irn,gas,2019,410691.9560356799
irn,oil,2019,205825.1917630647
irq,coal,2019,0.0
irq,gas,2019,42247.45140000009
irq,oil,2019,91540.76136713036
isl,coal,2019,0.0
isl,gas,2019,0.0
isl,oil,2019,1654.447116125256
isr,coal,2019,19027.178221553197
isr,gas,2019,20185.00439999999
isr,oil,2019,22644.685819203027
ita,coal,2019,19907.695478960613
ita,gas,2019,156338.2190515202
ita,oil,2019,130097.84366300548
jam,coal,2019,235.460016296281
jam,gas,2019,609.133800000001
jam,oil,2019,7284.511969745733
jor,coal,2019,836.6296661531861
jor,gas,2019,8725.79399999999
jor,oil,2019,12740.709413049497
jpn,coal,2019,299554.5488364989
jpn,gas,2019,281582.01138144004
jpn,oil,2019,352489.3407440755
kaz,coal,2019,125536.55442487965
kaz,gas,2019,38873.1178507834
kaz,oil,2019,32219.686402643052
ken,coal,2019,1457.94939383455
ken,gas,2019,0.0
ken,oil,2019,15112.584615033347
kgz,coal,2019,4140.576018844178
kgz,gas,2019,601.6725000000002
kgz,oil,2019,4221.50229036558
khm,coal,2019,0.0
khm,gas,2019,0.0
khm,oil,2019,8583.900553853455
kir,coal,2019,0.0
kir,gas,2019,0.0
kir,oil,2019,70.65627390084008
kna,coal,2019,0.0
kna,gas,2019,0.0
kna,oil,2019,107.33519625009498
kor,coal,2019,220662.89189693128
kor,gas,2019,136890.6383803201
kor,oil,2019,144230.18268470926
kwt,coal,2019,0.0
kwt,gas,2019,37231.71870000001
kwt,oil,2019,40581.94988841277
lao,coal,2019,14265.55994938584
lao,gas,2019,0.0
lao,oil,2019,2685.3228685018694
lbn,coal,2019,599.539444242777
lbn,gas,2019,0.0
lbn,oil,2019,24438.772085321594
lbr,coal,2019,0.0
lbr,gas,2019,0.0
lbr,oil,2019,1403.7467548783795
lby,coal,2019,0.0
lby,gas,2019,16201.792199999998
lby,oil,2019,28054.138495683044
lca,coal,2019,0.0
lca,gas,2019,0.0
lca,oil,2019,106.3768462835764
lie,coal,2019,0.0
lie,gas,2019,0.0
lie,oil,2019,0.0
lka,coal,2019,6205.966790397534
lka,gas,2019,0.0
lka,oil,2019,15991.787578451356
lso,coal,2019,770.9022249685717
lso,gas,2019,0.0
lso,oil,2019,1027.4231567620473
ltu,coal,2019,774.6423513358718
ltu,gas,2019,2200.5616353600017
ltu,oil,2019,6831.012881014888
lux,coal,2019,181.95675223327993
lux,gas,2019,1793.741400000003
lux,oil,2019,7210.489785723486
lva,coal,2019,158.23450774988902
lva,gas,2019,2805.2805
lva,oil,2019,4139.345246762482
mac,coal,2019,0.0
mac,gas,2019,183.12510582524277
mac,oil,2019,1163.7503936608962
mar,coal,2019,25725.78752625191
mar,gas,2019,2268.8523
mar,oil,2019,37666.692562289
mda,coal,2019,392.4573287046856
mda,gas,2019,5652.1871999999985
mda,oil,2019,2831.2370399462698
mdg,coal,2019,867.612359789397
mdg,gas,2019,0.0
mdg,oil,2019,2994.755937205919
mdv,coal,2019,0.0
mdv,gas,2019,0.0
mdv,oil,2019,1251.031673185462
mex,coal,2019,36402.49005754079
mex,gas,2019,125499.57089999992
mex,oil,2019,234898.10867977852
mhl,coal,2019,0.0
mhl,gas,2019,0.0
mhl,oil,2019,116.37503936608962
mkd,coal,2019,4230.4998890369925
mkd,gas,2019,633.93
mkd,oil,2019,3113.7173871380346
mli,coal,2019,0.0
mli,gas,2019,0.0
mli,oil,2019,2036.9261421852234
mlt,coal,2019,0.0
mlt,gas,2019,797.517600000001
mlt,oil,2019,949.0802411967553
mmr,coal,2019,3726.71555823351
mmr,gas,2019,6357.86909999999
mmr,oil,2019,20188.59841302936
mne,coal,2019,1528.91284595
mne,gas,2019,14.9154192
mne,oil,2019,1042.400293766308
mng,coal,2019,17118.478128263334
mng,gas,2019,0.0
mng,oil,2019,5162.068179715228
moz,coal,2019,0.0
moz,gas,2019,1917.3297000000002
moz,oil,2019,4495.975230561849
mrt,coal,2019,0.0
mrt,gas,2019,0.0
mrt,oil,2019,3440.672897063604
msr,coal,2019,0.0
msr,gas,2019,0.0
msr,oil,2019,21.08369926341154
mtq,coal,2019,0.0
mtq,gas,2019,0.0
mtq,oil,2019,611.4272786389344
mus,coal,2019,1588.9183354492723
mus,gas,2019,0.0
mus,oil,2019,2598.367855949654
mwi,coal,2019,82.85397744989315
mwi,gas,2019,0.0
mwi,oil,2019,1523.2145638041986
mys,coal,2019,77687.79558976983
mys,gas,2019,58911.56370000009
mys,oil,2019,84089.99726086415
nam,coal,2019,73.2155094130579
nam,gas,2019,0.0
nam,oil,2019,3201.922601254163
ncl,coal,2019,1466.9458898458715
ncl,gas,2019,0.0
ncl,oil,2019,2581.032123083629
ner,coal,2019,239.07713432945172
ner,gas,2019,125.7546576
ner,oil,2019,1762.6123941140625
nga,coal,2019,1291.46251362506
nga,gas,2019,22540.9239
nga,oil,2019,63999.86360557181
nic,coal,2019,0.0
nic,gas,2019,0.0
nic,oil,2019,4841.701259813937
niu,coal,2019,0.0
niu,gas,2019,0.0
niu,oil,2019,12.468754217795308
nld,coal,2019,15895.509012434994
nld,gas,2019,82917.84931056
nld,oil,2019,34469.73197900744
nor,coal,2019,2033.8003882979617
nor,gas,2019,2383.6471718400007
nor,oil,2019,18517.099784471546
npl,coal,2019,3983.158969278699
npl,gas,2019,0.0
npl,oil,2019,5347.754833598564
nzl,coal,2019,3490.4332136601674
nzl,gas,2019,7867.3518
nzl,oil,2019,19554.429669195437
omn,coal,2019,0.0
omn,gas,2019,46428.0795
omn,oil,2019,17222.354287242702
pak,coal,2019,54538.20806405714
pak,gas,2019,58915.2663
pak,oil,2019,60792.2311364457
pan,coal,2019,0.0
pan,gas,2019,1802.6613
pan,oil,2019,8857.462596668562
per,coal,2019,2572.0854960637544
per,gas,2019,17409.90570000001
per,oil,2019,31511.01397007696
phl,coal,2019,66929.36582295252
phl,gas,2019,9124.889400000011
phl,oil,2019,56507.56072478875
plw,coal,2019,0.0
plw,gas,2019,0.0
plw,oil,2019,253.531335761838
png,coal,2019,0.0
png,gas,2019,389.7277893203883
png,oil,2019,5586.0018895723
pol,coal,2019,164650.16812393756
pol,gas,2019,35688.09228336004
pol,oil,2019,77950.80890215265
pri,coal,2019,9.18950779797697
pri,gas,2019,40.196685171560404
pri,oil,2019,6455.566484601628
prk,coal,2019,63831.32789630458
prk,gas,2019,57.5586
prk,oil,2019,3137.6428329451433
prt,coal,2019,4818.989667070761
prt,gas,2019,12958.273489920002
prt,oil,2019,23036.83975912416
pry,coal,2019,5.40354095811714
pry,gas,2019,0.0
pry,oil,2019,7860.817037451864
pyf,coal,2019,0.0
pyf,gas,2019,0.0
pyf,oil,2019,972.5628289880339
qat,coal,2019,0.0
qat,gas,2019,44421.9996
qat,oil,2019,15609.810012914775
reu,coal,2019,891.5808442977648
reu,gas,2019,0.0
reu,oil,2019,4103.719236601898
rou,coal,2019,18492.71597581905
rou,gas,2019,23239.460275679987
rou,oil,2019,24715.593960403134
rus,coal,2019,406603.40698555135
rus,gas,2019,883644.9567000001
rus,oil,2019,305569.37269176403
rwa,coal,2019,129.2117331655371
rwa,gas,2019,124.0371
rwa,oil,2019,1083.5443463526296
sau,coal,2019,0.0
sau,gas,2019,187698.7629000002
sau,oil,2019,305155.65288080735
sdn,coal,2019,0.0
sdn,gas,2019,0.0
sdn,oil,2019,19610.585301323954
sen,coal,2019,1636.518096037539
sen,gas,2019,39.4382999999999
sen,oil,2019,6522.844320513566
sgp,coal,2019,1769.517698226596
sgp,gas,2019,31185.95939183999
sgp,oil,2019,8877.623121284614
slb,coal,2019,0.0
slb,gas,2019,0.0
slb,oil,2019,224.4375759203158
sle,coal,2019,0.0
sle,gas,2019,0.0
sle,oil,2019,1212.598260597068
slv,coal,2019,3.06368902257394
slv,gas,2019,0.0
slv,oil,2019,7493.897108310623
som,coal,2019,0.0
som,gas,2019,0.0
som,oil,2019,937.822300067683
spm,coal,2019,0.0
spm,gas,2019,0.0
spm,oil,2019,18.208649363855415
srb,coal,2019,28690.32579278993
srb,gas,2019,4382.532000000002
srb,oil,2019,9118.94950178332
srb (kosovo),coal,2019,7134.698429712
srb (kosovo),gas,2019,0.0
srb (kosovo),oil,2019,2293.1244209481288
ssd,coal,2019,0.0
ssd,gas,2019,0.0
ssd,oil,2019,1568.2005101972093
stp,coal,2019,0.0
stp,gas,2019,0.0
stp,oil,2019,167.25493249614738
sur,coal,2019,0.0
sur,gas,2019,0.0
sur,oil,2019,2621.433128101441
svk,coal,2019,5005.850972293699
svk,gas,2019,10204.15672848
svk,oil,2019,8672.956621763162
svn,coal,2019,4354.293563276824
svn,gas,2019,1902.743699999999
svn,oil,2019,6808.814304721364
swe,coal,2019,3100.378517827288
swe,gas,2019,2426.0445000000013
swe,oil,2019,22351.208890566188
swz,coal,2019,180.7571842274483
swz,gas,2019,0.0
swz,oil,2019,951.1327367230338
sxm,coal,2019,0.0
sxm,gas,2019,0.0
sxm,oil,2019,340.9699032753314
syc,coal,2019,0.0
syc,gas,2019,0.0
syc,oil,2019,973.66264274543
syr,coal,2019,0.0
syr,gas,2019,6549.955499999999
syr,oil,2019,23915.684944982513
tca,coal,2019,0.0
tca,gas,2019,0.0
tca,oil,2019,49.83419825897268
tcd,coal,2019,0.0
tcd,gas,2019,0.0
tcd,oil,2019,878.0883956047737
tgo,coal,2019,0.0
tgo,gas,2019,242.1276
tgo,oil,2019,1227.970256896194
tha,coal,2019,64354.042242751224
tha,gas,2019,72276.93990000001
tha,oil,2019,102297.62125156363
tjk,coal,2019,2213.1862907070213
tjk,gas,2019,3806.2133687273717
tjk,oil,2019,3132.7701005452254
tkl,coal,2019,0.0
tkl,gas,2019,0.0
tkl,oil,2019,0.0
tkm,coal,2019,0.0
tkm,gas,2019,54748.691224527436
tkm,oil,2019,13960.959030009068
tls,coal,2019,0.0
tls,gas,2019,0.0
tls,oil,2019,207.81257029658815
ton,coal,2019,0.0
ton,gas,2019,0.0
ton,oil,2019,116.37503936608962
tto,coal,2019,0.0
tto,gas,2019,7774.394100000009
tto,oil,2019,3367.8941741960357
tun,coal,2019,0.0
tun,gas,2019,14004.97230000001
tun,oil,2019,13440.547623313547
tur,coal,2019,150151.84692325463
tur,gas,2019,92514.11730000011
tur,oil,2019,110564.59243774567
twn,coal,2019,136970.21174106988
twn,gas,2019,63278.06178144009
twn,oil,2019,56642.56668906629
tza,coal,2019,1410.3817137746923
tza,gas,2019,3866.7486
tza,oil,2019,9261.429040324158
uga,coal,2019,254.48708832022288
uga,gas,2019,0.0
uga,oil,2019,5381.750593570664
ukr,coal,2019,74121.40913410218
ukr,gas,2019,59635.82448384002
ukr,oil,2019,30555.885062715388
ury,coal,2019,0.0
ury,gas,2019,198.6500999999999
ury,oil,2019,5968.486090591055
usa,coal,2019,1043878.8369066268
usa,gas,2019,1682783.6517412793
usa,oil,2019,1904060.9219160378
uzb,coal,2019,8097.426688289489
uzb,gas,2019,84204.64139999998
uzb,oil,2019,11059.369888226262
vct,coal,2019,0.0
vct,gas,2019,0.0
vct,oil,2019,62.29274782371587
ven,coal,2019,290.208203594938
ven,gas,2019,23092.66740000001
ven,oil,2019,46029.52248841496
vgb,coal,2019,0.0
vgb,gas,2019,0.0
vgb,oil,2019,46.000798392897835
vir,coal,2019,0.263730647671585
vir,gas,2019,1.1536088817379508
vir,oil,2019,185.26897930765892
vnm,coal,2019,16317.2077342288
vnm,gas,2019,20426.683199999996
vnm,oil,2019,64086.06358406547
vut,coal,2019,0.0
vut,gas,2019,0.0
vut,oil,2019,162.09380483133893
wlf,coal,2019,0.0
wlf,gas,2019,0.0
wlf,oil,2019,29.093759841522395
wsm,coal,2019,0.0
wsm,gas,2019,0.0
wsm,oil,2019,266.0000899796333
yem,coal,2019,283.027696356136
yem,gas,2019,44.9922
yem,oil,2019,8936.350941716897
zaf,coal,2019,309262.863074933
zaf,gas,2019,7725.082199999999
zaf,oil,2019,67788.0231845036
zmb,coal,2019,3193.101471297285
zmb,gas,2019,0.0
zmb,oil,2019,4213.42530212083
zwe,coal,2019,5866.550985584843
zwe,gas,2019,52.0046999999999
zwe,oil,2019,3902.5337515421475
abw,coal,2020,0.0
abw,gas,2020,0.0
abw,oil,2020,570.0649962085437
afg,coal,2020,4179.6627298307285
afg,gas,2020,394.0344174757287
afg,oil,2020,8155.521867385098
ago,coal,2020,0.0
ago,gas,2020,1469.0907
ago,oil,2020,12761.664647175472
alb,coal,2020,579.5856321265084
alb,gas,2020,16.8861
alb,oil,2020,2673.672110586431
are,coal,2020,8234.116685450996
are,gas,2020,142395.0395999999
are,oil,2020,36708.589489692626
arg,coal,2020,1202.813579641319
arg,gas,2020,85259.76230112
arg,oil,2020,52553.54108225504
arm,coal,2020,1079.363225577037
arm,gas,2020,1309.1212929039866
arm,oil,2020,978.7084493791713
asm,coal,2020,0.137311514124105
asm,gas,2020,0.4652858174540095
asm,oil,2020,86.28348164953026
atg,coal,2020,0.0
atg,gas,2020,0.0
atg,oil,2020,120.0136834123247
aus,coal,2020,160317.8386088204
aus,gas,2020,62095.12650000003
aus,oil,2020,115617.67217306935
aut,coal,2020,2003.1514579388381
aut,gas,2020,19002.23696975996
aut,oil,2020,27129.988719066867
aze,coal,2020,1.25142827355906
aze,gas,2020,24444.453000000023
aze,oil,2020,8544.105461247724
bdi,coal,2020,4.926118188877029
bdi,gas,2020,0.0
bdi,oil,2020,332.85781674623604
bel,coal,2020,2126.1922042615847
bel,gas,2020,35498.597254560016
bel,oil,2020,36266.08701470321
ben,coal,2020,261.622240329201
ben,gas,2020,362.237700000001
ben,oil,2020,7003.6852650479605
bfa,coal,2020,0.0
bfa,gas,2020,0.0
bfa,oil,2020,3223.789595523728
bgd,coal,2020,10146.919952761738
bgd,gas,2020,58859.11019999999
bgd,oil,2020,23655.247709391206
bgr,coal,2020,16963.703802917735
bgr,gas,2020,5453.248701120002
bgr,oil,2020,10844.172176513137
bhr,coal,2020,0.0
bhr,gas,2020,28250.838
bhr,oil,2020,3567.6518311693458
bhs,coal,2020,0.0007942919544703
bhs,gas,2020,0.0
bhs,oil,2020,444.0506286256026
bih,coal,2020,14241.013958548365
bih,gas,2020,661.0263000000002
bih,oil,2020,4338.494541932444
blr,coal,2020,2911.8854721429293
blr,gas,2020,35763.820371840004
blr,oil,2020,14480.59588315838
blz,coal,2020,0.0
blz,gas,2020,0.0295752992587234
blz,oil,2020,126.01436758294108
bmu,coal,2020,0.0
bmu,gas,2020,0.0
bmu,oil,2020,91.72474375084829
bol,coal,2020,9.84540354727228
bol,gas,2020,6705.857399999999
bol,oil,2020,10163.19508228532
bra,coal,2020,36308.298075508326
bra,gas,2020,69551.98122576
bra,oil,2020,257207.9003480043
brb,coal,2020,0.0
brb,gas,2020,0.0665444233321278
brb,oil,2020,323.17970461747467
brn,coal,2020,1614.782142
brn,gas,2020,3308.230643520001
brn,oil,2020,1714.8617904891346
btn,coal,2020,92.56493268790382
btn,gas,2020,0.0
btn,oil,2020,392.6587321803124
bwa,coal,2020,2977.985027100399
bwa,gas,2020,0.0
bwa,oil,2020,2706.678468241657
caf,coal,2020,0.0
caf,gas,2020,0.0
caf,oil,2020,480.79462418900715
can,coal,2020,38943.57960380497
can,gas,2020,168565.84138415987
can,oil,2020,186342.11474500116
che,coal,2020,365.55581757034673
che,gas,2020,7511.5095
che,oil,2020,22210.292626601975
chl,coal,2020,27309.516215059986
chl,gas,2020,10544.94869999999
chl,oil,2020,44006.26382575407
chn,coal,2020,6334644.085791397
chn,gas,2020,1018235.0487936003
chn,oil,2020,1394008.146373197
civ,coal,2020,0.0
civ,gas,2020,4467.80400000001
civ,oil,2020,6594.5111799689885
cmr,coal,2020,0.0
cmr,gas,2020,1989.8109
cmr,oil,2020,5133.6028247593
cod,coal,2020,0.0
cod,gas,2020,0.0
cod,oil,2020,3484.0326948912825
cog,coal,2020,0.0
cog,gas,2020,2245.3464
cog,oil,2020,1601.3834459460625
cok,coal,2020,0.0
cok,gas,2020,0.0
cok,oil,2020,74.60515911425945
col,coal,2020,17165.744180323854
col,gas,2020,16366.72620000001
col,oil,2020,35683.20822529751
com,coal,2020,0.0
com,gas,2020,0.0
com,oil,2020,265.0534466682992
cpv,coal,2020,0.0
cpv,gas,2020,0.0
cpv,oil,2020,715.027902640062
cri,coal,2020,0.0
cri,gas,2020,0.0
cri,oil,2020,6622.2378351126945
cub,coal,2020,2.46135088681807
cub,gas,2020,1894.833599999999
cub,oil,2020,15542.596876273072
cuw,coal,2020,0.0
cuw,gas,2020,0.0
cuw,oil,2020,2070.871892783328
cym,coal,2020,0.0
cym,gas,2020,0.0
cym,oil,2020,136.3012547325688
cyp,coal,2020,0.0
cyp,gas,2020,0.0
cyp,oil,2020,5684.362690407165
cze,coal,2020,41917.575589082706
cze,gas,2020,20259.14705760001
cze,oil,2020,19566.03701672053
deu,coal,2020,145671.77750457526
deu,gas,2020,197728.09407647976
deu,oil,2020,212276.92393654046
dji,coal,2020,0.0
dji,gas,2020,0.0
dji,oil,2020,795.1603400048973
dma,coal,2020,0.0
dma,gas,2020,0.0
dma,oil,2020,29.146180257278875
dnk,coal,2020,3190.8148881300854
dnk,gas,2020,5338.50858288
dnk,oil,2020,14893.788133735346
dom,coal,2020,6364.555592008576
dom,gas,2020,3415.0314
dom,oil,2020,14936.19028210435
dza,coal,2020,49.019024361183
dza,gas,2020,83461.26030000001
dza,oil,2020,48328.81314588682
ecu,coal,2020,0.0
ecu,gas,2020,915.2715000000011
ecu,oil,2020,29239.555125744326
egy,coal,2020,3083.387835972685
egy,gas,2020,107292.87689999996
egy,oil,2020,78041.77298926614
eri,coal,2020,0.0
eri,gas,2020,0.0
eri,oil,2020,601.0312569342923
esh,coal,2020,0.0
esh,gas,2020,0.0
esh,oil,2020,0.0
esp,coal,2020,8358.544355773278
esp,gas,2020,64703.06730624001
esp,oil,2020,107380.09801486033
est,coal,2020,93.87265081094203
est,gas,2020,1628.6391000000024
est,oil,2020,11992.833754340008
eth,coal,2020,1795.70186239102
eth,gas,2020,0.0
eth,oil,2020,11556.611007393281
fin,coal,2020,8115.645225401773
fin,gas,2020,5231.4214919999995
fin,oil,2020,17742.484721160592
fji,coal,2020,0.0
fji,gas,2020,0.0
fji,oil,2020,1260.434530298804
flk,coal,2020,0.0047247346596157
flk,gas,2020,0.0
flk,oil,2020,10.286887149627844
fra,coal,2020,7202.428562872405
fra,gas,2020,88251.07596624001
fra,oil,2020,149306.3486637614
fro,coal,2020,0.0
fro,gas,2020,0.0
fro,oil,2020,0.0
fsm,coal,2020,0.0
fsm,gas,2020,0.0
fsm,oil,2020,192.40277876835322
gab,coal,2020,0.0
gab,gas,2020,744.503100000001
gab,oil,2020,1155.4681545714127
gbr,coal,2020,12598.679946595246
gbr,gas,2020,152013.8541345602
gbr,oil,2020,120752.66003300899
geo,coal,2020,864.6226651883876
geo,gas,2020,5469.974399999999
geo,oil,2020,3560.366584572173
gha,coal,2020,0.0
gha,gas,2020,7026.525
gha,oil,2020,13075.719484592411
gib,coal,2020,0.0
gib,gas,2020,120.3345
gib,oil,2020,536.31450763062
gin,coal,2020,0.0
gin,gas,2020,0.0
gin,oil,2020,4364.135819561759
global,coal,2020,0.0
global,gas,2020,733.1709
global,oil,2020,1074193.1136096762
glp,coal,2020,0.0
glp,gas,2020,0.0
glp,oil,2020,388.32998989845083
gmb,coal,2020,0.0
gmb,gas,2020,0.0
gmb,oil,2020,702.6998353531648
gnb,coal,2020,0.0
gnb,gas,2020,0.0
gnb,oil,2020,412.9902541110701
gnq,coal,2020,0.0
gnq,gas,2020,0.0
gnq,oil,2020,887.6208446566287
grc,coal,2020,7555.616277907308
grc,gas,2020,11810.306819520003
grc,oil,2020,25970.878209601295
grd,coal,2020,0.0
grd,gas,2020,0.0
grd,oil,2020,59.149601110360116
grl,coal,2020,0.0
grl,gas,2020,0.0
grl,oil,2020,0.0
gtm,coal,2020,2649.51977933391
gtm,gas,2020,2.8611
gtm,oil,2020,12833.81588879989
guf,coal,2020,0.0
guf,gas,2020,0.0
guf,oil,2020,161.1612320108366
gum,coal,2020,0.0
gum,gas,2020,0.0
gum,oil,2020,0.0
guy,coal,2020,0.0
guy,gas,2020,2.805
guy,oil,2020,2627.616730143252
hkg,coal,2020,12677.2983650682
hkg,gas,2020,11368.384500000004
hkg,oil,2020,10179.319809550914
hnd,coal,2020,59.4596000748185
hnd,gas,2020,0.0
hnd,oil,2020,8585.130007446025
hrv,coal,2020,1408.2879936288098
hrv,gas,2020,4880.336651519999
hrv,oil,2020,7654.985725265334
hti,coal,2020,0.0
hti,gas,2020,0.0
hti,oil,2020,3135.9263781767313
hun,coal,2020,4626.570021476047
hun,gas,2020,21008.1597
hun,oil,2020,16239.562560319057
idn,coal,2020,263695.064333009
idn,gas,2020,63603.76769999999
idn,oil,2020,185430.15128073152
ind,coal,2020,1411401.303656206
ind,gas,2020,105234.06300000001
ind,oil,2020,495119.2884574817
irl,coal,2020,3963.301799160871
irl,gas,2020,11784.422100000013
irl,oil,2020,17044.62653043521
irn,coal,2020,1054.707470058724
irn,gas,2020,445908.0141225598
irn,oil,2020,192744.31297881805
irq,coal,2020,0.0
irq,gas,2020,44563.483799999995
irq,oil,2020,82876.80905141434
isl,coal,2020,0.0
isl,gas,2020,0.0
isl,oil,2020,1466.7500283322377
isr,coal,2020,16602.16646110895
isr,gas,2020,21122.267099999997
isr,oil,2020,20190.150532777698
ita,coal,2020,16010.644576675622
ita,gas,2020,149225.38361807994
ita,oil,2020,108725.78533653231
jam,coal,2020,235.460016296281
jam,gas,2020,1477.1690999999983
jam,oil,2020,3885.1071393850675
jor,coal,2020,630.105827025426
jor,gas,2020,8356.76820000002
jor,oil,2020,11035.29819657315
jpn,coal,2020,290399.1366394292
jpn,gas,2020,275600.05105776
jpn,oil,2020,331165.7320805839
kaz,coal,2020,122547.66601117722
kaz,gas,2020,34834.198085175965
kaz,oil,2020,37165.727107173625
ken,coal,2020,1962.16680246901
ken,gas,2020,0.0
ken,oil,2020,13727.50351523715
kgz,coal,2020,4010.5323020586493
kgz,gas,2020,626.7492000000009
kgz,oil,2020,3699.7257844443275
khm,coal,2020,0.0
khm,gas,2020,0.0
khm,oil,2020,9084.739146493897
kir,coal,2020,0.0
kir,gas,2020,0.0
kir,oil,2020,66.75198447065317
kna,coal,2020,0.0
kna,gas,2020,0.0
kna,oil,2020,96.01094672985988
kor,coal,2020,189173.72746050396
kor,gas,2020,139232.73071136008
kor,oil,2020,135668.92665866914
kwt,coal,2020,0.0
kwt,gas,2020,35457.44400000001
kwt,oil,2020,39136.633605880445
lao,coal,2020,13937.50951724856
lao,gas,2020,0.0
lao,oil,2020,2701.3744486923074
lbn,coal,2020,443.914311907418
lbn,gas,2020,0.0
lbn,oil,2020,20069.50130573561
lbr,coal,2020,0.0
lbr,gas,2020,0.0
lbr,oil,2020,1448.5479062104728
lby,coal,2020,0.0
lby,gas,2020,14597.1078
lby,oil,2020,24768.381587071017
lca,coal,2020,0.0
lca,gas,2020,0.0
lca,oil,2020,95.15370613405749
lie,coal,2020,0.0
lie,gas,2020,0.0
lie,oil,2020,0.0
lka,coal,2020,6559.898723154207
lka,gas,2020,0.0
lka,oil,2020,14021.952041563267
lso,coal,2020,702.7928616131215
lso,gas,2020,0.0
lso,oil,2020,1060.2137866731955
ltu,coal,2020,599.5581167563889
ltu,gas,2020,2559.2187191999997
ltu,oil,2020,6675.597819271503
lux,coal,2020,149.66176835512158
lux,gas,2020,1634.529599999999
lux,oil,2020,5691.337170444891
lva,coal,2020,90.3751379995459
lva,gas,2020,2316.7617
lva,oil,2020,3980.6475645504765
mac,coal,2020,0.0
mac,gas,2020,182.9445509708739
mac,oil,2020,1099.4444501048765
mar,coal,2020,25817.49248228171
mar,gas,2020,1764.7377
mar,oil,2020,34280.53070335882
mda,coal,2020,299.24080823700126
mda,gas,2020,5651.34570000001
mda,oil,2020,2667.314072194094
mdg,coal,2020,381.10928681187
mdg,gas,2020,0.0
mdg,oil,2020,2614.442792980236
mdv,coal,2020,0.0
mdv,gas,2020,0.0
mdv,oil,2020,1181.9027838627414
mex,coal,2020,26055.662061530104
mex,gas,2020,120729.72449999992
mex,oil,2020,191648.62417291352
mhl,coal,2020,0.0
mhl,gas,2020,0.0
mhl,oil,2020,109.94444501048766
mkd,coal,2020,3126.9887459242113
mkd,gas,2020,726.8876999999992
mkd,oil,2020,2962.4437439816525
mli,coal,2020,0.0
mli,gas,2020,0.0
mli,oil,2020,2101.935472416046
mlt,coal,2020,0.0
mlt,gas,2020,830.2239
mlt,oil,2020,870.1214341947599
mmr,coal,2020,3847.5971884432383
mmr,gas,2020,7162.7357999999995
mmr,oil,2020,18904.254309747947
mne,coal,2020,1590.604942588
mne,gas,2020,11.93233536
mne,oil,2020,915.3956320814522
mng,coal,2020,15214.848764321232
mng,gas,2020,0.0
mng,oil,2020,5121.449313258236
moz,coal,2020,47.2199328414127
moz,gas,2020,1687.8807
moz,oil,2020,3993.4502029827454
mrt,coal,2020,0.0
mrt,gas,2020,0.0
mrt,oil,2020,3550.4833786265126
msr,coal,2020,0.0
msr,gas,2020,0.0
msr,oil,2020,18.859293107651055
mtq,coal,2020,0.0
mtq,gas,2020,0.0
mtq,oil,2020,546.9195001218802
mus,coal,2020,1581.739487548151
mus,gas,2020,0.0
mus,oil,2020,2135.4001349267473
mwi,coal,2020,75.53381222944776
mwi,gas,2020,0.0
mwi,oil,2020,1571.8285790794473
mys,coal,2020,91736.75834260679
mys,gas,2020,49763.05619999998
mys,oil,2020,67766.32270094387
nam,coal,2020,94.1342263882173
nam,gas,2020,0.0
nam,oil,2020,2935.387401215961
ncl,coal,2020,1459.6777846938671
ncl,gas,2020,0.0
ncl,oil,2020,2438.410726839742
ner,coal,2020,281.56670312945175
ner,gas,2020,113.82232224
ner,oil,2020,1759.4160030565693
nga,coal,2020,1526.92252992134
nga,gas,2020,23188.87890000001
nga,oil,2020,56672.38073389668
nic,coal,2020,0.0
nic,gas,2020,0.0
nic,oil,2020,4226.642155414018
niu,coal,2020,0.0
niu,gas,2020,0.0
niu,oil,2020,11.779761965409383
nld,coal,2020,7234.160660412844
nld,gas,2020,81619.5731472
nld,oil,2020,29998.449357582314
nor,coal,2020,2170.745080194279
nor,gas,2020,1866.713766719999
nor,oil,2020,17812.047501834182
npl,coal,2020,5386.527768919917
npl,gas,2020,0.0
npl,oil,2020,7415.5340649515165
nzl,coal,2020,3379.96375176915
nzl,gas,2020,7711.393800000002
nzl,oil,2020,18048.74238831901
omn,coal,2020,0.0
omn,gas,2020,44951.3031
omn,oil,2020,14156.545452122653
pak,coal,2020,61298.19167702965
pak,gas,2020,63663.9069
pak,oil,2020,71560.2044063906
pan,coal,2020,0.0
pan,gas,2020,971.932499999999
pan,oil,2020,6219.64012659641
per,coal,2020,1802.0809095320715
per,gas,2020,14090.973599999988
per,oil,2020,25748.080281188995
phl,coal,2020,66900.8462331939
phl,gas,2020,8181.73619999999
phl,oil,2020,47492.317856336114
plw,coal,2020,0.0
plw,gas,2020,0.0
plw,oil,2020,239.52182662999098
png,coal,2020,0.0
png,gas,2020,389.34353155339846
png,oil,2020,5277.33336050341
pol,coal,2020,152915.23274107827
pol,gas,2020,36146.078950080024
pol,oil,2020,74754.43663999533
pri,coal,2020,9.18950779797697
pri,gas,2020,31.139032112902143
pri,oil,2020,5774.480985901275
prk,coal,2020,59976.1000345381
prk,gas,2020,59.8587000000001
prk,oil,2020,3014.9714987276543
prt,coal,2020,2184.9261444773542
prt,gas,2020,12735.86634144
prt,oil,2020,20158.528694194294
pry,coal,2020,2.70177047905857
pry,gas,2020,0.0
pry,oil,2020,7251.5964872487
pyf,coal,2020,0.0
pyf,gas,2020,0.0
pyf,oil,2020,918.8214333019326
qat,coal,2020,0.0
qat,gas,2020,42586.74420000001
qat,oil,2020,14696.87506727359
reu,coal,2020,812.8095011647086
reu,gas,2020,0.0
reu,oil,2020,4234.691113049335
rou,coal,2020,12899.51815853793
rou,gas,2020,23792.757072479977
rou,oil,2020,23797.232207075715
rus,coal,2020,381985.78787971515
rus,gas,2020,841339.5539999991
rus,oil,2020,284839.91348564165
rwa,coal,2020,142.7639616455371
rwa,gas,2020,120.8955
rwa,oil,2020,1001.6444334086204
sau,coal,2020,0.0
sau,gas,2020,188552.7171000001
sau,oil,2020,293011.27455097815
sdn,coal,2020,0.0
sdn,gas,2020,0.0
sdn,oil,2020,18214.478947398668
sen,coal,2020,1373.719569666545
sen,gas,2020,36.4089000000002
sen,oil,2020,6521.127445519852
sgp,coal,2020,1669.6255701009031
sgp,gas,2020,31059.50487551999
sgp,oil,2020,8590.156420664742
slb,coal,2020,0.0
slb,gas,2020,0.0
slb,oil,2020,212.03571537736875
sle,coal,2020,0.0
sle,gas,2020,0.0
sle,oil,2020,1251.2988296201083
slv,coal,2020,0.0
slv,gas,2020,0.0
slv,oil,2020,6040.453462516356
som,coal,2020,0.0
som,gas,2020,0.0
som,oil,2020,967.7532820214635
spm,coal,2020,0.0
spm,gas,2020,0.0
spm,oil,2020,16.287571320244055
srb,coal,2020,31007.479274867797
srb,gas,2020,4203.7413000000015
srb,oil,2020,8473.254693392093
srb (kosovo),coal,2020,7289.912384887608
srb (kosovo),gas,2020,0.0
srb (kosovo),oil,2020,2242.9009730849884
ssd,coal,2020,0.0
ssd,gas,2020,0.0
ssd,oil,2020,1520.214727206529
stp,coal,2020,0.0
stp,gas,2020,0.0
stp,oil,2020,172.59294201656698
sur,coal,2020,0.0
sur,gas,2020,0.0
sur,oil,2020,2559.7936319944647
svk,coal,2020,4133.661119782566
svk,gas,2020,10085.668950719997
svk,oil,2020,8034.93103800513
svn,coal,2020,4173.403373918128
svn,gas,2020,1903.6413000000011
svn,oil,2020,5799.988773170236
swe,coal,2020,2149.4845419770354
swe,gas,2020,2250.9564
swe,oil,2020,20366.33620698763
swz,coal,2020,133.1895041675935
swz,gas,2020,0.0
swz,oil,2020,811.8837943374205
sxm,coal,2020,0.0
sxm,gas,2020,0.0
sxm,oil,2020,304.99635127675407
syc,coal,2020,0.0
syc,gas,2020,0.0
syc,oil,2020,1004.7374838821565
syr,coal,2020,0.0
syr,gas,2020,5752.0452000000105
syr,oil,2020,22780.534329071183
tca,coal,2020,0.0
tca,gas,2020,0.0
tca,oil,2020,44.57651098172066
tcd,coal,2020,0.0
tcd,gas,2020,0.0
tcd,oil,2020,906.1129455869744
tgo,coal,2020,0.0
tgo,gas,2020,247.962
tgo,oil,2020,1585.7859744051075
tha,coal,2020,67012.24757618249
tha,gas,2020,66820.99050000001
tha,oil,2020,97717.46423043386
tjk,coal,2020,2387.544085426265
tjk,gas,2020,4058.7203969699767
tjk,oil,2020,3055.5048374207504
tkl,coal,2020,0.0
tkl,gas,2020,0.0
tkl,oil,2020,0.0
tkm,coal,2020,0.0
tkm,gas,2020,67589.76284133992
tkm,oil,2020,18381.02510109116
tls,coal,2020,0.0
tls,gas,2020,0.0
tls,oil,2020,196.3293660901565
ton,coal,2020,0.0
ton,gas,2020,0.0
ton,oil,2020,109.94444501048766
tto,coal,2020,0.0
tto,gas,2020,7089.80579999999
tto,oil,2020,2933.386023004139
tun,coal,2020,0.0
tun,gas,2020,13290.2583
tun,oil,2020,12908.414690963315
tur,coal,2020,142693.10396861407
tur,gas,2020,99594.94709999995
tur,oil,2020,109213.67845859948
twn,coal,2020,135812.87226914137
twn,gas,2020,67884.06745824001
twn,oil,2020,55071.908954902654
tza,coal,2020,1253.4083695771712
tza,gas,2020,3458.508900000001
tza,oil,2020,9333.929995436316
uga,coal,2020,302.0547683800776
uga,gas,2020,0.0
uga,oil,2020,5141.344361666783
ukr,coal,2020,64021.25123654109
ukr,gas,2020,59055.909000000014
ukr,oil,2020,26844.66401081957
ury,coal,2020,0.0
ury,gas,2020,123.1395
ury,oil,2020,5703.010692017144
usa,coal,2020,841063.7811060036
usa,gas,2020,1668738.4491887991
usa,oil,2020,1653001.5671659794
uzb,coal,2020,11864.779893794524
uzb,gas,2020,89663.39580000001
uzb,oil,2020,11874.38014335395
vct,coal,2020,0.0
vct,gas,2020,0.0
vct,oil,2020,55.72063872715078
ven,coal,2020,202.863986978986
ven,gas,2020,14344.713900000013
ven,oil,2020,20055.53142549449
vgb,coal,2020,0.0
vgb,gas,2020,0.0
vgb,oil,2020,41.14754859851137
vir,coal,2020,0.263730647671585
vir,gas,2020,0.8936623470530012
vir,oil,2020,165.72243517920091
vnm,coal,2020,20410.2962683876
vnm,gas,2020,17438.348400000003
vnm,oil,2020,55938.115935875154
vut,coal,2020,0.0
vut,gas,2020,0.0
vut,oil,2020,153.13690555032184
wlf,coal,2020,0.0
wlf,gas,2020,0.0
wlf,oil,2020,27.486111252621885
wsm,coal,2020,0.0
wsm,gas,2020,0.0
wsm,oil,2020,251.30158859540012
yem,coal,2020,259.243856326209
yem,gas,2020,44.9922
yem,oil,2020,7823.435966783081
zaf,coal,2020,299025.8986674392
zaf,gas,2020,6709.391699999999
zaf,oil,2020,58042.50764320581
zmb,coal,2020,3646.3305674372
zmb,gas,2020,0.0
zmb,oil,2020,4144.386275153969
zwe,coal,2020,4677.358995615002
zwe,gas,2020,72.9300000000001
zwe,oil,2020,3157.0966953105612
abw,coal,2021,0.0
abw,gas,2021,0.0
abw,oil,2021,592.9769178677378
afg,coal,2021,4158.8511311759785
afg,gas,2021,327.4431728155336
afg,oil,2021,8495.060212663924
ago,coal,2021,0.0
ago,gas,2021,1654.501200000001
ago,oil,2021,18060.56451010235
alb,coal,2021,878.4218646039853
alb,gas,2021,16.8861
alb,oil,2021,2864.9279582355553
are,coal,2021,10320.714739028634
are,gas,2021,139442.4966000002
are,oil,2021,40374.33206380235
arg,coal,2021,2077.338827345476
arg,gas,2021,84849.03463344014
arg,oil,2021,66872.2324729578
arm,coal,2021,1142.011619185118
arm,gas,2021,1409.1701055872652
arm,oil,2021,1069.597519631424
asm,coal,2021,0.137311514124105
asm,gas,2021,0.4692899983271084
asm,oil,2021,89.75136756637289
atg,coal,2021,0.0
atg,gas,2021,0.0
atg,oil,2021,124.8372458668922
aus,coal,2021,154991.08371659592
aus,gas,2021,58923.17640000003
aus,oil,2021,115662.89731458211
aut,coal,2021,1474.6067158607175
aut,gas,2021,20429.39350320001
aut,oil,2021,28513.30006056939
aze,coal,2021,0.420724083193916
aze,gas,2021,25449.54060000002
aze,oil,2021,9619.29386671912
bdi,coal,2021,7.886039232590245
bdi,gas,2021,0.0
bdi,oil,2021,346.8354404226042
bel,coal,2021,2214.3153362547823
bel,gas,2021,36650.154773759976
bel,oil,2021,37945.541470362696
ben,coal,2021,299.676384377085
ben,gas,2021,402.068699999999
ben,oil,2021,4796.183482841032
bfa,coal,2021,0.0
bfa,gas,2021,0.0
bfa,oil,2021,3359.1654692781813
bgd,coal,2021,11859.93609687817
bgd,gas,2021,59912.27550000001
bgd,oil,2021,33347.82935399784
bgr,coal,2021,21531.577054184952
bgr,gas,2021,6392.36270112
bgr,oil,2021,11522.175207192882
bhr,coal,2021,0.0
bhr,gas,2021,28885.8339
bhr,oil,2021,3773.709285070433
bhs,coal,2021,0.0007942919544703
bhs,gas,2021,0.0
bhs,oil,2021,461.8978097075001
bih,coal,2021,13734.889842921033
bih,gas,2021,735.9198
bih,oil,2021,4892.052585462177
blr,coal,2021,2825.7747099652834
blr,gas,2021,36636.42912335999
blr,oil,2021,14378.312859716547
blz,coal,2021,0.0
blz,gas,2021,0.0298298199063887
blz,oil,2021,131.07910816023667
bmu,coal,2021,0.0
bmu,gas,2021,0.0
bmu,oil,2021,95.41132362683891
bol,coal,2021,24.6135088681807
bol,gas,2021,7448.228700000011
bol,oil,2021,12587.85986482538
bra,coal,2021,46743.276107540296
bra,gas,2021,87755.78172240002
bra,oil,2021,283432.6499394563
brb,coal,2021,0.0
brb,gas,2021,0.067117094789375
brb,oil,2021,336.16886922727343
brn,coal,2021,1634.205151424
brn,gas,2021,3380.14105968
brn,oil,2021,1623.0354391587348
btn,coal,2021,92.10402845875234
btn,gas,2021,0.0
btn,oil,2021,409.00626926643866
bwa,coal,2021,3245.5468666426514
bwa,gas,2021,0.0
bwa,oil,2021,2845.428490634806
caf,coal,2021,0.0
caf,gas,2021,0.0
caf,oil,2021,500.984525054873
can,coal,2021,35414.385136210345
can,gas,2021,169960.09540223985
can,oil,2021,193891.98959089487
che,coal,2021,363.90801666776775
che,gas,2021,8160.923100000011
che,oil,2021,23259.41501494774
chl,coal,2021,24181.344994960134
chl,gas,2021,11731.12709999999
chl,oil,2021,47556.87325495104
chn,coal,2021,6808880.36567627
chn,gas,2021,1099084.6546468802
chn,oil,2021,1444124.3431989562
civ,coal,2021,0.0
civ,gas,2021,4906.674299999999
civ,oil,2021,10001.464293498972
cmr,coal,2021,0.0
cmr,gas,2021,1618.0923
cmr,oil,2021,5294.4500416524015
cod,coal,2021,0.0
cod,gas,2021,0.0
cod,oil,2021,3360.940466085943
cog,coal,2021,0.0
cog,gas,2021,2320.1838
cog,oil,2021,1709.204408325983
cok,coal,2021,0.0
cok,gas,2021,0.0
cok,oil,2021,77.71119116062329
col,coal,2021,13249.077990198284
col,gas,2021,15447.303300000001
col,oil,2021,45471.64285553618
com,coal,2021,0.0
com,gas,2021,0.0
com,oil,2021,276.1837766328145
cpv,coal,2021,0.0
cpv,gas,2021,0.0
cpv,oil,2021,745.0539090559645
cri,coal,2021,52.8189306934393
cri,gas,2021,0.0
cri,oil,2021,7426.265198250293
cub,coal,2021,0.0
cub,gas,2021,1828.691699999999
cub,oil,2021,19013.093372417174
cuw,coal,2021,0.0
cuw,gas,2021,0.0
cuw,oil,2021,2213.741971684335
cym,coal,2021,0.0
cym,gas,2021,0.0
cym,oil,2021,141.77944352025588
cyp,coal,2021,0.0
cyp,gas,2021,0.0
cyp,oil,2021,5723.32454562321
cze,coal,2021,45332.108440530086
cze,gas,2021,21371.368692960008
cze,oil,2021,20865.567550484742
deu,coal,2021,170138.79205018538
deu,gas,2021,212370.25933199984
deu,oil,2021,197810.1061692182
dji,coal,2021,0.0
dji,gas,2021,0.0
dji,oil,2021,828.5513298984433
dma,coal,2021,0.0
dma,gas,2021,0.0
dma,oil,2021,30.317616853388063
dnk,coal,2021,4283.551710755942
dnk,gas,2021,5833.983782879996
dnk,oil,2021,15170.867835960928
dom,coal,2021,6145.744263733235
dom,gas,2021,4084.2483
dom,oil,2021,16832.36043638209
dza,coal,2021,229.776676693046
dza,gas,2021,91554.19020000013
dza,oil,2021,50165.46965430047
ecu,coal,2021,0.0
ecu,gas,2021,957.6269999999989
ecu,oil,2021,33045.00822007358
egy,coal,2021,6417.969952613655
egy,gas,2021,96448.52250000011
egy,oil,2021,96642.79382021348
eri,coal,2021,0.0
eri,gas,2021,0.0
eri,oil,2021,629.4311535157586
esh,coal,2021,0.0
esh,gas,2021,0.0
esh,oil,2021,0.0
esp,coal,2021,7060.641285056865
esp,gas,2021,68712.32884560003
esp,oil,2021,119796.11710196675
est,coal,2021,29.191509344905242
est,gas,2021,1643.112900000001
est,oil,2021,16724.521030107775
eth,coal,2021,2349.44810384811
eth,gas,2021,0.0
eth,oil,2021,12315.481050297452
fin,coal,2021,8152.6886810912765
fin,gas,2021,5436.934731360011
fin,oil,2021,17050.47630829047
fji,coal,2021,0.0
fji,gas,2021,0.0
fji,oil,2021,1312.9101243452674
flk,coal,2021,0.0047247346596157
flk,gas,2021,0.0
flk,oil,2021,10.70033536001931
fra,coal,2021,17499.19112862882
fra,gas,2021,93795.90544896011
fra,oil,2021,162143.57090708677
fro,coal,2021,0.0
fro,gas,2021,0.0
fro,oil,2021,0.0
fsm,coal,2021,0.0
fsm,gas,2021,0.0
fsm,oil,2021,200.41307194055483
gab,coal,2021,0.0
gab,gas,2021,754.096199999999
gab,oil,2021,1181.686705473968
gbr,coal,2021,12695.558018669952
gbr,gas,2021,162593.01916703995
gbr,oil,2021,130670.89189504438
geo,coal,2021,932.7194670328654
geo,gas,2021,5731.1199000000015
geo,oil,2021,3843.944704613154
gha,coal,2021,0.0
gha,gas,2021,7066.580399999989
gha,oil,2021,14060.483209398093
gib,coal,2021,0.0
gib,gas,2021,125.103
gib,oil,2021,536.31450763062
gin,coal,2021,0.0
gin,gas,2021,0.0
gin,oil,2021,4547.397996651918
global,coal,2021,0.0
global,gas,2021,1100.121
global,oil,2021,1133553.4696680882
glp,coal,2021,0.0
glp,gas,2021,0.0
glp,oil,2021,403.9376598407292
gmb,coal,2021,0.0
gmb,gas,2021,0.0
gmb,oil,2021,732.2081520032746
gnb,coal,2021,0.0
gnb,gas,2021,0.0
gnb,oil,2021,430.33286126508307
gnq,coal,2021,0.0
gnq,gas,2021,0.0
gnq,oil,2021,924.8945077936115
grc,coal,2021,7051.824306575494
grc,gas,2021,13248.35079216003
grc,oil,2021,26344.842770592582
grd,coal,2021,0.0
grd,gas,2021,0.0
grd,oil,2021,61.52692832011106
grl,coal,2021,0.0
grl,gas,2021,0.0
grl,oil,2021,0.0
gtm,coal,2021,3391.5755882676453
gtm,gas,2021,7.01250000000001
gtm,oil,2021,14738.23414666391
guf,coal,2021,0.0
guf,gas,2021,0.0
guf,oil,2021,167.63858730696955
gum,coal,2021,0.0
gum,gas,2021,0.0
gum,oil,2021,0.0
guy,coal,2021,0.0
guy,gas,2021,2.6367
guy,oil,2021,2867.749166146721
hkg,coal,2021,14082.3757294037
hkg,gas,2021,11353.742400000008
hkg,oil,2021,9139.65025042431
hnd,coal,2021,68.9731360867895
hnd,gas,2021,0.0
hnd,oil,2021,9651.410662840264
hrv,coal,2021,1614.019112810657
hrv,gas,2021,4927.292351520001
hrv,oil,2021,8082.281465033325
hti,coal,2021,0.0
hti,gas,2021,0.0
hti,oil,2021,3100.997202844824
hun,coal,2021,3838.8303282916586
hun,gas,2021,22347.378899999985
hun,oil,2021,17606.70847597649
idn,coal,2021,275305.23870827636
idn,gas,2021,62266.84860000001
idn,oil,2021,195359.16875064757
ind,coal,2021,1580142.3057363688
ind,gas,2021,128604.81809999968
ind,oil,2021,528668.5297501263
irl,coal,2021,4851.174563238862
irl,gas,2021,11163.563400000021
irl,oil,2021,18228.565163651645
irn,coal,2021,1784.276614600388
irn,gas,2021,472886.6339155199
irn,oil,2021,207659.7605881103
irq,coal,2021,0.0
irq,gas,2021,44021.66999999991
irq,oil,2021,97044.94008716113
isl,coal,2021,0.0
isl,gas,2021,0.0
isl,oil,2021,1565.921535674544
isr,coal,2021,14840.64879856246
isr,gas,2021,21865.0872
isr,oil,2021,21329.510442683146
ita,coal,2021,17525.896158235002
ita,gas,2021,160151.1173064002
ita,oil,2021,127861.1932126477
jam,coal,2021,235.460016296281
jam,gas,2021,1537.8692999999998
jam,oil,2021,4388.422234533914
jor,coal,2021,654.719335893607
jor,gas,2021,8129.1705
jor,oil,2021,11934.5724316602
jpn,coal,2021,298081.4409651635
jpn,gas,2021,267719.51351376
jpn,oil,2021,331255.5269133948
kaz,coal,2021,129086.31780370773
kaz,gas,2021,46761.50550877375
kaz,oil,2021,40889.14562629405
ken,coal,2021,2292.762178885
ken,gas,2021,0.0
ken,oil,2021,15132.641662803562
kgz,coal,2021,4194.908806408565
kgz,gas,2021,857.5446000000002
kgz,oil,2021,4438.874574463219
khm,coal,2021,0.0
khm,gas,2021,0.0
khm,oil,2021,9344.269956975686
kir,coal,2021,0.0
kir,gas,2021,0.0
kir,oil,2021,69.53106577529454
kna,coal,2021,0.0
kna,gas,2021,0.0
kna,oil,2021,99.86979669351349
kor,coal,2021,188523.07958822223
kor,gas,2021,152901.3244492799
kor,oil,2021,138194.8804607567
kwt,coal,2021,0.0
kwt,gas,2021,37052.1426
kwt,oil,2021,44460.45389440882
lao,coal,2021,14842.567480962434
lao,gas,2021,0.0
lao,oil,2021,2777.656092574184
lbn,coal,2021,400.543373387728
lbn,gas,2021,0.0
lbn,oil,2021,15228.457462052687
lbr,coal,2021,0.0
lbr,gas,2021,0.0
lbr,oil,2021,1509.3764536909653
lby,coal,2021,0.0
lby,gas,2021,18619.421700000003
lby,oil,2021,25248.849980826923
lca,coal,2021,0.0
lca,gas,2021,0.0
lca,oil,2021,98.9781020801787
lie,coal,2021,0.0
lie,gas,2021,0.0
lie,oil,2021,0.0
lka,coal,2021,6432.915510638456
lka,gas,2021,0.0
lka,oil,2021,14354.159696376522
lso,coal,2021,1125.0749305162071
lso,gas,2021,0.0
lso,oil,2021,1104.735106531257
ltu,coal,2021,710.7188530249701
ltu,gas,2021,2725.191870720002
ltu,oil,2021,6656.90573715695
lux,coal,2021,151.63626137570787
lux,gas,2021,1758.735000000001
lux,oil,2021,5978.215717233656
lva,coal,2021,69.37467587061036
lva,gas,2021,2456.5067999999987
lva,oil,2021,4102.105531918291
mac,coal,2021,0.0
mac,gas,2021,152.02718737864046
mac,oil,2021,1145.2175539460277
mar,coal,2021,27078.43562769164
mar,gas,2021,1769.6184
mar,oil,2021,38163.0328342148
mda,coal,2021,352.57966473574595
mda,gas,2021,6146.0916
mda,oil,2021,2977.6408241805484
mdg,coal,2021,852.3305173351713
mdg,gas,2021,0.0
mdg,oil,2021,3096.552046469968
mdv,coal,2021,0.0
mdv,gas,2021,0.0
mdv,oil,2021,1231.1088704919803
mex,coal,2021,21733.39662400137
mex,gas,2021,135676.6718999999
mex,oil,2021,190200.20411404033
mhl,coal,2021,0.0
mhl,gas,2021,0.0
mhl,oil,2021,114.52175539460279
mkd,coal,2021,2728.167263508405
mkd,gas,2021,923.3498999999991
mkd,oil,2021,3245.6904490339457
mli,coal,2021,0.0
mli,gas,2021,0.0
mli,oil,2021,2190.201577483481
mlt,coal,2021,0.0
mlt,gas,2021,828.989699999999
mlt,oil,2021,875.8904558680466
mmr,coal,2021,3165.8612168332993
mmr,gas,2021,7694.283299999988
mmr,oil,2021,16281.842262625305
mne,coal,2021,1396.135819728
mne,gas,2021,11.93233536
mne,oil,2021,1153.6508767273638
mng,coal,2021,17263.662102690883
mng,gas,2021,0.0
mng,oil,2021,4972.122180299236
moz,coal,2021,0.0
moz,gas,2021,1773.6575999999998
moz,oil,2021,5002.931857797025
mrt,coal,2021,0.0
mrt,gas,2021,0.0
mrt,oil,2021,3699.5780311744493
msr,coal,2021,0.0
msr,gas,2021,0.0
msr,oil,2021,19.61728149336874
mtq,coal,2021,0.0
mtq,gas,2021,0.0
mtq,oil,2021,568.9011633076937
mus,coal,2021,1761.2106850763018
mus,gas,2021,0.0
mus,oil,2021,2204.7350083405036
mwi,coal,2021,120.91926823305045
mwi,gas,2021,0.0
mwi,oil,2021,1637.8340242178513
mys,coal,2021,84096.69200316997
mys,gas,2021,52058.331600000005
mys,oil,2021,66406.79315764089
nam,coal,2021,66.9398943205101
nam,gas,2021,0.0
nam,oil,2021,3091.84611866076
ncl,coal,2021,1452.4096795418654
ncl,gas,2021,0.0
ncl,oil,2021,2539.9289321445826
ner,coal,2021,270.9443109294518
ner,gas,2021,89.8310899199999
ner,oil,2021,2138.138106569372
nga,coal,2021,3543.79216445918
nga,gas,2021,24968.09039999999
nga,oil,2021,63912.59532084879
nic,coal,2021,0.0
nic,gas,2021,0.0
nic,oil,2021,4681.73408800965
niu,coal,2021,0.0
niu,gas,2021,0.0
niu,oil,2021,12.270188077993147
nld,coal,2021,12322.11401282902
nld,gas,2021,78477.64713888003
nld,oil,2021,29885.381720012094
nor,coal,2021,2289.156180207886
nor,gas,2021,1817.994103199999
nor,oil,2021,18337.796304279316
npl,coal,2021,5354.106707542069
npl,gas,2021,0.0
npl,oil,2021,8022.831509258045
nzl,coal,2021,4105.96096162547
nzl,gas,2021,6725.324099999999
nzl,oil,2021,18636.37676245658
omn,coal,2021,0.0
omn,gas,2021,48533.793000000005
omn,oil,2021,15118.908724062609
pak,coal,2021,60020.86669893388
pak,gas,2021,56452.195799999994
pak,oil,2021,83858.56572384125
pan,coal,2021,0.0
pan,gas,2021,1160.6529
pan,oil,2021,7239.816631120001
per,coal,2021,2447.8040540270654
per,gas,2021,17201.1015
per,oil,2021,32460.344188640032
phl,coal,2021,72181.04456565746
phl,gas,2021,7095.6963000000005
phl,oil,2021,51423.88247962622
plw,coal,2021,0.0
plw,gas,2021,0.0
plw,oil,2021,249.4938242525274
png,coal,2021,0.0
png,gas,2021,323.5450398058257
png,oil,2021,5497.044258940929
pol,coal,2021,170652.71036166957
pol,gas,2021,40465.78020672002
pol,oil,2021,80386.20168181254
pri,coal,2021,9.18950779797697
pri,gas,2021,31.407010014045852
pri,oil,2021,6006.567602079127
prk,coal,2021,49248.17432850373
prk,gas,2021,50.6021999999999
prk,oil,2021,2429.877577638832
prt,coal,2021,758.3289176782569
prt,gas,2021,12281.483718239995
prt,oil,2021,20907.88128606023
pry,coal,2021,2.70177047905857
pry,gas,2021,0.0
pry,oil,2021,8165.564836371257
pyf,coal,2021,0.0
pyf,gas,2021,0.0
pyf,oil,2021,957.074670083466
qat,coal,2021,0.0
qat,gas,2021,43685.855400000015
qat,oil,2021,15515.881996082126
reu,coal,2021,1301.19647337739
reu,gas,2021,0.0
reu,oil,2021,4412.51754759869
rou,coal,2021,14483.830385290108
rou,gas,2021,25585.435175520048
rou,oil,2021,25361.469962362986
rus,coal,2021,402207.5954593547
rus,gas,2021,944859.0888000012
rus,oil,2021,307966.883556004
rwa,coal,2021,161.6266302978925
rwa,gas,2021,128.8056
rwa,oil,2021,1150.26327509987
sau,coal,2021,0.0
sau,gas,2021,193558.9128000003
sau,oil,2021,302039.1466167359
sdn,coal,2021,0.0
sdn,gas,2021,0.0
sdn,oil,2021,20074.564944789283
sen,coal,2021,2006.825110469391
sen,gas,2021,15.8763
sen,oil,2021,7957.477090915581
sgp,coal,2021,1793.3015382565218
sgp,gas,2021,32616.5314728
sgp,oil,2021,8919.419496024777
slb,coal,2021,0.0
slb,gas,2021,0.0
slb,oil,2021,220.86338540387655
sle,coal,2021,0.0
sle,gas,2021,0.0
sle,oil,2021,1303.8443408479377
slv,coal,2021,3.06368902257394
slv,gas,2021,0.336600000000001
slv,oil,2021,6977.714664833121
som,coal,2021,0.0
som,gas,2021,0.0
som,oil,2021,1008.3919286360893
spm,coal,2021,0.0
spm,gas,2021,0.0
spm,oil,2021,16.942197653363937
srb,coal,2021,27025.441395070022
srb,gas,2021,5299.206000000001
srb,oil,2021,9366.784159150386
srb (kosovo),coal,2021,7409.302601249513
srb (kosovo),gas,2021,0.0
srb (kosovo),oil,2021,2387.6825014487217
ssd,coal,2021,0.0
ssd,gas,2021,0.0
ssd,oil,2021,1555.4493567545321
stp,coal,2021,0.0
stp,gas,2021,0.0
stp,oil,2021,179.84059873764667
sur,coal,2021,0.0
sur,gas,2021,0.0
sur,oil,2021,2678.6927274569425
svk,coal,2021,3829.6273020952403
svk,gas,2021,11535.968753760011
svk,oil,2021,8384.10625325291
svn,coal,2021,3826.968563371999
svn,gas,2021,2006.4164999999994
svn,oil,2021,6342.590077383459
swe,coal,2021,2405.0698162477834
swe,gas,2021,2407.8681
swe,oil,2021,20909.057654134067
swz,coal,2021,149.8381921885428
swz,gas,2021,0.0
swz,oil,2021,824.6912669736453
sxm,coal,2021,0.0
sxm,gas,2021,0.0
sxm,oil,2021,317.2546947170107
syc,coal,2021,0.0
syc,gas,2021,0.0
syc,oil,2021,1046.9291997941557
syr,coal,2021,0.0
syr,gas,2021,6123.202800000021
syr,oil,2021,22230.35853420897
tca,coal,2021,0.0
tca,gas,2021,0.0
tca,oil,2021,46.368119893416996
tcd,coal,2021,0.0
tcd,gas,2021,0.0
tcd,oil,2021,944.1631433726451
tgo,coal,2021,0.0
tgo,gas,2021,324.5946
tgo,oil,2021,1588.845868827146
tha,coal,2021,61870.189299253354
tha,gas,2021,67204.54619999998
tha,oil,2021,94388.09136576277
tjk,coal,2021,2598.291682909156
tjk,gas,2021,4452.929152632834
tjk,oil,2021,3526.98819761141
tkl,coal,2021,0.0
tkl,gas,2021,0.0
tkl,oil,2021,0.0
tkm,coal,2021,0.0
tkm,gas,2021,79523.45205538803
tkm,oil,2021,14740.40817300212
tls,coal,2021,0.0
tls,gas,2021,0.0
tls,oil,2021,204.50313463321905
ton,coal,2021,0.0
ton,gas,2021,0.0
ton,oil,2021,114.52175539460279
tto,coal,2021,0.0
tto,gas,2021,7563.570300000009
tto,oil,2021,2820.315217826441
tun,coal,2021,0.0
tun,gas,2021,14260.002899999998
tun,oil,2021,13734.598818230119
tur,coal,2021,145528.33237825072
tur,gas,2021,122984.32739999978
tur,oil,2021,116344.05481617743
twn,coal,2021,138927.04879064774
twn,gas,2021,73484.87684208009
twn,oil,2021,53778.034661388134
tza,coal,2021,1496.0035378824348
tza,gas,2021,3933.451500000011
tza,oil,2021,11046.37445825129
uga,coal,2021,349.622448439933
uga,gas,2021,0.0
uga,oil,2021,5740.1452558318315
ukr,coal,2021,57675.54317984134
ukr,gas,2021,59988.1226999999
ukr,oil,2021,29285.341605032187
ury,coal,2021,0.0
ury,gas,2021,133.2935999999998
ury,oil,2021,7074.482190331915
usa,coal,2021,963939.5249608335
usa,gas,2021,1662692.2819214389
usa,oil,2021,1813119.424117741
uzb,coal,2021,10250.333560179703
uzb,gas,2021,101376.5709
uzb,oil,2021,12235.498161111675
vct,coal,2021,0.0
vct,gas,2021,0.0
vct,oil,2021,57.96014986677118
ven,coal,2021,205.681542353694
ven,gas,2021,13682.78999999999
ven,oil,2021,18374.74721549946
vgb,coal,2021,0.0
vgb,gas,2021,0.0
vgb,oil,2021,42.80134144007729
vir,coal,2021,0.263730647671585
vir,gas,2021,0.9013530729312537
vir,oil,2021,172.38311330757304
vnm,coal,2021,25091.6130948806
vnm,gas,2021,13874.427599999997
vnm,oil,2021,51851.081462948394
vut,coal,2021,0.0
vut,gas,2021,0.0
vut,oil,2021,159.5124450139111
wlf,coal,2021,0.0
wlf,gas,2021,0.0
wlf,oil,2021,28.63043884865068
wsm,coal,2021,0.0
wsm,gas,2021,0.0
wsm,oil,2021,261.7640123305205
yem,coal,2021,256.865472323216
yem,gas,2021,44.9922
yem,oil,2021,7535.6516098849725
zaf,coal,2021,287347.2011415119
zaf,gas,2021,6788.5488000000005
zaf,oil,2021,64390.33432753141
zmb,coal,2021,3256.87239939737
zmb,gas,2021,0.0
zmb,oil,2021,4626.681887865451
zwe,coal,2021,4823.81175867524
zwe,gas,2021,79.4937000000001
zwe,oil,2021,3848.1910498006478
abw,coal,2022,0.0
abw,gas,2022,0.0
abw,oil,2022,621.5467365905406
afg,coal,2022,4004.4984411531755
afg,gas,2022,315.31903689320416
afg,oil,2022,8179.634770002729
ago,coal,2022,0.0
ago,gas,2022,2078.000100000001
ago,oil,2022,19035.157600676896
alb,coal,2022,553.9355903230671
alb,gas,2022,15.3714
alb,oil,2022,2957.965125688024
are,coal,2022,3969.019014012956
are,gas,2022,139220.1162
are,oil,2022,42127.09314937629
arg,coal,2022,1873.0332432189593
arg,gas,2022,88355.87310000001
arg,oil,2022,75310.21860419813
arm,coal,2022,1011.014937939497
arm,gas,2022,1225.2591844790888
arm,oil,2022,1086.3351100960547
asm,coal,2022,0.137311514124105
asm,gas,2022,0.4797008685971635
asm,oil,2022,94.07561733770538
atg,coal,2022,0.0
atg,gas,2022,0.0
atg,oil,2022,130.85194454537654
aus,coal,2022,147464.76764047408
aus,gas,2022,58402.11960000004
aus,oil,2022,116462.62245670627
aut,coal,2022,1244.7580035078545
aut,gas,2022,18110.593353600012
aut,oil,2022,26938.12432201566
aze,coal,2022,0.204722389373677
aze,gas,2022,27249.56519999999
aze,oil,2022,10680.446406220477
bdi,coal,2022,5.507655229597494
bdi,gas,2022,0.0
bdi,oil,2022,369.1097972594306
bel,coal,2022,1861.8533379441528
bel,gas,2022,31866.678676799984
bel,oil,2022,36726.03256483184
ben,coal,2022,354.379216445918
ben,gas,2022,347.763899999999
ben,oil,2022,5095.412246801058
bfa,coal,2022,0.0
bfa,gas,2022,0.0
bfa,oil,2022,3574.8967401237514
bgd,coal,2022,10366.834187479391
bgd,gas,2022,59223.92850000001
bgd,oil,2022,39690.44584220617
bgr,coal,2022,25481.84212879544
bgr,gas,2022,5224.722074880002
bgr,oil,2022,11752.035489581365
bhr,coal,2022,0.0
bhr,gas,2022,30131.5905
bhr,oil,2022,4083.3868174543045
bhs,coal,2022,0.0007942919544703
bhs,gas,2022,0.0
bhs,oil,2022,484.1521948178946
bih,coal,2022,13776.386713053711
bih,gas,2022,721.5021000000002
bih,oil,2022,4701.846745802575
blr,coal,2022,2875.0527148710785
blr,gas,2022,34413.31528800001
blr,oil,2022,13939.58256616863
blz,coal,2022,0.0
blz,gas,2022,0.030491573590318802
blz,oil,2022,137.39454177264565
bmu,coal,2022,0.0
bmu,gas,2022,0.0
bmu,oil,2022,100.00827190253797
bol,coal,2022,22.1521579813626
bol,gas,2022,7914.4197000000095
bol,oil,2022,13647.6749072778
bra,coal,2022,38555.14339216965
bra,gas,2022,67046.83393056002
bra,oil,2022,287427.06150994054
brb,coal,2022,0.0
brb,gas,2022,0.068606040578218
brb,oil,2022,352.3655935257649
brn,coal,2022,1589.377862884
brn,gas,2022,3126.42032736
brn,oil,2022,1695.5097835509307
btn,coal,2022,88.68565542587965
btn,gas,2022,0.0
btn,oil,2022,393.819680789732
bwa,coal,2022,3445.6744214222294
bwa,gas,2022,0.0
bwa,oil,2022,2927.0719657541895
caf,coal,2022,0.0
caf,gas,2022,0.0
caf,oil,2022,533.1585960414002
can,coal,2022,29191.60964904114
can,gas,2022,179198.8670841601
can,oil,2022,201527.51121226978
che,coal,2022,380.34304894302267
che,gas,2022,6738.563700000002
che,oil,2022,21477.83345316416
chl,coal,2022,20444.10921455335
chl,gas,2022,12798.373500000003
chl,oil,2022,52539.10797979667
chn,coal,2022,6760614.385982133
chn,gas,2022,1115830.47753936
chn,oil,2022,1397521.2075854347
civ,coal,2022,0.0
civ,gas,2022,5270.763300000021
civ,oil,2022,10917.87838457456
cmr,coal,2022,0.0
cmr,gas,2022,1421.2935
cmr,oil,2022,5477.796640149734
cod,coal,2022,0.0
cod,gas,2022,0.0
cod,oil,2022,4804.41759067068
cog,coal,2022,0.0
cog,gas,2022,2943.9036
cog,oil,2022,1756.650857629559
cok,coal,2022,0.0
cok,gas,2022,0.0
cok,oil,2022,74.82573935004903
col,coal,2022,10834.434866255411
col,gas,2022,16403.471700000002
col,oil,2022,44193.942213555354
com,coal,2022,0.0
com,gas,2022,0.0
com,oil,2022,293.9207644843617
cpv,coal,2022,0.0
cpv,gas,2022,0.0
cpv,oil,2022,792.9025274461845
cri,coal,2022,57.8493050451954
cri,gas,2022,0.0
cri,oil,2022,7544.768759463196
cub,coal,2022,2.46135088681807
cub,gas,2022,1786.392300000001
cub,oil,2022,17144.266086113133
cuw,coal,2022,0.0
cuw,gas,2022,0.0
cuw,oil,2022,2283.9780012567016
cym,coal,2022,0.0
cym,gas,2022,0.0
cym,oil,2022,148.61042273367795
cyp,coal,2022,0.0
cyp,gas,2022,0.0
cyp,oil,2022,5799.808907925648
cze,coal,2022,48345.222900949586
cze,gas,2022,17369.20187375999
cze,oil,2022,21349.861148133183
deu,coal,2022,182816.24950582543
deu,gas,2022,188877.79730160013
deu,oil,2022,202190.466110327
dji,coal,2022,0.0
dji,gas,2022,0.0
dji,oil,2022,881.7622934530864
dma,coal,2022,0.0
dma,gas,2022,0.0
dma,oil,2022,31.778329389591516
dnk,coal,2022,4287.246779205236
dnk,gas,2022,4464.34859904
dnk,oil,2022,15571.799319359743
dom,coal,2022,7565.639513519905
dom,gas,2022,3051.84
dom,oil,2022,18696.69231811829
dza,coal,2022,131.738627970679
dza,gas,2022,97874.52840000007
dza,oil,2022,51683.29681571474
ecu,coal,2022,0.0
ecu,gas,2022,859.9568999999991
ecu,oil,2022,36116.169095460005
egy,coal,2022,6085.919496511236
egy,gas,2022,94274.98410000003
egy,oil,2022,99235.90226560827
eri,coal,2022,0.0
eri,gas,2022,0.0
eri,oil,2022,670.4616124033565
esh,coal,2022,0.0
esh,gas,2022,0.0
esh,oil,2022,0.0
esp,coal,2022,9961.901027677872
esp,gas,2022,69205.75374768004
esp,oil,2022,125112.37424580246
est,coal,2022,37.63381540867893
est,gas,2022,1380.5648999999987
est,oil,2022,23256.349888607627
eth,coal,2022,2501.26625462643
eth,gas,2022,0.0
eth,oil,2022,11947.67022481082
fin,coal,2022,8667.718674183781
fin,gas,2022,3132.917515199997
fin,oil,2022,17391.05183891091
fji,coal,2022,0.0
fji,gas,2022,0.0
fji,oil,2022,1264.1611753350394
flk,coal,2022,0.0047247346596157
flk,gas,2022,0.0
flk,oil,2022,11.215880961032314
fra,coal,2022,14759.390638042067
fra,gas,2022,86506.66612368003
fra,oil,2022,163912.32298341428
fro,coal,2022,0.0
fro,gas,2022,0.0
fro,oil,2022,0.0
fsm,coal,2022,0.0
fsm,gas,2022,0.0
fsm,oil,2022,192.97164358696864
gab,coal,2022,0.0
gab,gas,2022,758.752500000001
gab,oil,2022,1248.477208966293
gbr,coal,2022,12264.28627408546
gbr,gas,2022,149048.56521456002
gbr,oil,2022,133394.5304255825
geo,coal,2022,973.9245455654319
geo,gas,2022,6935.9235
geo,oil,2022,3852.2690474371416
gha,coal,2022,0.0
gha,gas,2022,8066.282400000019
gha,oil,2022,12725.626000419561
gib,coal,2022,0.0
gib,gas,2022,118.2588
gib,oil,2022,536.31450763062
gin,coal,2022,0.0
gin,gas,2022,0.0
gin,oil,2022,4839.439564068104
global,coal,2022,0.0
global,gas,2022,870.7842
global,oil,2022,1272724.3440662757
glp,coal,2022,0.0
glp,gas,2022,0.0
glp,oil,2022,423.39950627896957
gmb,coal,2022,0.0
gmb,gas,2022,0.0
gmb,oil,2022,779.2317942143547
gnb,coal,2022,0.0
gnb,gas,2022,0.0
gnb,oil,2022,457.9695632663312
gnq,coal,2022,0.0
gnq,gas,2022,0.0
gnq,oil,2022,984.2927926918163
grc,coal,2022,6542.140682142173
grc,gas,2022,12113.08758528001
grc,oil,2022,29364.896094217598
grd,coal,2022,0.0
grd,gas,2022,0.0
grd,oil,2022,64.49131552593583
grl,coal,2022,0.0
grl,gas,2022,0.0
grl,oil,2022,0.0
gtm,coal,2022,1296.2192816310474
gtm,gas,2022,4.31970000000001
gtm,oil,2022,15643.116711099325
guf,coal,2022,0.0
guf,gas,2022,0.0
guf,oil,2022,175.71546838950576
gum,coal,2022,0.0
gum,gas,2022,0.0
gum,oil,2022,0.0
guy,coal,2022,0.0
guy,gas,2022,3.5343
guy,oil,2022,3110.0674981595766
hkg,coal,2022,13851.4374082759
hkg,gas,2022,11177.083500000002
hkg,oil,2022,7049.553556174062
hnd,coal,2022,0.0
hnd,gas,2022,0.0
hnd,oil,2022,9915.970392526273
hrv,coal,2022,1578.6840433739821
hrv,gas,2022,4808.68716768
hrv,oil,2022,8781.60647815095
hti,coal,2022,0.0
hti,gas,2022,0.0
hti,oil,2022,3044.0357549033333
hun,coal,2022,3823.5416095991013
hun,gas,2022,19322.701083840024
hun,oil,2022,18236.314082173118
idn,coal,2022,366348.1510239044
idn,gas,2022,56390.541900000026
idn,oil,2022,210560.7058246872
ind,coal,2022,1713544.065186732
ind,gas,2022,122595.27390000007
ind,oil,2022,563283.0031968807
irl,coal,2022,4137.344130119661
irl,gas,2022,11455.395600000022
irl,oil,2022,18130.89534836674
irn,coal,2022,1851.739376841308
irn,gas,2022,483329.2170801601
irn,oil,2022,207113.16868946463
irq,coal,2022,0.0
irq,gas,2022,44066.99879999991
irq,oil,2022,116412.78710100436
isl,coal,2022,0.0
isl,gas,2022,0.0
isl,oil,2022,1612.8728174842856
isr,coal,2022,14619.0451737193
isr,gas,2022,22644.596700000002
isr,oil,2022,22781.91916157462
ita,coal,2022,25334.314142793486
ita,gas,2022,144447.6554822401
ita,oil,2022,136985.16800259385
jam,coal,2022,247.351936311245
jam,gas,2022,1461.0123
jam,oil,2022,5503.945660130066
jor,coal,2022,871.318213933597
jor,gas,2022,9220.82040000001
jor,oil,2022,12275.42655382084
jpn,coal,2022,290429.04051483667
jpn,gas,2022,252673.02478704
jpn,oil,2022,332645.5409579935
kaz,coal,2022,134536.5508067862
kaz,gas,2022,42668.49000521237
kaz,oil,2022,39023.77431908746
ken,coal,2022,2777.95251549552
ken,gas,2022,0.0
ken,oil,2022,14954.503040832513
kgz,coal,2022,4194.118353974232
kgz,gas,2022,912.2982000000011
kgz,oil,2022,4246.308787931482
khm,coal,2022,0.0
khm,gas,2022,0.0
khm,oil,2022,9458.988372865671
kir,coal,2022,0.0
kir,gas,2022,0.0
kir,oil,2022,66.94934573425444
kna,coal,2022,0.0
kna,gas,2022,0.0
kna,oil,2022,104.68155563630134
kor,coal,2022,178801.32892643774
kor,gas,2022,146752.2143999999
kor,oil,2022,136634.12589663494
kwt,coal,2022,0.0
kwt,gas,2022,39498.38310000001
kwt,oil,2022,43597.572862648245
lao,coal,2022,15609.95097534544
lao,gas,2022,0.0
lao,oil,2022,2834.811006292054
lbn,coal,2022,403.094605065357
lbn,gas,2022,0.0
lbn,oil,2022,8927.248719145538
lbr,coal,2022,0.0
lbr,gas,2022,0.0
lbr,oil,2022,1606.3111547401152
lby,coal,2022,0.0
lby,gas,2022,18910.0758
lby,oil,2022,26158.139434439086
lca,coal,2022,0.0
lca,gas,2022,0.0
lca,oil,2022,103.74689888954882
lie,coal,2022,0.0
lie,gas,2022,0.0
lie,oil,2022,0.0
lka,coal,2022,5989.825152072854
lka,gas,2022,0.0
lka,oil,2022,12141.332826664571
lso,coal,2022,785.7588127559103
lso,gas,2022,0.0
lso,oil,2022,1175.683057937444
ltu,coal,2022,704.4389204773314
ltu,gas,2022,2089.6597444800013
ltu,oil,2022,6771.3251549868955
lux,coal,2022,161.24632466703505
lux,gas,2022,1380.9015
lux,oil,2022,5203.470507203891
lva,coal,2022,43.2887479354983
lva,gas,2022,1757.4446999999989
lva,oil,2022,4150.726731536894
mac,coal,2022,0.0
mac,gas,2022,146.39812427184447
mac,oil,2022,1102.69510621125
mar,coal,2022,27427.42393258279
mar,gas,2022,496.3728000000009
mar,oil,2022,38746.80292893215
mda,coal,2022,241.10452478992147
mda,gas,2022,4635.262500000001
mda,oil,2022,3160.015544164427
mdg,coal,2022,929.241896349937
mdg,gas,2022,0.0
mdg,oil,2022,3295.506521162726
mdv,coal,2022,0.0
mdv,gas,2022,0.0
mdv,oil,2022,1185.3972391770938
mex,coal,2022,30990.87972091806
mex,gas,2022,115034.3403
mex,oil,2022,202370.64067493743
mhl,coal,2022,0.0
mhl,gas,2022,0.0
mhl,oil,2022,110.26951062112491
mkd,coal,2022,3481.4964674015728
mkd,gas,2022,622.7100000000002
mkd,oil,2022,3556.332863891201
mli,coal,2022,0.0
mli,gas,2022,0.0
mli,oil,2022,2330.8600160271476
mlt,coal,2022,0.0
mlt,gas,2022,842.117099999999
mlt,oil,2022,1031.8067370744832
mmr,coal,2022,1378.271852507864
mmr,gas,2022,7163.409
mmr,oil,2022,16360.647670910019
mne,coal,2022,1483.721162742
mne,gas,2022,0.0
mne,oil,2022,1156.8949842815798
mng,coal,2022,17969.877492198353
mng,gas,2022,0.0
mng,oil,2022,5278.676196265445
moz,coal,2022,2.30417473468231
moz,gas,2022,2062.5165
moz,oil,2022,5467.669577828751
mrt,coal,2022,0.0
mrt,gas,2022,0.0
mrt,oil,2022,3937.17117076727
msr,coal,2022,0.0
msr,gas,2022,0.0
msr,oil,2022,20.562448428559232
mtq,coal,2022,0.0
mtq,gas,2022,0.0
mtq,oil,2022,596.311004428217
mus,coal,2022,1387.9105942177362
mus,gas,2022,0.0
mus,oil,2022,2657.605432616132
mwi,coal,2022,84.4507135204951
mwi,gas,2022,0.0
mwi,oil,2022,1743.0184870584271
mys,coal,2022,87914.29203074212
mys,gas,2022,55454.008499999996
mys,oil,2022,72951.2353268457
nam,coal,2022,29.2862037652232
nam,gas,2022,0.0
nam,oil,2022,3036.16410667194
ncl,coal,2022,1398.5045663311796
ncl,gas,2022,0.0
ncl,oil,2022,2445.6202177042373
ner,coal,2022,250.87979232945173
ner,gas,2022,105.52212528
ner,oil,2022,2512.911558961184
nga,coal,2022,3258.38608410005
nga,gas,2022,23070.67619999999
nga,oil,2022,67242.2558059299
nic,coal,2022,0.0
nic,gas,2022,0.0
nic,oil,2022,4777.2630531920895
niu,coal,2022,0.0
niu,gas,2022,0.0
niu,oil,2022,11.81459042369195
nld,coal,2022,12403.126325017007
nld,gas,2022,66471.90210143998
nld,oil,2022,29748.317334725718
nor,coal,2022,2057.1140826528804
nor,gas,2022,1805.3090404800002
nor,oil,2022,18533.100306455883
npl,coal,2022,3758.5273297321737
npl,gas,2022,0.0
npl,oil,2022,8494.006128084962
nzl,coal,2022,2520.5240224989457
nzl,gas,2022,6393.885300000001
nzl,oil,2022,18735.443818070467
omn,coal,2022,0.0
omn,gas,2022,49552.344600000004
omn,oil,2022,18599.163959591722
pak,coal,2022,63681.188145535285
pak,gas,2022,57412.96439999999
pak,oil,2022,86047.09937003134
pan,coal,2022,0.0
pan,gas,2022,548.658000000001
pan,oil,2022,8443.011034501606
per,coal,2022,2628.8226761239907
per,gas,2022,19765.432500000014
per,oil,2022,33831.68925683378
phl,coal,2022,73272.93743070403
phl,gas,2022,6648.411
phl,oil,2022,55307.03020417721
plw,coal,2022,0.0
plw,gas,2022,0.0
plw,oil,2022,240.23000528173642
png,coal,2022,0.0
png,gas,2022,311.56523883495095
png,oil,2022,5292.936509813992
pol,coal,2022,160704.7263542246
pol,gas,2022,34941.73016400001
pol,oil,2022,81501.29456008849
pri,coal,2022,9.18950779797697
pri,gas,2022,32.10375255701956
pri,oil,2022,6295.96596206037
prk,coal,2022,51434.08650960444
prk,gas,2022,24.4596
prk,oil,2022,2539.9349049964726
prt,coal,2022,27.0431378825801
prt,gas,2022,12107.67092832
prt,oil,2022,22047.87876053203
pry,coal,2022,2.70177047905857
pry,gas,2022,0.0
pry,oil,2022,7416.454874761208
pyf,coal,2022,0.0
pyf,gas,2022,0.0
pyf,oil,2022,921.5380530479731
qat,coal,2022,0.0
qat,gas,2022,46198.68660000001
qat,oil,2022,17628.697499883332
reu,coal,2022,908.763112883589
reu,gas,2022,0.0
reu,oil,2022,4695.896865133868
rou,coal,2022,13140.428066653833
rou,gas,2022,21939.320066399992
rou,oil,2022,27146.632044772155
rus,coal,2022,402259.6473322512
rus,gas,2022,892930.6287
rus,oil,2022,327314.8477966366
rwa,coal,2022,347.513062913182
rwa,gas,2022,106.5339
rwa,oil,2022,1346.956679920533
sau,coal,2022,0.0
sau,gas,2022,201270.13829999982
sau,oil,2022,322440.1738238902
sdn,coal,2022,0.0
sdn,gas,2022,0.0
sdn,oil,2022,17986.552174862423
sen,coal,2022,2126.278986092568
sen,gas,2022,11.1639
sen,oil,2022,9094.108867368537
sgp,coal,2022,1729.085170175722
sgp,gas,2022,32541.377579040007
sgp,oil,2022,9449.1499190421
slb,coal,2022,0.0
slb,gas,2022,0.0
slb,oil,2022,212.66262762645525
sle,coal,2022,0.0
sle,gas,2022,0.0
sle,oil,2022,1387.5794230308263
slv,coal,2022,0.0
slv,gas,2022,455.812500000001
slv,oil,2022,7496.742125815272
som,coal,2022,0.0
som,gas,2022,0.0
som,oil,2022,1073.1525586987166
spm,coal,2022,0.0
spm,gas,2022,0.0
spm,oil,2022,17.758478188301126
srb,coal,2022,26647.95372561618
srb,gas,2022,5436.819300000004
srb,oil,2022,10391.126345395087
srb (kosovo),coal,2022,7273.181061909772
srb (kosovo),gas,2022,0.0
srb (kosovo),oil,2022,2216.0004362704058
ssd,coal,2022,0.0
ssd,gas,2022,0.0
ssd,oil,2022,1463.1161326822134
stp,coal,2022,0.0
stp,gas,2022,0.0
stp,oil,2022,191.39026524563127
sur,coal,2022,0.0
sur,gas,2022,0.0
sur,oil,2022,2810.782977371536
svk,coal,2022,3534.105472423972
svk,gas,2022,9819.059580000001
svk,oil,2022,8801.431088122335
svn,coal,2022,3043.860439056835
svn,gas,2022,1783.026299999999
svn,oil,2022,7015.134696619671
swe,coal,2022,2231.620395082269
swe,gas,2022,2203.3275
swe,oil,2022,19021.036116844305
swz,coal,2022,173.62203221846966
swz,gas,2022,0.0
swz,oil,2022,882.4093726269748
sxm,coal,2022,0.0
sxm,gas,2022,0.0
sxm,oil,2022,332.5401280010175
syc,coal,2022,0.0
syc,gas,2022,0.0
syc,oil,2022,1114.1647583942092
syr,coal,2022,0.0
syr,gas,2022,5009.898299999991
syr,oil,2022,22487.12065330677
tca,coal,2022,0.0
tca,gas,2022,0.0
tca,oil,2022,48.60215083113994
tcd,coal,2022,0.0
tcd,gas,2022,0.0
tcd,oil,2022,1004.7988925395628
tgo,coal,2022,0.0
tgo,gas,2022,376.823699999999
tgo,oil,2022,1589.8596143109862
tha,coal,2022,67030.95878275318
tha,gas,2022,65065.958099999996
tha,oil,2022,110379.81924214055
tjk,coal,2022,2330.230469940397
tjk,gas,2022,3945.1321005120662
tjk,oil,2022,3653.20903418101
tkl,coal,2022,0.0
tkl,gas,2022,0.0
tkl,oil,2022,0.0
tkm,coal,2022,0.0
tkm,gas,2022,75266.40441577145
tkm,oil,2022,15284.43122399457
tls,coal,2022,0.0
tls,gas,2022,0.0
tls,oil,2022,196.90984039486585
ton,coal,2022,0.0
ton,gas,2022,0.0
ton,oil,2022,110.26951062112491
tto,coal,2022,0.0
tto,gas,2022,7761.93989999999
tto,oil,2022,3165.6440197846273
tun,coal,2022,0.0
tun,gas,2022,13895.74560000001
tun,oil,2022,13512.73096571281
tur,coal,2022,149392.57073907476
tur,gas,2022,108957.9809999999
tur,oil,2022,118537.07660170672
twn,coal,2022,130369.0795241746
twn,gas,2022,75143.51714495999
twn,oil,2022,53386.51002112606
tza,coal,2022,1743.3554741936814
tza,gas,2022,4789.98630000001
tza,oil,2022,11435.670269910957
uga,coal,2022,382.91982448183103
uga,gas,2022,0.0
uga,oil,2022,5620.048354435453
ukr,coal,2022,32541.979536414634
ukr,gas,2022,37846.9674
ukr,oil,2022,24324.705731788737
ury,coal,2022,4.75676800598548
ury,gas,2022,131.7228
ury,oil,2022,6717.974622019886
usa,coal,2022,903086.8442897667
usa,gas,2022,1754376.8083987199
usa,oil,2022,1856216.777295619
uzb,coal,2022,12154.501747559336
uzb,gas,2022,92000.1852
uzb,oil,2022,12880.591705962117
vct,coal,2022,0.0
vct,gas,2022,0.0
vct,oil,2022,60.75268853892494
ven,coal,2022,222.586874601943
ven,gas,2022,24279.631200000007
ven,oil,2022,22375.551139567222
vgb,coal,2022,0.0
vgb,gas,2022,0.0
vgb,oil,2022,44.86352384412923
vir,coal,2022,0.263730647671585
vir,gas,2022,0.9213489602147112
vir,oil,2022,180.6885871796064
vnm,coal,2022,23452.5394678035
vnm,gas,2022,17360.032799999997
vnm,oil,2022,64623.44215097394
vut,coal,2022,0.0
vut,gas,2022,0.0
vut,oil,2022,153.58967550799534
wlf,coal,2022,0.0
wlf,gas,2022,0.0
wlf,oil,2022,27.567377655281273
wsm,coal,2022,0.0
wsm,gas,2022,0.0
wsm,oil,2022,252.0445957054283
yem,coal,2022,261.622240329201
yem,gas,2022,44.9922
yem,oil,2022,7714.851043889244
zaf,coal,2022,275076.34887590463
zaf,gas,2022,6068.898000000001
zaf,oil,2022,65388.29710522791
zmb,coal,2022,4252.15438438804
zmb,gas,2022,0.0
zmb,oil,2022,4750.661715862921
zwe,coal,2022,5197.4940431078785
zwe,gas,2022,84.6549
zwe,oil,2022,4627.656174267398
abw,coal,2023,0.0
abw,gas,2023,0.0
abw,oil,2023,645.9274812823207
afg,coal,2023,4358.065181824943
afg,gas,2023,318.3666816820165
afg,oil,2023,8699.420417875215
ago,coal,2023,0.0
ago,gas,2023,2013.9166437491428
ago,oil,2023,18697.644383823626
alb,coal,2023,522.7689511012419
alb,gas,2023,16.0314313750726
alb,oil,2023,2901.0557744524863
are,coal,2023,4042.0217893361423
are,gas,2023,140777.8605220918
are,oil,2023,42896.25175224253
arg,coal,2023,1609.1718689910201
arg,gas,2023,86589.95433972892
arg,oil,2023,77245.57207389452
arm,coal,2023,1025.9103082329739
arm,gas,2023,1332.3313368935242
arm,oil,2023,1107.3809499617432
asm,coal,2023,0.13963684064887288
asm,gas,2023,0.5794948456680902
asm,oil,2023,97.765820299133
atg,coal,2023,0.0
atg,gas,2023,0.0
atg,oil,2023,135.98473290154075
aus,coal,2023,144029.27228309328
aus,gas,2023,54206.59488248991
aus,oil,2023,124950.56550445681
aut,coal,2023,1162.1227739222693
aut,gas,2023,15749.625359534466
aut,oil,2023,26098.643532733993
aze,coal,2023,0.204722389373677
aze,gas,2023,30247.58740469276
aze,oil,2023,10969.14313393276
bdi,coal,2023,7.376043250682795
bdi,gas,2023,0.0
bdi,oil,2023,364.20831027871384
bel,coal,2023,1583.9329514337849
bel,gas,2023,30011.38790088022
bel,oil,2023,36254.54497801574
ben,coal,2023,334.565749018086
ben,gas,2023,337.03920721905
ben,oil,2023,4979.554768483158
bfa,coal,2023,0.0
bfa,gas,2023,0.0
bfa,oil,2023,3527.4249310327305
bgd,coal,2023,14651.17819059992
bgd,gas,2023,58065.07223604836
bgd,oil,2023,41888.54515497963
bgr,coal,2023,15621.091591928964
bgr,gas,2023,4881.779809394718
bgr,oil,2023,11351.509044531007
bhr,coal,2023,0.0
bhr,gas,2023,31358.852408129245
bhr,oil,2023,4165.5198187148835
bhs,coal,2023,0.0008077430343883
bhs,gas,2023,0.0
bhs,oil,2023,503.14351173570054
bih,coal,2023,13001.271912764994
bih,gas,2023,752.4826237766752
bih,oil,2023,4608.862689176107
blr,coal,2023,2975.275948648897
blr,gas,2023,31284.83151888446
blr,oil,2023,14283.280202547812
blz,coal,2023,0.0
blz,gas,2023,0.0368348504007765
blz,oil,2023,142.78396954661778
bmu,coal,2023,0.0
bmu,gas,2023,0.0
bmu,oil,2023,98.54768782636279
bol,coal,2023,24.6824762207055
bol,gas,2023,8790.935957428208
bol,oil,2023,13989.253063386908
bra,coal,2023,37512.143651185965
bra,gas,2023,62855.54702937634
bra,oil,2023,295657.5944047114
brb,coal,2023,0.0
brb,gas,2023,0.0828784134017477
brb,oil,2023,366.1874593134352
brn,coal,2023,1729.70783402364
brn,gas,2023,3156.638035469838
brn,oil,2023,1797.7512019319286
btn,coal,2023,96.51592395864446
btn,gas,2023,0.0
btn,oil,2023,418.8454702876853
bwa,coal,2023,3487.346516703727
bwa,gas,2023,0.0
bwa,oil,2023,2884.883150031502
caf,coal,2023,0.0
caf,gas,2023,0.0
caf,oil,2023,526.0786704025863
can,coal,2023,28099.48845190753
can,gas,2023,174732.03011810224
can,oil,2023,198462.65834083137
che,coal,2023,380.34304894302267
che,gas,2023,6237.744036030937
che,oil,2023,21353.937736317417
chl,coal,2023,14972.05671959571
chl,gas,2023,12355.891331772502
chl,oil,2023,53655.84082913013
chn,coal,2023,7076713.147415499
chn,gas,2023,1196170.2287157765
chn,oil,2023,1658984.3015634096
civ,coal,2023,0.0
civ,gas,2023,5106.212503187636
civ,oil,2023,10537.232476212419
cmr,coal,2023,0.0
cmr,gas,2023,1377.46222211561
cmr,oil,2023,5401.29490471428
cod,coal,2023,0.0
cod,gas,2023,0.0
cod,oil,2023,4746.48973084077
cog,coal,2023,0.0
cog,gas,2023,2853.11654105936
cog,oil,2023,1745.5651767478937
cok,coal,2023,0.0
cok,gas,2023,0.0
cok,oil,2023,79.58063935466015
col,coal,2023,16566.993216674746
col,gas,2023,17015.295748777517
col,oil,2023,45402.667184395184
com,coal,2023,0.0
com,gas,2023,0.0
com,oil,2023,290.01772855527213
cpv,coal,2023,0.0
cpv,gas,2023,0.0
cpv,oil,2023,782.3734072653837
cri,coal,2023,58.8289645028821
cri,gas,2023,0.0
cri,oil,2023,7775.810564802228
cub,coal,2023,2.50303307596577
cub,gas,2023,2158.0222133399843
cub,oil,2023,18235.25862995799
cuw,coal,2023,0.0
cuw,gas,2023,0.0
cuw,oil,2023,2352.9722257057547
cym,coal,2023,0.0
cym,gas,2023,0.0
cym,oil,2023,154.4398037953215
cyp,coal,2023,0.0
cyp,gas,2023,0.0
cyp,oil,2023,5651.396222943834
cze,coal,2023,40934.38711305017
cze,gas,2023,15770.49003480491
cze,oil,2023,20870.20161283329
deu,coal,2023,144490.80694039096
deu,gas,2023,184296.4118486486
deu,oil,2023,198696.5440820238
dji,coal,2023,0.0
dji,gas,2023,0.0
dji,oil,2023,870.0531856658158
dma,coal,2023,0.0
dma,gas,2023,0.0
dma,oil,2023,33.02486370465995
dnk,coal,2023,2848.0004116859477
dnk,gas,2023,4298.874246599983
dnk,oil,2023,15383.140803776165
dom,coal,2023,7693.76119617588
dom,gas,2023,3686.7257609426083
dom,oil,2023,19568.05084327425
dza,coal,2023,117.090060983179
dza,gas,2023,90014.62417531088
dza,oil,2023,51309.93134061502
ecu,coal,2023,0.0
ecu,gas,2023,791.6401190400894
ecu,oil,2023,37255.520173268276
egy,coal,2023,6921.068932537619
egy,gas,2023,90321.09982537675
egy,oil,2023,97651.49135186597
eri,coal,2023,0.0
eri,gas,2023,0.0
eri,oil,2023,659.6142137662752
esh,coal,2023,0.0
esh,gas,2023,0.0
esh,oil,2023,0.0
esp,coal,2023,7554.384886891226
esp,gas,2023,61490.92188289956
esp,oil,2023,123671.77960274667
est,coal,2023,30.23529983239589
est,gas,2023,1265.02742514317
est,oil,2023,23023.498370048597
eth,coal,2023,2791.28294330527
eth,gas,2023,0.0
eth,oil,2023,11870.388223034413
fin,coal,2023,6375.4166265854055
fin,gas,2023,3328.366700469725
fin,oil,2023,17052.860588245236
fji,coal,2023,0.0
fji,gas,2023,0.0
fji,oil,2023,1344.4939596234703
flk,coal,2023,0.005264414915387599
flk,gas,2023,0.0
flk,oil,2023,11.655834248703513
fra,coal,2023,6548.498849040193
fra,gas,2023,76344.56358249819
fra,oil,2023,161909.18711984335
fro,coal,2023,0.0
fro,gas,2023,0.0
fro,oil,2023,0.0
fsm,coal,2023,0.0
fsm,gas,2023,0.0
fsm,oil,2023,205.23428044096556
gab,coal,2023,0.0
gab,gas,2023,735.3533275750435
gab,oil,2023,1229.6711344038433
gbr,coal,2023,10719.77423480207
gbr,gas,2023,133505.06631071173
gbr,oil,2023,132902.63037466188
geo,coal,2023,988.2734599085458
geo,gas,2023,7542.035470050307
geo,oil,2023,3942.0972449717465
gha,coal,2023,0.0
gha,gas,2023,7817.526273719021
gha,oil,2023,12562.171055843723
gib,coal,2023,0.0
gib,gas,2023,123.336705615522
gib,oil,2023,530.673555540798
gin,coal,2023,0.0
gin,gas,2023,0.0
gin,oil,2023,4775.175623654244
global,coal,2023,0.0
global,gas,2023,850.188143296981
global,oil,2023,1374410.7071329604
glp,coal,2023,0.0
glp,gas,2023,0.0
glp,oil,2023,440.00774288855735
gmb,coal,2023,0.0
gmb,gas,2023,0.0
gmb,oil,2023,768.8842105883955
gnb,coal,2023,0.0
gnb,gas,2023,0.0
gnb,oil,2023,451.888088679145
gnq,coal,2023,0.0
gnq,gas,2023,0.0
gnq,oil,2023,971.222160743236
grc,coal,2023,4691.860274936845
grc,gas,2023,10260.146036252338
grc,oil,2023,29040.595071668587
grd,coal,2023,0.0
grd,gas,2023,0.0
grd,oil,2023,67.0210469300452
grl,coal,2023,0.0
grl,gas,2023,0.0
grl,oil,2023,0.0
gtm,coal,2023,1318.1703401181533
gtm,gas,2023,5.21834344839303
gtm,oil,2023,16257.797029980282
guf,coal,2023,0.0
guf,gas,2023,0.0
guf,oil,2023,182.608069896355
gum,coal,2023,0.0
gum,gas,2023,0.0
gum,oil,2023,0.0
guy,coal,2023,0.0
guy,gas,2023,3.92572116870912
guy,oil,2023,3209.1264381544443
hkg,coal,2023,13532.8743914024
hkg,gas,2023,11952.248606697538
hkg,oil,2023,7334.450840876283
hnd,coal,2023,0.0
hnd,gas,2023,0.0
hnd,oil,2023,10414.97744125641
hrv,coal,2023,1489.860943929518
hrv,gas,2023,5015.1670201058
hrv,oil,2023,8538.844942552236
hti,coal,2023,0.0
hti,gas,2023,0.0
hti,oil,2023,3142.5905920299165
hun,coal,2023,2667.6800528950766
hun,gas,2023,17207.43390488352
hun,oil,2023,17907.81493284486
idn,coal,2023,361347.79194950877
idn,gas,2023,58179.01359163605
idn,oil,2023,224864.23226914424
ind,coal,2023,1880887.235644056
ind,gas,2023,131770.22744672492
ind,oil,2023,588519.1268931655
irl,coal,2023,2827.00206739011
irl,gas,2023,10625.898330421285
irl,oil,2023,17656.46240981367
irn,coal,2023,1885.0705836832578
irn,gas,2023,495749.9560782042
irn,oil,2023,209839.8897375666
irq,coal,2023,0.0
irq,gas,2023,45861.85091817206
irq,oil,2023,117577.48497722523
isl,coal,2023,0.0
isl,gas,2023,0.0
isl,oil,2023,1589.4212857205373
isr,coal,2023,12641.2155690974
isr,gas,2023,23437.15701326642
isr,oil,2023,22690.03232415869
ita,coal,2023,17660.222545804536
ita,gas,2023,129533.89527754272
ita,oil,2023,133172.27543243338
jam,coal,2023,251.540762150988
jam,gas,2023,1764.9521873571377
jam,oil,2023,5783.377816184334
jor,coal,2023,1538.22409952466
jor,gas,2023,9596.385096414593
jor,oil,2023,12459.026747024756
jpn,coal,2023,268008.82380097103
jpn,gas,2023,233004.38386839093
jpn,oil,2023,323375.58699451643
kaz,coal,2023,132234.5739229283
kaz,gas,2023,33190.85203773393
kaz,oil,2023,38903.40875270723
ken,coal,2023,3100.05040825718
ken,gas,2023,0.0
ken,oil,2023,14784.431775986668
kgz,coal,2023,4255.910661479037
kgz,gas,2023,938.1978074165429
kgz,oil,2023,4190.270973410312
khm,coal,2023,0.0
khm,gas,2023,0.0
khm,oil,2023,9994.487224266208
kir,coal,2023,0.0
kir,gas,2023,0.0
kir,oil,2023,71.20372994890647
kna,coal,2023,0.0
kna,gas,2023,0.0
kna,oil,2023,108.78778632123266
kor,coal,2023,167977.67645368565
kor,gas,2023,141331.45160370937
kor,oil,2023,145339.2439803255
kwt,coal,2023,0.0
kwt,gas,2023,40948.03196516256
kwt,oil,2023,44008.55721810317
lao,coal,2023,16988.190864685854
lao,gas,2023,0.0
lao,oil,2023,2993.1604805065326
lbn,coal,2023,711.622718295617
lbn,gas,2023,0.0
lbn,oil,2023,9070.537743386567
lbr,coal,2023,0.0
lbr,gas,2023,0.0
lbr,oil,2023,1584.9806095462516
lby,coal,2023,0.0
lby,gas,2023,20673.794139725658
lby,oil,2023,25550.290366546156
lca,coal,2023,0.0
lca,gas,2023,0.0
lca,oil,2023,107.8164668005075
lie,coal,2023,0.0
lie,gas,2023,0.0
lie,oil,2023,0.0
lka,coal,2023,6518.681134247297
lka,gas,2023,0.0
lka,oil,2023,12829.038576169947
lso,coal,2023,795.2618046549306
lso,gas,2023,0.0
lso,oil,2023,1160.0709142210846
ltu,coal,2023,431.6366577573498
ltu,gas,2023,2035.241379031042
ltu,oil,2023,6836.889246325778
lux,coal,2023,152.1739593694528
lux,gas,2023,1421.8874793635805
lux,oil,2023,5123.095379152032
lva,coal,2023,23.65002901023018
lva,gas,2023,1659.2188058279455
lva,oil,2023,4242.517700496376
mac,coal,2023,0.0
mac,gas,2023,147.8131022095073
mac,oil,2023,1172.767316805519
mar,coal,2023,27427.42393258279
mar,gas,2023,542.6688497863797
mar,oil,2023,35866.45730097529
mda,coal,2023,244.65673855196283
mda,gas,2023,5040.325803477231
mda,oil,2023,3027.3347509966716
mdg,coal,2023,1036.9855870756137
mdg,gas,2023,0.0
mdg,oil,2023,3259.629643282908
mdv,coal,2023,0.0
mdv,gas,2023,0.0
mdv,oil,2023,1260.7248655659325
mex,coal,2023,33496.63589301628
mex,gas,2023,123414.86207841005
mex,oil,2023,210236.14481938104
mhl,coal,2023,0.0
mhl,gas,2023,0.0
mhl,oil,2023,117.27673168055192
mkd,coal,2023,3285.6135051093697
mkd,gas,2023,649.4484973113375
mkd,oil,2023,3101.1418665357514
mli,coal,2023,0.0
mli,gas,2023,0.0
mli,oil,2023,2299.908033426693
mlt,coal,2023,0.0
mlt,gas,2023,878.276702084728
mlt,oil,2023,1024.2221112224688
mmr,coal,2023,1499.96276931354
mmr,gas,2023,7232.645308483255
mmr,oil,2023,9857.146867080324
mne,coal,2023,1400.2410560422306
mne,gas,2023,0.0
mne,oil,2023,1220.2680445983044
mng,coal,2023,19556.4809354395
mng,gas,2023,0.0
mng,oil,2023,5585.036355219055
moz,coal,2023,2.57133906613001
moz,gas,2023,2124.65039968852
moz,oil,2023,5466.353205516676
mrt,coal,2023,0.0
mrt,gas,2023,0.0
mrt,oil,2023,3884.888642972941
msr,coal,2023,0.0
msr,gas,2023,0.0
msr,oil,2023,21.369029455956454
mtq,coal,2023,0.0
mtq,gas,2023,0.0
mtq,oil,2023,619.7018542227373
mus,coal,2023,1548.8359790994077
mus,gas,2023,0.0
mus,oil,2023,2579.248275295438
mwi,coal,2023,85.47206311711864
mwi,gas,2023,0.0
mwi,oil,2023,1719.8725763161517
mys,coal,2023,91221.40955968747
mys,gas,2023,49183.463191396644
mys,oil,2023,77588.45810729881
nam,coal,2023,27.648801746542
nam,gas,2023,0.0
nam,oil,2023,3020.137462293904
ncl,coal,2023,1521.9818778093886
ncl,gas,2023,0.0
ncl,oil,2023,2601.0303704865246
ner,coal,2023,335.9869348756585
ner,gas,2023,91.4569540545024
ner,oil,2023,2490.9775391442695
nga,coal,2023,3076.20856479716
nga,gas,2023,22359.199492688713
nga,oil,2023,65544.67723320931
nic,coal,2023,0.0
nic,gas,2023,0.0
nic,oil,2023,4943.298772533384
niu,coal,2023,0.0
niu,gas,2023,0.0
niu,oil,2023,12.565364108630558
nld,coal,2023,8481.311240755522
nld,gas,2023,62213.892433649664
nld,oil,2023,29613.036911314466
nor,coal,2023,2112.172680805378
nor,gas,2023,1743.947573613929
nor,oil,2023,18328.01571505602
npl,coal,2023,4090.376692948903
npl,gas,2023,0.0
npl,oil,2023,8984.316336787895
nzl,coal,2023,2252.2455418302784
nzl,gas,2023,6718.428686741629
nzl,oil,2023,20126.44823343278
omn,coal,2023,0.0
omn,gas,2023,51570.61525803492
omn,oil,2023,18889.712042603493
pak,coal,2023,61138.16877908332
pak,gas,2023,56875.14380466416
pak,oil,2023,90615.99785769028
pan,coal,2023,0.0
pan,gas,2023,662.797388640052
pan,oil,2023,8691.016224965531
per,coal,2023,2450.878860940377
per,gas,2023,20312.59811870792
per,oil,2023,33317.8594684364
phl,coal,2023,80894.45197681212
phl,gas,2023,6914.63124578795
phl,oil,2023,58631.4101320155
plw,coal,2023,0.0
plw,gas,2023,0.0
plw,oil,2023,255.49573687548784
png,coal,2023,0.0
png,gas,2023,314.5766021381825
png,oil,2023,5629.28312066649
pol,coal,2023,135441.42392903837
pol,gas,2023,36778.669959266976
pol,oil,2023,79962.57058294507
pri,coal,2023,9.34512917007024
pri,gas,2023,38.78241702543087
pri,oil,2023,6542.9310407463945
prk,coal,2023,55975.32496777039
prk,gas,2023,24.6960087281596
prk,oil,2023,2681.5546936746086
prt,coal,2023,0.600313668063517
prt,gas,2023,9706.47347616921
prt,oil,2023,21698.091024409616
pry,coal,2023,3.01037874771715
pry,gas,2023,0.0
pry,oil,2023,7558.721460310779
pyf,coal,2023,0.0
pyf,gas,2023,0.0
pyf,oil,2023,980.0984004731823
qat,coal,2023,0.0
qat,gas,2023,50628.93992171938
qat,oil,2023,17818.699463460067
reu,coal,2023,1014.1323306965562
reu,gas,2023,0.0
reu,oil,2023,4633.539058545852
rou,coal,2023,9916.794158500077
rou,gas,2023,20511.293924414353
rou,oil,2023,26456.77859496954
rus,coal,2023,401459.4253144557
rus,gas,2023,902819.5481136248
rus,oil,2023,334628.51956950896
rwa,coal,2023,465.40156842973
rwa,gas,2023,92.3338681029542
rwa,oil,2023,1331.0862166415181
sau,coal,2023,0.0
sau,gas,2023,196745.8358236355
sau,oil,2023,325482.3653489356
sdn,coal,2023,0.0
sdn,gas,2023,0.0
sdn,oil,2023,17735.804562163485
sen,coal,2023,2007.3979753607791
sen,gas,2023,10.8196164279063
sen,oil,2023,8717.695295415713
sgp,coal,2023,1401.760031035502
sgp,gas,2023,30727.423507233183
sgp,oil,2023,9270.605319859244
slb,coal,2023,0.0
slb,gas,2023,0.0
slb,oil,2023,226.17655395534985
sle,coal,2023,0.0
sle,gas,2023,0.0
sle,oil,2023,1369.1534627144235
slv,coal,2023,0.0
slv,gas,2023,64.074810712766
slv,oil,2023,7325.385841801207
som,coal,2023,0.0
som,gas,2023,0.0
som,oil,2023,1058.901939143668
spm,coal,2023,0.0
spm,gas,2023,0.0
spm,oil,2023,18.45507089378057
srb,coal,2023,25148.632912375426
srb,gas,2023,5659.168976744895
srb,oil,2023,10183.502442577172
srb (kosovo),coal,2023,6863.962708528008
srb (kosovo),gas,2023,0.0
srb (kosovo),oil,2023,2158.18605958356
ssd,coal,2023,0.0
ssd,gas,2023,0.0
ssd,oil,2023,1468.7983744294904
stp,coal,2023,0.0
stp,gas,2023,0.0
stp,oil,2023,188.84875347785194
sur,coal,2023,0.0
sur,gas,2023,0.0
sur,oil,2023,2944.1110777984613
svk,coal,2023,3374.842932711395
svk,gas,2023,9347.426584565785
svk,oil,2023,8639.99930332833
svn,coal,2023,2872.60063592639
svn,gas,2023,1859.5875306347937
svn,oil,2023,6845.917140674196
swe,coal,2023,2191.4763958029926
swe,gas,2023,1973.0815299280603
swe,oil,2023,18808.22402549957
swz,coal,2023,175.72182255982995
swz,gas,2023,0.0
swz,oil,2023,873.0572594214162
sxm,coal,2023,0.0
sxm,gas,2023,0.0
sxm,oil,2023,345.5843215962378
syc,coal,2023,0.0
syc,gas,2023,0.0
syc,oil,2023,1099.369529174636
syr,coal,2023,0.0
syr,gas,2023,5213.951828046965
syr,oil,2023,22707.222652765897
tca,coal,2023,0.0
tca,gas,2023,0.0
tca,oil,2023,50.50861507771521
tcd,coal,2023,0.0
tcd,gas,2023,0.0
tcd,oil,2023,991.4559557587218
tgo,coal,2023,0.0
tgo,gas,2023,365.202831890685
tgo,oil,2023,1562.1876909570003
tha,coal,2023,56983.38135381384
tha,gas,2023,69259.20431827415
tha,oil,2023,109247.71267020817
tjk,coal,2023,2364.561956465861
tjk,gas,2023,4289.8867376631415
tjk,oil,2023,3722.8820081258636
tkl,coal,2023,0.0
tkl,gas,2023,0.0
tkl,oil,2023,0.0
tkm,coal,2023,0.0
tkm,gas,2023,73691.81300300286
tkm,oil,2023,15549.418489559715
tls,coal,2023,0.0
tls,gas,2023,0.0
tls,oil,2023,209.42273514384206
ton,coal,2023,0.0
ton,gas,2023,0.0
ton,oil,2023,117.27673168055192
tto,coal,2023,0.0
tto,gas,2023,7277.212211261092
tto,oil,2023,3259.358743211475
tun,coal,2023,0.0
tun,gas,2023,15191.783840041468
tun,oil,2023,13278.453848058514
tur,coal,2023,140023.44051793095
tur,gas,2023,102968.56946917098
tur,oil,2023,115760.35996504054
twn,coal,2023,122830.77537837051
twn,gas,2023,74823.81103128991
twn,oil,2023,56571.232116060455
tza,coal,2023,1945.4939634011248
tza,gas,2023,4934.286007795597
tza,oil,2023,11350.686762444975
uga,coal,2023,512.819533754341
uga,gas,2023,0.0
uga,oil,2023,5544.95827764159
ukr,coal,2023,29118.706762840015
ukr,gas,2023,38827.460312086165
ukr,oil,2023,12631.30310847914
ury,coal,2023,5.30010725338494
ury,gas,2023,146.31100482744458
ury,oil,2023,6914.718105307631
usa,coal,2023,746904.455238051
usa,gas,2023,1755990.517376452
usa,oil,2023,1845899.450691312
uzb,coal,2023,14399.423750016984
uzb,gas,2023,88683.22621188083
uzb,oil,2023,12083.46806309577
vct,coal,2023,0.0
vct,gas,2023,0.0
vct,oil,2023,63.135768847144
ven,coal,2023,222.586874601943
ven,gas,2023,24804.259977089696
ven,oil,2023,23102.656963739646
vgb,coal,2023,0.0
vgb,gas,2023,0.0
vgb,oil,2023,46.623336994814
vir,coal,2023,0.268196841743778
vir,gas,2023,1.1130206519480894
vir,oil,2023,187.77626386327728
vnm,coal,2023,28659.2846006208
vnm,gas,2023,16070.922493656051
vnm,oil,2023,69385.76334796195
vut,coal,2023,0.0
vut,gas,2023,0.0
vut,oil,2023,163.34973341219708
wlf,coal,2023,0.0
wlf,gas,2023,0.0
wlf,oil,2023,29.319182920137983
wsm,coal,2023,0.0
wsm,gas,2023,0.0
wsm,oil,2023,268.06110098411824
yem,coal,2023,461.86758019118
yem,gas,2023,46.824735631431
yem,oil,2023,7834.677933701574
zaf,coal,2023,270724.8675817357
zaf,gas,2023,6747.396986343696
zaf,oil,2023,65074.96784567749
zmb,coal,2023,4303.58007381364
zmb,gas,2023,0.0
zmb,oil,2023,4728.378177713107
zwe,coal,2023,5260.352700223825
zwe,gas,2023,0.0
zwe,oil,2023,4589.591527931417
