rule,techset,component,year,CO2,SO2,NOx,BC,OC,CH4_upstream
F0,ws,fill,2005,0.0,0.0,0.0,0.0,0.0,0.0
F0,ws,fill,2006,0.024397583954770787,0.10900172860834084,0.05937567258680483,0.00015758518277594335,0.000314859387294961,0.08511186486986982
F0,ws,fill,2007,0.05627668627528185,0.23235253398324934,0.13169675263411149,0.000363819267836834,0.0007086307394445222,0.1908331430516692
F0,ws,fill,2008,0.0991866326924564,0.3774423228983209,0.22505071141065985,0.0006316870828443809,0.0012528470119401722,0.341069391790484
F0,ws,fill,2009,0.14889693879969082,0.5133144531377074,0.31458133938344846,0.0009514886218025782,0.0018826434617183624,0.5194028791004031
F0,ws,fill,2010,0.2112146102897604,0.6354200434999716,0.4159147774509345,0.0013157403522563943,0.0026623693919630882,0.7194507340493529
F0,ws,fill,2011,0.309490733955841,0.9201413746950509,0.6108617769404153,0.001960749431552344,0.003952058898288142,1.069677401486053
F0,ws,fill,2012,0.4013120591346187,1.1265389943940574,0.7653851702899955,0.0025321585575946966,0.004892232014124383,1.3879402555843767
F0,ws,fill,2013,0.5093897187633138,1.3534681194842688,0.9124066156485151,0.003130911703839988,0.0058926087392938385,1.6710126318614225
F0,ws,fill,2014,0.6175905024198199,1.5973360197506052,1.0235835327144924,0.003612206994522695,0.00678396757371993,1.9988928716033048
F0,ws,fill,2015,0.7410960819845909,1.8247410050619268,1.1748297162721564,0.004278971131517271,0.007613069606995463,2.4441483606304253
F0,ws,fill,2016,0.8815842044825182,2.0163122921960217,1.3276881673116285,0.004674608151466119,0.008426282454752023,2.8336894242117765
F0,ws,fill,2017,1.1060866742532356,2.3489636957786764,1.5627885494944647,0.005589863544044648,0.009577328657654156,3.5466101455181893
F0,ws,fill,2018,1.2947603500219715,2.668589832562417,1.7571774558575877,0.0064014546261732565,0.010095241580549637,4.194903319171351
F0,ws,fill,2019,1.4844407358593237,3.0821314266265567,1.9562459398229575,0.007135191954581137,0.01061185047249778,4.885873195704175
F0,ws,fill,2020,1.6978743661157092,3.390804100141577,2.1480468099300323,0.008074663124397516,0.014177318684364205,5.600491437625157
F0,ws,fill,2021,2.0618246495293695,4.0037003179262,2.5314100052424715,0.009581956329604114,0.012953010552061451,6.575751168218571
F0,ws,fill,2022,2.436567479847678,4.647598642238555,2.946219789564564,0.011596420369905932,0.015325553835661908,8.186138272923374
F0,ws,fill,2023,2.8336693425345856,5.301857283552978,3.3964555523564828,0.013369200454629075,0.017403283583129057,9.576732090980489
F0,ws,fill,2024,3.3221263408464328,6.234644293030405,3.9964696041874834,0.015207762776462599,0.020302547478210253,11.212661531501725
F0,ws,fill,2025,3.901648231261506,6.445828211232681,4.052537804581496,0.015921808666814277,0.023442083193015394,13.07264846324816
F0,wso,fill,2005,0.0,0.0,0.0,0.0,0.0,0.0
F0,wso,fill,2006,0.026146601370755345,0.11681585979697974,0.06363220412011723,0.0001688821714321639,0.00033743107115456007,0.09121337616050801
F0,wso,fill,2007,0.05966501008868874,0.24634208589378312,0.13962599070111034,0.0003857242087737928,0.0007512961941521251,0.20232288286730687
F0,wso,fill,2008,0.10556775904179012,0.401724900969785,0.2395292453172564,0.0006723263804942004,0.0013334483476500347,0.3630119340850065
F0,wso,fill,2009,0.15688389972076305,0.5408490855517953,0.3314557552338258,0.0010025272966097585,0.0019836300896388013,0.5472640999630306
F0,wso,fill,2010,0.21992618565579716,0.6616280297299315,0.4330692390889886,0.0013700082422716385,0.002772179180114095,0.7491245775548903
F0,wso,fill,2011,0.31927220430455544,0.9492224895257431,0.6301680943927441,0.002022719016815354,0.004076963920276601,1.1034846100301985
F0,wso,fill,2012,0.41235563877015224,1.1575398646992063,0.7864475627288895,0.0026018402281153784,0.005026859799693533,1.4261345445249118
F0,wso,fill,2013,0.5215755938068808,1.385846459234683,0.9342336620094227,0.003205810935980091,0.006033574666034557,1.710987429895276
F0,wso,fill,2014,0.633847583113067,1.639383331789195,1.0505277295931983,0.0037072925574654163,0.006962544653247889,2.051510524535929
F0,wso,fill,2015,0.7596672768682002,1.870467357745334,1.2042698821916944,0.004386198262676761,0.00780384621851847,2.5053964992093927
F0,wso,fill,2016,0.9019752586432778,2.0629496218420407,1.3583976119575232,0.00478273189904713,0.008621182477954643,2.8992326975940297
F0,wso,fill,2017,1.1287444596101923,2.3970813672678206,1.5948017075380343,0.005704369876417878,0.00977351677027622,3.6192611712402103
F0,wso,fill,2018,1.3194846420166852,2.7195482931248502,1.7907319036010745,0.0065236945707048705,0.010288016792263873,4.2750077296524305
F0,wso,fill,2019,1.5098096069066123,3.1348045935803195,1.9896778915238933,0.007257131322196669,0.010793205416286802,4.9693720407985
F0,wso,fill,2020,1.7251464504128728,3.445268845649094,2.1825497830850393,0.008204362292836907,0.014405041676114339,5.690449256437086
F0,wso,fill,2021,2.0895978412863623,4.057630964595246,2.5655086059683954,0.009711027204088991,0.013127490203361998,6.664327855951397
F0,wso,fill,2022,2.465356233952105,4.702511373198847,2.9810302340775445,0.01173343545250962,0.015506629715783484,8.282859879754785
F0,wso,fill,2023,2.8627965908921174,5.356355001948062,3.4313676724559707,0.013506622282976662,0.017582171696697364,9.675171188965729
F0,wso,fill,2024,3.3512686980659927,6.289335840696859,4.031527435489791,0.015341168315527407,0.02048064548845219,11.311021242785252
F0,wso,fill,2025,3.931174374616723,6.494607710697301,4.083205821039714,0.016042298669322445,0.02361948368323798,13.17157713894618
F0,wsob,fill,2005,0.0,0.0,0.0,0.0,0.0,0.0
F0,wsob,fill,2006,0.03730968487830658,0.1666894620839148,0.09079946759310199,0.00024098507138085304,0.000481494583346011,0.13015620167909733
F0,wsob,fill,2007,0.08899568992370153,0.3674412165316501,0.2082646320725484,0.0005753420979745282,0.0011206253554006396,0.30178264482589545
F0,wsob,fill,2008,0.14833725839819958,0.5644788804937736,0.33657161882621967,0.0009447112729921152,0.001873678800245387,0.5100818238140435
F0,wsob,fill,2009,0.215338618676376,0.7423686892179597,0.4549557004347002,0.001376067548177702,0.0027227278530684252,0.7511739289179111
F0,wsob,fill,2010,0.30949182529062125,0.9310781523080368,0.6094380661548046,0.0019279484627967422,0.0039011579813827114,1.054207947935722
F0,wsob,fill,2011,0.42304663472154086,1.2577523955477607,0.8349943654582427,0.002680172158785042,0.005402117199995626,1.4621550026790935
F0,wsob,fill,2012,0.5373302108421616,1.5083609415699661,1.0247999420058038,0.003390392241319945,0.006550373954141321,1.8583598802828565
F0,wsob,fill,2013,0.6716408102524835,1.7845755242730046,1.2030268692930464,0.004128171410097018,0.00776952569393949,2.203264488200286
F0,wsob,fill,2014,0.8123493974870566,2.1010604083848268,1.3463734672413346,0.004751326589547099,0.008923310752821342,2.6292493383978655
F0,wsob,fill,2015,0.9560942515803825,2.3541136270627225,1.5156576395676797,0.005520336432715254,0.00982168475191187,3.153216235269415
F0,wsob,fill,2016,1.1032845953945893,2.5233735815292024,1.6615745779411148,0.0058501764627757885,0.010545320097050311,3.5463043393575364
F0,wsob,fill,2017,1.3495735466006042,2.8660495958767025,1.9068108624959228,0.006820380485320446,0.01168562076041313,4.327338303508783
F0,wsob,fill,2018,1.5620110655736406,3.2194118763901516,2.119875411831628,0.007722775077009827,0.012178994404787011,5.060770824072618
F0,wsob,fill,2019,1.770615777126178,3.6763141830665615,2.333377036426065,0.008510736159696974,0.012657635577638231,5.827786826628516
F0,wsob,fill,2020,2.0065873842868784,4.007331087457282,2.538611640344145,0.009542824534685464,0.016755084700490225,6.618790935783211
F0,wsob,fill,2021,2.4144720657972862,4.688479488138366,2.964373690135499,0.011220821275368635,0.015168449049762108,7.700445094068342
F0,wsob,fill,2022,2.7985083294167263,5.3379779627131665,3.383867136691926,0.013319015075514477,0.017602094100306012,9.402151318200007
F0,wsob,fill,2023,3.206587383613466,5.999595090355056,3.8434376797995364,0.015128620994455277,0.01969359964956034,10.837054217383319
F0,wsob,fill,2024,3.709233376495168,6.961129207503701,4.462153730199116,0.01697983023062983,0.022668278989915868,12.51920430617728
F0,wsob,fill,2025,4.287967334021848,7.084057601355217,4.453797138015072,0.01749829595472561,0.025763185457796163,14.367028049946708
F1,ws,fill,2005,0.0,0.0,0.0,0.0,0.0,0.0
F1,ws,fill,2006,0.023006201868011993,0.08195265513954306,0.040142634224052946,8.577950062946484e-05,0.00026752122985732285,0.07751278744150704
F1,ws,fill,2007,0.05496662836416728,0.21284522492314384,0.1064027690445321,0.0002126169744867724,0.0005966342576549462,0.17556294818447893
F1,ws,fill,2008,0.09798689928288143,0.3509291871304069,0.1800823715518795,0.00046883741119735893,0.0012684800723102875,0.3181384047377607
F1,ws,fill,2009,0.14673264850475717,0.46286876390577736,0.25160832476686534,0.0006445005227738908,0.001976386209330876,0.4823367893787078
F1,ws,fill,2010,0.2122392936716563,0.558830959285538,0.35966479873550056,0.0009754499138764994,0.002834605402068273,0.6711463400871712
F1,ws,fill,2011,0.3049785873387195,0.7833295800135816,0.505827185922991,0.0013502273927793295,0.004118504488806932,0.9865838368319955
F1,ws,fill,2012,0.39848192673980615,0.9268213866354242,0.6480045788383253,0.0018589223603849472,0.005145894889945079,1.3077455204567794
F1,ws,fill,2013,0.506775254593713,1.0237508398335151,0.7521290081644466,0.002643915701619892,0.006297111709977734,1.5919147094162374
F1,ws,fill,2014,0.6108570065506851,1.2171814805978403,0.8401472676065377,0.002987386479461762,0.0073799948303038985,1.9132334126394064
F1,ws,fill,2015,0.724868166675081,1.3724201860761505,0.9573398118602868,0.00378143038941553,0.008147933633259219,2.36499707902787
F1,ws,fill,2016,0.8589104530449309,1.4567812079024487,1.065266950746505,0.00412630610153484,0.009158871924374786,2.7094829617178746
F1,ws,fill,2017,1.079998528673084,1.7433250084951193,1.2589458331386172,0.004900984348301858,0.010273355588944204,3.3943057537786827
F1,ws,fill,2018,1.2686642283935816,2.084385935608097,1.415811416329442,0.005626777967026645,0.010500332362240631,4.049350406439132
F1,ws,fill,2019,1.4314485874486698,2.409285290951432,1.5255097037840863,0.006844292203242901,0.01089666302094985,4.71333865883384
F1,ws,fill,2020,1.6109276226355673,2.465334071682148,1.5982427945207651,0.006598860381479862,0.014481408555237446,5.331227764663589
F1,ws,fill,2021,1.9962352026472308,3.0347892940876906,1.9532637290861006,0.00832597226427131,0.01264950017193794,6.372057637132526
F1,ws,fill,2022,2.3811053621277263,3.4082254376870678,2.2692008112092594,0.009948427132734465,0.015516527259146215,8.042365513596303
F1,ws,fill,2023,2.7737962315103255,3.6505554994172833,2.5812459071461373,0.010791172227734278,0.017188058443351757,9.526645531415125
F1,ws,fill,2024,3.225595535205463,3.8096332466207223,2.920455376943062,0.013510718157714806,0.020184473603727514,11.134466035729233
F1,ws,fill,2025,3.872306435484353,4.411046767265307,3.4861598292707523,0.01584941422824057,0.024317703420297473,13.10788090904583
F1,wso,fill,2005,0.0,0.0,0.0,0.0,0.0,0.0
F1,wso,fill,2006,0.024551258966311426,0.08970662281596882,0.04488205028198685,9.016498159279859e-05,0.00026920623037548775,0.08530075309889837
F1,wso,fill,2007,0.057833499695504505,0.22641367118514355,0.11410973902534353,0.0002213672822454701,0.000611767909992104,0.188056577336504
F1,wso,fill,2008,0.10387663938497817,0.3759430077575048,0.1989946418521541,0.000499606704950674,0.0013063444601552128,0.3416562681368756
F1,wso,fill,2009,0.15427734498004245,0.5019800738407726,0.27778370454352364,0.000687884339865649,0.0020435561933254526,0.5124828633468834
F1,wso,fill,2010,0.2206182490054969,0.6039917943477203,0.3956586989656182,0.001158483667214084,0.0029406137185225686,0.7038172927517259
F1,wso,fill,2011,0.3144795516520003,0.8278478718592398,0.5421008681296775,0.0013889605862854781,0.004189550183341975,1.022908291515683
F1,wso,fill,2012,0.40777875864437835,0.9697890064872973,0.680269500714771,0.0020799991755382228,0.00528186600321107,1.345843760209955
F1,wso,fill,2013,0.5180035273091419,1.079845180841766,0.7959445937835683,0.0029790753415697958,0.006483105401041082,1.6352860908919995
F1,wso,fill,2014,0.6251611783529087,1.2898283170349136,0.8908475835234355,0.0033891310111559777,0.007623067346905863,1.9689711601417441
F1,wso,fill,2015,0.7420513072755187,1.472365562084205,1.0251821308292155,0.004693414516154647,0.008575718179400175,2.4324060126165605
F1,wso,fill,2016,0.8776232927176973,1.5818024445193544,1.136473532922971,0.004810012458430041,0.009561351378592447,2.7820206669346716
F1,wso,fill,2017,1.101301675259504,1.8749537118504775,1.3305083087921672,0.005446951681714408,0.010657391313208803,3.4748910150247414
F1,wso,fill,2018,1.2918718831982254,2.227340763850186,1.4898809469372176,0.006418842520602823,0.011016394917475195,4.13858984302879
F1,wso,fill,2019,1.4532474049721396,2.509963839316476,1.588786738054985,0.00728351001222604,0.011188184228750812,4.798764210164441
F1,wso,fill,2020,1.6381477158645479,2.6580010960851883,1.689406492161794,0.007167870198012122,0.015031075061993684,5.43653428743315
F1,wso,fill,2021,2.0224571504001494,3.206776571850249,2.0265515404624708,0.008460781142612362,0.013058372544576799,6.469648486056902
F1,wso,fill,2022,2.405454532375275,3.5350727323684485,2.3326635231431574,0.010054065566738967,0.0158072885406591,8.136635076779044
F1,wso,fill,2023,2.796894949503123,3.707384451286527,2.6416930868270865,0.010852600588217843,0.017246523662034875,9.617064553802228
F1,wso,fill,2024,3.249963545489842,3.879796283533715,2.9913680455830036,0.013575447368308286,0.020242074378274705,11.230542512758387
F1,wso,fill,2025,3.897134081992322,4.479716637647584,3.557210397607009,0.015909362495175158,0.024373791448879578,13.205675582477834
F1,wsob,fill,2005,0.0,0.0,0.0,0.0,0.0,0.0
F1,wsob,fill,2006,0.03434242964510827,0.12562964679734662,0.06454576771501033,0.0001232004606257571,0.0003434207776824221,0.12383897563723895
F1,wsob,fill,2007,0.08531555091807992,0.3422414697163417,0.18228833264701125,0.00035727441291762347,0.0008570986274751476,0.2893412927348164
F1,wsob,fill,2008,0.14327803896572058,0.5188725239381766,0.290601393016861,0.0007251408597075073,0.0016520118523895152,0.49730366558957617
F1,wsob,fill,2009,0.20787981281893242,0.6731803568808721,0.39624816192424933,0.0009434367610608631,0.002515536935359996,0.7211778210998089
F1,wsob,fill,2010,0.30303316194701374,0.8501129223942759,0.5756115974014905,0.0015623419703851076,0.003669490672551585,0.999919092120372
F1,wsob,fill,2011,0.4140852312627354,1.1057896021183433,0.7564783801374472,0.001834367761890448,0.005008441953381245,1.386461959904497
F1,wsob,fill,2012,0.525024614774926,1.2958660709262169,0.9149189635074622,0.00263804640083504,0.006231123964614946,1.7691498399005252
F1,wsob,fill,2013,0.6598771325459322,1.4267556287755845,1.063078309616234,0.0036374073632100628,0.007564531086073541,2.126640117726383
F1,wsob,fill,2014,0.7963195058424863,1.7535506376482537,1.2054437721072178,0.004243853621221584,0.009027648050530511,2.5467620729734652
F1,wsob,fill,2015,0.9312888084577093,1.9779128779709767,1.367378670165693,0.005629380259285245,0.010040415819901788,3.0861607029183467
F1,wsob,fill,2016,1.066355679620539,1.9879840430116231,1.4482675985714768,0.0057408618026383584,0.010924399380791488,3.427681736117051
F1,wsob,fill,2017,1.3139532009036372,2.408463001503796,1.6881454307425943,0.006456053080321338,0.012144891205668862,4.209718349143688
F1,wsob,fill,2018,1.5224360305141182,2.6588147622114042,1.8236175520061406,0.007354011346081759,0.01249640087680663,4.935198992490719
F1,wsob,fill,2019,1.697121579010903,2.8599090334664234,1.8984093893098513,0.008271800215373274,0.012669362472046326,5.64950278554913
F1,wsob,fill,2020,1.9106644012319665,3.1028937491813133,2.030023273477984,0.008280208442786529,0.016824699942542338,6.378126433302583
F1,wsob,fill,2021,2.327145651273421,3.5581288014173125,2.3524737303420893,0.009730514653760004,0.015125416857469992,7.488851734695856
F1,wsob,fill,2022,2.7287305828836104,3.9264348647186176,2.7024461497508345,0.01145933381279593,0.01794677945606673,9.26280606988393
F1,wsob,fill,2023,3.1318178352887314,4.0527000315700645,3.001751901785672,0.012164839517287447,0.01932937688807963,10.80260888758699
F1,wsob,fill,2024,3.588890038898895,4.137984287200607,3.3244141828434652,0.014927266283480593,0.022334777226254092,12.46804667309423
F1,wsob,fill,2025,4.231040822201639,4.742923863397066,3.8852369871384176,0.01734497542587447,0.02645391232877443,14.425207655658959
F1marg,ws,fill,2005,0.0,0.0,0.0,0.0,0.0,0.0
F1marg,ws,fill,2006,0.023006201868011993,0.08195265513954306,0.040142634224052946,8.577950062946484e-05,0.00026752122985732285,0.07751278744150704
F1marg,ws,fill,2007,0.05496662836416728,0.21284522492314384,0.1064027690445321,0.0002126169744867724,0.0005966342576549462,0.17556294818447893
F1marg,ws,fill,2008,0.09798689928288143,0.3509291871304069,0.1800823715518795,0.00046883741119735893,0.0012684800723102875,0.3181384047377607
F1marg,ws,fill,2009,0.14673264850475717,0.46286876390577736,0.25160832476686534,0.0006445005227738908,0.001976386209330876,0.4823367893787078
F1marg,ws,fill,2010,0.20679429088871815,0.5166026108904097,0.3490507959611921,0.0009663158977290931,0.002729029716617041,0.6595796212762589
F1marg,ws,fill,2011,0.29641919212617746,0.7170915268708672,0.48922900295313365,0.0013319086401779594,0.003947648359676721,0.9666821501372614
F1marg,ws,fill,2012,0.3865586604061585,0.8511314726858782,0.625219068222034,0.0018334903520450315,0.004916660900398257,1.2806083339901977
F1marg,ws,fill,2013,0.4927529895150661,0.9579016550476455,0.7272853157668734,0.0026081217960959146,0.006068730141909096,1.56229078260416
F1marg,ws,fill,2014,0.5942554916527443,1.1289509402804645,0.8089452523799172,0.002941857575890533,0.007078105820836166,1.8808427275080912
F1marg,ws,fill,2015,0.7048215314806847,1.2847932741930654,0.9222117376255099,0.0037258568469809824,0.007799578532654147,2.3245833563731413
F1marg,ws,fill,2016,0.8353694718852868,1.3497294361337315,1.0275774280198509,0.004041740922022906,0.008719401360511754,2.660302813319618
F1marg,ws,fill,2017,1.0513928002988413,1.621300449844085,1.2149186981389217,0.004803270789751055,0.009795773082330558,3.3279109716051036
F1marg,ws,fill,2018,1.2368749728421842,1.93507855356085,1.3690479071823902,0.005513717836075884,0.009996486737201377,3.9603316067495684
F1marg,ws,fill,2019,1.3932773617953271,2.2143284607043645,1.4708211814787338,0.006780228702210392,0.01038308787343743,4.5904239616564
F1marg,ws,fill,2020,1.572147337757732,2.29243848419835,1.549567927564023,0.006561761634524676,0.01389887285008283,5.196870214795204
F1marg,ws,fill,2021,1.953037402668335,2.8080897671352276,1.9002811971414457,0.008219419734157206,0.012013619732292266,6.2311642240954
F1marg,ws,fill,2022,2.3284352171221037,3.126524650331728,2.2093462706737395,0.009797891660092903,0.014730355243549431,7.860400637551809
F1marg,ws,fill,2023,2.71920748130714,3.4620412861551078,2.5262051859050443,0.010717428227851494,0.016720043274587832,9.318581615360541
F1marg,ws,fill,2024,3.1715008775591196,3.710349370299544,2.8670547223285134,0.01349181425327135,0.02001381297019511,10.92984447106371
F1marg,ws,fill,2025,3.814991109802442,4.281299961284418,3.4291184253099547,0.015817228693712656,0.024118016045951107,12.897219188880856
F1marg,wso,fill,2005,0.0,0.0,0.0,0.0,0.0,0.0
F1marg,wso,fill,2006,0.024551258966311426,0.08970662281596882,0.04488205028198685,9.016498159279859e-05,0.00026920623037548775,0.08530075309889837
F1marg,wso,fill,2007,0.057833499695504505,0.22641367118514355,0.11410973902534353,0.0002213672822454701,0.000611767909992104,0.188056577336504
F1marg,wso,fill,2008,0.10387663938497817,0.3759430077575048,0.1989946418521541,0.000499606704950674,0.0013063444601552128,0.3416562681368756
F1marg,wso,fill,2009,0.15427734498004245,0.5019800738407726,0.27778370454352364,0.000687884339865649,0.0020435561933254526,0.5124828633468834
F1marg,wso,fill,2010,0.21505267692010022,0.558136823132301,0.38463523713778497,0.0011469780620588167,0.0028235057163680834,0.6919505179157102
F1marg,wso,fill,2011,0.3057873609307083,0.758349789251514,0.5251179351675194,0.0013684266500459544,0.0040074586285959,1.0026802389344665
F1marg,wso,fill,2012,0.3957081132049396,0.8903625348382218,0.6570633078215753,0.0020520313164165468,0.005040041333688459,1.318345365373172
F1marg,wso,fill,2013,0.5037857635419847,1.0091970838691542,0.7705609064820012,0.0029398811089871475,0.006239573167931028,1.605194782469981
F1marg,wso,fill,2014,0.608230677312238,1.1928288977548707,0.8587079853853816,0.0033375243790120662,0.007294828955370041,1.9357960619473582
F1marg,wso,fill,2015,0.7215678834608225,1.3738392962900918,0.988863318842132,0.004630486560614748,0.008196800239551553,2.390956716895227
F1marg,wso,fill,2016,0.8534649555705276,1.4585347511235676,1.09700982984234,0.004714065849438604,0.009074886001371777,2.7313002851012302
F1marg,wso,fill,2017,1.0719286392419594,1.7325449580522603,1.2842227502643329,0.005335154355553981,0.010120346185298041,3.406384581189594
F1marg,wso,fill,2018,1.259257349879672,2.0552745142159865,1.4405066380704061,0.006290135111368215,0.010443406966884741,4.04699230067716
F1marg,wso,fill,2019,1.4164472677137814,2.3619542647668323,1.5390864526352286,0.007250008383745105,0.010822112344363297,4.680808907670668
F1marg,wso,fill,2020,1.598537393040083,2.4607928372734023,1.6378421984154787,0.007114604411723417,0.014370903954492618,5.298980621623594
F1marg,wso,fill,2021,1.978056264047792,2.9439554795381184,1.96978947034804,0.008330217233833802,0.012303270903465878,6.324384965954355
F1marg,wso,fill,2022,2.3534124444575943,3.2765494296928344,2.2745647561524267,0.009918027297224755,0.015098933271176002,7.957372599819401
F1marg,wso,fill,2023,2.744784011143708,3.6066333571400806,2.592192937567368,0.010836387323371319,0.01707625300179574,9.419296045660138
F1marg,wso,fill,2024,3.19581046329982,3.78022057447139,2.937792529469608,0.013556143223969431,0.02007109046778875,11.02568177609922
F1marg,wso,fill,2025,3.839730608028382,4.349615294964635,3.4999106223159977,0.015876402352249522,0.02417330211209129,12.99472427486717
F1marg,wsob,fill,2005,0.0,0.0,0.0,0.0,0.0,0.0
F1marg,wsob,fill,2006,0.03434242964510827,0.12562964679734662,0.06454576771501033,0.0001232004606257571,0.0003434207776824221,0.12383897563723895
F1marg,wsob,fill,2007,0.08531555091807992,0.3422414697163417,0.18228833264701125,0.00035727441291762347,0.0008570986274751476,0.2893412927348164
F1marg,wsob,fill,2008,0.14327803896572058,0.5188725239381766,0.290601393016861,0.0007251408597075073,0.0016520118523895152,0.49730366558957617
F1marg,wsob,fill,2009,0.20787981281893242,0.6731803568808721,0.39624816192424933,0.0009434367610608631,0.002515536935359996,0.7211778210998089
F1marg,wsob,fill,2010,0.29530122454495744,0.792102279643051,0.5608942742331274,0.0015502338876818142,0.003532677289753004,0.9827395682411703
F1marg,wsob,fill,2011,0.40300597397175125,1.034741085187311,0.7373943835032444,0.0018080568471977548,0.004816599862779853,1.3600360260393267
F1marg,wsob,fill,2012,0.5094244136830124,1.1991283157107053,0.88568555875908,0.0026048219824021837,0.005950999848954066,1.7327349789590272
F1marg,wsob,fill,2013,0.6417970230775998,1.341702737723982,1.0307813457762047,0.0035898960478006866,0.007276818622943778,2.0877986239906874
F1marg,wsob,fill,2014,0.7749084680690433,1.6384871983372429,1.1657144454212254,0.004177216939175744,0.008649749669760634,2.5026938404750334
F1marg,wsob,fill,2015,0.9056464631964477,1.8625006747821677,1.3218081579410574,0.00554766278278233,0.00961374737661168,3.031129583779774
F1marg,wsob,fill,2016,1.0361972529031156,1.8524576334135696,1.3994250998860975,0.005622543676164512,0.01037652325246565,3.361824493725577
F1marg,wsob,fill,2017,1.278016845740508,2.2476509465765573,1.6323797996486218,0.006325450557019004,0.011540563162613227,4.124124931588644
F1marg,wsob,fill,2018,1.4827341668179694,2.4765520433074126,1.764868802141767,0.007213646914732986,0.011882836021019163,4.822195549323674
F1marg,wsob,fill,2019,1.6553478044385224,2.7470581555839235,1.8455777907464075,0.008247785710954065,0.012392131310089923,5.512650195953585
F1marg,wsob,fill,2020,1.865693206948408,2.8992931858238493,1.9739379701150963,0.008228107311869138,0.016170618477398195,6.218582610047947
F1marg,wsob,fill,2021,2.2737036308286034,3.255958372510874,2.2841144028213765,0.009582939690683927,0.014264463975543863,7.313308500955394
F1marg,wsob,fill,2022,2.6697809358070845,3.6902939077183654,2.6354093652994313,0.011282642936153634,0.01730971607558612,9.075682021518906
F1marg,wsob,fill,2023,3.0726762225331576,3.9383411751634196,2.942553575200605,0.012135283859834787,0.019134504712706366,10.579202044808744
F1marg,wsob,fill,2024,3.529198263579243,4.025490334574582,3.2629277268926002,0.014904466741316813,0.02214025904325289,12.241992307639352
F1marg,wsob,fill,2025,4.168041969504402,4.6141218120432255,3.8203907192468907,0.017309121540438583,0.02623040017704645,14.193557445042769
F1nat,ws,fill,2005,0.0,0.0,0.0,0.0,0.0,0.0
F1nat,ws,fill,2006,0.022230185578610406,0.06692774521690328,0.03766572641882734,8.700800508167036e-05,0.00024409029080960063,0.07649142772706126
F1nat,ws,fill,2007,0.054231679377877186,0.17889382402699078,0.10129500453668859,0.00020984376112082292,0.0005379899374285844,0.17559503199250148
F1nat,ws,fill,2008,0.09410160691889892,0.2718543560660199,0.16575865615693494,0.00040555457531061704,0.0011302069424581843,0.30749063237910623
F1nat,ws,fill,2009,0.13949713939796732,0.37008756152142286,0.23146797205645553,0.0006247290084531589,0.0017739948180422959,0.4728563921508076
F1nat,ws,fill,2010,0.2031590105420001,0.4569620117338865,0.3323326085735236,0.0009406286171970987,0.0025629510517220237,0.6585741879683606
F1nat,ws,fill,2011,0.29611627136565666,0.6302901214677724,0.47405223032272326,0.0012918678779073435,0.00380739245349553,0.968967696633829
F1nat,ws,fill,2012,0.3852496670213245,0.7673098456061446,0.6104076373412782,0.0018040049746944876,0.004756191568243796,1.2812383554098472
F1nat,ws,fill,2013,0.4920741878735704,0.8950007109907127,0.7210374476050816,0.0026640201189509238,0.005944571496673537,1.5693958104836045
F1nat,ws,fill,2014,0.5965163398717243,1.0583101786432645,0.8082095767874331,0.003017993998498718,0.006928906619013076,1.8979795382934528
F1nat,ws,fill,2015,0.7042951453650371,1.1637578632889716,0.9126567604162187,0.0037227229868844972,0.0075252452347391975,2.337692750463052
F1nat,ws,fill,2016,0.8398607655034525,1.27803371262338,1.0325563879051807,0.004247881605349698,0.00873470416314985,2.6833814937297773
F1nat,ws,fill,2017,1.0581147810323797,1.5295166620065281,1.2224915623759078,0.004942630162661134,0.009789998921082661,3.3580725233991173
F1nat,ws,fill,2018,1.2446483387632459,1.8484217657369337,1.3876521872855527,0.005767878729376351,0.010124371218280805,3.989326332607208
F1nat,ws,fill,2019,1.4053941339970164,2.1597389313447004,1.507447219215082,0.007043596580045025,0.010632908835920699,4.635238513533162
F1nat,ws,fill,2020,1.5798481721115358,2.237566770146848,1.5830306947988848,0.006968726695668584,0.014226439905749297,5.237694690574652
F1nat,ws,fill,2021,1.9618860836206429,2.776826667175048,1.9404285309853435,0.008926663941452001,0.012563324919224564,6.259769732622267
F1nat,ws,fill,2022,2.331751351472366,3.101827000792591,2.241664673626051,0.010836073997248294,0.015331544234659577,7.868052558513439
F1nat,ws,fill,2023,2.722656910259028,3.29204306509101,2.547002944389336,0.011469434821036845,0.016966665110462048,9.336752265353676
F1nat,ws,fill,2024,3.168086506161977,3.3958971795757127,2.8770822747645575,0.014332481183935288,0.01996602373338191,10.920486176136945
F1nat,ws,fill,2025,3.816100168597446,4.030725109112565,3.442687188404652,0.0167637569708338,0.024117202587214337,12.90437134353938
F1nat,wso,fill,2005,0.0,0.0,0.0,0.0,0.0,0.0
F1nat,wso,fill,2006,0.02369271947377215,0.07390092453074054,0.04208171045630609,9.086638399005665e-05,0.00024464172729433135,0.08411119036063136
F1nat,wso,fill,2007,0.057001463121018565,0.19155045875549465,0.10870990216449741,0.00021781023638166544,0.0005515460535544646,0.1878697639423655
F1nat,wso,fill,2008,0.09989609814674766,0.295980410128911,0.18438977748522878,0.00043505598549391494,0.0011662492051285375,0.33072843839973426
F1nat,wso,fill,2009,0.14698050299233073,0.40879543263664786,0.25749857459338704,0.0006676753537593075,0.0018404063128505494,0.5028510072031585
F1nat,wso,fill,2010,0.21146415473659266,0.5016369124085978,0.36814770042597506,0.0011230588982470819,0.002667647153803012,0.6910499595346166
F1nat,wso,fill,2011,0.3054684456500278,0.6738966514685072,0.5098788882717014,0.0013295033508140697,0.003875835196639748,1.0049077726415743
F1nat,wso,fill,2012,0.3943954603285455,0.8093844087552012,0.6422473078775843,0.0020240991460713986,0.0048900055597330605,1.3189346741088952
F1nat,wso,fill,2013,0.5031132565012254,0.9503282820386432,0.7643665264017909,0.002998155071266841,0.006128445490735925,1.6123001326917077
F1nat,wso,fill,2014,0.610583096676898,1.1296005411972754,0.8581667756946807,0.003419333180580446,0.00716835937485183,1.9532619984856514
F1nat,wso,fill,2015,0.7212890141243543,1.2628810644504682,0.9798624630306538,0.004633554517909758,0.007950728312892938,2.404608379222343
F1nat,wso,fill,2016,0.8584739152221622,1.4027649474050616,1.1033519386459805,0.004932322041650919,0.009136836516598908,2.7556199598110567
F1nat,wso,fill,2017,1.079317950386061,1.6609129354392762,1.2937255364298725,0.00548953459685816,0.010173813240338286,3.4383405187463425
F1nat,wso,fill,2018,1.2677598416323403,1.9911868042512204,1.4614559131722131,0.0065611726647321275,0.010640496816706186,4.078195126743211
F1nat,wso,fill,2019,1.427184061814102,2.2604573184690744,1.5706172834990004,0.007492320510901001,0.010927305143500642,4.720493427469561
F1nat,wso,fill,2020,1.6070734409364098,2.43035760800884,1.6741080033842806,0.007549458446970707,0.01477950288832912,5.342876408135564
F1nat,wso,fill,2021,1.9881008424465814,2.948933807699596,2.0136549115899807,0.009074571976980202,0.012975354280124564,6.357205225464143
F1nat,wso,fill,2022,2.3560675522731134,3.2293161995114725,2.305197852773077,0.010967098150424496,0.015627109396637036,7.9622668828798195
F1nat,wso,fill,2023,2.745736586092677,3.3488187744985036,2.607381287454365,0.011534758542845889,0.01702612957056471,9.42702960894964
F1nat,wso,fill,2024,3.19242359710768,3.4659435557088805,2.9479212357075943,0.014397695949206162,0.020023802425230008,11.016362429316354
F1nat,wso,fill,2025,3.8408702270958406,4.099263639735972,3.5135929322139026,0.016823690768903856,0.024173287368284554,13.001891593171834
F1nat,wsob,fill,2005,0.0,0.0,0.0,0.0,0.0,0.0
F1nat,wsob,fill,2006,0.03364735696061911,0.09553161420239245,0.05803260102698356,0.00013122107336499046,0.0003103635244484163,0.12405484970881844
F1nat,wsob,fill,2007,0.08432456846092935,0.2802670719790094,0.16992887388825464,0.00035822988810751613,0.0007872052044628861,0.2889450238542169
F1nat,wsob,fill,2008,0.13856112897215359,0.39471023694626345,0.26454407459987916,0.0006360772300896627,0.001475935068358628,0.4828415842226351
F1nat,wsob,fill,2009,0.19970469279125835,0.5324186158504735,0.3641428708965893,0.0009440076983675505,0.002270875634285876,0.712334728636618
F1nat,wsob,fill,2010,0.29308006247987367,0.6955159354333418,0.5337609751778635,0.0015734038977974695,0.0033197147067232343,0.992018069083162
F1nat,wsob,fill,2011,0.402765800203486,0.9036664592045266,0.7081373852057367,0.001784347047711485,0.004607978859147369,1.367530423011625
F1nat,wsob,fill,2012,0.5097166008346569,1.069235848911812,0.8601584666340456,0.002601797601422768,0.005751775724883007,1.7413134759853086
F1nat,wsob,fill,2013,0.6412981015875782,1.254905210259153,1.01356126123057,0.0036859313543837115,0.0071232850338676474,2.0996744975799535
F1nat,wsob,fill,2014,0.7778011647403961,1.5313034090111455,1.152107554321698,0.0042849482883476194,0.0084306598230584,2.5269148813893363
F1nat,wsob,fill,2015,0.9045630002469844,1.730961174110298,1.3034754722058175,0.005568133431915717,0.009259441762373831,3.0518214098696257
F1nat,wsob,fill,2016,1.0421947098428477,1.7735420689889936,1.3984885051086904,0.005902261335105322,0.010374218602771141,3.397572131033168
F1nat,wsob,fill,2017,1.2802572304641708,2.1608229835533193,1.6307067427760276,0.0065256940524566764,0.011516323193024522,4.150867095474558
F1nat,wsob,fill,2018,1.4864835367113651,2.3912853251494575,1.7774391197224886,0.007629843285609507,0.012029850322518638,4.850604052322558
F1nat,wsob,fill,2019,1.6656214534242268,2.5848846388982123,1.8716251415382326,0.00859511469171293,0.012374514044925197,5.557011083644565
F1nat,wsob,fill,2020,1.8698281378364094,2.8396855197820967,2.000469309906094,0.008783979823432769,0.016459473022483743,6.260292820558719
F1nat,wsob,fill,2021,2.282605840298183,3.277211678663335,2.326694799554075,0.01050295302362484,0.015003611379325967,7.346493704253277
F1nat,wsob,fill,2022,2.6590609680399786,3.5590668692937735,2.6484636429484856,0.012755388696402414,0.01765276857337794,9.033721603542682
F1nat,wsob,fill,2023,3.0741633423721373,3.664708831727158,2.9577473964705483,0.012996528222485535,0.019074435665075943,10.595995458244683
F1nat,wsob,fill,2024,3.5182090632760747,3.6836971797763534,3.264770483063741,0.015851083859759217,0.022037592373911043,12.213562107950471
F1nat,wsob,fill,2025,4.162406069467261,4.330167724123063,3.828834596811729,0.018358581321911375,0.026192718202783988,14.182364451991335
F1nocap,ws,fill,2005,0.0,0.0,0.0,0.0,0.0,0.0
F1nocap,ws,fill,2006,0.0239085910551028,0.08770841766429759,0.049809460891350625,0.00010239132581877214,0.00026856542636500587,0.07667829204245454
F1nocap,ws,fill,2007,0.05391985644834087,0.1765192569496392,0.10071162833546468,0.0002106136213481176,0.0005297537337877012,0.1740801650294095
F1nocap,ws,fill,2008,0.09440742489190332,0.2693200075327163,0.17206424894634365,0.00039218585642283464,0.0011143256081009942,0.3016296122923045
F1nocap,ws,fill,2009,0.1415994519946842,0.3652747285317863,0.24419181222565803,0.0006403877215278331,0.0017464301583137182,0.46848283546057395
F1nocap,ws,fill,2010,0.20326712473787178,0.4600062972715652,0.3329920765164632,0.0009688951368958944,0.0025882822161982203,0.6582104345452986
F1nocap,ws,fill,2011,0.29712525410387614,0.640003304330184,0.47824243763541957,0.0013810405814570132,0.003849651023420529,0.9753152081862313
F1nocap,ws,fill,2012,0.38933350166121816,0.7801702679128394,0.6171516248319142,0.0018538705457751912,0.004785856803960324,1.2934528515016899
F1nocap,ws,fill,2013,0.49812244938668815,0.9244921827770901,0.7338950628958574,0.002556809489884307,0.005921860799507721,1.575805140503185
F1nocap,ws,fill,2014,0.606057077550292,1.1123887012594724,0.8259103628176125,0.0026756328892249014,0.006857125749821047,1.9044802395846239
F1nocap,ws,fill,2015,0.7184641279230319,1.2278016714203805,0.9317598042704757,0.003094390702956159,0.007388273885842274,2.3498486322360783
F1nocap,ws,fill,2016,0.8536688044199576,1.3690210732434367,1.0579469002181645,0.003586921993612945,0.008645809489293978,2.691938815095663
F1nocap,ws,fill,2017,1.0739860732457096,1.583482631020448,1.2322480860377796,0.004220400552438215,0.009655970825929226,3.370613162743936
F1nocap,ws,fill,2018,1.257913997672548,1.9188564966935358,1.4108327369929319,0.005064992550411612,0.010014928780342481,4.008298022499367
F1nocap,ws,fill,2019,1.4141255037812928,2.1983586107040773,1.5281540465638397,0.006931026560117339,0.01073758931865338,4.648227821612135
F1nocap,ws,fill,2020,1.5909806263909216,2.300223826618818,1.6092700381454836,0.006513270313188048,0.014227782025994028,5.273354321625463
F1nocap,ws,fill,2021,1.9760091951383332,2.8003011875383104,1.932639320943598,0.008217384205970473,0.012554626282923871,6.300919657184787
F1nocap,ws,fill,2022,2.3607349963585134,3.3594155898937825,2.3090610015308473,0.01025680134166226,0.015568616067614461,7.983492124716551
F1nocap,ws,fill,2023,2.750049772919382,3.684495125546608,2.6471338251782766,0.011531803339863497,0.017707456932749364,9.45236774200599
F1nocap,ws,fill,2024,3.2379682071736804,4.2939292893446455,3.086465736061212,0.013471039447467519,0.021452924582296546,11.121155884441192
F1nocap,ws,fill,2025,3.8828956113885007,5.073446210634179,3.6525048968868745,0.015996538002242117,0.02605994035891737,13.180003235275919
F1nocap,wso,fill,2005,0.0,0.0,0.0,0.0,0.0,0.0
F1nocap,wso,fill,2006,0.025339679051951825,0.09393892623661478,0.054181602509753644,0.00011392050391273785,0.0002776178024711183,0.08319601291678173
F1nocap,wso,fill,2007,0.056841149775444556,0.19141866911445202,0.11110598569519818,0.00023753516979476452,0.0005556505900078639,0.18664793739481755
F1nocap,wso,fill,2008,0.10037929606710166,0.2966895472777702,0.19323554009841343,0.0004945080221378201,0.0011824720423506277,0.32617528255264905
F1nocap,wso,fill,2009,0.14893690741860038,0.39953317774768554,0.2704074821575756,0.0008026736819069262,0.0018485478324626126,0.4989065918428464
F1nocap,wso,fill,2010,0.21080153135068014,0.4941640180487755,0.35973684746943285,0.0011581216614202656,0.002709080324008908,0.6885202719076381
F1nocap,wso,fill,2011,0.3057405098814144,0.6781796882602527,0.5080923826677778,0.001588659067290249,0.003988862368011448,1.0096998304004237
F1nocap,wso,fill,2012,0.39897747771334724,0.8263979191163088,0.6505006574798594,0.0020939778325905797,0.004946301951582206,1.3320329421847694
F1nocap,wso,fill,2013,0.5085905515996013,0.9766721489639337,0.7702529428295702,0.002904366494853615,0.006130329343693324,1.616723363405826
F1nocap,wso,fill,2014,0.6202850342575077,1.1904657371475558,0.8804663030709187,0.003456679712071347,0.007238522836639313,1.9606410532294192
F1nocap,wso,fill,2015,0.7351813260986476,1.326635814898351,0.9996253831691839,0.004294456865874024,0.007921807337166646,2.4164565370886595
F1nocap,wso,fill,2016,0.8722506725964114,1.4948091794085436,1.1343224807107175,0.004544200632963441,0.009148270293345832,2.764831299072092
F1nocap,wso,fill,2017,1.0949419782671215,1.7178498130213034,1.3094892190486547,0.0054495743970106965,0.010273074593329138,3.4517817656382035
F1nocap,wso,fill,2018,1.2823696107615539,2.087936761953532,1.5042064700239903,0.006854206081552947,0.010867013387274091,4.1035358723908075
F1nocap,wso,fill,2019,1.440284223385685,2.405979275012691,1.6237725972869668,0.009052340354360006,0.011805523142687678,4.751315381517887
F1nocap,wso,fill,2020,1.6195596932226934,2.520963845218758,1.7221232761249465,0.007778073168800248,0.015016294428210314,5.384889058009529
F1nocap,wso,fill,2021,2.0045760082618846,3.019610306956515,2.0429014630501925,0.009412454213575897,0.013319117513479792,6.408345575360408
F1nocap,wso,fill,2022,2.3896493730152217,3.5939532804026286,2.4121911776487157,0.012153481195650705,0.016639621110565807,8.096546577076941
F1nocap,wso,fill,2023,2.7788578794657064,3.907911517817089,2.747950856253397,0.013340486879482805,0.018721934979974868,9.566003776293417
F1nocap,wso,fill,2024,3.2671951071447642,4.5257091176204645,3.190877120540453,0.01527382822632214,0.022477965646079606,11.23693915023057
F1nocap,wso,fill,2025,3.911699338979022,5.289204242333205,3.751762810648594,0.017927956163388672,0.02711288071445293,13.293917874879739
F1nocap,wsob,fill,2005,0.0,0.0,0.0,0.0,0.0,0.0
F1nocap,wsob,fill,2006,0.03598471569417893,0.1287919020487182,0.08054790201244293,0.0004565910805410538,0.000455418493739601,0.12405611992127556
F1nocap,wsob,fill,2007,0.085522470941994,0.2964547746158153,0.18030506173829627,0.00042633955422991,0.0008229099806030174,0.2920536003141133
F1nocap,wsob,fill,2008,0.14179150220080053,0.43522435154449307,0.29701635538691096,0.0007676686713309073,0.001565658555119492,0.4787784881621434
F1nocap,wsob,fill,2009,0.20547378481730538,0.5790305645660194,0.41058690400849895,0.001213332388280315,0.002406792607514719,0.7097131914901963
F1nocap,wsob,fill,2010,0.29250127412643895,0.7173846313634706,0.5371086503918816,0.0016852328600734233,0.0034443984474079653,0.9878738775932233
F1nocap,wsob,fill,2011,0.40472259045282816,0.9529384980304956,0.7238972659301812,0.002129122446822619,0.004858303855451773,1.3756862377744716
F1nocap,wsob,fill,2012,0.5164938299394966,1.1255583587839397,0.8830251531098987,0.00273020434746209,0.00589843660738782,1.7594369191579649
F1nocap,wsob,fill,2013,0.6506329768006568,1.327427327675359,1.033542311640851,0.0035517919498345356,0.007202979199987319,2.1062745203716955
F1nocap,wsob,fill,2014,0.791885365395673,1.6104816975175322,1.1826123040684842,0.004362966745100025,0.008560442739238422,2.541477254670471
F1nocap,wsob,fill,2015,0.9215485235272374,1.7440186807120912,1.307482836658901,0.005161515641978987,0.009218771137341155,3.0624278042242374
F1nocap,wsob,fill,2016,1.0612709920598542,1.8979587671108056,1.4375080023226807,0.0054461890442278164,0.01050437115990089,3.4086105927775634
F1nocap,wsob,fill,2017,1.299887117677846,2.0943397269702815,1.6093956773627551,0.0064235383508673295,0.011701114147299537,4.151622460798755
F1nocap,wsob,fill,2018,1.5096410392474031,2.4940010212167096,1.8204837669108855,0.007676037468581921,0.01235051934750503,4.884650210529813
F1nocap,wsob,fill,2019,1.6815069642866447,2.809831917341421,1.934708044734095,0.009904542466796179,0.01341776253521872,5.590308257075428
F1nocap,wsob,fill,2020,1.880190223316185,2.935227722897729,2.036333866382064,0.0088356188921755,0.0168245549017908,6.285849594765511
F1nocap,wsob,fill,2021,2.3105168921306194,3.4895173771286907,2.3986180817817515,0.010705077909341576,0.015402820217149496,7.441445215218008
F1nocap,wsob,fill,2022,2.71475202681789,4.106915308662946,2.7969809601377817,0.013534649590590721,0.01904078453297436,9.255551020928827
F1nocap,wsob,fill,2023,3.1186550615337443,4.4211726654030405,3.143453686099403,0.01495963263998114,0.021256108900404427,10.78152705853652
F1nocap,wsob,fill,2024,3.6168414167712686,5.035721968198152,3.5828089954011175,0.016691054302848098,0.02503999477055379,12.488202309388056
F1nocap,wsob,fill,2025,4.261667414883235,5.782430922559841,4.137613978208957,0.019364782914682535,0.029609971397495854,14.545732632566496
F2,ws,fill,2005,0.0,0.0,0.0,0.0,0.0,0.0
F2,ws,fill,2006,0.016283570423301197,0.03284919712952359,0.032484456749436334,4.603353719870266e-05,7.529437336838721e-05,0.0698167521027957
F2,ws,fill,2007,0.036024003539165454,0.06391871843336755,0.0638318029783361,8.91567075322691e-05,0.0001622732693662502,0.15306464772402134
F2,ws,fill,2008,0.06535876552855727,0.1138253979070697,0.11549837017500524,0.00018375327835091297,0.0003549621633723985,0.2755494065814
F2,ws,fill,2009,0.1044594293245871,0.198879918263818,0.1819627068069397,0.0003530501887867985,0.0007722819800931478,0.42156738492586476
F2,ws,fill,2010,0.156753765986068,0.26432317624393975,0.25414129119214246,0.0005708468395807457,0.0014656504181392662,0.581268597746865
F2,ws,fill,2011,0.22916423449372825,0.38486941754245263,0.366661616329408,0.0008709627356909203,0.002195341712162812,0.8545943329422259
F2,ws,fill,2012,0.29170001340658064,0.4421426042950412,0.463431852072728,0.0011298460273076855,0.0021520571129040743,1.1169534848410558
F2,ws,fill,2013,0.38017743086921124,0.4812081833650063,0.5359641393539935,0.0016670896501026916,0.002602926073759615,1.4020053095969611
F2,ws,fill,2014,0.47412171902700356,0.6075556118133815,0.6077447777888001,0.0017255374959235566,0.002910888118515467,1.7422134150475173
F2,ws,fill,2015,0.5841703994455065,0.8081451054010466,0.7447007833457705,0.00200274956996964,0.003488687591445773,2.156260829447308
F2,ws,fill,2016,0.7139444196448843,1.0071598481351531,0.886784514776713,0.0025419558493967346,0.004612893121179169,2.506247280698669
F2,ws,fill,2017,0.8891703689556596,1.1955339320253102,1.0345670969400382,0.003187799311845488,0.0057125166475270805,3.088881770039907
F2,ws,fill,2018,1.0511562182027028,1.3005859139812959,1.1348767077137378,0.003952879599331825,0.007033132391713898,3.614450065078506
F2,ws,fill,2019,1.2072802618289868,1.56718121454504,1.2523152702740832,0.005998631369067139,0.00884154376484619,4.159307168084458
F2,ws,fill,2020,1.3759810732935396,1.6377123485718736,1.3451128869270363,0.00538120489246846,0.009113011879265392,4.691968010053198
F2,ws,fill,2021,1.7405670072224462,1.8375174055156156,1.606396474455236,0.006537119766847296,0.011161223262332563,5.798451489582129
F2,ws,fill,2022,2.1027236714861073,2.603735335062478,1.9813846634650594,0.008356986999523865,0.014625977274241059,7.38342135668672
F2,ws,fill,2023,2.4831056027249816,3.006091290377787,2.258456460322324,0.009492061632664696,0.017184820518304413,8.681002947077094
F2,ws,fill,2024,2.9339302695106872,3.330310093523938,2.6149441671522196,0.011149483538051199,0.020214517844201224,10.247643748425746
F2,ws,fill,2025,3.545503786844765,4.268560051972987,3.166254636315358,0.013427033556510601,0.025114569831937897,12.265388404845028
F2,wso,fill,2005,0.0,0.0,0.0,0.0,0.0,0.0
F2,wso,fill,2006,0.017307326715544167,0.035120132495954304,0.03521386623603904,5.26243952509018e-05,7.864832683811261e-05,0.07493700952575287
F2,wso,fill,2007,0.038437871485325584,0.07363265206696117,0.0723099148867676,0.00010986308734560376,0.00017484464660168266,0.16420156638872346
F2,wso,fill,2008,0.07083224600074445,0.13608497306902703,0.13488298805669124,0.0002776530138022632,0.00039893931544360473,0.2989426200313906
F2,wso,fill,2009,0.1109209666500475,0.22808371790717966,0.2050574145033019,0.0005040175038896066,0.0008490740149953953,0.4492037157590345
F2,wso,fill,2010,0.16347580572338039,0.29470379406615016,0.27922044007649005,0.0007504692284426036,0.0015590520519652468,0.6092613393325035
F2,wso,fill,2011,0.23672903228804448,0.4168149075566862,0.3941076850008616,0.0010656056982098394,0.0022944122769915326,0.8862830578452572
F2,wso,fill,2012,0.299735418976204,0.479096841615612,0.49257615748352446,0.0013550691462460994,0.0022572120181831774,1.1516463881255916
F2,wso,fill,2013,0.3888215836860605,0.5224351031625867,0.5683962333839169,0.0019979701453160495,0.0027407893204731268,1.4397965232863081
F2,wso,fill,2014,0.48654448999337907,0.6730681933359457,0.6583992424223247,0.0024885091826064645,0.0032148083469001666,1.7953406801881937
F2,wso,fill,2015,0.5992055903626297,0.8947355476475713,0.8091856016609741,0.003187262056013604,0.003950713467253873,2.2198296009045086
F2,wso,fill,2016,0.7311212997028128,1.125816654868892,0.961390982556066,0.0034865195245953285,0.005058411284680063,2.5767165100580365
F2,wso,fill,2017,0.9087488153542651,1.3242226545923028,1.1120583615528958,0.004408504955961188,0.006281560848974033,3.167236606157386
F2,wso,fill,2018,1.0748965964566546,1.4792945281093426,1.231550319960059,0.005740360284148121,0.007883056538411384,3.708365681116994
F2,wso,fill,2019,1.2331107264717571,1.7865348484771513,1.3509532392325403,0.008122727182134956,0.009930899461666047,4.261808745502727
F2,wso,fill,2020,1.40347983051992,1.8542838019280377,1.4554873675032818,0.006641970941406739,0.00988521065201138,4.7999914097957435
F2,wso,fill,2021,1.7673016731407205,2.0399773988067658,1.7111619773962046,0.00772035472137597,0.011896096878559848,5.900131954709835
F2,wso,fill,2022,2.1316055610247924,2.8737229665886757,2.0862582961854,0.010274169302864376,0.01582700194025369,7.497283617007594
F2,wso,fill,2023,2.512754691246536,3.2935710508947507,2.3632856246553446,0.011342909320327244,0.01842438919135028,8.799003741258808
F2,wso,fill,2024,2.963586413194213,3.6182750533323476,2.719465812751449,0.012991535954798052,0.021454754668648993,10.365617566789153
F2,wso,fill,2025,3.575921613172465,4.562866353144387,3.272653268584059,0.01540740803372415,0.026426174396554505,12.38654587834608
F2,wsob,fill,2005,0.0,0.0,0.0,0.0,0.0,0.0
F2,wsob,fill,2006,0.02464849941218315,0.057043541383278044,0.05492210384954677,0.0003645724002853115,0.00021161502076473348,0.10640181770455813
F2,wsob,fill,2007,0.05868442713144129,0.13217108207717018,0.1211058041985255,0.0002147340819353206,0.0003235908814391117,0.24552315393947557
F2,wsob,fill,2008,0.10297200756306017,0.2262521007236338,0.2137088193522479,0.00045171569797761076,0.0006642927850100389,0.4228275319636505
F2,wsob,fill,2009,0.15860449232036788,0.41235975533208313,0.33584782621680054,0.0008357812836047917,0.0014442141842298856,0.6228785630857204
F2,wsob,fill,2010,0.23095394711198172,0.4729797186884616,0.43108963479679346,0.0011307201548520335,0.002172264555241525,0.8592572494495985
F2,wsob,fill,2011,0.32296120260755246,0.7008049512893493,0.6010330384650263,0.0015099569191114966,0.0032097272897580803,1.202760549986799
F2,wsob,fill,2012,0.40040338916468704,0.7979865609348508,0.7188592049959188,0.0018612995162813162,0.0032537530428753164,1.5173647464740028
F2,wsob,fill,2013,0.5094437538093443,0.8879047914572222,0.8152284311149188,0.0024552534713951158,0.003710815184227029,1.8599191215183983
F2,wsob,fill,2014,0.6353844777306845,1.0713512339211575,0.9339052188886209,0.0031910983752153647,0.004291352929674994,2.312422161756922
F2,wsob,fill,2015,0.7695976825082566,1.3892002788571076,1.126455163188475,0.003913005945600625,0.0051905548556184485,2.8178086462641017
F2,wsob,fill,2016,0.9050279721833698,1.5693491766913434,1.2618098742049084,0.004260551547767421,0.0063256771063711845,3.176182245136191
F2,wsob,fill,2017,1.0953057079111528,1.7390314137072627,1.4062913265260115,0.005266996744557691,0.007575346539187427,3.816784665379304
F2,wsob,fill,2018,1.2696539788258816,1.7350817309088165,1.4810363886811995,0.006366254794118505,0.009038881683351048,4.388928067728438
F2,wsob,fill,2019,1.448072476287498,2.0754077550953025,1.6083189022651554,0.008835377573660813,0.011309466401740858,5.006996080685581
F2,wsob,fill,2020,1.635221692198593,2.1424183633786344,1.7161034039813294,0.007567253725472371,0.011427677901577803,5.591208085223429
F2,wsob,fill,2021,2.045524570230428,2.354561786220337,2.013956298056412,0.00883356770338307,0.013704279408484284,6.83248492311053
F2,wsob,fill,2022,2.433170067857477,3.3272339019375465,2.4378849836248935,0.011519412057247227,0.018053130348184357,8.563964328276041
F2,wsob,fill,2023,2.8301240240265626,3.7673786345350857,2.723723582462122,0.012838666351890717,0.020893225882967364,9.92278273658176
F2,wsob,fill,2024,3.2887707272348856,4.03957159233958,3.0612386006547516,0.014238354512325982,0.023803934270720056,11.518522216268988
F2,wsob,fill,2025,3.906401282915703,4.998710491244267,3.6157059650084595,0.016680972092891197,0.02878298676483413,13.559841100114712
F3,ws,fill,2005,0.0,0.0,0.0,0.0,0.0,0.0
F3,ws,fill,2006,0.029104951345377855,0.1211640176825971,0.06207836750533519,8.306109712483874e-05,0.0003548479659714205,0.07799837249146839
F3,ws,fill,2007,0.066582425153653,0.2585762238953723,0.1291574886648779,0.0001776103558123131,0.0007094396875566421,0.18166151193506866
F3,ws,fill,2008,0.11809583853049559,0.38372207452008933,0.2186084497382171,0.0003576253643066916,0.0015021207960888312,0.3182837313258141
F3,ws,fill,2009,0.17800581281236869,0.5269675810677271,0.3048812545424831,0.0005951660657736608,0.0023964651902317695,0.5011899463761539
F3,ws,fill,2010,0.2568737544003663,0.6893351296708509,0.4141824117739624,0.0009240329885426289,0.0035730205143596856,0.7211149102960582
F3,ws,fill,2011,0.37291132921926945,0.9604127967596895,0.5911318647379237,0.0013292572443733683,0.005426157624634958,1.0764371688545926
F3,ws,fill,2012,0.4872001252276765,1.1761450836790808,0.7513278954606545,0.0017296051050958812,0.007159710716805767,1.4178404112941188
F3,ws,fill,2013,0.6135389959818053,1.3767988719689497,0.8857193388259517,0.0021045878955627518,0.008408227972238587,1.6986253095499593
F3,ws,fill,2014,0.7427874609380903,1.6726815588182038,1.0071599635490798,0.0024832978986833163,0.009969125744370599,2.035340258153852
F3,ws,fill,2015,0.8991312610310701,1.925778313760568,1.1608662019716973,0.0028813537055564064,0.011607866800359185,2.564624900084949
F3,ws,fill,2016,1.08764871175727,2.184487142659766,1.333074065711021,0.003557744648502027,0.01386705610336585,2.987332164780627
F3,ws,fill,2017,1.3608288797445045,2.5698946557295583,1.5479486810373564,0.004240130014636359,0.014753920957394483,3.8126153597311694
F3,ws,fill,2018,1.5913840038488252,3.0648164507897375,1.728084152556494,0.004760225374916024,0.014473068997252965,4.640011932818424
F3,ws,fill,2019,1.8529181188953108,3.6557149469651797,1.9234462974363788,0.0051005339316691,0.014137997551486647,5.713190380236407
F3,ws,fill,2020,2.1623348589578577,4.32545159810201,2.084172087009776,0.006100483895217043,0.02590000682472982,6.857789582494734
F3,ws,fill,2021,2.560892217679126,5.15257530925006,2.410699332268568,0.0075317114961132815,0.015953028223485946,7.730449413563571
F3,ws,fill,2022,3.051402215394404,6.148647771163735,2.8622854512379394,0.00906818419470015,0.01968011698015159,9.817792762200357
F3,ws,fill,2023,3.572052018781133,6.953609177707674,3.3102630723595756,0.010330824374632742,0.022247503576810154,11.973022308905138
F3,ws,fill,2024,4.1784696499472265,8.150965539205187,3.8781318235089643,0.01251102008003778,0.026984476331750034,13.975137660613251
F3,ws,fill,2025,4.9303767643301555,9.636893289396742,4.576359833699369,0.015355341480485177,0.03299014961868778,16.37506678489407
F3,wso,fill,2005,0.0,0.0,0.0,0.0,0.0,0.0
F3,wso,fill,2006,0.031163422099667933,0.13097032594561303,0.06761295967049197,9.178098317292784e-05,0.0003735219803702011,0.08500443869462565
F3,wso,fill,2007,0.07062504887816178,0.2797142239193007,0.14132039196398868,0.00019603300322884498,0.0007592108887014337,0.1945333488779729
F3,wso,fill,2008,0.1263319516282307,0.42344907623151323,0.24515132130890013,0.00039303721912421465,0.0015911745363543224,0.3441015830918081
F3,wso,fill,2009,0.18817564718257299,0.5832600725721503,0.3396149672415586,0.0006434641214920692,0.0025272935894399915,0.5339757713808776
F3,wso,fill,2010,0.2677432942306139,0.7538433562587388,0.4543705932984166,0.0009740566243184182,0.0037283222426311956,0.7555813594909984
F3,wso,fill,2011,0.38539734284793187,1.0278922915883866,0.6355880242680313,0.001384380434600758,0.0056027398927768245,1.1171097531618939
F3,wso,fill,2012,0.5006208170962542,1.2471913757069428,0.7949345856301222,0.001793082572013397,0.007369350283889677,1.4617146932046563
F3,wso,fill,2013,0.6284129058329518,1.4570188291275905,0.9306151909296275,0.0021752679227540522,0.00865335511952962,1.7448877464481556
F3,wso,fill,2014,0.7628633938287178,1.794368856656586,1.066826650092027,0.0025834678665659122,0.010308309562081884,2.0980803393573013
F3,wso,fill,2015,0.9225913987957469,2.0743876553753053,1.2258919243331596,0.0029991451049863854,0.011994114356501578,2.6395008860912577
F3,wso,fill,2016,1.113748682347287,2.37822055454579,1.405531578060872,0.003697370087386102,0.014332513609720836,3.070203661433237
F3,wso,fill,2017,1.390042672704213,2.791319697579918,1.6344368498650035,0.0044037471695453495,0.015287857703446723,3.908008014891295
F3,wso,fill,2018,1.6236325371931857,3.302482034630223,1.822180720951686,0.004943400319599479,0.015054547426711539,4.751619451065728
F3,wso,fill,2019,1.886154928201233,3.9270878096846578,2.0220069281455575,0.005302769371404162,0.014809749749298065,5.835559052683318
F3,wso,fill,2020,2.1991517735427264,4.608633336586748,2.193874233211227,0.006315980066786439,0.026648987636764387,6.995559004303943
F3,wso,fill,2021,2.5985763782047893,5.472778346628408,2.5192709837917704,0.0077714428753693065,0.016794547359459167,7.866900248381982
F3,wso,fill,2022,3.0889862421624636,6.465497509120491,2.9640584551859748,0.00930737772026836,0.020527550132780677,9.961914249595802
F3,wso,fill,2023,3.6100622987525015,7.246810324440482,3.4118865194343004,0.010555899968471076,0.023019018027879246,12.122574936083083
F3,wso,fill,2024,4.216713118281876,8.451434688475597,3.985333409074629,0.01273596683409601,0.027758770493619158,14.127260244075643
F3,wso,fill,2025,4.969616826005,9.948304151274645,4.686001136012795,0.015584907967016417,0.033792773269035535,16.531135441323336
F3,wsob,fill,2005,0.0,0.0,0.0,0.0,0.0,0.0
F3,wsob,fill,2006,0.04454389231168786,0.17851101000797087,0.09669938171259077,0.00013587088256580306,0.0005088938161919247,0.12740978214336782
F3,wsob,fill,2007,0.1052596402868825,0.42104299588500543,0.22586593103823982,0.00033688119676245456,0.0011617463663419006,0.30306301893225424
F3,wsob,fill,2008,0.17648147199389042,0.6035769001749866,0.36670375853873394,0.0006069090729621796,0.0021168004035597688,0.5036080973709631
F3,wsob,fill,2009,0.25606354395375674,0.8117723843013209,0.501070169456313,0.000948828371811339,0.003285008050344401,0.7528584898640452
F3,wsob,fill,2010,0.3735333848003581,1.1147872492660131,0.6918900919050308,0.0014354359929778695,0.0049076943186182505,1.0940743254318683
F3,wsob,fill,2011,0.5095300875339346,1.467274142253146,0.9164009348555329,0.0019084046797074197,0.007026923435856192,1.526458943424444
F3,wsob,fill,2012,0.6465024842983011,1.7166977747034051,1.0963436135239044,0.0023546663745795944,0.008889353164346865,1.939781149232774
F3,wsob,fill,2013,0.8020526235520983,1.9976493059095883,1.266856434594409,0.002810054650382116,0.010315796055134456,2.278824600620916
F3,wsob,fill,2014,0.9734021979909866,2.456912029000972,1.463684362446669,0.003347839247662773,0.012282817225156588,2.732742670996483
F3,wsob,fill,2015,1.1564123254115233,2.7630483376035273,1.6381106582524119,0.00378914186808703,0.013977859336750933,3.365265689674848
F3,wsob,fill,2016,1.3577353465932775,3.0521844987344764,1.812886138606787,0.004509059436496104,0.01640406454693197,3.818332511618507
F3,wsob,fill,2017,1.6549197183087025,3.455070451631275,2.0430821903472065,0.005260590693004291,0.017353670226999126,4.738022914907208
F3,wsob,fill,2018,1.9160148067592955,4.005863445604583,2.2449582781264934,0.005864699897510497,0.017255216012967044,5.709988027895996
F3,wsob,fill,2019,2.205287488590528,4.670100399490773,2.451887094774221,0.006285102381572466,0.017141600680961093,6.933445193366696
F3,wsob,fill,2020,2.5464853600734103,5.416192521082014,2.6303041666422056,0.0073720015760228574,0.029323420996318413,8.208961786236078
F3,wsob,fill,2021,2.989456464033498,6.30929703782382,2.9790841140692397,0.008980573009182292,0.01968529199096623,9.196297932236005
F3,wsob,fill,2022,3.4909115002562623,7.380259775512214,3.4483487513975257,0.01064503419399439,0.023992585323684715,11.419589973602198
F3,wsob,fill,2023,4.0284558594052395,8.17780227594223,3.912514213556164,0.011933352749203685,0.026567678974412326,13.66635174583487
F3,wsob,fill,2024,4.652615228944108,9.39162275607626,4.4931405234040485,0.0141612372525282,0.03142696585838791,15.738949625187802
F3,wsob,fill,2025,5.407190407894649,10.856948293475227,5.17997492965982,0.016970843515000625,0.03729954639543138,18.149083691343904
F4,ws,fill,2005,0.0,0.0,0.0,0.0,0.0,0.0
F4,ws,fill,2006,0.012646063694693703,-0.0018913789249721548,0.012015481997649364,-1.26879293019024e-06,1.0224057558206545e-05,0.06292164790213912
F4,ws,fill,2007,0.028715460096581456,0.0001502514169428683,0.026670452147068216,3.4838764419665237e-06,3.5256735876210806e-05,0.1397953525316886
F4,ws,fill,2008,0.05097471097737018,0.00016472783293947597,0.04563841750931173,6.127631572273636e-06,6.249803437569422e-05,0.24924349523328931
F4,ws,fill,2009,0.07837776804224947,0.0002664643129981119,0.06565662575152244,9.440053711479267e-06,9.60267540766678e-05,0.37829313367802886
F4,ws,fill,2010,0.11101564734996251,0.00033446796374810223,0.09033959388254859,1.328960788001148e-05,0.00013561851485263177,0.5120283891163308
F4,ws,fill,2011,0.1588226513183096,0.0005771214209893712,0.12772096009462772,1.9372595542539623e-05,0.0001955368126430236,0.7413338775536678
F4,ws,fill,2012,0.20616755466114922,0.0009559777216746773,0.16741560187703777,2.551311199304977e-05,0.0002546547681077258,0.9519172011244109
F4,ws,fill,2013,0.2626940852644435,0.001183845725308796,0.21095955262768645,3.258335762962203e-05,0.0003249085810712841,1.2178089023649878
F4,ws,fill,2014,0.3664516260840292,0.0016150946682750669,0.3089401060439312,4.5536011149417e-05,0.00045188630967446004,1.7105546913248229
F4,ws,fill,2015,0.4338407366886251,0.0016656236745684738,0.3671997606093192,5.360616666989957e-05,0.0005329470267192196,2.0058605855950655
F4,ws,fill,2016,0.5402473240545183,0.0017090920559924487,0.45762971266542446,6.56416029978565e-05,0.0006543666665591619,2.415777489735304
F4,ws,fill,2017,0.6803605027338754,0.002132671249871466,0.5790377225299483,8.061491400789552e-05,0.0008152988772060826,2.9875342792280106
F4,ws,fill,2018,0.84197241263119,0.0028029066187426695,0.7252911471471191,9.744457943711351e-05,0.001001979062123841,3.5391491139204017
F4,ws,fill,2019,0.9640637326754811,0.0031358059078896603,0.8191383834080149,0.00010820788372911414,0.0011298215976420418,3.9070288551150623
F4,ws,fill,2020,0.9166361772855421,0.003336405989864988,0.749451539405123,9.69547115243236e-05,0.001049441258009829,3.5626673941596065
F4,ws,fill,2021,1.350306730965669,0.004323114339059463,1.1426452977724308,0.00014943753242515183,0.0015806109160184522,5.122826477374197
F4,ws,fill,2022,1.6539067514930013,0.005137664644457104,1.422884952670237,0.00018479582441796575,0.0019509452556780338,6.426037243799978
F4,ws,fill,2023,1.9530523998076805,0.015300978488628218,1.6928475223104147,0.0002400050881287162,0.002329345275361356,7.616893154231234
F4,ws,fill,2024,2.3195970834650836,0.01685274097980861,2.0293186502051515,0.00028360707571453545,0.002772428330884612,9.046693578412045
F4,ws,fill,2025,2.790318696669721,0.028904256840688217,2.452428573314671,0.00036494946052230984,0.0033753011231576224,10.879029950520556
F4,wso,fill,2005,0.0,0.0,0.0,0.0,0.0,0.0
F4,wso,fill,2006,0.013557263248799691,-0.0019222294927427764,0.013184885293603498,-1.209987865823962e-06,1.122868978114425e-05,0.06742109433751914
F4,wso,fill,2007,0.03062108415936164,6.154689277152334e-05,0.029426438071829607,3.5607342705956603e-06,3.7279228532137225e-05,0.14910728217022304
F4,wso,fill,2008,0.05470172497626621,0.00011888408102644844,0.05141140614441498,6.47764906834404e-06,6.681268843836852e-05,0.2674875212801545
F4,wso,fill,2009,0.08302282391573601,0.0002558903120321216,0.07282333509501127,9.950826002588078e-06,0.000101541031228225,0.4007207583866313
F4,wso,fill,2010,0.11614924989938182,0.00023485145251309124,0.09873320022198383,1.3671132180124409e-05,0.0001413783629727673,0.5357498030822896
F4,wso,fill,2011,0.1644113340603288,0.0005961792679953842,0.13625165866756267,2.0046721814981464e-05,0.00020229809869206787,0.7674184112887266
F4,wso,fill,2012,0.2125440272545152,0.0009769875609908455,0.1763292937441617,2.6278437277405167e-05,0.00026235002493192903,0.9813586617562732
F4,wso,fill,2013,0.26954009915396704,0.0006917641422459378,0.21984559049493882,3.223612954342825e-05,0.0003311727762947946,1.2498084657758566
F4,wso,fill,2014,0.3756271660333248,0.0016452494300366713,0.3206285744139208,4.663346901950117e-05,0.0004629794227228966,1.7533870206296132
F4,wso,fill,2015,0.4446920108330764,0.0017017237730822356,0.380816093424791,5.4898387738014515e-05,0.0005460319563756885,2.0560331601142856
F4,wso,fill,2016,0.5524418739244633,0.0017511092978546086,0.4725486085003533,6.707377177496947e-05,0.0006689831122537531,2.4703082945481416
F4,wso,fill,2017,0.6941092371551794,0.002179178459013169,0.5963458610678629,8.217136871915266e-05,0.000831554924224406,3.047908566585895
F4,wso,fill,2018,0.857103341807415,0.0025927614657919843,0.7441031479203171,9.849956266434064e-05,0.0010189741158046087,3.602874954483684
F4,wso,fill,2019,0.9795523563447324,0.002883827371058149,0.8378041630053086,0.00010917608841756034,0.0011471265906472879,3.9699132287625734
F4,wso,fill,2020,0.9334654099511481,0.0031091012380910087,0.7702731264598169,9.802876674347648e-05,0.001068059333628016,3.628164301046101
F4,wso,fill,2021,1.366961171343804,0.004097896559879088,1.1625169468113503,0.00015052169920681024,0.001599436406757211,5.186100692626405
F4,wso,fill,2022,1.6713379562534187,0.004936726845779682,1.4444041245564156,0.00018601385687562675,0.0019709389307851276,6.4938383581584995
F4,wso,fill,2023,1.9710991829169167,0.015105826584990422,1.7154243588317046,0.00024130469241433392,0.0023501659186398044,7.687373046541588
F4,wso,fill,2024,2.3377695679803474,0.016671572367300606,2.052731835541548,0.0002849632070977393,0.002793481358517172,9.11766061807421
F4,wso,fill,2025,2.8088167951365413,0.028587878285099518,2.476217494382081,0.00036600382390635,0.003396287654839113,10.951325843818422
F4,wsob,fill,2005,0.0,0.0,0.0,0.0,0.0,0.0
F4,wsob,fill,2006,0.01785405195866829,-0.008871025051678251,0.014311912445256238,-1.0591192185169093e-05,-1.7665270330185876e-06,0.09083023061515301
F4,wsob,fill,2007,0.04479353279165744,-2.2190934897528533e-05,0.04383494053419521,5.062811377360609e-06,5.438985688251265e-05,0.21815639279035032
F4,wsob,fill,2008,0.07537489921781008,8.838022229202152e-05,0.07306627325197489,8.80482326747359e-06,9.21206281845931e-05,0.3686138432655168
F4,wsob,fill,2009,0.11206924258384218,-0.001616421747315333,0.10186934228772615,9.850987358726919e-06,0.00013103421282472264,0.5416943375710507
F4,wsob,fill,2010,0.15990843884569214,0.00026654407404508914,0.14192688881547086,1.866231967903821e-05,0.0001947904044249667,0.7376356099075557
F4,wsob,fill,2011,0.21778199561718078,0.0002181157260663921,0.1920177430499908,2.5238797574849438e-05,0.0002659969492389614,1.016794896953112
F4,wsob,fill,2012,0.27475482684826763,0.000582408465672258,0.2386115104865289,3.237447470750775e-05,0.00033717891977204004,1.2689037881757417
F4,wsob,fill,2013,0.3470459181280036,0.0008085128108577075,0.2959084868135049,4.1130478547258665e-05,0.000426720887438377,1.6092708871083954
F4,wsob,fill,2014,0.4798893180318335,0.0014438665712160432,0.4229899770162834,5.784554352060983e-05,0.0005897406797961665,2.240493165007915
F4,wsob,fill,2015,0.55866344894514,0.0016559230661110883,0.49102401898992865,6.752718825724164e-05,0.0006850316457589527,2.58330967798702
F4,wsob,fill,2016,0.6709698308806051,0.001672365736799627,0.5866940196978956,8.015034350444595e-05,0.0008118026869935118,3.000644161925739
F4,wsob,fill,2017,0.8255992625994658,0.002193674755839146,0.7240473677829228,9.634601080958648e-05,0.0009874849386481946,3.6255820553520444
F4,wsob,fill,2018,1.0086410253214755,0.002693930680524445,0.8891187711571463,0.00011438662553441908,0.0011971806206761513,4.240086610190322
F4,wsob,fill,2019,1.143086234206761,0.003042734884280272,0.9899233230650814,0.00012576488314721172,0.0013358448920658388,4.632831406665442
F4,wsob,fill,2020,1.080146813158736,0.003401848741015595,0.9152439293030357,0.00011168496064292486,0.0012325154118088542,4.198375726554118
F4,wsob,fill,2021,1.5765721434036586,0.004503872409257508,1.364954438249448,0.00017161834769047261,0.0018408713254196918,5.981445420935584
F4,wsob,fill,2022,1.9002124121893433,0.005290844940319794,1.6703479852890897,0.00020947286656109745,0.0022394487401745807,7.383229609758006
F4,wsob,fill,2023,2.2101824221316106,0.017034898526820014,1.9503096151461015,0.0002698782972686995,0.0026361167827590906,8.619799332609002
F4,wsob,fill,2024,2.587575616363451,0.019902941460479648,2.296868160035293,0.00031760973580484305,0.003095089316248618,10.091560105365488
F4,wsob,fill,2025,3.0590177461399612,0.031200479513159244,2.717251758889412,0.000397211288275938,0.0036969298863383,11.926843902753822
F5,ws,fill,2005,5.421439844307401e-17,2.910608182083478e-16,2.6068150918230204e-16,2.0648643598425191e-19,3.899984601450653e-19,1.6439896517993164e-16
F5,ws,fill,2006,0.051248947942696195,0.388865996667506,0.06723325924523509,0.002131916662788416,0.0009686060489546538,0.338333171369003
F5,ws,fill,2007,-0.007767205918269913,0.46928074663206104,0.011555952461940033,0.0020656021568201933,0.0006449971659394521,0.0076193501864839615
F5,ws,fill,2008,0.15271156828071622,0.7535442939496271,0.4892913731429603,0.004575013994036865,0.0032586555576697165,0.5659877741482642
F5,ws,fill,2009,0.31714378340471366,1.2344545717373476,0.5574392609090955,0.00533387162157173,0.006933951882624668,0.9821159275102155
F5,ws,fill,2010,0.42464125886502113,2.207203459810428,0.8750252283388775,0.008235855243706182,0.00957005430092666,1.3662522438442306
F5,ws,fill,2011,0.3859383250127065,1.502651221745328,0.720283675342396,0.006396055899990148,0.011131444216383235,0.8618579835485853
F5,ws,fill,2012,0.4674593696845252,1.4055782670272732,0.8396568672298595,0.006436686162276522,0.01990226665022181,0.7084737464299331
F5,ws,fill,2013,0.5491792668868372,1.5355807438956972,0.8385485671726053,0.006247440676823999,0.017223061447045048,1.2703208269097033
F5,ws,fill,2014,0.7241419754160138,1.9245890450194407,0.9713367388531161,0.008274104408170526,0.018942598555593305,1.830485242507149
F5,ws,fill,2015,0.9900424010548432,2.3164023006999206,1.1061250663037445,0.00876832636687183,0.028013508065026307,2.290835114812943
F5,ws,fill,2016,1.279697938138045,2.420252475310706,1.471018967283403,0.012807695502259258,0.030534806083492395,2.918786641901919
F5,ws,fill,2017,1.478579556230807,2.972509193111105,1.624515163504012,0.015475917231070009,0.02707790988606131,3.75792894605254
F5,ws,fill,2018,1.7116288527151717,3.6068239828849693,1.9480477988220541,0.016885258588175113,0.022695889732894742,4.516417232533256
F5,ws,fill,2019,2.1530743016882954,4.316589561330158,2.2166756606881735,0.020001959858080294,0.020684028400963415,6.007424197837734
F5,ws,fill,2020,2.6734312849270228,5.580921046212294,2.671202834538756,0.023376553757202864,0.05141044717847268,7.94876090179873
F5,ws,fill,2021,2.734910773739201,6.062573644678764,2.7030232742961755,0.02250999083319476,0.016283268909500295,7.668322984736286
F5,ws,fill,2022,3.0444992276295118,5.824707888382432,2.7875927777080265,0.021131942307411722,0.016354921450076682,9.00478656536626
F5,ws,fill,2023,3.41214161724215,6.211971208263306,2.9628369014522544,0.021923364446471385,0.017544820612986903,10.610811721796361
F5,ws,fill,2024,4.000854932812077,7.058390324919615,3.4915245290834322,0.026617098836150876,0.022161008366088843,12.551020165420272
F5,ws,fill,2025,4.562514418263753,7.924963032783127,4.078728758846203,0.029344090262761517,0.026540088433781833,14.404121809082687
F5,wso,fill,2005,5.421439844307401e-17,2.910608182083478e-16,2.6068150918230204e-16,2.0648643598425191e-19,3.899984601450653e-19,1.6439896517993164e-16
F5,wso,fill,2006,0.051240887954604096,0.38882998684636016,0.067213643892547,0.002131864602932857,0.0009685020319783423,0.3383050538054516
F5,wso,fill,2007,-0.007791293528317831,0.4691812948412279,0.011499583470942409,0.0020654464344912575,0.0006446938570197297,0.007537669571680847
F5,wso,fill,2008,0.1526956154648429,0.7534835875044484,0.4892551768081938,0.00457491239579274,0.003258454054330442,0.565932917792528
F5,wso,fill,2009,0.31713585196387845,1.2344272285075422,0.5574225037930574,0.0053338209376841365,0.006933851597989195,0.982088259962189
F5,wso,fill,2010,0.42460212330632374,2.2070857240232318,0.8749481642704227,0.008235611452645916,0.009569560995499207,1.3661189381681051
F5,wso,fill,2011,0.38593832501270653,1.5026512217453283,0.7202836753423961,0.006396055899990148,0.011131444216383235,0.8618579835485856
F5,wso,fill,2012,0.4674593696845252,1.4055782670272732,0.8396568672298595,0.006436686162276522,0.01990226665022181,0.7084737464299331
F5,wso,fill,2013,0.5489855943654837,1.5350661485404777,0.8382016656093361,0.006246250288519166,0.017220821047700792,1.2696854995410791
F5,wso,fill,2014,0.7241419754160137,1.9245890450194405,0.971336738853116,0.008274104408170526,0.018942598555593305,1.8304852425071487
F5,wso,fill,2015,0.9900424010548432,2.3164023006999206,1.1061250663037445,0.00876832636687183,0.028013508065026307,2.290835114812943
F5,wso,fill,2016,1.279697938138045,2.4202524753107055,1.4710189672834029,0.012807695502259256,0.030534806083492395,2.918786641901918
F5,wso,fill,2017,1.4785795562308073,2.9725091931111054,1.6245151635040123,0.015475917231070009,0.02707790988606131,3.7579289460525405
F5,wso,fill,2018,1.7115019849325248,3.606562499688603,1.947875620852951,0.01688463133823336,0.022694900545270492,4.516006192696801
F5,wso,fill,2019,2.152926636548323,4.316282965480601,2.2164810625991107,0.020001250082948653,0.020682972784294096,6.006938174292365
F5,wso,fill,2020,2.6732859500786503,5.580630799766744,2.671018965776939,0.02337586258124529,0.05140923362669145,7.948281510278284
F5,wso,fill,2021,2.7347635920128788,6.062287843689527,2.702842571589626,0.022509306832800034,0.01628234426905885,7.667853579925832
F5,wso,fill,2022,3.0443602222094395,5.824442744319345,2.7874246967815344,0.02113128073522126,0.016354047131976985,9.004319548713198
F5,wso,fill,2023,3.41200260249239,6.21171110862766,2.962670277417617,0.021922708577408682,0.017543966839021114,10.610341904448529
F5,wso,fill,2024,4.0007232985762045,7.058143286561272,3.491366175014814,0.026616496251532763,0.022160203908326143,12.550575880651612
F5,wso,fill,2025,4.56228244267147,7.92457979095085,4.078487811994579,0.029343143618990278,0.026538694666119883,14.403344564392695
F5,wsob,fill,2005,5.421439844307401e-17,2.910608182083478e-16,2.6068150918230204e-16,2.0648643598425191e-19,3.899984601450653e-19,1.6439896517993164e-16
F5,wsob,fill,2006,0.04967725026473774,0.3818440815440748,0.06340826547106038,0.002121764990954485,0.0009483227385739082,0.3328502464764941
F5,wsob,fill,2007,-0.007831439545064356,0.4690155418565059,0.011405635152613043,0.0020651868972763644,0.000644188342153526,0.007401535213675669
F5,wsob,fill,2008,0.15265573342515956,0.7533318213915018,0.4891646859712776,0.004574658400182429,0.0032579502959822555,0.5657957769031872
F5,wsob,fill,2009,0.3165409939012365,1.2323764862721336,0.556165720090199,0.005330019646114585,0.006926330250328785,0.9800131938602058
F5,wsob,fill,2010,0.42453167930066854,2.206873799606278,0.874809448947204,0.008235172628737438,0.009568673045729793,1.3658789879510793
F5,wsob,fill,2011,0.3857112132111751,1.5019759997036226,0.7198354101653603,0.006394617054535682,0.011128544099779819,0.8610730283461993
F5,wsob,fill,2012,0.4671958737493616,1.4048385971392905,0.8391543259365807,0.0064350235820676074,0.019899054478495947,0.7075624440973168
F5,wsob,fill,2013,0.5488693908526714,1.5347573913273458,0.8379935246713743,0.006245536055536266,0.017219476808094235,1.2693043031199043
F5,wsob,fill,2014,0.7238624840573907,1.923866168594709,0.9708735148380098,0.008272469699352027,0.01893952846253552,1.8295806410240671
F5,wsob,fill,2015,0.989807322638595,2.3158234861089912,1.1057524059756492,0.008766969061414115,0.02801109317120956,2.2900598219195385
F5,wsob,fill,2016,1.2794512721602942,2.419688314064988,1.4706474820659126,0.01280638755369981,0.030532448421921397,2.917993779723908
F5,wsob,fill,2017,1.478354702257698,2.9720316773503788,1.624197467592233,0.015474780879772887,0.027075962931586064,3.757207963329529
F5,wsob,fill,2018,1.711278100610206,3.606101058753839,1.9475717773780628,0.016883524426571435,0.022693154920051226,4.515280828279526
F5,wsob,fill,2019,2.152727288609359,4.3158690610837,2.216218355178876,0.02000029188652094,0.020681547701790513,6.0062820425061165
F5,wsob,fill,2020,2.6731260817454396,5.580311528676638,2.6708167101389395,0.023375102287691952,0.05140789871973207,7.9477541796057904
F5,wsob,fill,2021,2.734594333027608,6.061959172551904,2.7026347634770937,0.022508520232346098,0.016281280932551188,7.667313764393809
F5,wsob,fill,2022,3.044148056041961,5.824038050749372,2.7871681522095204,0.021130270967141082,0.016352712646456397,9.003606733821686
F5,wsob,fill,2023,3.412631827149197,6.21288840171532,2.9634244704165007,0.021925677247903005,0.0175478312896031,10.612468446128188
F5,wsob,fill,2024,4.002032327921826,7.06059994579146,3.4929409182527356,0.026622488620790634,0.022168203793855208,12.554994045851052
F5,wsob,fill,2025,4.563391575972071,7.926412165961429,4.079639839128904,0.02934766975952152,0.026545358617753582,14.407060765566719
F0,ws,fill_lowaer,2005,0.0,0.0,0.0,0.0,0.0,0.0
F0,ws,fill_lowaer,2006,0.024397583954770787,0.10900172860834084,0.05937567258680483,0.00015758518277594335,0.000314859387294961,0.08511186486986982
F0,ws,fill_lowaer,2007,0.05627668627528185,0.23235253398324934,0.13169675263411149,0.000363819267836834,0.0007086307394445222,0.1908331430516692
F0,ws,fill_lowaer,2008,0.0991866326924564,0.3774423228983209,0.22505071141065985,0.0006316870828443809,0.0012528470119401722,0.341069391790484
F0,ws,fill_lowaer,2009,0.14889693879969082,0.5133144531377074,0.31458133938344846,0.0009514886218025782,0.0018826434617183624,0.5194028791004031
F0,ws,fill_lowaer,2010,0.2112146102897604,0.6354200434999716,0.4159147774509345,0.0013157403522563943,0.0026623693919630882,0.7194507340493529
F0,ws,fill_lowaer,2011,0.309490733955841,0.9201413746950509,0.6108617769404153,0.001960749431552344,0.003952058898288142,1.069677401486053
F0,ws,fill_lowaer,2012,0.4013120591346187,1.1265389943940574,0.7653851702899955,0.0025321585575946966,0.004892232014124383,1.3879402555843767
F0,ws,fill_lowaer,2013,0.5093897187633138,1.3534681194842688,0.9124066156485151,0.003130911703839988,0.0058926087392938385,1.6710126318614225
F0,ws,fill_lowaer,2014,0.6175905024198199,1.5973360197506052,1.0235835327144924,0.003612206994522695,0.00678396757371993,1.9988928716033048
F0,ws,fill_lowaer,2015,0.7410960819845909,1.8247410050619268,1.1748297162721564,0.004278971131517271,0.007613069606995463,2.4441483606304253
F0,ws,fill_lowaer,2016,0.8815842044825182,2.0163122921960217,1.3276881673116285,0.004674608151466119,0.008426282454752023,2.8336894242117765
F0,ws,fill_lowaer,2017,1.1060866742532356,2.3489636957786764,1.5627885494944647,0.005589863544044648,0.009577328657654156,3.5466101455181893
F0,ws,fill_lowaer,2018,1.2947603500219715,2.668589832562417,1.7571774558575877,0.0064014546261732565,0.010095241580549637,4.194903319171351
F0,ws,fill_lowaer,2019,1.4844407358593237,3.0821314266265567,1.9562459398229575,0.007135191954581137,0.01061185047249778,4.885873195704175
F0,ws,fill_lowaer,2020,1.6978743661157092,3.390804100141577,2.1480468099300323,0.008074663124397516,0.014177318684364205,5.600491437625157
F0,ws,fill_lowaer,2021,2.0618246495293695,4.0037003179262,2.5314100052424715,0.009581956329604114,0.012953010552061451,6.575751168218571
F0,ws,fill_lowaer,2022,2.436567479847678,4.647598642238555,2.946219789564564,0.011596420369905932,0.015325553835661908,8.186138272923374
F0,ws,fill_lowaer,2023,2.8336693425345856,5.301857283552978,3.3964555523564828,0.013369200454629075,0.017403283583129057,9.576732090980489
F0,ws,fill_lowaer,2024,3.3221263408464328,6.234644293030405,3.9964696041874834,0.015207762776462599,0.020302547478210253,11.212661531501725
F0,ws,fill_lowaer,2025,3.901648231261506,6.445828211232681,4.052537804581496,0.015921808666814277,0.023442083193015394,13.07264846324816
F0,wso,fill_lowaer,2005,0.0,0.0,0.0,0.0,0.0,0.0
F0,wso,fill_lowaer,2006,0.026146601370755345,0.11681585979697974,0.06363220412011723,0.0001688821714321639,0.00033743107115456007,0.09121337616050801
F0,wso,fill_lowaer,2007,0.05966501008868874,0.24634208589378312,0.13962599070111034,0.0003857242087737928,0.0007512961941521251,0.20232288286730687
F0,wso,fill_lowaer,2008,0.10556775904179012,0.401724900969785,0.2395292453172564,0.0006723263804942004,0.0013334483476500347,0.3630119340850065
F0,wso,fill_lowaer,2009,0.15688389972076305,0.5408490855517953,0.3314557552338258,0.0010025272966097585,0.0019836300896388013,0.5472640999630306
F0,wso,fill_lowaer,2010,0.21992618565579716,0.6616280297299315,0.4330692390889886,0.0013700082422716385,0.002772179180114095,0.7491245775548903
F0,wso,fill_lowaer,2011,0.31927220430455544,0.9492224895257431,0.6301680943927441,0.002022719016815354,0.004076963920276601,1.1034846100301985
F0,wso,fill_lowaer,2012,0.41235563877015224,1.1575398646992063,0.7864475627288895,0.0026018402281153784,0.005026859799693533,1.4261345445249118
F0,wso,fill_lowaer,2013,0.5215755938068808,1.385846459234683,0.9342336620094227,0.003205810935980091,0.006033574666034557,1.710987429895276
F0,wso,fill_lowaer,2014,0.633847583113067,1.639383331789195,1.0505277295931983,0.0037072925574654163,0.006962544653247889,2.051510524535929
F0,wso,fill_lowaer,2015,0.7596672768682002,1.870467357745334,1.2042698821916944,0.004386198262676761,0.00780384621851847,2.5053964992093927
F0,wso,fill_lowaer,2016,0.9019752586432778,2.0629496218420407,1.3583976119575232,0.00478273189904713,0.008621182477954643,2.8992326975940297
F0,wso,fill_lowaer,2017,1.1287444596101923,2.3970813672678206,1.5948017075380343,0.005704369876417878,0.00977351677027622,3.6192611712402103
F0,wso,fill_lowaer,2018,1.3194846420166852,2.7195482931248502,1.7907319036010745,0.0065236945707048705,0.010288016792263873,4.2750077296524305
F0,wso,fill_lowaer,2019,1.5098096069066123,3.1348045935803195,1.9896778915238933,0.007257131322196669,0.010793205416286802,4.9693720407985
F0,wso,fill_lowaer,2020,1.7251464504128728,3.445268845649094,2.1825497830850393,0.008204362292836907,0.014405041676114339,5.690449256437086
F0,wso,fill_lowaer,2021,2.0895978412863623,4.057630964595246,2.5655086059683954,0.009711027204088991,0.013127490203361998,6.664327855951397
F0,wso,fill_lowaer,2022,2.465356233952105,4.702511373198847,2.9810302340775445,0.01173343545250962,0.015506629715783484,8.282859879754785
F0,wso,fill_lowaer,2023,2.8627965908921174,5.356355001948062,3.4313676724559707,0.013506622282976662,0.017582171696697364,9.675171188965729
F0,wso,fill_lowaer,2024,3.3512686980659927,6.289335840696859,4.031527435489791,0.015341168315527407,0.02048064548845219,11.311021242785252
F0,wso,fill_lowaer,2025,3.931174374616723,6.494607710697301,4.083205821039714,0.016042298669322445,0.02361948368323798,13.17157713894618
F0,wsob,fill_lowaer,2005,0.0,0.0,0.0,0.0,0.0,0.0
F0,wsob,fill_lowaer,2006,0.03730968487830658,0.1666894620839148,0.09079946759310199,0.00024098507138085304,0.000481494583346011,0.13015620167909733
F0,wsob,fill_lowaer,2007,0.08899568992370153,0.3674412165316501,0.2082646320725484,0.0005753420979745282,0.0011206253554006396,0.30178264482589545
F0,wsob,fill_lowaer,2008,0.14833725839819958,0.5644788804937736,0.33657161882621967,0.0009447112729921152,0.001873678800245387,0.5100818238140435
F0,wsob,fill_lowaer,2009,0.215338618676376,0.7423686892179597,0.4549557004347002,0.001376067548177702,0.0027227278530684252,0.7511739289179111
F0,wsob,fill_lowaer,2010,0.30949182529062125,0.9310781523080368,0.6094380661548046,0.0019279484627967422,0.0039011579813827114,1.054207947935722
F0,wsob,fill_lowaer,2011,0.42304663472154086,1.2577523955477607,0.8349943654582427,0.002680172158785042,0.005402117199995626,1.4621550026790935
F0,wsob,fill_lowaer,2012,0.5373302108421616,1.5083609415699661,1.0247999420058038,0.003390392241319945,0.006550373954141321,1.8583598802828565
F0,wsob,fill_lowaer,2013,0.6716408102524835,1.7845755242730046,1.2030268692930464,0.004128171410097018,0.00776952569393949,2.203264488200286
F0,wsob,fill_lowaer,2014,0.8123493974870566,2.1010604083848268,1.3463734672413346,0.004751326589547099,0.008923310752821342,2.6292493383978655
F0,wsob,fill_lowaer,2015,0.9560942515803825,2.3541136270627225,1.5156576395676797,0.005520336432715254,0.00982168475191187,3.153216235269415
F0,wsob,fill_lowaer,2016,1.1032845953945893,2.5233735815292024,1.6615745779411148,0.0058501764627757885,0.010545320097050311,3.5463043393575364
F0,wsob,fill_lowaer,2017,1.3495735466006042,2.8660495958767025,1.9068108624959228,0.006820380485320446,0.01168562076041313,4.327338303508783
F0,wsob,fill_lowaer,2018,1.5620110655736406,3.2194118763901516,2.119875411831628,0.007722775077009827,0.012178994404787011,5.060770824072618
F0,wsob,fill_lowaer,2019,1.770615777126178,3.6763141830665615,2.333377036426065,0.008510736159696974,0.012657635577638231,5.827786826628516
F0,wsob,fill_lowaer,2020,2.0065873842868784,4.007331087457282,2.538611640344145,0.009542824534685464,0.016755084700490225,6.618790935783211
F0,wsob,fill_lowaer,2021,2.4144720657972862,4.688479488138366,2.964373690135499,0.011220821275368635,0.015168449049762108,7.700445094068342
F0,wsob,fill_lowaer,2022,2.7985083294167263,5.3379779627131665,3.383867136691926,0.013319015075514477,0.017602094100306012,9.402151318200007
F0,wsob,fill_lowaer,2023,3.206587383613466,5.999595090355056,3.8434376797995364,0.015128620994455277,0.01969359964956034,10.837054217383319
F0,wsob,fill_lowaer,2024,3.709233376495168,6.961129207503701,4.462153730199116,0.01697983023062983,0.022668278989915868,12.51920430617728
F0,wsob,fill_lowaer,2025,4.287967334021848,7.084057601355217,4.453797138015072,0.01749829595472561,0.025763185457796163,14.367028049946708
F1,ws,fill_lowaer,2005,0.0,0.0,0.0,0.0,0.0,0.0
F1,ws,fill_lowaer,2006,0.023006201868011993,0.0807233211534997,0.040142634224052946,8.577950062946484e-05,0.00026752122985732285,0.07751278744150704
F1,ws,fill_lowaer,2007,0.05496662836416728,0.20248190247823278,0.1064027690445321,0.0002126169744867724,0.0005966342576549462,0.17556294818447893
F1,ws,fill_lowaer,2008,0.09798689928288143,0.33998667446064357,0.1800823715518795,0.00046883741119735893,0.0012684800723102875,0.3181384047377607
F1,ws,fill_lowaer,2009,0.14673264850475717,0.4500209079579224,0.25160832476686534,0.0006445005227738908,0.001976386209330876,0.4823367893787078
F1,ws,fill_lowaer,2010,0.2122392936716563,0.5353346984346975,0.35966479873550056,0.0009754499138764994,0.002834605402068273,0.6711463400871712
F1,ws,fill_lowaer,2011,0.3049785873387195,0.7514237411706497,0.505827185922991,0.0013502273927793295,0.004118504488806932,0.9865838368319955
F1,ws,fill_lowaer,2012,0.39848192673980615,0.88590296947275,0.6480045788383253,0.0018589223603849472,0.005145894889945079,1.3077455204567794
F1,ws,fill_lowaer,2013,0.506775254593713,0.9763418015314397,0.7521290081644466,0.002643915701619892,0.006297111709977734,1.5919147094162374
F1,ws,fill_lowaer,2014,0.6108570065506851,1.160347454061579,0.8401472676065377,0.002987386479461762,0.0073799948303038985,1.9132334126394064
F1,ws,fill_lowaer,2015,0.724868166675081,1.3031427831682483,0.9348568645234243,0.00378143038941553,0.008147933633259219,2.36499707902787
F1,ws,fill_lowaer,2016,0.8589104530449309,1.3566051262367147,1.0107845412480712,0.00412630610153484,0.009158871924374786,2.7094829617178746
F1,ws,fill_lowaer,2017,1.079998528673084,1.602232146928004,1.1642174759815318,0.004900984348301858,0.010273355588944204,3.3943057537786827
F1,ws,fill_lowaer,2018,1.2686642283935816,1.892104799782359,1.2707454557029159,0.005626777967026645,0.010500332362240631,4.049350406439132
F1,ws,fill_lowaer,2019,1.4314485874486698,2.2016241151150546,1.3391101462411066,0.006844292203242901,0.01089666302094985,4.71333865883384
F1,ws,fill_lowaer,2020,1.6109276226355673,2.2300468764038968,1.3751986277460284,0.006598860381479862,0.014481408555237446,5.331227764663589
F1,ws,fill_lowaer,2021,1.9962352026472308,2.743136912649473,1.610946965845552,0.00832597226427131,0.01264950017193794,6.372057637132526
F1,ws,fill_lowaer,2022,2.3811053621277263,3.044221423818378,1.8027014008515352,0.009948427132734465,0.015516527259146215,8.042365513596303
F1,ws,fill_lowaer,2023,2.7737962315103255,3.2357361318129714,2.0310795700520914,0.010791172227734278,0.017188058443351757,9.526645531415125
F1,ws,fill_lowaer,2024,3.225595535205463,3.3485413850133767,2.2317419582124574,0.013510718157714806,0.020184473603727514,11.134466035729233
F1,ws,fill_lowaer,2025,3.872306435484353,3.7686725770268494,2.6192058031886747,0.01584941422824057,0.024317703420297473,13.10788090904583
F1,wso,fill_lowaer,2005,0.0,0.0,0.0,0.0,0.0,0.0
F1,wso,fill_lowaer,2006,0.024551258966311426,0.08847728882992546,0.04488205028198685,9.016498159279859e-05,0.00026920623037548775,0.08530075309889837
F1,wso,fill_lowaer,2007,0.057833499695504505,0.2160503487402325,0.11410973902534353,0.0002213672822454701,0.000611767909992104,0.188056577336504
F1,wso,fill_lowaer,2008,0.10387663938497817,0.36500049508774146,0.1989946418521541,0.000499606704950674,0.0013063444601552128,0.3416562681368756
F1,wso,fill_lowaer,2009,0.15427734498004245,0.4891322178929176,0.27778370454352364,0.000687884339865649,0.0020435561933254526,0.5124828633468834
F1,wso,fill_lowaer,2010,0.2206182490054969,0.5804955334968798,0.3956586989656182,0.001158483667214084,0.0029406137185225686,0.7038172927517259
F1,wso,fill_lowaer,2011,0.3144795516520003,0.7959420330163081,0.5421008681296775,0.0013889605862854781,0.004189550183341975,1.022908291515683
F1,wso,fill_lowaer,2012,0.40777875864437835,0.9288705893246231,0.680269500714771,0.0020799991755382228,0.00528186600321107,1.345843760209955
F1,wso,fill_lowaer,2013,0.5180035273091419,1.0324361425396904,0.7959445937835683,0.0029790753415697958,0.006483105401041082,1.6352860908919995
F1,wso,fill_lowaer,2014,0.6251611783529087,1.2329942904986524,0.8908475835234355,0.0033891310111559777,0.007623067346905863,1.9689711601417441
F1,wso,fill_lowaer,2015,0.7420513072755187,1.4030881591763031,1.002699183492353,0.004693414516154647,0.008575718179400175,2.4324060126165605
F1,wso,fill_lowaer,2016,0.8776232927176973,1.4816263628536204,1.0819911234245372,0.004810012458430041,0.009561351378592447,2.7820206669346716
F1,wso,fill_lowaer,2017,1.101301675259504,1.7338608502833623,1.2357799516350818,0.005446951681714408,0.010657391313208803,3.4748910150247414
F1,wso,fill_lowaer,2018,1.2918718831982254,2.0350596280244484,1.3448149863106915,0.006418842520602823,0.011016394917475195,4.13858984302879
F1,wso,fill_lowaer,2019,1.4532474049721396,2.3023026634800985,1.4023871805120052,0.00728351001222604,0.011188184228750812,4.798764210164441
F1,wso,fill_lowaer,2020,1.6381477158645479,2.4227139008069374,1.4663623253870575,0.007167870198012122,0.015031075061993684,5.43653428743315
F1,wso,fill_lowaer,2021,2.0224571504001494,2.9151241904120315,1.6842347772219222,0.008460781142612362,0.013058372544576799,6.469648486056902
F1,wso,fill_lowaer,2022,2.405454532375275,3.171068718499759,1.8661641127854331,0.010054065566738967,0.0158072885406591,8.136635076779044
F1,wso,fill_lowaer,2023,2.796894949503123,3.292565083682215,2.0915267497330405,0.010852600588217843,0.017246523662034875,9.617064553802228
F1,wso,fill_lowaer,2024,3.249963545489842,3.4187044219263694,2.302654626852399,0.013575447368308286,0.020242074378274705,11.230542512758387
F1,wso,fill_lowaer,2025,3.897134081992322,3.8373424474091262,2.6902563715249315,0.015909362495175158,0.024373791448879578,13.205675582477834
F1,wsob,fill_lowaer,2005,0.0,0.0,0.0,0.0,0.0,0.0
F1,wsob,fill_lowaer,2006,0.03434242964510827,0.12382756373204265,0.06454576771501033,0.0001232004606257571,0.0003434207776824221,0.12383897563723895
F1,wsob,fill_lowaer,2007,0.08531555091807992,0.326386737075237,0.18228833264701125,0.00035727441291762347,0.0008570986274751476,0.2893412927348164
F1,wsob,fill_lowaer,2008,0.14327803896572058,0.5041026185871685,0.290601393016861,0.0007251408597075073,0.0016520118523895152,0.49730366558957617
F1,wsob,fill_lowaer,2009,0.20787981281893242,0.6553751129991491,0.39624816192424933,0.0009434367610608631,0.002515536935359996,0.7211778210998089
F1,wsob,fill_lowaer,2010,0.30303316194701374,0.8107099008789284,0.5756115974014905,0.0015623419703851076,0.003669490672551585,0.999919092120372
F1,wsob,fill_lowaer,2011,0.4140852312627354,1.0544716865792856,0.7564783801374472,0.001834367761890448,0.005008441953381245,1.386461959904497
F1,wsob,fill_lowaer,2012,0.525024614774926,1.233235840575185,0.9149189635074622,0.00263804640083504,0.006231123964614946,1.7691498399005252
F1,wsob,fill_lowaer,2013,0.6598771325459322,1.3559618187554239,1.063078309616234,0.0036374073632100628,0.007564531086073541,2.126640117726383
F1,wsob,fill_lowaer,2014,0.7963195058424863,1.666674513622964,1.2054437721072178,0.004243853621221584,0.009027648050530511,2.5467620729734652
F1,wsob,fill_lowaer,2015,0.9312888084577093,1.8819670555580124,1.3399816101913122,0.005629380259285245,0.010040415819901788,3.0861607029183467
F1,wsob,fill_lowaer,2016,1.066355679620539,1.8631002357407003,1.3836491343061907,0.0057408618026383584,0.010924399380791488,3.427681736117051
F1,wsob,fill_lowaer,2017,1.3139532009036372,2.2444191748233577,1.5766784329364893,0.006456053080321338,0.012144891205668862,4.209718349143688
F1,wsob,fill_lowaer,2018,1.5224360305141182,2.4361110610125944,1.6548117201157473,0.007354011346081759,0.01249640087680663,4.935198992490719
F1,wsob,fill_lowaer,2019,1.697121579010903,2.6187050754450465,1.6800710742227205,0.008271800215373274,0.012669362472046326,5.64950278554913
F1,wsob,fill_lowaer,2020,1.9106644012319665,2.830715438511452,1.766899585135253,0.008280208442786529,0.016824699942542338,6.378126433302583
F1,wsob,fill_lowaer,2021,2.327145651273421,3.2242490344976726,1.9540750544028536,0.009730514653760004,0.015125416857469992,7.488851734695856
F1,wsob,fill_lowaer,2022,2.7287305828836104,3.514535701041319,2.1663278158482147,0.01145933381279593,0.01794677945606673,9.26280606988393
F1,wsob,fill_lowaer,2023,3.1318178352887314,3.5913058733198726,2.379298912126759,0.012164839517287447,0.01932937688807963,10.80260888758699
F1,wsob,fill_lowaer,2024,3.588890038898895,3.6447279865544084,2.5594036116809833,0.014927266283480593,0.022334777226254092,12.46804667309423
F1,wsob,fill_lowaer,2025,4.231040822201639,4.067112910557944,2.9426948036405003,0.01734497542587447,0.02645391232877443,14.425207655658959
F1marg,ws,fill_lowaer,2005,0.0,0.0,0.0,0.0,0.0,0.0
F1marg,ws,fill_lowaer,2006,0.023006201868011993,0.0807233211534997,0.040142634224052946,8.577950062946484e-05,0.00026752122985732285,0.07751278744150704
F1marg,ws,fill_lowaer,2007,0.05496662836416728,0.20248190247823278,0.1064027690445321,0.0002126169744867724,0.0005966342576549462,0.17556294818447893
F1marg,ws,fill_lowaer,2008,0.09798689928288143,0.33998667446064357,0.1800823715518795,0.00046883741119735893,0.0012684800723102875,0.3181384047377607
F1marg,ws,fill_lowaer,2009,0.14673264850475717,0.4500209079579224,0.25160832476686534,0.0006445005227738908,0.001976386209330876,0.4823367893787078
F1marg,ws,fill_lowaer,2010,0.20679429088871815,0.4931063500395692,0.3490507959611921,0.0009663158977290931,0.002729029716617041,0.6595796212762589
F1marg,ws,fill_lowaer,2011,0.29641919212617746,0.6851856880279354,0.48922900295313365,0.0013319086401779594,0.003947648359676721,0.9666821501372614
F1marg,ws,fill_lowaer,2012,0.3865586604061585,0.8102130555232041,0.625219068222034,0.0018334903520450315,0.004916660900398257,1.2806083339901977
F1marg,ws,fill_lowaer,2013,0.4927529895150661,0.91049261674557,0.7272853157668734,0.0026081217960959146,0.006068730141909096,1.56229078260416
F1marg,ws,fill_lowaer,2014,0.5942554916527443,1.0721169137442033,0.8089452523799172,0.002941857575890533,0.007078105820836166,1.8808427275080912
F1marg,ws,fill_lowaer,2015,0.7048215314806847,1.2155158712851635,0.8997287902886473,0.0037258568469809824,0.007799578532654147,2.3245833563731413
F1marg,ws,fill_lowaer,2016,0.8353694718852868,1.2495533544679975,0.9730950185214171,0.004041740922022906,0.008719401360511754,2.660302813319618
F1marg,ws,fill_lowaer,2017,1.0513928002988413,1.4802075882769699,1.1201903409818363,0.004803270789751055,0.009795773082330558,3.3279109716051036
F1marg,ws,fill_lowaer,2018,1.2368749728421842,1.742797417735112,1.2239819465558641,0.005513717836075884,0.009996486737201377,3.9603316067495684
F1marg,ws,fill_lowaer,2019,1.3932773617953271,2.006667284867987,1.2844216239357538,0.006780228702210392,0.01038308787343743,4.5904239616564
F1marg,ws,fill_lowaer,2020,1.572147337757732,2.0571512889200987,1.3265237607892864,0.006561761634524676,0.01389887285008283,5.196870214795204
F1marg,ws,fill_lowaer,2021,1.953037402668335,2.51643738569701,1.557964433900897,0.008219419734157206,0.012013619732292266,6.2311642240954
F1marg,ws,fill_lowaer,2022,2.3284352171221037,2.762520636463038,1.7428468603160154,0.009797891660092903,0.014730355243549431,7.860400637551809
F1marg,ws,fill_lowaer,2023,2.71920748130714,3.047221918550796,1.9760388488109983,0.010717428227851494,0.016720043274587832,9.318581615360541
F1marg,ws,fill_lowaer,2024,3.1715008775591196,3.2492575086921978,2.1783413035979087,0.01349181425327135,0.02001381297019511,10.92984447106371
F1marg,ws,fill_lowaer,2025,3.814991109802442,3.6389257710459595,2.5621643992278766,0.015817228693712656,0.024118016045951107,12.897219188880856
F1marg,wso,fill_lowaer,2005,0.0,0.0,0.0,0.0,0.0,0.0
F1marg,wso,fill_lowaer,2006,0.024551258966311426,0.08847728882992546,0.04488205028198685,9.016498159279859e-05,0.00026920623037548775,0.08530075309889837
F1marg,wso,fill_lowaer,2007,0.057833499695504505,0.2160503487402325,0.11410973902534353,0.0002213672822454701,0.000611767909992104,0.188056577336504
F1marg,wso,fill_lowaer,2008,0.10387663938497817,0.36500049508774146,0.1989946418521541,0.000499606704950674,0.0013063444601552128,0.3416562681368756
F1marg,wso,fill_lowaer,2009,0.15427734498004245,0.4891322178929176,0.27778370454352364,0.000687884339865649,0.0020435561933254526,0.5124828633468834
F1marg,wso,fill_lowaer,2010,0.21505267692010022,0.5346405622814604,0.38463523713778497,0.0011469780620588167,0.0028235057163680834,0.6919505179157102
F1marg,wso,fill_lowaer,2011,0.3057873609307083,0.7264439504085821,0.5251179351675194,0.0013684266500459544,0.0040074586285959,1.0026802389344665
F1marg,wso,fill_lowaer,2012,0.3957081132049396,0.8494441176755476,0.6570633078215753,0.0020520313164165468,0.005040041333688459,1.318345365373172
F1marg,wso,fill_lowaer,2013,0.5037857635419847,0.9617880455670786,0.7705609064820012,0.0029398811089871475,0.006239573167931028,1.605194782469981
F1marg,wso,fill_lowaer,2014,0.608230677312238,1.1359948712186092,0.8587079853853816,0.0033375243790120662,0.007294828955370041,1.9357960619473582
F1marg,wso,fill_lowaer,2015,0.7215678834608225,1.3045618933821899,0.9663803715052695,0.004630486560614748,0.008196800239551553,2.390956716895227
F1marg,wso,fill_lowaer,2016,0.8534649555705276,1.3583586694578336,1.0425274203439063,0.004714065849438604,0.009074886001371777,2.7313002851012302
F1marg,wso,fill_lowaer,2017,1.0719286392419594,1.591452096485145,1.1894943931072475,0.005335154355553981,0.010120346185298041,3.406384581189594
F1marg,wso,fill_lowaer,2018,1.259257349879672,1.8629933783902486,1.29544067744388,0.006290135111368215,0.010443406966884741,4.04699230067716
F1marg,wso,fill_lowaer,2019,1.4164472677137814,2.154293088930455,1.3526868950922486,0.007250008383745105,0.010822112344363297,4.680808907670668
F1marg,wso,fill_lowaer,2020,1.598537393040083,2.225505641995151,1.4147980316407422,0.007114604411723417,0.014370903954492618,5.298980621623594
F1marg,wso,fill_lowaer,2021,1.978056264047792,2.652303098099901,1.6274727071074913,0.008330217233833802,0.012303270903465878,6.324384965954355
F1marg,wso,fill_lowaer,2022,2.3534124444575943,2.9125454158241446,1.8080653457947025,0.009918027297224755,0.015098933271176002,7.957372599819401
F1marg,wso,fill_lowaer,2023,2.744784011143708,3.1918139895357687,2.042026600473322,0.010836387323371319,0.01707625300179574,9.419296045660138
F1marg,wso,fill_lowaer,2024,3.19581046329982,3.3191287128640443,2.2490791107390034,0.013556143223969431,0.02007109046778875,11.02568177609922
F1marg,wso,fill_lowaer,2025,3.839730608028382,3.707241104726177,2.6329565962339196,0.015876402352249522,0.02417330211209129,12.99472427486717
F1marg,wsob,fill_lowaer,2005,0.0,0.0,0.0,0.0,0.0,0.0
F1marg,wsob,fill_lowaer,2006,0.03434242964510827,0.12382756373204265,0.06454576771501033,0.0001232004606257571,0.0003434207776824221,0.12383897563723895
F1marg,wsob,fill_lowaer,2007,0.08531555091807992,0.326386737075237,0.18228833264701125,0.00035727441291762347,0.0008570986274751476,0.2893412927348164
F1marg,wsob,fill_lowaer,2008,0.14327803896572058,0.5041026185871685,0.290601393016861,0.0007251408597075073,0.0016520118523895152,0.49730366558957617
F1marg,wsob,fill_lowaer,2009,0.20787981281893242,0.6553751129991491,0.39624816192424933,0.0009434367610608631,0.002515536935359996,0.7211778210998089
F1marg,wsob,fill_lowaer,2010,0.29530122454495744,0.7526992581277033,0.5608942742331274,0.0015502338876818142,0.003532677289753004,0.9827395682411703
F1marg,wsob,fill_lowaer,2011,0.40300597397175125,0.9834231696482533,0.7373943835032444,0.0018080568471977548,0.004816599862779853,1.3600360260393267
F1marg,wsob,fill_lowaer,2012,0.5094244136830124,1.1364980853596733,0.88568555875908,0.0026048219824021837,0.005950999848954066,1.7327349789590272
F1marg,wsob,fill_lowaer,2013,0.6417970230775998,1.2709089277038215,1.0307813457762047,0.0035898960478006866,0.007276818622943778,2.0877986239906874
F1marg,wsob,fill_lowaer,2014,0.7749084680690433,1.5516110743119529,1.1657144454212254,0.004177216939175744,0.008649749669760634,2.5026938404750334
F1marg,wsob,fill_lowaer,2015,0.9056464631964477,1.7665548523692034,1.2944110979666767,0.00554766278278233,0.00961374737661168,3.031129583779774
F1marg,wsob,fill_lowaer,2016,1.0361972529031156,1.7275738261426468,1.3348066356208115,0.005622543676164512,0.01037652325246565,3.361824493725577
F1marg,wsob,fill_lowaer,2017,1.278016845740508,2.083607119896119,1.5209128018425169,0.006325450557019004,0.011540563162613227,4.124124931588644
F1marg,wsob,fill_lowaer,2018,1.4827341668179694,2.253848342108603,1.5960629702513738,0.007213646914732986,0.011882836021019163,4.822195549323674
F1marg,wsob,fill_lowaer,2019,1.6553478044385224,2.5058541975625466,1.6272394756592767,0.008247785710954065,0.012392131310089923,5.512650195953585
F1marg,wsob,fill_lowaer,2020,1.865693206948408,2.627114875153988,1.7108142817723648,0.008228107311869138,0.016170618477398195,6.218582610047947
F1marg,wsob,fill_lowaer,2021,2.2737036308286034,2.9220786055912336,1.8857157268821405,0.009582939690683927,0.014264463975543863,7.313308500955394
F1marg,wsob,fill_lowaer,2022,2.6697809358070845,3.278394744041067,2.0992910313968114,0.011282642936153634,0.01730971607558612,9.075682021518906
F1marg,wsob,fill_lowaer,2023,3.0726762225331576,3.476947016913228,2.3201005855416916,0.012135283859834787,0.019134504712706366,10.579202044808744
F1marg,wsob,fill_lowaer,2024,3.529198263579243,3.5322340339283844,2.497917155730118,0.014904466741316813,0.02214025904325289,12.241992307639352
F1marg,wsob,fill_lowaer,2025,4.168041969504402,3.938310859204104,2.8778485357489734,0.017309121540438583,0.02623040017704645,14.193557445042769
F1nat,ws,fill_lowaer,2005,0.0,0.0,0.0,0.0,0.0,0.0
F1nat,ws,fill_lowaer,2006,0.022230185578610406,0.06569841123085993,0.03766572641882734,8.700800508167036e-05,0.00024409029080960063,0.07649142772706126
F1nat,ws,fill_lowaer,2007,0.054231679377877186,0.16853050158207972,0.10129500453668859,0.00020984376112082292,0.0005379899374285844,0.17559503199250148
F1nat,ws,fill_lowaer,2008,0.09410160691889892,0.26091184339625656,0.16575865615693494,0.00040555457531061704,0.0011302069424581843,0.30749063237910623
F1nat,ws,fill_lowaer,2009,0.13949713939796732,0.3572397055735679,0.23146797205645553,0.0006247290084531589,0.0017739948180422959,0.4728563921508076
F1nat,ws,fill_lowaer,2010,0.2031590105420001,0.433465750883046,0.3323326085735236,0.0009406286171970987,0.0025629510517220237,0.6585741879683606
F1nat,ws,fill_lowaer,2011,0.29611627136565666,0.5983842826248407,0.47405223032272326,0.0012918678779073435,0.00380739245349553,0.968967696633829
F1nat,ws,fill_lowaer,2012,0.3852496670213245,0.7263914284434704,0.6104076373412782,0.0018040049746944876,0.004756191568243796,1.2812383554098472
F1nat,ws,fill_lowaer,2013,0.4920741878735704,0.8475916726886372,0.7210374476050816,0.0026640201189509238,0.005944571496673537,1.5693958104836045
F1nat,ws,fill_lowaer,2014,0.5965163398717243,1.0014761521070032,0.8082095767874331,0.003017993998498718,0.006928906619013076,1.8979795382934528
F1nat,ws,fill_lowaer,2015,0.7042951453650371,1.0944804603810694,0.8901738130793562,0.0037227229868844972,0.0075252452347391975,2.337692750463052
F1nat,ws,fill_lowaer,2016,0.8398607655034525,1.177857630957646,0.978073978406747,0.004247881605349698,0.00873470416314985,2.6833814937297773
F1nat,ws,fill_lowaer,2017,1.0581147810323797,1.388423800439413,1.1277632052188225,0.004942630162661134,0.009789998921082661,3.3580725233991173
F1nat,ws,fill_lowaer,2018,1.2446483387632459,1.6561406299111958,1.2425862266590266,0.005767878729376351,0.010124371218280805,3.989326332607208
F1nat,ws,fill_lowaer,2019,1.4053941339970164,1.9520777555083235,1.321047661672102,0.007043596580045025,0.010632908835920699,4.635238513533162
F1nat,ws,fill_lowaer,2020,1.5798481721115358,2.0022795748685964,1.3599865280241483,0.006968726695668584,0.014226439905749297,5.237694690574652
F1nat,ws,fill_lowaer,2021,1.9618860836206429,2.4851742857368304,1.598111767744795,0.008926663941452001,0.012563324919224564,6.259769732622267
F1nat,ws,fill_lowaer,2022,2.331751351472366,2.737822986923901,1.775165263268327,0.010836073997248294,0.015331544234659577,7.868052558513439
F1nat,ws,fill_lowaer,2023,2.722656910259028,2.877223697486698,1.9968366072952903,0.011469434821036845,0.016966665110462048,9.336752265353676
F1nat,ws,fill_lowaer,2024,3.168086506161977,2.934805317968367,2.1883688560339527,0.014332481183935288,0.01996602373338191,10.920486176136945
F1nat,ws,fill_lowaer,2025,3.816100168597446,3.3883509188741066,2.5757331623225745,0.0167637569708338,0.024117202587214337,12.90437134353938
F1nat,wso,fill_lowaer,2005,0.0,0.0,0.0,0.0,0.0,0.0
F1nat,wso,fill_lowaer,2006,0.02369271947377215,0.07267159054469718,0.04208171045630609,9.086638399005665e-05,0.00024464172729433135,0.08411119036063136
F1nat,wso,fill_lowaer,2007,0.057001463121018565,0.18118713631058359,0.10870990216449741,0.00021781023638166544,0.0005515460535544646,0.1878697639423655
F1nat,wso,fill_lowaer,2008,0.09989609814674766,0.2850378974591477,0.18438977748522878,0.00043505598549391494,0.0011662492051285375,0.33072843839973426
F1nat,wso,fill_lowaer,2009,0.14698050299233073,0.3959475766887929,0.25749857459338704,0.0006676753537593075,0.0018404063128505494,0.5028510072031585
F1nat,wso,fill_lowaer,2010,0.21146415473659266,0.4781406515577572,0.36814770042597506,0.0011230588982470819,0.002667647153803012,0.6910499595346166
F1nat,wso,fill_lowaer,2011,0.3054684456500278,0.6419908126255754,0.5098788882717014,0.0013295033508140697,0.003875835196639748,1.0049077726415743
F1nat,wso,fill_lowaer,2012,0.3943954603285455,0.768465991592527,0.6422473078775843,0.0020240991460713986,0.0048900055597330605,1.3189346741088952
F1nat,wso,fill_lowaer,2013,0.5031132565012254,0.9029192437365677,0.7643665264017909,0.002998155071266841,0.006128445490735925,1.6123001326917077
F1nat,wso,fill_lowaer,2014,0.610583096676898,1.072766514661014,0.8581667756946807,0.003419333180580446,0.00716835937485183,1.9532619984856514
F1nat,wso,fill_lowaer,2015,0.7212890141243543,1.1936036615425663,0.9573795156937913,0.004633554517909758,0.007950728312892938,2.404608379222343
F1nat,wso,fill_lowaer,2016,0.8584739152221622,1.3025888657393276,1.0488695291475467,0.004932322041650919,0.009136836516598908,2.7556199598110567
F1nat,wso,fill_lowaer,2017,1.079317950386061,1.5198200738721608,1.1989971792727872,0.00548953459685816,0.010173813240338286,3.4383405187463425
F1nat,wso,fill_lowaer,2018,1.2677598416323403,1.7989056684254825,1.316389952545687,0.0065611726647321275,0.010640496816706186,4.078195126743211
F1nat,wso,fill_lowaer,2019,1.427184061814102,2.052796142632697,1.3842177259560207,0.007492320510901001,0.010927305143500642,4.720493427469561
F1nat,wso,fill_lowaer,2020,1.6070734409364098,2.1950704127305887,1.451063836609544,0.007549458446970707,0.01477950288832912,5.342876408135564
F1nat,wso,fill_lowaer,2021,1.9881008424465814,2.6572814262613784,1.671338148349432,0.009074571976980202,0.012975354280124564,6.357205225464143
F1nat,wso,fill_lowaer,2022,2.3560675522731134,2.865312185642783,1.838698442415353,0.010967098150424496,0.015627109396637036,7.9622668828798195
F1nat,wso,fill_lowaer,2023,2.745736586092677,2.9339994068941917,2.057214950360319,0.011534758542845889,0.01702612957056471,9.42702960894964
F1nat,wso,fill_lowaer,2024,3.19242359710768,3.004851694101535,2.2592078169769896,0.014397695949206162,0.020023802425230008,11.016362429316354
F1nat,wso,fill_lowaer,2025,3.8408702270958406,3.4568894494975146,2.646638906131825,0.016823690768903856,0.024173287368284554,13.001891593171834
F1nat,wsob,fill_lowaer,2005,0.0,0.0,0.0,0.0,0.0,0.0
F1nat,wsob,fill_lowaer,2006,0.03364735696061911,0.09372953113708848,0.05803260102698356,0.00013122107336499046,0.0003103635244484163,0.12405484970881844
F1nat,wsob,fill_lowaer,2007,0.08432456846092935,0.26441233933790476,0.16992887388825464,0.00035822988810751613,0.0007872052044628861,0.2889450238542169
F1nat,wsob,fill_lowaer,2008,0.13856112897215359,0.37994033159525537,0.26454407459987916,0.0006360772300896627,0.001475935068358628,0.4828415842226351
F1nat,wsob,fill_lowaer,2009,0.19970469279125835,0.5146133719687505,0.3641428708965893,0.0009440076983675505,0.002270875634285876,0.712334728636618
F1nat,wsob,fill_lowaer,2010,0.29308006247987367,0.6561129139179941,0.5337609751778635,0.0015734038977974695,0.0033197147067232343,0.992018069083162
F1nat,wsob,fill_lowaer,2011,0.402765800203486,0.852348543665469,0.7081373852057367,0.001784347047711485,0.004607978859147369,1.367530423011625
F1nat,wsob,fill_lowaer,2012,0.5097166008346569,1.00660561856078,0.8601584666340456,0.002601797601422768,0.005751775724883007,1.7413134759853086
F1nat,wsob,fill_lowaer,2013,0.6412981015875782,1.184111400238992,1.01356126123057,0.0036859313543837115,0.0071232850338676474,2.0996744975799535
F1nat,wsob,fill_lowaer,2014,0.7778011647403961,1.4444272849858557,1.152107554321698,0.0042849482883476194,0.0084306598230584,2.5269148813893363
F1nat,wsob,fill_lowaer,2015,0.9045630002469844,1.6350153516973336,1.2760784122314368,0.005568133431915717,0.009259441762373831,3.0518214098696257
F1nat,wsob,fill_lowaer,2016,1.0421947098428477,1.648658261718071,1.3338700408434043,0.005902261335105322,0.010374218602771141,3.397572131033168
F1nat,wsob,fill_lowaer,2017,1.2802572304641708,1.9967791568728814,1.5192397449699226,0.0065256940524566764,0.011516323193024522,4.150867095474558
F1nat,wsob,fill_lowaer,2018,1.4864835367113651,2.1685816239506477,1.6086332878320955,0.007629843285609507,0.012029850322518638,4.850604052322558
F1nat,wsob,fill_lowaer,2019,1.6656214534242268,2.3436806808768353,1.6532868264511018,0.00859511469171293,0.012374514044925197,5.557011083644565
F1nat,wsob,fill_lowaer,2020,1.8698281378364094,2.5675072091122355,1.7373456215633625,0.008783979823432769,0.016459473022483743,6.260292820558719
F1nat,wsob,fill_lowaer,2021,2.282605840298183,2.943331911743695,1.9282961236148395,0.01050295302362484,0.015003611379325967,7.346493704253277
F1nat,wsob,fill_lowaer,2022,2.6590609680399786,3.147167705616475,2.1123453090458653,0.012755388696402414,0.01765276857337794,9.033721603542682
F1nat,wsob,fill_lowaer,2023,3.0741633423721373,3.203314673476966,2.335294406811635,0.012996528222485535,0.019074435665075943,10.595995458244683
F1nat,wsob,fill_lowaer,2024,3.5182090632760747,3.1904408791301555,2.499759911901259,0.015851083859759217,0.022037592373911043,12.213562107950471
F1nat,wsob,fill_lowaer,2025,4.162406069467261,3.654356771283941,2.8862924133138117,0.018358581321911375,0.026192718202783988,14.182364451991335
F1nocap,ws,fill_lowaer,2005,0.0,0.0,0.0,0.0,0.0,0.0
F1nocap,ws,fill_lowaer,2006,0.0239085910551028,0.0818723792268023,0.049809460891350625,0.00010239132581877214,0.00026856542636500587,0.07667829204245454
F1nocap,ws,fill_lowaer,2007,0.05391985644834087,0.16615593450472815,0.10071162833546468,0.0002106136213481176,0.0005297537337877012,0.1740801650294095
F1nocap,ws,fill_lowaer,2008,0.09440742489190332,0.25418476805996687,0.17206424894634365,0.00039218585642283464,0.0011143256081009942,0.3016296122923045
F1nocap,ws,fill_lowaer,2009,0.1415994519946842,0.34679675699715856,0.24419181222565803,0.0006403877215278331,0.0017464301583137182,0.46848283546057395
F1nocap,ws,fill_lowaer,2010,0.20326712473787178,0.4365100364207247,0.3329920765164632,0.0009688951368958944,0.0025882822161982203,0.6582104345452986
F1nocap,ws,fill_lowaer,2011,0.29712525410387614,0.6080974654872522,0.47824243763541957,0.0013810405814570132,0.003849651023420529,0.9753152081862313
F1nocap,ws,fill_lowaer,2012,0.38933350166121816,0.7392518507501653,0.6171516248319142,0.0018538705457751912,0.004785856803960324,1.2934528515016899
F1nocap,ws,fill_lowaer,2013,0.49812244938668815,0.8770831444750147,0.7338950628958574,0.002556809489884307,0.005921860799507721,1.575805140503185
F1nocap,ws,fill_lowaer,2014,0.606057077550292,1.0555546747232112,0.8259103628176125,0.0026756328892249014,0.006857125749821047,1.9044802395846239
F1nocap,ws,fill_lowaer,2015,0.7184641279230319,1.1585242685124786,0.9092768569336132,0.003094390702956159,0.007388273885842274,2.3498486322360783
F1nocap,ws,fill_lowaer,2016,0.8536688044199576,1.268844991577703,1.003464490719731,0.003586921993612945,0.008645809489293978,2.691938815095663
F1nocap,ws,fill_lowaer,2017,1.0739860732457096,1.4423897694533325,1.1375197288806942,0.004220400552438215,0.009655970825929226,3.370613162743936
F1nocap,ws,fill_lowaer,2018,1.257913997672548,1.7265753608677978,1.2657667763664058,0.005064992550411612,0.010014928780342481,4.008298022499367
F1nocap,ws,fill_lowaer,2019,1.4141255037812928,1.9906974348677005,1.3417544890208597,0.006931026560117339,0.01073758931865338,4.648227821612135
F1nocap,ws,fill_lowaer,2020,1.5909806263909216,2.064936631340567,1.3862258713707472,0.006513270313188048,0.014227782025994028,5.273354321625463
F1nocap,ws,fill_lowaer,2021,1.9760091951383332,2.508648806100093,1.5903225577030493,0.008217384205970473,0.012554626282923871,6.300919657184787
F1nocap,ws,fill_lowaer,2022,2.3607349963585134,2.995411576025093,1.842561591173123,0.01025680134166226,0.015568616067614461,7.983492124716551
F1nocap,ws,fill_lowaer,2023,2.750049772919382,3.2696757579422964,2.0969674880842306,0.011531803339863497,0.017707456932749364,9.45236774200599
F1nocap,ws,fill_lowaer,2024,3.2379682071736804,3.8030261520159927,2.3977523173306072,0.013471039447467519,0.021452924582296546,11.121155884441192
F1nocap,ws,fill_lowaer,2025,3.8828956113885007,4.429974118325919,2.7855508708047965,0.015996538002242117,0.02605994035891737,13.180003235275919
F1nocap,wso,fill_lowaer,2005,0.0,0.0,0.0,0.0,0.0,0.0
F1nocap,wso,fill_lowaer,2006,0.025339679051951825,0.08810288779911948,0.054181602509753644,0.00011392050391273785,0.0002776178024711183,0.08319601291678173
F1nocap,wso,fill_lowaer,2007,0.056841149775444556,0.18105534666954096,0.11110598569519818,0.00023753516979476452,0.0005556505900078639,0.18664793739481755
F1nocap,wso,fill_lowaer,2008,0.10037929606710166,0.2815543078050208,0.19323554009841343,0.0004945080221378201,0.0011824720423506277,0.32617528255264905
F1nocap,wso,fill_lowaer,2009,0.14893690741860038,0.38105520621305783,0.2704074821575756,0.0008026736819069262,0.0018485478324626126,0.4989065918428464
F1nocap,wso,fill_lowaer,2010,0.21080153135068014,0.47066775719793497,0.35973684746943285,0.0011581216614202656,0.002709080324008908,0.6885202719076381
F1nocap,wso,fill_lowaer,2011,0.3057405098814144,0.6462738494173209,0.5080923826677778,0.001588659067290249,0.003988862368011448,1.0096998304004237
F1nocap,wso,fill_lowaer,2012,0.39897747771334724,0.7854795019536347,0.6505006574798594,0.0020939778325905797,0.004946301951582206,1.3320329421847694
F1nocap,wso,fill_lowaer,2013,0.5085905515996013,0.9292631106618583,0.7702529428295702,0.002904366494853615,0.006130329343693324,1.616723363405826
F1nocap,wso,fill_lowaer,2014,0.6202850342575077,1.1336317106112943,0.8804663030709187,0.003456679712071347,0.007238522836639313,1.9606410532294192
F1nocap,wso,fill_lowaer,2015,0.7351813260986476,1.257358411990449,0.9771424358323213,0.004294456865874024,0.007921807337166646,2.4164565370886595
F1nocap,wso,fill_lowaer,2016,0.8722506725964114,1.3946330977428096,1.0798400712122838,0.004544200632963441,0.009148270293345832,2.764831299072092
F1nocap,wso,fill_lowaer,2017,1.0949419782671215,1.576756951454188,1.2147608618915693,0.0054495743970106965,0.010273074593329138,3.4517817656382035
F1nocap,wso,fill_lowaer,2018,1.2823696107615539,1.8956556261277937,1.359140509397464,0.006854206081552947,0.010867013387274091,4.1035358723908075
F1nocap,wso,fill_lowaer,2019,1.440284223385685,2.1983180991763143,1.437373039743987,0.009052340354360006,0.011805523142687678,4.751315381517887
F1nocap,wso,fill_lowaer,2020,1.6195596932226934,2.2856766499405072,1.4990791093502098,0.007778073168800248,0.015016294428210314,5.384889058009529
F1nocap,wso,fill_lowaer,2021,2.0045760082618846,2.727957925518297,1.7005846998096437,0.009412454213575897,0.013319117513479792,6.408345575360408
F1nocap,wso,fill_lowaer,2022,2.3896493730152217,3.229949266533939,1.9456917672909917,0.012153481195650705,0.016639621110565807,8.096546577076941
F1nocap,wso,fill_lowaer,2023,2.7788578794657064,3.493092150212777,2.197784519159351,0.013340486879482805,0.018721934979974868,9.566003776293417
F1nocap,wso,fill_lowaer,2024,3.2671951071447642,4.034805980291812,2.5021637018098484,0.01527382822632214,0.022477965646079606,11.23693915023057
F1nocap,wso,fill_lowaer,2025,3.911699338979022,4.645732150024946,2.8848087845665162,0.017927956163388672,0.02711288071445293,13.293917874879739
F1nocap,wsob,fill_lowaer,2005,0.0,0.0,0.0,0.0,0.0,0.0
F1nocap,wsob,fill_lowaer,2006,0.03598471569417893,0.12024752242016971,0.08054790201244293,0.0004565910805410538,0.000455418493739601,0.12405611992127556
F1nocap,wsob,fill_lowaer,2007,0.085522470941994,0.2800145301089669,0.18030506173829627,0.00042633955422991,0.0008229099806030174,0.2920536003141133
F1nocap,wsob,fill_lowaer,2008,0.14179150220080053,0.41064529716941134,0.29701635538691096,0.0007676686713309073,0.001565658555119492,0.4787784881621434
F1nocap,wsob,fill_lowaer,2009,0.20547378481730538,0.5489011061449534,0.41058690400849895,0.001213332388280315,0.002406792607514719,0.7097131914901963
F1nocap,wsob,fill_lowaer,2010,0.29250127412643895,0.6779816098481231,0.5371086503918816,0.0016852328600734233,0.0034443984474079653,0.9878738775932233
F1nocap,wsob,fill_lowaer,2011,0.40472259045282816,0.901620582491438,0.7238972659301812,0.002129122446822619,0.004858303855451773,1.3756862377744716
F1nocap,wsob,fill_lowaer,2012,0.5164938299394966,1.0629281284329077,0.8830251531098987,0.00273020434746209,0.00589843660738782,1.7594369191579649
F1nocap,wsob,fill_lowaer,2013,0.6506329768006568,1.2566335176551982,1.033542311640851,0.0035517919498345356,0.007202979199987319,2.1062745203716955
F1nocap,wsob,fill_lowaer,2014,0.791885365395673,1.5236055734922425,1.1826123040684842,0.004362966745100025,0.008560442739238422,2.541477254670471
F1nocap,wsob,fill_lowaer,2015,0.9215485235272374,1.6480728582991269,1.2800857766845204,0.005161515641978987,0.009218771137341155,3.0624278042242374
F1nocap,wsob,fill_lowaer,2016,1.0612709920598542,1.7730749598398827,1.3728895380573947,0.0054461890442278164,0.01050437115990089,3.4086105927775634
F1nocap,wsob,fill_lowaer,2017,1.299887117677846,1.9302959002898437,1.4979286795566504,0.0064235383508673295,0.011701114147299537,4.151622460798755
F1nocap,wsob,fill_lowaer,2018,1.5096410392474031,2.2712973200178994,1.6516779350204924,0.007676037468581921,0.01235051934750503,4.884650210529813
F1nocap,wsob,fill_lowaer,2019,1.6815069642866447,2.568627959320044,1.7163697296469642,0.009904542466796179,0.01341776253521872,5.590308257075428
F1nocap,wsob,fill_lowaer,2020,1.880190223316185,2.663049412227868,1.7732101780393323,0.0088356188921755,0.0168245549017908,6.285849594765511
F1nocap,wsob,fill_lowaer,2021,2.3105168921306194,3.155637610209051,2.0002194058425156,0.010705077909341576,0.015402820217149496,7.441445215218008
F1nocap,wsob,fill_lowaer,2022,2.71475202681789,3.695016144985648,2.260862626235162,0.013534649590590721,0.01904078453297436,9.255551020928827
F1nocap,wsob,fill_lowaer,2023,3.1186550615337443,3.9597785071528486,2.52100069644049,0.01495963263998114,0.021256108900404427,10.78152705853652
F1nocap,wsob,fill_lowaer,2024,3.6168414167712686,4.498109755543547,2.8177984242386356,0.016691054302848098,0.02503999477055379,12.488202309388056
F1nocap,wsob,fill_lowaer,2025,4.261667414883235,5.091360407801429,3.19507179471104,0.019364782914682535,0.029609971397495854,14.545732632566496
F2,ws,fill_lowaer,2005,0.0,0.0,0.0,0.0,0.0,0.0
F2,ws,fill_lowaer,2006,0.016283570423301197,0.027355714043454053,0.032484456749436334,4.603353719870266e-05,7.529437336838721e-05,0.0698167521027957
F2,ws,fill_lowaer,2007,0.036024003539165454,0.05412217460446242,0.0638318029783361,8.91567075322691e-05,0.0001622732693662502,0.15306464772402134
F2,ws,fill_lowaer,2008,0.06535876552855727,0.09897008256665403,0.11549837017500524,0.00018375327835091297,0.0003549621633723985,0.2755494065814
F2,ws,fill_lowaer,2009,0.1044594293245871,0.18113372884417553,0.1819627068069397,0.0003530501887867985,0.0007722819800931478,0.42156738492586476
F2,ws,fill_lowaer,2010,0.156753765986068,0.24089456378797028,0.25414129119214246,0.0005708468395807457,0.0014656504181392662,0.581268597746865
F2,ws,fill_lowaer,2011,0.22916423449372825,0.35224778592753153,0.366661616329408,0.0008709627356909203,0.002195341712162812,0.8545943329422259
F2,ws,fill_lowaer,2012,0.29170001340658064,0.39894072228899896,0.463431852072728,0.0011298460273076855,0.0021520571129040743,1.1169534848410558
F2,ws,fill_lowaer,2013,0.38017743086921124,0.4324677336195928,0.5359641393539935,0.0016670896501026916,0.002602926073759615,1.4020053095969611
F2,ws,fill_lowaer,2014,0.47412171902700356,0.548684322044826,0.6077447777888001,0.0017255374959235566,0.002910888118515467,1.7422134150475173
F2,ws,fill_lowaer,2015,0.5841703994455065,0.7375613257243963,0.7226817276807033,0.00200274956996964,0.003488687591445773,2.156260829447308
F2,ws,fill_lowaer,2016,0.7139444196448843,0.9054589376236153,0.8335563279025006,0.0025419558493967346,0.004612893121179169,2.506247280698669
F2,ws,fill_lowaer,2017,0.8891703689556596,1.0537892787982919,0.9419880236566939,0.003187799311845488,0.0057125166475270805,3.088881770039907
F2,ws,fill_lowaer,2018,1.0511562182027028,1.1085984074596038,0.992266024097653,0.003952879599331825,0.007033132391713898,3.614450065078506
F2,ws,fill_lowaer,2019,1.2072802618289868,1.3589793803201087,1.068365879707111,0.005998631369067139,0.00884154376484619,4.159307168084458
F2,ws,fill_lowaer,2020,1.3759810732935396,1.4013001963764329,1.1306465191725832,0.00538120489246846,0.009113011879265392,4.691968010053198
F2,ws,fill_lowaer,2021,1.7405670072224462,1.5464569107261108,1.2685474920828832,0.006537119766847296,0.011161223262332563,5.798451489582129
F2,ws,fill_lowaer,2022,2.1027236714861073,2.243764598074769,1.5140002118466886,0.008356986999523865,0.014625977274241059,7.38342135668672
F2,ws,fill_lowaer,2023,2.4831056027249816,2.594325300736386,1.7099630454638133,0.009492061632664696,0.017184820518304413,8.681002947077094
F2,ws,fill_lowaer,2024,2.9339302695106872,2.8480986242480393,1.9247707719116143,0.011149483538051199,0.020214517844201224,10.247643748425746
F2,ws,fill_lowaer,2025,3.545503786844765,3.6350314090501827,2.298866921574338,0.013427033556510601,0.025114569831937897,12.265388404845028
F2,wso,fill_lowaer,2005,0.0,0.0,0.0,0.0,0.0,0.0
F2,wso,fill_lowaer,2006,0.017307326715544167,0.02962664940988476,0.03521386623603904,5.26243952509018e-05,7.864832683811261e-05,0.07493700952575287
F2,wso,fill_lowaer,2007,0.038437871485325584,0.06383610823805602,0.0723099148867676,0.00010986308734560376,0.00017484464660168266,0.16420156638872346
F2,wso,fill_lowaer,2008,0.07083224600074445,0.12122965772861136,0.13488298805669124,0.0002776530138022632,0.00039893931544360473,0.2989426200313906
F2,wso,fill_lowaer,2009,0.1109209666500475,0.2103375284875372,0.2050574145033019,0.0005040175038896066,0.0008490740149953953,0.4492037157590345
F2,wso,fill_lowaer,2010,0.16347580572338039,0.2712751816101807,0.27922044007649005,0.0007504692284426036,0.0015590520519652468,0.6092613393325035
F2,wso,fill_lowaer,2011,0.23672903228804448,0.3841932759417651,0.3941076850008616,0.0010656056982098394,0.0022944122769915326,0.8862830578452572
F2,wso,fill_lowaer,2012,0.299735418976204,0.43589495960956975,0.49257615748352446,0.0013550691462460994,0.0022572120181831774,1.1516463881255916
F2,wso,fill_lowaer,2013,0.3888215836860605,0.47369465341717315,0.5683962333839169,0.0019979701453160495,0.0027407893204731268,1.4397965232863081
F2,wso,fill_lowaer,2014,0.48654448999337907,0.6141969035673902,0.6583992424223247,0.0024885091826064645,0.0032148083469001666,1.7953406801881937
F2,wso,fill_lowaer,2015,0.5992055903626297,0.8241517679709209,0.7871665459959069,0.003187262056013604,0.003950713467253873,2.2198296009045086
F2,wso,fill_lowaer,2016,0.7311212997028128,1.0241157443573539,0.9081627956818535,0.0034865195245953285,0.005058411284680063,2.5767165100580365
F2,wso,fill_lowaer,2017,0.9087488153542651,1.1824780013652842,1.0194792882695516,0.004408504955961188,0.006281560848974033,3.167236606157386
F2,wso,fill_lowaer,2018,1.0748965964566546,1.2873070215876503,1.088939636343974,0.005740360284148121,0.007883056538411384,3.708365681116994
F2,wso,fill_lowaer,2019,1.2331107264717571,1.5783330142522198,1.1670038486655683,0.008122727182134956,0.009930899461666047,4.261808745502727
F2,wso,fill_lowaer,2020,1.40347983051992,1.617871649732597,1.2410209997488284,0.006641970941406739,0.00988521065201138,4.7999914097957435
F2,wso,fill_lowaer,2021,1.7673016731407205,1.748916904017261,1.3733129950238518,0.00772035472137597,0.011896096878559848,5.900131954709835
F2,wso,fill_lowaer,2022,2.1316055610247924,2.5137522296009664,1.6188738445670292,0.010274169302864376,0.01582700194025369,7.497283617007594
F2,wso,fill_lowaer,2023,2.512754691246536,2.8818050612533495,1.8147922097968336,0.011342909320327244,0.01842438919135028,8.799003741258808
F2,wso,fill_lowaer,2024,2.963586413194213,3.136063584056449,2.029292417510844,0.012991535954798052,0.021454754668648993,10.365617566789153
F2,wso,fill_lowaer,2025,3.575921613172465,3.929337710221583,2.405265553843039,0.01540740803372415,0.026426174396554505,12.38654587834608
F2,wsob,fill_lowaer,2005,0.0,0.0,0.0,0.0,0.0,0.0
F2,wsob,fill_lowaer,2006,0.02464849941218315,0.04900068740397264,0.05492210384954677,0.0003645724002853115,0.00021161502076473348,0.10640181770455813
F2,wsob,fill_lowaer,2007,0.05868442713144129,0.11662996804492799,0.1211058041985255,0.0002147340819353206,0.0003235908814391117,0.24552315393947557
F2,wsob,fill_lowaer,2008,0.10297200756306017,0.20212763251363491,0.2137088193522479,0.00045171569797761076,0.0006642927850100389,0.4228275319636505
F2,wsob,fill_lowaer,2009,0.15860449232036788,0.38342351223583826,0.33584782621680054,0.0008357812836047917,0.0014442141842298856,0.6228785630857204
F2,wsob,fill_lowaer,2010,0.23095394711198172,0.4336901429326544,0.43108963479679346,0.0011307201548520335,0.002172264555241525,0.8592572494495985
F2,wsob,fill_lowaer,2011,0.32296120260755246,0.6483357419950249,0.6010330384650263,0.0015099569191114966,0.0032097272897580803,1.202760549986799
F2,wsob,fill_lowaer,2012,0.40040338916468704,0.7318612313337657,0.7188592049959188,0.0018612995162813162,0.0032537530428753164,1.5173647464740028
F2,wsob,fill_lowaer,2013,0.5094437538093443,0.8151228438971735,0.8152284311149188,0.0024552534713951158,0.003710815184227029,1.8599191215183983
F2,wsob,fill_lowaer,2014,0.6353844777306845,0.9813609625438756,0.9339052188886209,0.0031910983752153647,0.004291352929674994,2.312422161756922
F2,wsob,fill_lowaer,2015,0.7695976825082566,1.2913021602940407,1.099623387994749,0.003913005945600625,0.0051905548556184485,2.8178086462641017
F2,wsob,fill_lowaer,2016,0.9050279721833698,1.442449296431155,1.198678971531888,0.004260551547767421,0.0063256771063711845,3.176182245136191
F2,wsob,fill_lowaer,2017,1.0953057079111528,1.5742664384539942,1.2973533942292104,0.005266996744557691,0.007575346539187427,3.816784665379304
F2,wsob,fill_lowaer,2018,1.2696539788258816,1.5127417529008118,1.3150876369526776,0.006366254794118505,0.009038881683351048,4.388928067728438
F2,wsob,fill_lowaer,2019,1.448072476287498,1.8336239632940763,1.3928505796623165,0.008835377573660813,0.011309466401740858,5.006996080685581
F2,wsob,fill_lowaer,2020,1.635221692198593,1.8691168152145963,1.4630988868714374,0.007567253725472371,0.011427677901577803,5.591208085223429
F2,wsob,fill_lowaer,2021,2.045524570230428,2.021637571592345,1.6207573615790294,0.00883356770338307,0.013704279408484284,6.83248492311053
F2,wsob,fill_lowaer,2022,2.433170067857477,2.920190141381381,1.900749527651896,0.011519412057247227,0.018053130348184357,8.563964328276041
F2,wsob,fill_lowaer,2023,2.8301240240265626,3.309716048409059,2.103163321196,0.012838666351890717,0.020893225882967364,9.92278273658176
F2,wsob,fill_lowaer,2024,3.2887707272348856,3.5118976078324167,2.2946063136472996,0.014238354512325982,0.023803934270720056,11.518522216268988
F2,wsob,fill_lowaer,2025,3.906401282915703,4.318728692931655,2.6726922803198674,0.016680972092891197,0.02878298676483413,13.559841100114712
F3,ws,fill_lowaer,2005,0.0,0.0,0.0,0.0,0.0,0.0
F3,ws,fill_lowaer,2006,0.029104951345377855,0.11438391959273807,0.06207836750533519,8.306109712483874e-05,0.0003548479659714205,0.07799837249146839
F3,ws,fill_lowaer,2007,0.066582425153653,0.246364014939935,0.1291574886648779,0.0001776103558123131,0.0007094396875566421,0.18166151193506866
F3,ws,fill_lowaer,2008,0.11809583853049559,0.3663480666426455,0.2186084497382171,0.0003576253643066916,0.0015021207960888312,0.3182837313258141
F3,ws,fill_lowaer,2009,0.17800581281236869,0.5053650870864529,0.3048812545424831,0.0005951660657736608,0.0023964651902317695,0.5011899463761539
F3,ws,fill_lowaer,2010,0.2568737544003663,0.6614790529882077,0.4141824117739624,0.0009240329885426289,0.0035730205143596856,0.7211149102960582
F3,ws,fill_lowaer,2011,0.37291132921926945,0.9231884232565652,0.5911318647379237,0.0013292572443733683,0.005426157624634958,1.0764371688545926
F3,ws,fill_lowaer,2012,0.4872001252276765,1.1301731166649511,0.7513278954606545,0.0017296051050958812,0.007159710716805767,1.4178404112941188
F3,ws,fill_lowaer,2013,0.6135389959818053,1.3255525132307389,0.8857193388259517,0.0021045878955627518,0.008408227972238587,1.6986253095499593
F3,ws,fill_lowaer,2014,0.7427874609380903,1.611792812170603,1.0071599635490798,0.0024832978986833163,0.009969125744370599,2.035340258153852
F3,ws,fill_lowaer,2015,0.8991312610310701,1.8522483109497385,1.138043881462269,0.0028813537055564064,0.011607866800359185,2.564624900084949
F3,ws,fill_lowaer,2016,1.08764871175727,2.0780578879516876,1.2779921577815985,0.003557744648502027,0.01386705610336585,2.987332164780627
F3,ws,fill_lowaer,2017,1.3608288797445045,2.4200218819678403,1.4528011883796694,0.004240130014636359,0.014753920957394483,3.8126153597311694
F3,ws,fill_lowaer,2018,1.5913840038488252,2.8622005038434786,1.5838003832740992,0.004760225374916024,0.014473068997252965,4.640011932818424
F3,ws,fill_lowaer,2019,1.8529181188953108,3.4372527841049254,1.7393482679606926,0.0051005339316691,0.014137997551486647,5.713190380236407
F3,ws,fill_lowaer,2020,2.1623348589578577,4.077463322293983,1.861848452979533,0.006100483895217043,0.02590000682472982,6.857789582494734
F3,ws,fill_lowaer,2021,2.560892217679126,4.848968917885001,2.0765650447010158,0.0075317114961132815,0.015953028223485946,7.730449413563571
F3,ws,fill_lowaer,2022,3.051402215394404,5.771249825948463,2.405707606407769,0.00906818419470015,0.01968011698015159,9.817792762200357
F3,ws,fill_lowaer,2023,3.572052018781133,6.523743375580974,2.7755982809444406,0.010330824374632742,0.022247503576810154,11.973022308905138
F3,ws,fill_lowaer,2024,4.1784696499472265,7.6409366726305326,3.2090359770522454,0.01251102008003778,0.026984476331750034,13.975137660613251
F3,ws,fill_lowaer,2025,4.9303767643301555,8.970024787798065,3.7342340976453348,0.015355341480485177,0.03299014961868778,16.37506678489407
F3,wso,fill_lowaer,2005,0.0,0.0,0.0,0.0,0.0,0.0
F3,wso,fill_lowaer,2006,0.031163422099667933,0.12419022785575401,0.06761295967049197,9.178098317292784e-05,0.0003735219803702011,0.08500443869462565
F3,wso,fill_lowaer,2007,0.07062504887816178,0.2675020149638634,0.14132039196398868,0.00019603300322884498,0.0007592108887014337,0.1945333488779729
F3,wso,fill_lowaer,2008,0.1263319516282307,0.4060750683540694,0.24515132130890013,0.00039303721912421465,0.0015911745363543224,0.3441015830918081
F3,wso,fill_lowaer,2009,0.18817564718257299,0.5616575785908761,0.3396149672415586,0.0006434641214920692,0.0025272935894399915,0.5339757713808776
F3,wso,fill_lowaer,2010,0.2677432942306139,0.7259872795760955,0.4543705932984166,0.0009740566243184182,0.0037283222426311956,0.7555813594909984
F3,wso,fill_lowaer,2011,0.38539734284793187,0.9906679180852623,0.6355880242680313,0.001384380434600758,0.0056027398927768245,1.1171097531618939
F3,wso,fill_lowaer,2012,0.5006208170962542,1.2012194086928132,0.7949345856301222,0.001793082572013397,0.007369350283889677,1.4617146932046563
F3,wso,fill_lowaer,2013,0.6284129058329518,1.4057724703893797,0.9306151909296275,0.0021752679227540522,0.00865335511952962,1.7448877464481556
F3,wso,fill_lowaer,2014,0.7628633938287178,1.7334801100089854,1.066826650092027,0.0025834678665659122,0.010308309562081884,2.0980803393573013
F3,wso,fill_lowaer,2015,0.9225913987957469,2.0008576525644757,1.2030696038237314,0.0029991451049863854,0.011994114356501578,2.6395008860912577
F3,wso,fill_lowaer,2016,1.113748682347287,2.2717912998377114,1.3504496701314495,0.003697370087386102,0.014332513609720836,3.070203661433237
F3,wso,fill_lowaer,2017,1.390042672704213,2.6414469238181995,1.5392893572073167,0.0044037471695453495,0.015287857703446723,3.908008014891295
F3,wso,fill_lowaer,2018,1.6236325371931857,3.0998660876839645,1.6778969516692912,0.004943400319599479,0.015054547426711539,4.751619451065728
F3,wso,fill_lowaer,2019,1.886154928201233,3.7086256468244034,1.8379088986698713,0.005302769371404162,0.014809749749298065,5.835559052683318
F3,wso,fill_lowaer,2020,2.1991517735427264,4.3606450607787215,1.9715505991809843,0.006315980066786439,0.026648987636764387,6.995559004303943
F3,wso,fill_lowaer,2021,2.5985763782047893,5.16917195526335,2.1851366962242182,0.0077714428753693065,0.016794547359459167,7.866900248381982
F3,wso,fill_lowaer,2022,3.0889862421624636,6.088099563905217,2.5074806103558043,0.00930737772026836,0.020527550132780677,9.961914249595802
F3,wso,fill_lowaer,2023,3.6100622987525015,6.816944522313781,2.8772217280191654,0.010555899968471076,0.023019018027879246,12.122574936083083
F3,wso,fill_lowaer,2024,4.216713118281876,7.9414058219009425,3.3162375626179106,0.01273596683409601,0.027758770493619158,14.127260244075643
F3,wso,fill_lowaer,2025,4.969616826005,9.281435649675966,3.84387539995876,0.015584907967016417,0.033792773269035535,16.531135441323336
F3,wsob,fill_lowaer,2005,0.0,0.0,0.0,0.0,0.0,0.0
F3,wsob,fill_lowaer,2006,0.04454389231168786,0.16858445921174012,0.09669938171259077,0.00013587088256580306,0.0005088938161919247,0.12740978214336782
F3,wsob,fill_lowaer,2007,0.1052596402868825,0.40166970104993993,0.22586593103823982,0.00033688119676245456,0.0011617463663419006,0.30306301893225424
F3,wsob,fill_lowaer,2008,0.17648147199389042,0.5753621708935861,0.36670375853873394,0.0006069090729621796,0.0021168004035597688,0.5036080973709631
F3,wsob,fill_lowaer,2009,0.25606354395375674,0.7765482016587403,0.501070169456313,0.000948828371811339,0.003285008050344401,0.7528584898640452
F3,wsob,fill_lowaer,2010,0.3735333848003581,1.0680728551831735,0.6918900919050308,0.0014354359929778695,0.0049076943186182505,1.0940743254318683
F3,wsob,fill_lowaer,2011,0.5095300875339346,1.407401801493459,0.9164009348555329,0.0019084046797074197,0.007026923435856192,1.526458943424444
F3,wsob,fill_lowaer,2012,0.6465024842983011,1.6463325190695335,1.0963436135239044,0.0023546663745795944,0.008889353164346865,1.939781149232774
F3,wsob,fill_lowaer,2013,0.8020526235520983,1.9211253958141776,1.266856434594409,0.002810054650382116,0.010315796055134456,2.278824600620916
F3,wsob,fill_lowaer,2014,0.9734021979909866,2.363837886134701,1.463684362446669,0.003347839247662773,0.012282817225156588,2.732742670996483
F3,wsob,fill_lowaer,2015,1.1564123254115233,2.6611454854221486,1.6103000480871612,0.00378914186808703,0.013977859336750933,3.365265689674848
F3,wsob,fill_lowaer,2016,1.3577353465932775,2.9194580705582265,1.7475566436015506,0.004509059436496104,0.01640406454693197,3.818332511618507
F3,wsob,fill_lowaer,2017,1.6549197183087025,3.2808335693606443,1.9311219951783676,0.005260590693004291,0.017353670226999126,4.738022914907208
F3,wsob,fill_lowaer,2018,1.9160148067592955,3.7711970058911817,2.0770626422598486,0.005864699897510497,0.017255216012967044,5.709988027895996
F3,wsob,fill_lowaer,2019,2.205287488590528,4.416367281265405,2.236244664628892,0.006285102381572466,0.017141600680961093,6.933445193366696
F3,wsob,fill_lowaer,2020,2.5464853600734103,5.129385739866201,2.3680304858833727,0.0073720015760228574,0.029323420996318413,8.208961786236078
F3,wsob,fill_lowaer,2021,2.989456464033498,5.96177152661644,2.590208452554325,0.008980573009182292,0.01968529199096623,9.196297932236005
F3,wsob,fill_lowaer,2022,3.4909115002562623,6.953188024283197,2.9236326466558364,0.01064503419399439,0.023992585323684715,11.419589973602198
F3,wsob,fill_lowaer,2023,4.0284558594052395,7.699661733179946,3.307599526046266,0.011933352749203685,0.026567678974412326,13.66635174583487
F3,wsob,fill_lowaer,2024,4.652615228944108,8.833049703223661,3.749920801326122,0.0141612372525282,0.03142696585838791,15.738949625187802
F3,wsob,fill_lowaer,2025,5.407190407894649,10.14071979435902,4.264425770003441,0.016970843515000625,0.03729954639543138,18.149083691343904
F4,ws,fill_lowaer,2005,0.0,0.0,0.0,0.0,0.0,0.0
F4,ws,fill_lowaer,2006,0.012646063694693703,-0.0018987816149575953,0.012015481997649364,-1.26879293019024e-06,1.0224057558206545e-05,0.06292164790213912
F4,ws,fill_lowaer,2007,0.028715460096581456,0.0001379151454076104,0.026670452147068216,3.4838764419665237e-06,3.5256735876210806e-05,0.1397953525316886
F4,ws,fill_lowaer,2008,0.05097471097737018,0.00014739488570325262,0.04563841750931173,6.127631572273636e-06,6.249803437569422e-05,0.24924349523328931
F4,ws,fill_lowaer,2009,0.07837776804224947,0.0002398374507112476,0.06565662575152244,9.440053711479267e-06,9.60267540766678e-05,0.37829313367802886
F4,ws,fill_lowaer,2010,0.11101564734996251,0.0003025950648023594,0.09033959388254859,1.328960788001148e-05,0.00013561851485263177,0.5120283891163308
F4,ws,fill_lowaer,2011,0.1588226513183096,0.0005351415129597231,0.12772096009462772,1.9372595542539623e-05,0.0001955368126430236,0.7413338775536678
F4,ws,fill_lowaer,2012,0.20616755466114922,0.000906747233500295,0.16741560187703777,2.551311199304977e-05,0.0002546547681077258,0.9519172011244109
F4,ws,fill_lowaer,2013,0.2626940852644435,0.001119200612942666,0.21095955262768645,3.258335762962203e-05,0.0003249085810712841,1.2178089023649878
F4,ws,fill_lowaer,2014,0.3664516260840292,0.0015369056964427,0.3089401060439312,4.5536011149417e-05,0.00045188630967446004,1.7105546913248229
F4,ws,fill_lowaer,2015,0.4338407366886251,0.0015626628166209358,0.3560980041867345,5.360616666989957e-05,0.0005329470267192196,2.0058605855950655
F4,ws,fill_lowaer,2016,0.5402473240545183,0.001547847364410238,0.4254006417164581,6.56416029978565e-05,0.0006543666665591619,2.415777489735304
F4,ws,fill_lowaer,2017,0.6803605027338754,0.0018908373036253627,0.5113315212594471,8.061491400789552e-05,0.0008152988772060826,2.9875342792280106
F4,ws,fill_lowaer,2018,0.84197241263119,0.002442762069640207,0.5973613860552291,9.744457943711351e-05,0.001001979062123841,3.5391491139204017
F4,ws,fill_lowaer,2019,0.9640637326754811,0.002699772841098097,0.6367337331678592,0.00010820788372911414,0.0011298215976420418,3.9070288551150623
F4,ws,fill_lowaer,2020,0.9166361772855421,0.002936653752786426,0.6059801994432605,9.69547115243236e-05,0.001049441258009829,3.5626673941596065
F4,ws,fill_lowaer,2021,1.350306730965669,0.0035845488736222703,0.7773169159088037,0.00014943753242515183,0.0015806109160184522,5.122826477374197
F4,ws,fill_lowaer,2022,1.6539067514930013,0.004142214520809108,0.8753370056059474,0.00018479582441796575,0.0019509452556780338,6.426037243799978
F4,ws,fill_lowaer,2023,1.9530523998076805,0.014096053658933225,1.0241850331720368,0.0002400050881287162,0.002329345275361356,7.616893154231234
F4,ws,fill_lowaer,2024,2.3195970834650836,0.015395450129911193,1.1939175655899694,0.00028360707571453545,0.002772428330884612,9.046693578412045
F4,ws,fill_lowaer,2025,2.790318696669721,0.027026310051318444,1.4009906410551305,0.00036494946052230984,0.0033753011231576224,10.879029950520556
F4,wso,fill_lowaer,2005,0.0,0.0,0.0,0.0,0.0,0.0
F4,wso,fill_lowaer,2006,0.013557263248799691,-0.0019296321827282168,0.013184885293603498,-1.209987865823962e-06,1.122868978114425e-05,0.06742109433751914
F4,wso,fill_lowaer,2007,0.03062108415936164,4.921062123626545e-05,0.029426438071829607,3.5607342705956603e-06,3.7279228532137225e-05,0.14910728217022304
F4,wso,fill_lowaer,2008,0.05470172497626621,0.00010155113379022509,0.05141140614441498,6.47764906834404e-06,6.681268843836852e-05,0.2674875212801545
F4,wso,fill_lowaer,2009,0.08302282391573601,0.0002292634497452573,0.07282333509501127,9.950826002588078e-06,0.000101541031228225,0.4007207583866313
F4,wso,fill_lowaer,2010,0.11614924989938182,0.0002029785535673484,0.09873320022198383,1.3671132180124409e-05,0.0001413783629727673,0.5357498030822896
F4,wso,fill_lowaer,2011,0.1644113340603288,0.0005541993599657362,0.13625165866756267,2.0046721814981464e-05,0.00020229809869206787,0.7674184112887266
F4,wso,fill_lowaer,2012,0.2125440272545152,0.0009277570728164632,0.1763292937441617,2.6278437277405167e-05,0.00026235002493192903,0.9813586617562732
F4,wso,fill_lowaer,2013,0.26954009915396704,0.0006271190298798078,0.21984559049493882,3.223612954342825e-05,0.0003311727762947946,1.2498084657758566
F4,wso,fill_lowaer,2014,0.3756271660333248,0.0015670604582043045,0.3206285744139208,4.663346901950117e-05,0.0004629794227228966,1.7533870206296132
F4,wso,fill_lowaer,2015,0.4446920108330764,0.0015987629151346975,0.3697143370022063,5.4898387738014515e-05,0.0005460319563756885,2.0560331601142856
F4,wso,fill_lowaer,2016,0.5524418739244633,0.001589864606272398,0.4403195375513869,6.707377177496947e-05,0.0006689831122537531,2.4703082945481416
F4,wso,fill_lowaer,2017,0.6941092371551794,0.0019373445127670657,0.5286396597973617,8.217136871915266e-05,0.000831554924224406,3.047908566585895
F4,wso,fill_lowaer,2018,0.857103341807415,0.002232616916689522,0.6161733868284273,9.849956266434064e-05,0.0010189741158046087,3.602874954483684
F4,wso,fill_lowaer,2019,0.9795523563447324,0.002447794304266585,0.6553995127651527,0.00010917608841756034,0.0011471265906472879,3.9699132287625734
F4,wso,fill_lowaer,2020,0.9334654099511481,0.0027093490010124473,0.6268017864979545,9.802876674347648e-05,0.001068059333628016,3.628164301046101
F4,wso,fill_lowaer,2021,1.366961171343804,0.0033593310944418945,0.797188564947723,0.00015052169920681024,0.001599436406757211,5.186100692626405
F4,wso,fill_lowaer,2022,1.6713379562534187,0.0039412767221316865,0.8968561774921262,0.00018601385687562675,0.0019709389307851276,6.4938383581584995
F4,wso,fill_lowaer,2023,1.9710991829169167,0.013900901755295429,1.046761869693327,0.00024130469241433392,0.0023501659186398044,7.687373046541588
F4,wso,fill_lowaer,2024,2.3377695679803474,0.01521428151740319,1.217330750926366,0.0002849632070977393,0.002793481358517172,9.11766061807421
F4,wso,fill_lowaer,2025,2.8088167951365413,0.026709931495729745,1.4247795621225403,0.00036600382390635,0.003396287654839113,10.951325843818422
F4,wsob,fill_lowaer,2005,0.0,0.0,0.0,0.0,0.0,0.0
F4,wsob,fill_lowaer,2006,0.01785405195866829,-0.008881863121746755,0.014311912445256238,-1.0591192185169093e-05,-1.7665270330185876e-06,0.09083023061515301
F4,wsob,fill_lowaer,2007,0.04479353279165744,-4.1761041050319904e-05,0.04383494053419521,5.062811377360609e-06,5.438985688251265e-05,0.21815639279035032
F4,wsob,fill_lowaer,2008,0.07537489921781008,6.02321739333148e-05,0.07306627325197489,8.80482326747359e-06,9.21206281845931e-05,0.3686138432655168
F4,wsob,fill_lowaer,2009,0.11206924258384218,-0.0016598384686070673,0.10186934228772615,9.850987358726919e-06,0.00013103421282472264,0.5416943375710507
F4,wsob,fill_lowaer,2010,0.15990843884569214,0.000213093504574131,0.14192688881547086,1.866231967903821e-05,0.0001947904044249667,0.7376356099075557
F4,wsob,fill_lowaer,2011,0.21778199561718078,0.00015059449945930227,0.1920177430499908,2.5238797574849438e-05,0.0002659969492389614,1.016794896953112
F4,wsob,fill_lowaer,2012,0.27475482684826763,0.0005070556776502444,0.2386115104865289,3.237447470750775e-05,0.00033717891977204004,1.2689037881757417
F4,wsob,fill_lowaer,2013,0.3470459181280036,0.0007119811374156116,0.2959084868135049,4.1130478547258665e-05,0.000426720887438377,1.6092708871083954
F4,wsob,fill_lowaer,2014,0.4798893180318335,0.0013243474164367373,0.4229899770162834,5.784554352060983e-05,0.0005897406797961665,2.240493165007915
F4,wsob,fill_lowaer,2015,0.55866344894514,0.001513105972690968,0.47749574433921893,6.752718825724164e-05,0.0006850316457589527,2.58330967798702
F4,wsob,fill_lowaer,2016,0.6709698308806051,0.0014717088290419253,0.5484689652520378,8.015034350444595e-05,0.0008118026869935118,3.000644161925739
F4,wsob,fill_lowaer,2017,0.8255992625994658,0.0019121582830811756,0.6443773807275824,9.634601080958648e-05,0.0009874849386481946,3.6255820553520444
F4,wsob,fill_lowaer,2018,1.0086410253214755,0.002276426892442552,0.7402534573965114,0.00011438662553441908,0.0011971806206761513,4.240086610190322
F4,wsob,fill_lowaer,2019,1.143086234206761,0.0025351602323436325,0.7762644253592219,0.00012576488314721172,0.0013358448920658388,4.632831406665442
F4,wsob,fill_lowaer,2020,1.080146813158736,0.0029379033600489346,0.7459917641909772,0.00011168496064292486,0.0012325154118088542,4.198375726554118
F4,wsob,fill_lowaer,2021,1.5765721434036586,0.003654021177923913,0.9397741396287345,0.00017161834769047261,0.0018408713254196918,5.981445420935584
F4,wsob,fill_lowaer,2022,1.9002124121893433,0.004157702206803111,1.0410856827133919,0.00020947286656109745,0.0022394487401745807,7.383229609758006
F4,wsob,fill_lowaer,2023,2.2101824221316106,0.01568606483630268,1.1937911999421442,0.0002698782972686995,0.0026361167827590906,8.619799332609002
F4,wsob,fill_lowaer,2024,2.587575616363451,0.018298180849289105,1.3689195481596141,0.00031760973580484305,0.003095089316248618,10.091560105365488
F4,wsob,fill_lowaer,2025,3.0590177461399612,0.029174218745592086,1.5741408502717285,0.000397211288275938,0.0036969298863383,11.926843902753822
F5,ws,fill_lowaer,2005,5.421439844307401e-17,1.7168409700712975e-16,2.6068150918230204e-16,2.0648643598425191e-19,3.899984601450653e-19,1.6439896517993164e-16
F5,ws,fill_lowaer,2006,0.051248947942696195,0.380165528627494,0.06723325924523509,0.002131916662788416,0.0009686060489546538,0.338333171369003
F5,ws,fill_lowaer,2007,-0.007767205918269913,0.4363482538240341,0.011555952461940033,0.0020656021568201933,0.0006449971659394521,0.0076193501864839615
F5,ws,fill_lowaer,2008,0.15271156828071622,0.7473092772008456,0.4892913731429603,0.004575013994036865,0.0032586555576697165,0.5659877741482642
F5,ws,fill_lowaer,2009,0.31714378340471366,1.2291185609844126,0.5574392609090955,0.00533387162157173,0.006933951882624668,0.9821159275102155
F5,ws,fill_lowaer,2010,0.42464125886502113,2.1871974365337095,0.8750252283388775,0.008235855243706182,0.00957005430092666,1.3662522438442306
F5,ws,fill_lowaer,2011,0.3859383250127065,1.4530692700829608,0.720283675342396,0.006396055899990148,0.011131444216383235,0.8618579835485853
F5,ws,fill_lowaer,2012,0.4674593696845252,1.4539619725063604,0.8396568672298595,0.006436686162276522,0.01990226665022181,0.7084737464299331
F5,ws,fill_lowaer,2013,0.5491792668868372,1.6309500804962906,0.8385485671726053,0.006247440676823999,0.017223061447045048,1.2703208269097033
F5,ws,fill_lowaer,2014,0.7241419754160138,2.0638278527613294,0.9713367388531161,0.008274104408170526,0.018942598555593305,1.830485242507149
F5,ws,fill_lowaer,2015,0.9900424010548432,2.440987964307041,1.0455302653967897,0.00876832636687183,0.028013508065026307,2.290835114812943
F5,ws,fill_lowaer,2016,1.279697938138045,2.523295426788202,1.3481200953891268,0.012807695502259258,0.030534806083492395,2.918786641901919
F5,ws,fill_lowaer,2017,1.478579556230807,3.0674043487480045,1.4531888132289121,0.015475917231070009,0.02707790988606131,3.75792894605254
F5,ws,fill_lowaer,2018,1.7116288527151717,3.6776359941818573,1.7173725242588185,0.016885258588175113,0.022695889732894742,4.516417232533256
F5,ws,fill_lowaer,2019,2.1530743016882954,4.3024324547818455,1.9057387497603497,0.020001959858080294,0.020684028400963415,6.007424197837734
F5,ws,fill_lowaer,2020,2.6734312849270228,5.504358217092386,2.2525068164535997,0.023376553757202864,0.05141044717847268,7.94876090179873
F5,ws,fill_lowaer,2021,2.734910773739201,5.967814719044765,2.211409284082552,0.02250999083319476,0.016283268909500295,7.668322984736286
F5,ws,fill_lowaer,2022,3.0444992276295118,5.696334235272948,2.224272771785787,0.021131942307411722,0.016354921450076682,9.00478656536626
F5,ws,fill_lowaer,2023,3.41214161724215,6.085144190320761,2.3709767279706306,0.021923364446471385,0.017544820612986903,10.610811721796361
F5,ws,fill_lowaer,2024,4.000854932812077,6.866826346618652,2.7622900670067643,0.026617098836150876,0.022161008366088843,12.551020165420272
F5,ws,fill_lowaer,2025,4.562514418263753,7.577799506499027,3.1793247389179218,0.029344090262761517,0.026540088433781833,14.404121809082687
F5,wso,fill_lowaer,2005,5.421439844307401e-17,1.7168409700712975e-16,2.6068150918230204e-16,2.0648643598425191e-19,3.899984601450653e-19,1.6439896517993164e-16
F5,wso,fill_lowaer,2006,0.051240887954604096,0.38012951880634815,0.067213643892547,0.002131864602932857,0.0009685020319783423,0.3383050538054516
F5,wso,fill_lowaer,2007,-0.007791293528317831,0.43624880203320093,0.011499583470942409,0.0020654464344912575,0.0006446938570197297,0.007537669571680847
F5,wso,fill_lowaer,2008,0.1526956154648429,0.747248570755667,0.4892551768081938,0.00457491239579274,0.003258454054330442,0.565932917792528
F5,wso,fill_lowaer,2009,0.31713585196387845,1.2290912177546072,0.5574225037930574,0.0053338209376841365,0.006933851597989195,0.982088259962189
F5,wso,fill_lowaer,2010,0.42460212330632374,2.187079700746513,0.8749481642704227,0.008235611452645916,0.009569560995499207,1.3661189381681051
F5,wso,fill_lowaer,2011,0.38593832501270653,1.453069270082961,0.7202836753423961,0.006396055899990148,0.011131444216383235,0.8618579835485856
F5,wso,fill_lowaer,2012,0.4674593696845252,1.4539619725063604,0.8396568672298595,0.006436686162276522,0.01990226665022181,0.7084737464299331
F5,wso,fill_lowaer,2013,0.5489855943654837,1.6304354851410712,0.8382016656093361,0.006246250288519166,0.017220821047700792,1.2696854995410791
F5,wso,fill_lowaer,2014,0.7241419754160137,2.0638278527613294,0.971336738853116,0.008274104408170526,0.018942598555593305,1.8304852425071487
F5,wso,fill_lowaer,2015,0.9900424010548432,2.440987964307041,1.0455302653967897,0.00876832636687183,0.028013508065026307,2.290835114812943
F5,wso,fill_lowaer,2016,1.279697938138045,2.5232954267882017,1.3481200953891266,0.012807695502259256,0.030534806083492395,2.918786641901918
F5,wso,fill_lowaer,2017,1.4785795562308073,3.067404348748005,1.4531888132289124,0.015475917231070009,0.02707790988606131,3.7579289460525405
F5,wso,fill_lowaer,2018,1.7115019849325248,3.677374510985491,1.7172003462897152,0.01688463133823336,0.022694900545270492,4.516006192696801
F5,wso,fill_lowaer,2019,2.152926636548323,4.302125858932289,1.9055441516712872,0.020001250082948653,0.020682972784294096,6.006938174292365
F5,wso,fill_lowaer,2020,2.6732859500786503,5.504067970646836,2.252322947691783,0.02337586258124529,0.05140923362669145,7.948281510278284
F5,wso,fill_lowaer,2021,2.7347635920128788,5.967528918055528,2.2112285813760026,0.022509306832800034,0.01628234426905885,7.667853579925832
F5,wso,fill_lowaer,2022,3.0443602222094395,5.6960690912098615,2.2241046908592947,0.02113128073522126,0.016354047131976985,9.004319548713198
F5,wso,fill_lowaer,2023,3.41200260249239,6.084884090685114,2.370810103935993,0.021922708577408682,0.017543966839021114,10.610341904448529
F5,wso,fill_lowaer,2024,4.0007232985762045,6.866579308260309,2.762131712938146,0.026616496251532763,0.022160203908326143,12.550575880651612
F5,wso,fill_lowaer,2025,4.56228244267147,7.577416264666749,3.179083792066298,0.029343143618990278,0.026538694666119883,14.403344564392695
F5,wsob,fill_lowaer,2005,5.421439844307401e-17,1.7168409700712975e-16,2.6068150918230204e-16,2.0648643598425191e-19,3.899984601450653e-19,1.6439896517993164e-16
F5,wsob,fill_lowaer,2006,0.04967725026473774,0.3731436135040628,0.06340826547106038,0.002121764990954485,0.0009483227385739082,0.3328502464764941
F5,wsob,fill_lowaer,2007,-0.007831439545064356,0.43608304904847894,0.011405635152613043,0.0020651868972763644,0.000644188342153526,0.007401535213675669
F5,wsob,fill_lowaer,2008,0.15265573342515956,0.7470968046427203,0.4891646859712776,0.004574658400182429,0.0032579502959822555,0.5657957769031872
F5,wsob,fill_lowaer,2009,0.3165409939012365,1.2270404755191984,0.556165720090199,0.005330019646114585,0.006926330250328785,0.9800131938602058
F5,wsob,fill_lowaer,2010,0.42453167930066854,2.186867776329559,0.874809448947204,0.008235172628737438,0.009568673045729793,1.3658789879510793
F5,wsob,fill_lowaer,2011,0.3857112132111751,1.4523940480412554,0.7198354101653603,0.006394617054535682,0.011128544099779819,0.8610730283461993
F5,wsob,fill_lowaer,2012,0.4671958737493616,1.4532223026183777,0.8391543259365807,0.0064350235820676074,0.019899054478495947,0.7075624440973168
F5,wsob,fill_lowaer,2013,0.5488693908526714,1.6301267279279392,0.8379935246713743,0.006245536055536266,0.017219476808094235,1.2693043031199043
F5,wsob,fill_lowaer,2014,0.7238624840573907,2.063104976336598,0.9708735148380098,0.008272469699352027,0.01893952846253552,1.8295806410240671
F5,wsob,fill_lowaer,2015,0.989807322638595,2.440409149716112,1.0451576050686944,0.008766969061414115,0.02801109317120956,2.2900598219195385
F5,wsob,fill_lowaer,2016,1.2794512721602942,2.5227312655424843,1.3477486101716363,0.01280638755369981,0.030532448421921397,2.917993779723908
F5,wsob,fill_lowaer,2017,1.478354702257698,3.0669268329872783,1.4528711173171334,0.015474780879772887,0.027075962931586064,3.757207963329529
F5,wsob,fill_lowaer,2018,1.711278100610206,3.6769130700507273,1.7168965028148269,0.016883524426571435,0.022693154920051226,4.515280828279526
F5,wsob,fill_lowaer,2019,2.152727288609359,4.301711954535388,1.9052814442510524,0.02000029188652094,0.020681547701790513,6.0062820425061165
F5,wsob,fill_lowaer,2020,2.6731260817454396,5.50374869955673,2.2521206920537833,0.023375102287691952,0.05140789871973207,7.9477541796057904
F5,wsob,fill_lowaer,2021,2.734594333027608,5.967200246917905,2.21102077326347,0.022508520232346098,0.016281280932551188,7.667313764393809
F5,wsob,fill_lowaer,2022,3.044148056041961,5.695664397639888,2.223848146287281,0.021130270967141082,0.016352712646456397,9.003606733821686
F5,wsob,fill_lowaer,2023,3.412631827149197,6.086061383772775,2.371564296934877,0.021925677247903005,0.0175478312896031,10.612468446128188
F5,wsob,fill_lowaer,2024,4.002032327921826,6.869035967490497,2.7637064561760676,0.026622488620790634,0.022168203793855208,12.554994045851052
F5,wsob,fill_lowaer,2025,4.563391575972071,7.579248639677328,3.1802358192006235,0.02934766975952152,0.026545358617753582,14.407060765566719
F0,wso,lifecycle_amortized,2005,-0.0,0.0,0.0,0.0,0.0,0.0
F0,wso,lifecycle_frontloaded,2005,-0.0,0.0,0.0,0.0,0.0,0.0
F0,wso,lifecycle_amortized,2006,-0.00048773211855177744,0.0,0.0,0.0,0.0,0.0
F0,wso,lifecycle_frontloaded,2006,-0.01267184448789408,0.0,0.0,0.0,0.0,0.0
F0,wso,lifecycle_amortized,2007,-0.0010915931313138822,0.0,0.0,0.0,0.0,0.0
F0,wso,lifecycle_frontloaded,2007,-0.01235591023850451,0.0,0.0,0.0,0.0,0.0
F0,wso,lifecycle_amortized,2008,-0.002004608300574834,0.0,0.0,0.0,0.0,0.0
F0,wso,lifecycle_frontloaded,2008,-0.020939847206435595,0.0,0.0,0.0,0.0,0.0
F0,wso,lifecycle_amortized,2009,-0.0030729853636078186,0.0,0.0,0.0,0.0,0.0
F0,wso,lifecycle_frontloaded,2009,-0.028378262861209213,0.0,0.0,0.0,0.0,0.0
F0,wso,lifecycle_amortized,2010,-0.0044849067990436415,0.0,0.0,0.0,0.0,0.0
F0,wso,lifecycle_frontloaded,2010,-0.0437184268154639,0.0,0.0,0.0,0.0,0.0
F0,wso,lifecycle_amortized,2011,-0.007087755320119376,0.0,0.0,0.0,0.0,0.0
F0,wso,lifecycle_frontloaded,2011,-0.05752885958125729,0.0,0.0,0.0,0.0,0.0
F0,wso,lifecycle_amortized,2012,-0.00975193300327088,0.0,0.0,0.0,0.0,0.0
F0,wso,lifecycle_frontloaded,2012,-0.06433959947785656,0.0,0.0,0.0,0.0,0.0
F0,wso,lifecycle_amortized,2013,-0.012657527932197613,0.0,0.0,0.0,0.0,0.0
F0,wso,lifecycle_frontloaded,2013,-0.06989769003480414,0.0,0.0,0.0,0.0,0.0
F0,wso,lifecycle_amortized,2014,-0.016785638056965566,0.0,0.0,0.0,0.0,0.0
F0,wso,lifecycle_frontloaded,2014,-0.08158459041940846,0.0,0.0,0.0,0.0,0.0
F0,wso,lifecycle_amortized,2015,-0.021065265917303677,0.0,0.0,0.0,0.0,0.0
F0,wso,lifecycle_frontloaded,2015,-0.10794323193604749,0.0,0.0,0.0,0.0,0.0
F0,wso,lifecycle_amortized,2016,-0.026011601921782666,0.0,0.0,0.0,0.0,0.0
F0,wso,lifecycle_frontloaded,2016,-0.12842962332386063,0.0,0.0,0.0,0.0,0.0
F0,wso,lifecycle_amortized,2017,-0.03380658018741599,0.0,0.0,0.0,0.0,0.0
F0,wso,lifecycle_frontloaded,2017,-0.16215707056676693,0.0,0.0,0.0,0.0,0.0
F0,wso,lifecycle_amortized,2018,-0.041627607968890944,0.0,0.0,0.0,0.0,0.0
F0,wso,lifecycle_frontloaded,2018,-0.17196135938789175,0.0,0.0,0.0,0.0,0.0
F0,wso,lifecycle_amortized,2019,-0.04925556958454541,0.0,0.0,0.0,0.0,0.0
F0,wso,lifecycle_frontloaded,2019,-0.19069588325759765,0.0,0.0,0.0,0.0,0.0
F0,wso,lifecycle_amortized,2020,-0.0586774461330056,0.0,0.0,0.0,0.0,0.0
F0,wso,lifecycle_frontloaded,2020,-0.2614526979521276,0.0,0.0,0.0,0.0,0.0
F0,wso,lifecycle_amortized,2021,-0.07154733511915302,0.0,0.0,0.0,0.0,0.0
F0,wso,lifecycle_frontloaded,2021,-0.28097254333980465,0.0,0.0,0.0,0.0,0.0
F0,wso,lifecycle_amortized,2022,-0.08781519025278063,0.0,0.0,0.0,0.0,0.0
F0,wso,lifecycle_frontloaded,2022,-0.34622935829083207,0.0,0.0,0.0,0.0,0.0
F0,wso,lifecycle_amortized,2023,-0.1063291490748637,0.0,0.0,0.0,0.0,0.0
F0,wso,lifecycle_frontloaded,2023,-0.5877461625292458,0.0,0.0,0.0,0.0,0.0
F0,wso,lifecycle_amortized,2024,-0.1313015429849313,0.0,0.0,0.0,0.0,0.0
F0,wso,lifecycle_frontloaded,2024,-0.69905380313241,0.0,0.0,0.0,0.0,0.0
F0,wso,lifecycle_amortized,2025,-0.16414604039918096,0.0,0.0,0.0,0.0,0.0
F0,wso,lifecycle_frontloaded,2025,-0.8074345771023758,0.0,0.0,0.0,0.0,0.0
F0,ws,lifecycle_amortized,2005,-0.0,0.0,0.0,0.0,0.0,0.0
F0,ws,lifecycle_frontloaded,2005,-0.0,0.0,0.0,0.0,0.0,0.0
F0,ws,lifecycle_amortized,2006,-0.00040565174030118665,0.0,0.0,0.0,0.0,0.0
F0,ws,lifecycle_frontloaded,2006,-0.009342364719107953,0.0,0.0,0.0,0.0,0.0
F0,ws,lifecycle_amortized,2007,-0.0009325740061481937,0.0,0.0,0.0,0.0,0.0
F0,ws,lifecycle_frontloaded,2007,-0.01235591023850451,0.0,0.0,0.0,0.0,0.0
F0,ws,lifecycle_amortized,2008,-0.0017020813523507658,0.0,0.0,0.0,0.0,0.0
F0,ws,lifecycle_frontloaded,2008,-0.018839847206435594,0.0,0.0,0.0,0.0,0.0
F0,ws,lifecycle_amortized,2009,-0.0026936007744499603,0.0,0.0,0.0,0.0,0.0
F0,ws,lifecycle_frontloaded,2009,-0.026291482285669646,0.0,0.0,0.0,0.0,0.0
F0,ws,lifecycle_amortized,2010,-0.004065574916927097,0.0,0.0,0.0,0.0,0.0
F0,ws,lifecycle_frontloaded,2010,-0.03305880582421025,0.0,0.0,0.0,0.0,0.0
F0,ws,lifecycle_amortized,2011,-0.006615392844677333,0.0,0.0,0.0,0.0,0.0
F0,ws,lifecycle_frontloaded,2011,-0.05457346539038592,0.0,0.0,0.0,0.0,0.0
F0,ws,lifecycle_amortized,2012,-0.009214496656994623,0.0,0.0,0.0,0.0,0.0
F0,ws,lifecycle_frontloaded,2012,-0.059939471436883454,0.0,0.0,0.0,0.0,0.0
F0,ws,lifecycle_amortized,2013,-0.012063250879958807,0.0,0.0,0.0,0.0,0.0
F0,ws,lifecycle_frontloaded,2013,-0.06100096872332873,0.0,0.0,0.0,0.0,0.0
F0,ws,lifecycle_amortized,2014,-0.015996585849285427,0.0,0.0,0.0,0.0,0.0
F0,ws,lifecycle_frontloaded,2014,-0.07984256914281271,0.0,0.0,0.0,0.0,0.0
F0,ws,lifecycle_amortized,2015,-0.02014035622929054,0.0,0.0,0.0,0.0,0.0
F0,ws,lifecycle_frontloaded,2015,-0.10173122806383064,0.0,0.0,0.0,0.0,0.0
F0,ws,lifecycle_amortized,2016,-0.024983253430943073,0.0,0.0,0.0,0.0,0.0
F0,ws,lifecycle_frontloaded,2016,-0.12317132735973507,0.0,0.0,0.0,0.0,0.0
F0,ws,lifecycle_amortized,2017,-0.03266365453402852,0.0,0.0,0.0,0.0,0.0
F0,ws,lifecycle_frontloaded,2017,-0.15625120764356296,0.0,0.0,0.0,0.0,0.0
F0,ws,lifecycle_amortized,2018,-0.04037894913384445,0.0,0.0,0.0,0.0,0.0
F0,ws,lifecycle_frontloaded,2018,-0.16512464005004376,0.0,0.0,0.0,0.0,0.0
F0,ws,lifecycle_amortized,2019,-0.04795904396670334,0.0,0.0,0.0,0.0,0.0
F0,ws,lifecycle_frontloaded,2019,-0.18280735145786828,0.0,0.0,0.0,0.0,0.0
F0,ws,lifecycle_amortized,2020,-0.05726113749389738,0.0,0.0,0.0,0.0,0.0
F0,ws,lifecycle_frontloaded,2020,-0.2526755404385489,0.0,0.0,0.0,0.0,0.0
F0,ws,lifecycle_amortized,2021,-0.07012219438012834,0.0,0.0,0.0,0.0,0.0
F0,ws,lifecycle_frontloaded,2021,-0.26872664590390727,0.0,0.0,0.0,0.0,0.0
F0,ws,lifecycle_amortized,2022,-0.0863296091747729,0.0,0.0,0.0,0.0,0.0
F0,ws,lifecycle_frontloaded,2022,-0.34089250608353844,0.0,0.0,0.0,0.0,0.0
F0,ws,lifecycle_amortized,2023,-0.1048250155907008,0.0,0.0,0.0,0.0,0.0
F0,ws,lifecycle_frontloaded,2023,-0.5833074982857201,0.0,0.0,0.0,0.0,0.0
F0,ws,lifecycle_amortized,2024,-0.12979657916765405,0.0,0.0,0.0,0.0,0.0
F0,ws,lifecycle_frontloaded,2024,-0.6953209472296322,0.0,0.0,0.0,0.0,0.0
F0,ws,lifecycle_amortized,2025,-0.16260931738082,0.0,0.0,0.0,0.0,0.0
F0,ws,lifecycle_frontloaded,2025,-0.8042334288769061,0.0,0.0,0.0,0.0,0.0
F0,wsob,lifecycle_amortized,2005,-0.0,0.0,0.0,0.0,0.0,0.0
F0,wsob,lifecycle_frontloaded,2005,-0.0,0.0,0.0,0.0,0.0,0.0
F0,wsob,lifecycle_amortized,2006,-0.00048773211855177744,0.0,0.0,0.0,0.0,0.0
F0,wsob,lifecycle_frontloaded,2006,-0.01267184448789408,0.0,0.0,0.0,0.0,0.0
F0,wsob,lifecycle_amortized,2007,-0.0010915931313138822,0.0,0.0,0.0,0.0,0.0
F0,wsob,lifecycle_frontloaded,2007,-0.01235591023850451,0.0,0.0,0.0,0.0,0.0
F0,wsob,lifecycle_amortized,2008,-0.002004608300574834,0.0,0.0,0.0,0.0,0.0
F0,wsob,lifecycle_frontloaded,2008,-0.020939847206435595,0.0,0.0,0.0,0.0,0.0
F0,wsob,lifecycle_amortized,2009,-0.0030729853636078186,0.0,0.0,0.0,0.0,0.0
F0,wsob,lifecycle_frontloaded,2009,-0.028378262861209213,0.0,0.0,0.0,0.0,0.0
F0,wsob,lifecycle_amortized,2010,-0.0044849067990436415,0.0,0.0,0.0,0.0,0.0
F0,wsob,lifecycle_frontloaded,2010,-0.0437184268154639,0.0,0.0,0.0,0.0,0.0
F0,wsob,lifecycle_amortized,2011,-0.007087755320119376,0.0,0.0,0.0,0.0,0.0
F0,wsob,lifecycle_frontloaded,2011,-0.05752885958125729,0.0,0.0,0.0,0.0,0.0
F0,wsob,lifecycle_amortized,2012,-0.00975193300327088,0.0,0.0,0.0,0.0,0.0
F0,wsob,lifecycle_frontloaded,2012,-0.06433959947785656,0.0,0.0,0.0,0.0,0.0
F0,wsob,lifecycle_amortized,2013,-0.012657527932197613,0.0,0.0,0.0,0.0,0.0
F0,wsob,lifecycle_frontloaded,2013,-0.06989769003480414,0.0,0.0,0.0,0.0,0.0
F0,wsob,lifecycle_amortized,2014,-0.016785638056965566,0.0,0.0,0.0,0.0,0.0
F0,wsob,lifecycle_frontloaded,2014,-0.08158459041940846,0.0,0.0,0.0,0.0,0.0
F0,wsob,lifecycle_amortized,2015,-0.021065265917303677,0.0,0.0,0.0,0.0,0.0
F0,wsob,lifecycle_frontloaded,2015,-0.10794323193604749,0.0,0.0,0.0,0.0,0.0
F0,wsob,lifecycle_amortized,2016,-0.026011601921782666,0.0,0.0,0.0,0.0,0.0
F0,wsob,lifecycle_frontloaded,2016,-0.12842962332386063,0.0,0.0,0.0,0.0,0.0
F0,wsob,lifecycle_amortized,2017,-0.03380658018741599,0.0,0.0,0.0,0.0,0.0
F0,wsob,lifecycle_frontloaded,2017,-0.16215707056676693,0.0,0.0,0.0,0.0,0.0
F0,wsob,lifecycle_amortized,2018,-0.041627607968890944,0.0,0.0,0.0,0.0,0.0
F0,wsob,lifecycle_frontloaded,2018,-0.17196135938789175,0.0,0.0,0.0,0.0,0.0
F0,wsob,lifecycle_amortized,2019,-0.04925556958454541,0.0,0.0,0.0,0.0,0.0
F0,wsob,lifecycle_frontloaded,2019,-0.19069588325759765,0.0,0.0,0.0,0.0,0.0
F0,wsob,lifecycle_amortized,2020,-0.0586774461330056,0.0,0.0,0.0,0.0,0.0
F0,wsob,lifecycle_frontloaded,2020,-0.2614526979521276,0.0,0.0,0.0,0.0,0.0
F0,wsob,lifecycle_amortized,2021,-0.07154733511915302,0.0,0.0,0.0,0.0,0.0
F0,wsob,lifecycle_frontloaded,2021,-0.28097254333980465,0.0,0.0,0.0,0.0,0.0
F0,wsob,lifecycle_amortized,2022,-0.08781519025278063,0.0,0.0,0.0,0.0,0.0
F0,wsob,lifecycle_frontloaded,2022,-0.34622935829083207,0.0,0.0,0.0,0.0,0.0
F0,wsob,lifecycle_amortized,2023,-0.1063291490748637,0.0,0.0,0.0,0.0,0.0
F0,wsob,lifecycle_frontloaded,2023,-0.5877461625292458,0.0,0.0,0.0,0.0,0.0
F0,wsob,lifecycle_amortized,2024,-0.1313015429849313,0.0,0.0,0.0,0.0,0.0
F0,wsob,lifecycle_frontloaded,2024,-0.69905380313241,0.0,0.0,0.0,0.0,0.0
F0,wsob,lifecycle_amortized,2025,-0.16414604039918096,0.0,0.0,0.0,0.0,0.0
F0,wsob,lifecycle_frontloaded,2025,-0.8074345771023758,0.0,0.0,0.0,0.0,0.0
F0,wsob,bio_coemis,2005,0.0,-0.0,-0.0,-0.0,-0.0,0.0
F0,wsob,bio_coemis,2006,0.0,-0.0031163583867690157,-0.021038294637991017,-0.0030020826463507872,-0.015558032091398603,0.0
F0,wsob,bio_coemis,2007,0.0,-0.007963227413882897,-0.05333596368286749,-0.007975141537978254,-0.03981512435029975,0.0
F0,wsob,bio_coemis,2008,0.0,-0.010865041290552822,-0.07600892933762125,-0.012264684644038574,-0.05939752639358738,0.0
F0,wsob,bio_coemis,2009,0.0,-0.013988403985302657,-0.10474031934853285,-0.018429854014358694,-0.08689577706454273,0.0
F0,wsob,bio_coemis,2010,0.0,-0.021362512431816902,-0.16631642580048986,-0.033250861605138196,-0.14809148884001952,0.0
F0,wsob,bio_coemis,2011,0.0,-0.02316679376838931,-0.19183288131857518,-0.039096799793010846,-0.16970051546221634,0.0
F0,wsob,bio_coemis,2012,0.0,-0.028775524198357452,-0.24249986482967753,-0.04745969377847077,-0.2042472050632711,0.0
F0,wsob,bio_coemis,2013,0.0,-0.03269572906126998,-0.2883872023513754,-0.058285309950100075,-0.24344478216392876,0.0
F0,wsob,bio_coemis,2014,0.0,-0.03589772681600875,-0.33642082211584196,-0.07018096943730404,-0.28713198916129423,0.0
F0,wsob,bio_coemis,2015,0.0,-0.03733900013972952,-0.3710074281885876,-0.07797702249943118,-0.3144616401015547,0.0
F0,wsob,bio_coemis,2016,0.0,-0.03851350292253431,-0.45081376624762987,-0.10196226972806664,-0.41539637287511033,0.0
F0,wsob,bio_coemis,2017,0.0,-0.04075973865516427,-0.5186924648029093,-0.11968127497074192,-0.4770291107864656,0.0
F0,wsob,bio_coemis,2018,0.0,-0.04406068233464583,-0.5951380481551516,-0.13630185946913756,-0.5433475649222329,0.0
F0,wsob,bio_coemis,2019,0.0,-0.04610280178468391,-0.6455959931408153,-0.1523858088083651,-0.5962087572716622,0.0
F0,wsob,bio_coemis,2020,0.0,-0.048772557457503106,-0.7138339696261086,-0.17427045939337332,-0.6660172206331053,0.0
F0,wsob,bio_coemis,2021,0.0,-0.05446310248705959,-0.8235352401206743,-0.21003598282503558,-0.7940645685796449,0.0
F0,wsob,bio_coemis,2022,0.0,-0.05518325637482945,-0.8796618432551943,-0.2304872649128657,-0.8584583095455836,0.0
F0,wsob,bio_coemis,2023,0.0,-0.055378408819692415,-0.8864688862555772,-0.23257517913526998,-0.8678909860830579,0.0
F0,wsob,bio_coemis,2024,0.0,-0.05768957464278378,-0.9234648317298938,-0.24228148555997978,-0.9041116003613604,0.0
F0,wsob,bio_coemis,2025,0.0,-0.05800660860831748,-0.9285397472488084,-0.2436129472775968,-0.9090801598926523,0.0
F1,wso,lifecycle_amortized,2005,-0.0,0.0,0.0,0.0,0.0,0.0
F1,wso,lifecycle_frontloaded,2005,-0.0,0.0,0.0,0.0,0.0,0.0
F1,wso,lifecycle_amortized,2006,-0.00048773211855177744,0.0,0.0,0.0,0.0,0.0
F1,wso,lifecycle_frontloaded,2006,-0.01267184448789408,0.0,0.0,0.0,0.0,0.0
F1,wso,lifecycle_amortized,2007,-0.0010915931313138822,0.0,0.0,0.0,0.0,0.0
F1,wso,lifecycle_frontloaded,2007,-0.01235591023850451,0.0,0.0,0.0,0.0,0.0
F1,wso,lifecycle_amortized,2008,-0.002004608300574834,0.0,0.0,0.0,0.0,0.0
F1,wso,lifecycle_frontloaded,2008,-0.020939847206435595,0.0,0.0,0.0,0.0,0.0
F1,wso,lifecycle_amortized,2009,-0.0030729853636078186,0.0,0.0,0.0,0.0,0.0
F1,wso,lifecycle_frontloaded,2009,-0.028378262861209213,0.0,0.0,0.0,0.0,0.0
F1,wso,lifecycle_amortized,2010,-0.0044849067990436415,0.0,0.0,0.0,0.0,0.0
F1,wso,lifecycle_frontloaded,2010,-0.0437184268154639,0.0,0.0,0.0,0.0,0.0
F1,wso,lifecycle_amortized,2011,-0.007087755320119376,0.0,0.0,0.0,0.0,0.0
F1,wso,lifecycle_frontloaded,2011,-0.05752885958125729,0.0,0.0,0.0,0.0,0.0
F1,wso,lifecycle_amortized,2012,-0.00975193300327088,0.0,0.0,0.0,0.0,0.0
F1,wso,lifecycle_frontloaded,2012,-0.06433959947785656,0.0,0.0,0.0,0.0,0.0
F1,wso,lifecycle_amortized,2013,-0.012657527932197613,0.0,0.0,0.0,0.0,0.0
F1,wso,lifecycle_frontloaded,2013,-0.06989769003480414,0.0,0.0,0.0,0.0,0.0
F1,wso,lifecycle_amortized,2014,-0.016785638056965566,0.0,0.0,0.0,0.0,0.0
F1,wso,lifecycle_frontloaded,2014,-0.08158459041940846,0.0,0.0,0.0,0.0,0.0
F1,wso,lifecycle_amortized,2015,-0.021065265917303677,0.0,0.0,0.0,0.0,0.0
F1,wso,lifecycle_frontloaded,2015,-0.10794323193604749,0.0,0.0,0.0,0.0,0.0
F1,wso,lifecycle_amortized,2016,-0.026011601921782666,0.0,0.0,0.0,0.0,0.0
F1,wso,lifecycle_frontloaded,2016,-0.12842962332386063,0.0,0.0,0.0,0.0,0.0
F1,wso,lifecycle_amortized,2017,-0.03380658018741599,0.0,0.0,0.0,0.0,0.0
F1,wso,lifecycle_frontloaded,2017,-0.16215707056676693,0.0,0.0,0.0,0.0,0.0
F1,wso,lifecycle_amortized,2018,-0.041627607968890944,0.0,0.0,0.0,0.0,0.0
F1,wso,lifecycle_frontloaded,2018,-0.17196135938789175,0.0,0.0,0.0,0.0,0.0
F1,wso,lifecycle_amortized,2019,-0.04925556958454541,0.0,0.0,0.0,0.0,0.0
F1,wso,lifecycle_frontloaded,2019,-0.19069588325759765,0.0,0.0,0.0,0.0,0.0
F1,wso,lifecycle_amortized,2020,-0.0586774461330056,0.0,0.0,0.0,0.0,0.0
F1,wso,lifecycle_frontloaded,2020,-0.2614526979521276,0.0,0.0,0.0,0.0,0.0
F1,wso,lifecycle_amortized,2021,-0.07154733511915302,0.0,0.0,0.0,0.0,0.0
F1,wso,lifecycle_frontloaded,2021,-0.28097254333980465,0.0,0.0,0.0,0.0,0.0
F1,wso,lifecycle_amortized,2022,-0.08781519025278063,0.0,0.0,0.0,0.0,0.0
F1,wso,lifecycle_frontloaded,2022,-0.34622935829083207,0.0,0.0,0.0,0.0,0.0
F1,wso,lifecycle_amortized,2023,-0.1063291490748637,0.0,0.0,0.0,0.0,0.0
F1,wso,lifecycle_frontloaded,2023,-0.5877461625292458,0.0,0.0,0.0,0.0,0.0
F1,wso,lifecycle_amortized,2024,-0.1313015429849313,0.0,0.0,0.0,0.0,0.0
F1,wso,lifecycle_frontloaded,2024,-0.69905380313241,0.0,0.0,0.0,0.0,0.0
F1,wso,lifecycle_amortized,2025,-0.16414604039918096,0.0,0.0,0.0,0.0,0.0
F1,wso,lifecycle_frontloaded,2025,-0.8074345771023758,0.0,0.0,0.0,0.0,0.0
F1,ws,lifecycle_amortized,2005,-0.0,0.0,0.0,0.0,0.0,0.0
F1,ws,lifecycle_frontloaded,2005,-0.0,0.0,0.0,0.0,0.0,0.0
F1,ws,lifecycle_amortized,2006,-0.00040565174030118665,0.0,0.0,0.0,0.0,0.0
F1,ws,lifecycle_frontloaded,2006,-0.009342364719107953,0.0,0.0,0.0,0.0,0.0
F1,ws,lifecycle_amortized,2007,-0.0009325740061481937,0.0,0.0,0.0,0.0,0.0
F1,ws,lifecycle_frontloaded,2007,-0.01235591023850451,0.0,0.0,0.0,0.0,0.0
F1,ws,lifecycle_amortized,2008,-0.0017020813523507658,0.0,0.0,0.0,0.0,0.0
F1,ws,lifecycle_frontloaded,2008,-0.018839847206435594,0.0,0.0,0.0,0.0,0.0
F1,ws,lifecycle_amortized,2009,-0.0026936007744499603,0.0,0.0,0.0,0.0,0.0
F1,ws,lifecycle_frontloaded,2009,-0.026291482285669646,0.0,0.0,0.0,0.0,0.0
F1,ws,lifecycle_amortized,2010,-0.004065574916927097,0.0,0.0,0.0,0.0,0.0
F1,ws,lifecycle_frontloaded,2010,-0.03305880582421025,0.0,0.0,0.0,0.0,0.0
F1,ws,lifecycle_amortized,2011,-0.006615392844677333,0.0,0.0,0.0,0.0,0.0
F1,ws,lifecycle_frontloaded,2011,-0.05457346539038592,0.0,0.0,0.0,0.0,0.0
F1,ws,lifecycle_amortized,2012,-0.009214496656994623,0.0,0.0,0.0,0.0,0.0
F1,ws,lifecycle_frontloaded,2012,-0.059939471436883454,0.0,0.0,0.0,0.0,0.0
F1,ws,lifecycle_amortized,2013,-0.012063250879958807,0.0,0.0,0.0,0.0,0.0
F1,ws,lifecycle_frontloaded,2013,-0.06100096872332873,0.0,0.0,0.0,0.0,0.0
F1,ws,lifecycle_amortized,2014,-0.015996585849285427,0.0,0.0,0.0,0.0,0.0
F1,ws,lifecycle_frontloaded,2014,-0.07984256914281271,0.0,0.0,0.0,0.0,0.0
F1,ws,lifecycle_amortized,2015,-0.02014035622929054,0.0,0.0,0.0,0.0,0.0
F1,ws,lifecycle_frontloaded,2015,-0.10173122806383064,0.0,0.0,0.0,0.0,0.0
F1,ws,lifecycle_amortized,2016,-0.024983253430943073,0.0,0.0,0.0,0.0,0.0
F1,ws,lifecycle_frontloaded,2016,-0.12317132735973507,0.0,0.0,0.0,0.0,0.0
F1,ws,lifecycle_amortized,2017,-0.03266365453402852,0.0,0.0,0.0,0.0,0.0
F1,ws,lifecycle_frontloaded,2017,-0.15625120764356296,0.0,0.0,0.0,0.0,0.0
F1,ws,lifecycle_amortized,2018,-0.04037894913384445,0.0,0.0,0.0,0.0,0.0
F1,ws,lifecycle_frontloaded,2018,-0.16512464005004376,0.0,0.0,0.0,0.0,0.0
F1,ws,lifecycle_amortized,2019,-0.04795904396670334,0.0,0.0,0.0,0.0,0.0
F1,ws,lifecycle_frontloaded,2019,-0.18280735145786828,0.0,0.0,0.0,0.0,0.0
F1,ws,lifecycle_amortized,2020,-0.05726113749389738,0.0,0.0,0.0,0.0,0.0
F1,ws,lifecycle_frontloaded,2020,-0.2526755404385489,0.0,0.0,0.0,0.0,0.0
F1,ws,lifecycle_amortized,2021,-0.07012219438012834,0.0,0.0,0.0,0.0,0.0
F1,ws,lifecycle_frontloaded,2021,-0.26872664590390727,0.0,0.0,0.0,0.0,0.0
F1,ws,lifecycle_amortized,2022,-0.0863296091747729,0.0,0.0,0.0,0.0,0.0
F1,ws,lifecycle_frontloaded,2022,-0.34089250608353844,0.0,0.0,0.0,0.0,0.0
F1,ws,lifecycle_amortized,2023,-0.1048250155907008,0.0,0.0,0.0,0.0,0.0
F1,ws,lifecycle_frontloaded,2023,-0.5833074982857201,0.0,0.0,0.0,0.0,0.0
F1,ws,lifecycle_amortized,2024,-0.12979657916765405,0.0,0.0,0.0,0.0,0.0
F1,ws,lifecycle_frontloaded,2024,-0.6953209472296322,0.0,0.0,0.0,0.0,0.0
F1,ws,lifecycle_amortized,2025,-0.16260931738082,0.0,0.0,0.0,0.0,0.0
F1,ws,lifecycle_frontloaded,2025,-0.8042334288769061,0.0,0.0,0.0,0.0,0.0
F1,wsob,lifecycle_amortized,2005,-0.0,0.0,0.0,0.0,0.0,0.0
F1,wsob,lifecycle_frontloaded,2005,-0.0,0.0,0.0,0.0,0.0,0.0
F1,wsob,lifecycle_amortized,2006,-0.00048773211855177744,0.0,0.0,0.0,0.0,0.0
F1,wsob,lifecycle_frontloaded,2006,-0.01267184448789408,0.0,0.0,0.0,0.0,0.0
F1,wsob,lifecycle_amortized,2007,-0.0010915931313138822,0.0,0.0,0.0,0.0,0.0
F1,wsob,lifecycle_frontloaded,2007,-0.01235591023850451,0.0,0.0,0.0,0.0,0.0
F1,wsob,lifecycle_amortized,2008,-0.002004608300574834,0.0,0.0,0.0,0.0,0.0
F1,wsob,lifecycle_frontloaded,2008,-0.020939847206435595,0.0,0.0,0.0,0.0,0.0
F1,wsob,lifecycle_amortized,2009,-0.0030729853636078186,0.0,0.0,0.0,0.0,0.0
F1,wsob,lifecycle_frontloaded,2009,-0.028378262861209213,0.0,0.0,0.0,0.0,0.0
F1,wsob,lifecycle_amortized,2010,-0.0044849067990436415,0.0,0.0,0.0,0.0,0.0
F1,wsob,lifecycle_frontloaded,2010,-0.0437184268154639,0.0,0.0,0.0,0.0,0.0
F1,wsob,lifecycle_amortized,2011,-0.007087755320119376,0.0,0.0,0.0,0.0,0.0
F1,wsob,lifecycle_frontloaded,2011,-0.05752885958125729,0.0,0.0,0.0,0.0,0.0
F1,wsob,lifecycle_amortized,2012,-0.00975193300327088,0.0,0.0,0.0,0.0,0.0
F1,wsob,lifecycle_frontloaded,2012,-0.06433959947785656,0.0,0.0,0.0,0.0,0.0
F1,wsob,lifecycle_amortized,2013,-0.012657527932197613,0.0,0.0,0.0,0.0,0.0
F1,wsob,lifecycle_frontloaded,2013,-0.06989769003480414,0.0,0.0,0.0,0.0,0.0
F1,wsob,lifecycle_amortized,2014,-0.016785638056965566,0.0,0.0,0.0,0.0,0.0
F1,wsob,lifecycle_frontloaded,2014,-0.08158459041940846,0.0,0.0,0.0,0.0,0.0
F1,wsob,lifecycle_amortized,2015,-0.021065265917303677,0.0,0.0,0.0,0.0,0.0
F1,wsob,lifecycle_frontloaded,2015,-0.10794323193604749,0.0,0.0,0.0,0.0,0.0
F1,wsob,lifecycle_amortized,2016,-0.026011601921782666,0.0,0.0,0.0,0.0,0.0
F1,wsob,lifecycle_frontloaded,2016,-0.12842962332386063,0.0,0.0,0.0,0.0,0.0
F1,wsob,lifecycle_amortized,2017,-0.03380658018741599,0.0,0.0,0.0,0.0,0.0
F1,wsob,lifecycle_frontloaded,2017,-0.16215707056676693,0.0,0.0,0.0,0.0,0.0
F1,wsob,lifecycle_amortized,2018,-0.041627607968890944,0.0,0.0,0.0,0.0,0.0
F1,wsob,lifecycle_frontloaded,2018,-0.17196135938789175,0.0,0.0,0.0,0.0,0.0
F1,wsob,lifecycle_amortized,2019,-0.04925556958454541,0.0,0.0,0.0,0.0,0.0
F1,wsob,lifecycle_frontloaded,2019,-0.19069588325759765,0.0,0.0,0.0,0.0,0.0
F1,wsob,lifecycle_amortized,2020,-0.0586774461330056,0.0,0.0,0.0,0.0,0.0
F1,wsob,lifecycle_frontloaded,2020,-0.2614526979521276,0.0,0.0,0.0,0.0,0.0
F1,wsob,lifecycle_amortized,2021,-0.07154733511915302,0.0,0.0,0.0,0.0,0.0
F1,wsob,lifecycle_frontloaded,2021,-0.28097254333980465,0.0,0.0,0.0,0.0,0.0
F1,wsob,lifecycle_amortized,2022,-0.08781519025278063,0.0,0.0,0.0,0.0,0.0
F1,wsob,lifecycle_frontloaded,2022,-0.34622935829083207,0.0,0.0,0.0,0.0,0.0
F1,wsob,lifecycle_amortized,2023,-0.1063291490748637,0.0,0.0,0.0,0.0,0.0
F1,wsob,lifecycle_frontloaded,2023,-0.5877461625292458,0.0,0.0,0.0,0.0,0.0
F1,wsob,lifecycle_amortized,2024,-0.1313015429849313,0.0,0.0,0.0,0.0,0.0
F1,wsob,lifecycle_frontloaded,2024,-0.69905380313241,0.0,0.0,0.0,0.0,0.0
F1,wsob,lifecycle_amortized,2025,-0.16414604039918096,0.0,0.0,0.0,0.0,0.0
F1,wsob,lifecycle_frontloaded,2025,-0.8074345771023758,0.0,0.0,0.0,0.0,0.0
F1,wsob,bio_coemis,2005,0.0,-0.0,-0.0,-0.0,-0.0,0.0
F1,wsob,bio_coemis,2006,0.0,-0.0031163583867690157,-0.021038294637991017,-0.0030020826463507872,-0.015558032091398603,0.0
F1,wsob,bio_coemis,2007,0.0,-0.007963227413882897,-0.05333596368286749,-0.007975141537978254,-0.03981512435029975,0.0
F1,wsob,bio_coemis,2008,0.0,-0.010865041290552822,-0.07600892933762125,-0.012264684644038574,-0.05939752639358738,0.0
F1,wsob,bio_coemis,2009,0.0,-0.013988403985302657,-0.10474031934853285,-0.018429854014358694,-0.08689577706454273,0.0
F1,wsob,bio_coemis,2010,0.0,-0.021362512431816902,-0.16631642580048986,-0.033250861605138196,-0.14809148884001952,0.0
F1,wsob,bio_coemis,2011,0.0,-0.02316679376838931,-0.19183288131857518,-0.039096799793010846,-0.16970051546221634,0.0
F1,wsob,bio_coemis,2012,0.0,-0.028775524198357452,-0.24249986482967753,-0.04745969377847077,-0.2042472050632711,0.0
F1,wsob,bio_coemis,2013,0.0,-0.03269572906126998,-0.2883872023513754,-0.058285309950100075,-0.24344478216392876,0.0
F1,wsob,bio_coemis,2014,0.0,-0.03589772681600875,-0.33642082211584196,-0.07018096943730404,-0.28713198916129423,0.0
F1,wsob,bio_coemis,2015,0.0,-0.03733900013972952,-0.3710074281885876,-0.07797702249943118,-0.3144616401015547,0.0
F1,wsob,bio_coemis,2016,0.0,-0.03851350292253431,-0.45081376624762987,-0.10196226972806664,-0.41539637287511033,0.0
F1,wsob,bio_coemis,2017,0.0,-0.04075973865516427,-0.5186924648029093,-0.11968127497074192,-0.4770291107864656,0.0
F1,wsob,bio_coemis,2018,0.0,-0.04406068233464583,-0.5951380481551516,-0.13630185946913756,-0.5433475649222329,0.0
F1,wsob,bio_coemis,2019,0.0,-0.04610280178468391,-0.6455959931408153,-0.1523858088083651,-0.5962087572716622,0.0
F1,wsob,bio_coemis,2020,0.0,-0.048772557457503106,-0.7138339696261086,-0.17427045939337332,-0.6660172206331053,0.0
F1,wsob,bio_coemis,2021,0.0,-0.05446310248705959,-0.8235352401206743,-0.21003598282503558,-0.7940645685796449,0.0
F1,wsob,bio_coemis,2022,0.0,-0.05518325637482945,-0.8796618432551943,-0.2304872649128657,-0.8584583095455836,0.0
F1,wsob,bio_coemis,2023,0.0,-0.055378408819692415,-0.8864688862555772,-0.23257517913526998,-0.8678909860830579,0.0
F1,wsob,bio_coemis,2024,0.0,-0.05768957464278378,-0.9234648317298938,-0.24228148555997978,-0.9041116003613604,0.0
F1,wsob,bio_coemis,2025,0.0,-0.05800660860831748,-0.9285397472488084,-0.2436129472775968,-0.9090801598926523,0.0
F1marg,wso,lifecycle_amortized,2005,-0.0,0.0,0.0,0.0,0.0,0.0
F1marg,wso,lifecycle_frontloaded,2005,-0.0,0.0,0.0,0.0,0.0,0.0
F1marg,wso,lifecycle_amortized,2006,-0.00048773211855177744,0.0,0.0,0.0,0.0,0.0
F1marg,wso,lifecycle_frontloaded,2006,-0.01267184448789408,0.0,0.0,0.0,0.0,0.0
F1marg,wso,lifecycle_amortized,2007,-0.0010915931313138822,0.0,0.0,0.0,0.0,0.0
F1marg,wso,lifecycle_frontloaded,2007,-0.01235591023850451,0.0,0.0,0.0,0.0,0.0
F1marg,wso,lifecycle_amortized,2008,-0.002004608300574834,0.0,0.0,0.0,0.0,0.0
F1marg,wso,lifecycle_frontloaded,2008,-0.020939847206435595,0.0,0.0,0.0,0.0,0.0
F1marg,wso,lifecycle_amortized,2009,-0.0030729853636078186,0.0,0.0,0.0,0.0,0.0
F1marg,wso,lifecycle_frontloaded,2009,-0.028378262861209213,0.0,0.0,0.0,0.0,0.0
F1marg,wso,lifecycle_amortized,2010,-0.0044849067990436415,0.0,0.0,0.0,0.0,0.0
F1marg,wso,lifecycle_frontloaded,2010,-0.0437184268154639,0.0,0.0,0.0,0.0,0.0
F1marg,wso,lifecycle_amortized,2011,-0.007087755320119376,0.0,0.0,0.0,0.0,0.0
F1marg,wso,lifecycle_frontloaded,2011,-0.05752885958125729,0.0,0.0,0.0,0.0,0.0
F1marg,wso,lifecycle_amortized,2012,-0.00975193300327088,0.0,0.0,0.0,0.0,0.0
F1marg,wso,lifecycle_frontloaded,2012,-0.06433959947785656,0.0,0.0,0.0,0.0,0.0
F1marg,wso,lifecycle_amortized,2013,-0.012657527932197613,0.0,0.0,0.0,0.0,0.0
F1marg,wso,lifecycle_frontloaded,2013,-0.06989769003480414,0.0,0.0,0.0,0.0,0.0
F1marg,wso,lifecycle_amortized,2014,-0.016785638056965566,0.0,0.0,0.0,0.0,0.0
F1marg,wso,lifecycle_frontloaded,2014,-0.08158459041940846,0.0,0.0,0.0,0.0,0.0
F1marg,wso,lifecycle_amortized,2015,-0.021065265917303677,0.0,0.0,0.0,0.0,0.0
F1marg,wso,lifecycle_frontloaded,2015,-0.10794323193604749,0.0,0.0,0.0,0.0,0.0
F1marg,wso,lifecycle_amortized,2016,-0.026011601921782666,0.0,0.0,0.0,0.0,0.0
F1marg,wso,lifecycle_frontloaded,2016,-0.12842962332386063,0.0,0.0,0.0,0.0,0.0
F1marg,wso,lifecycle_amortized,2017,-0.03380658018741599,0.0,0.0,0.0,0.0,0.0
F1marg,wso,lifecycle_frontloaded,2017,-0.16215707056676693,0.0,0.0,0.0,0.0,0.0
F1marg,wso,lifecycle_amortized,2018,-0.041627607968890944,0.0,0.0,0.0,0.0,0.0
F1marg,wso,lifecycle_frontloaded,2018,-0.17196135938789175,0.0,0.0,0.0,0.0,0.0
F1marg,wso,lifecycle_amortized,2019,-0.04925556958454541,0.0,0.0,0.0,0.0,0.0
F1marg,wso,lifecycle_frontloaded,2019,-0.19069588325759765,0.0,0.0,0.0,0.0,0.0
F1marg,wso,lifecycle_amortized,2020,-0.0586774461330056,0.0,0.0,0.0,0.0,0.0
F1marg,wso,lifecycle_frontloaded,2020,-0.2614526979521276,0.0,0.0,0.0,0.0,0.0
F1marg,wso,lifecycle_amortized,2021,-0.07154733511915302,0.0,0.0,0.0,0.0,0.0
F1marg,wso,lifecycle_frontloaded,2021,-0.28097254333980465,0.0,0.0,0.0,0.0,0.0
F1marg,wso,lifecycle_amortized,2022,-0.08781519025278063,0.0,0.0,0.0,0.0,0.0
F1marg,wso,lifecycle_frontloaded,2022,-0.34622935829083207,0.0,0.0,0.0,0.0,0.0
F1marg,wso,lifecycle_amortized,2023,-0.1063291490748637,0.0,0.0,0.0,0.0,0.0
F1marg,wso,lifecycle_frontloaded,2023,-0.5877461625292458,0.0,0.0,0.0,0.0,0.0
F1marg,wso,lifecycle_amortized,2024,-0.1313015429849313,0.0,0.0,0.0,0.0,0.0
F1marg,wso,lifecycle_frontloaded,2024,-0.69905380313241,0.0,0.0,0.0,0.0,0.0
F1marg,wso,lifecycle_amortized,2025,-0.16414604039918096,0.0,0.0,0.0,0.0,0.0
F1marg,wso,lifecycle_frontloaded,2025,-0.8074345771023758,0.0,0.0,0.0,0.0,0.0
F1marg,ws,lifecycle_amortized,2005,-0.0,0.0,0.0,0.0,0.0,0.0
F1marg,ws,lifecycle_frontloaded,2005,-0.0,0.0,0.0,0.0,0.0,0.0
F1marg,ws,lifecycle_amortized,2006,-0.00040565174030118665,0.0,0.0,0.0,0.0,0.0
F1marg,ws,lifecycle_frontloaded,2006,-0.009342364719107953,0.0,0.0,0.0,0.0,0.0
F1marg,ws,lifecycle_amortized,2007,-0.0009325740061481937,0.0,0.0,0.0,0.0,0.0
F1marg,ws,lifecycle_frontloaded,2007,-0.01235591023850451,0.0,0.0,0.0,0.0,0.0
F1marg,ws,lifecycle_amortized,2008,-0.0017020813523507658,0.0,0.0,0.0,0.0,0.0
F1marg,ws,lifecycle_frontloaded,2008,-0.018839847206435594,0.0,0.0,0.0,0.0,0.0
F1marg,ws,lifecycle_amortized,2009,-0.0026936007744499603,0.0,0.0,0.0,0.0,0.0
F1marg,ws,lifecycle_frontloaded,2009,-0.026291482285669646,0.0,0.0,0.0,0.0,0.0
F1marg,ws,lifecycle_amortized,2010,-0.004065574916927097,0.0,0.0,0.0,0.0,0.0
F1marg,ws,lifecycle_frontloaded,2010,-0.03305880582421025,0.0,0.0,0.0,0.0,0.0
F1marg,ws,lifecycle_amortized,2011,-0.006615392844677333,0.0,0.0,0.0,0.0,0.0
F1marg,ws,lifecycle_frontloaded,2011,-0.05457346539038592,0.0,0.0,0.0,0.0,0.0
F1marg,ws,lifecycle_amortized,2012,-0.009214496656994623,0.0,0.0,0.0,0.0,0.0
F1marg,ws,lifecycle_frontloaded,2012,-0.059939471436883454,0.0,0.0,0.0,0.0,0.0
F1marg,ws,lifecycle_amortized,2013,-0.012063250879958807,0.0,0.0,0.0,0.0,0.0
F1marg,ws,lifecycle_frontloaded,2013,-0.06100096872332873,0.0,0.0,0.0,0.0,0.0
F1marg,ws,lifecycle_amortized,2014,-0.015996585849285427,0.0,0.0,0.0,0.0,0.0
F1marg,ws,lifecycle_frontloaded,2014,-0.07984256914281271,0.0,0.0,0.0,0.0,0.0
F1marg,ws,lifecycle_amortized,2015,-0.02014035622929054,0.0,0.0,0.0,0.0,0.0
F1marg,ws,lifecycle_frontloaded,2015,-0.10173122806383064,0.0,0.0,0.0,0.0,0.0
F1marg,ws,lifecycle_amortized,2016,-0.024983253430943073,0.0,0.0,0.0,0.0,0.0
F1marg,ws,lifecycle_frontloaded,2016,-0.12317132735973507,0.0,0.0,0.0,0.0,0.0
F1marg,ws,lifecycle_amortized,2017,-0.03266365453402852,0.0,0.0,0.0,0.0,0.0
F1marg,ws,lifecycle_frontloaded,2017,-0.15625120764356296,0.0,0.0,0.0,0.0,0.0
F1marg,ws,lifecycle_amortized,2018,-0.04037894913384445,0.0,0.0,0.0,0.0,0.0
F1marg,ws,lifecycle_frontloaded,2018,-0.16512464005004376,0.0,0.0,0.0,0.0,0.0
F1marg,ws,lifecycle_amortized,2019,-0.04795904396670334,0.0,0.0,0.0,0.0,0.0
F1marg,ws,lifecycle_frontloaded,2019,-0.18280735145786828,0.0,0.0,0.0,0.0,0.0
F1marg,ws,lifecycle_amortized,2020,-0.05726113749389738,0.0,0.0,0.0,0.0,0.0
F1marg,ws,lifecycle_frontloaded,2020,-0.2526755404385489,0.0,0.0,0.0,0.0,0.0
F1marg,ws,lifecycle_amortized,2021,-0.07012219438012834,0.0,0.0,0.0,0.0,0.0
F1marg,ws,lifecycle_frontloaded,2021,-0.26872664590390727,0.0,0.0,0.0,0.0,0.0
F1marg,ws,lifecycle_amortized,2022,-0.0863296091747729,0.0,0.0,0.0,0.0,0.0
F1marg,ws,lifecycle_frontloaded,2022,-0.34089250608353844,0.0,0.0,0.0,0.0,0.0
F1marg,ws,lifecycle_amortized,2023,-0.1048250155907008,0.0,0.0,0.0,0.0,0.0
F1marg,ws,lifecycle_frontloaded,2023,-0.5833074982857201,0.0,0.0,0.0,0.0,0.0
F1marg,ws,lifecycle_amortized,2024,-0.12979657916765405,0.0,0.0,0.0,0.0,0.0
F1marg,ws,lifecycle_frontloaded,2024,-0.6953209472296322,0.0,0.0,0.0,0.0,0.0
F1marg,ws,lifecycle_amortized,2025,-0.16260931738082,0.0,0.0,0.0,0.0,0.0
F1marg,ws,lifecycle_frontloaded,2025,-0.8042334288769061,0.0,0.0,0.0,0.0,0.0
F1marg,wsob,lifecycle_amortized,2005,-0.0,0.0,0.0,0.0,0.0,0.0
F1marg,wsob,lifecycle_frontloaded,2005,-0.0,0.0,0.0,0.0,0.0,0.0
F1marg,wsob,lifecycle_amortized,2006,-0.00048773211855177744,0.0,0.0,0.0,0.0,0.0
F1marg,wsob,lifecycle_frontloaded,2006,-0.01267184448789408,0.0,0.0,0.0,0.0,0.0
F1marg,wsob,lifecycle_amortized,2007,-0.0010915931313138822,0.0,0.0,0.0,0.0,0.0
F1marg,wsob,lifecycle_frontloaded,2007,-0.01235591023850451,0.0,0.0,0.0,0.0,0.0
F1marg,wsob,lifecycle_amortized,2008,-0.002004608300574834,0.0,0.0,0.0,0.0,0.0
F1marg,wsob,lifecycle_frontloaded,2008,-0.020939847206435595,0.0,0.0,0.0,0.0,0.0
F1marg,wsob,lifecycle_amortized,2009,-0.0030729853636078186,0.0,0.0,0.0,0.0,0.0
F1marg,wsob,lifecycle_frontloaded,2009,-0.028378262861209213,0.0,0.0,0.0,0.0,0.0
F1marg,wsob,lifecycle_amortized,2010,-0.0044849067990436415,0.0,0.0,0.0,0.0,0.0
F1marg,wsob,lifecycle_frontloaded,2010,-0.0437184268154639,0.0,0.0,0.0,0.0,0.0
F1marg,wsob,lifecycle_amortized,2011,-0.007087755320119376,0.0,0.0,0.0,0.0,0.0
F1marg,wsob,lifecycle_frontloaded,2011,-0.05752885958125729,0.0,0.0,0.0,0.0,0.0
F1marg,wsob,lifecycle_amortized,2012,-0.00975193300327088,0.0,0.0,0.0,0.0,0.0
F1marg,wsob,lifecycle_frontloaded,2012,-0.06433959947785656,0.0,0.0,0.0,0.0,0.0
F1marg,wsob,lifecycle_amortized,2013,-0.012657527932197613,0.0,0.0,0.0,0.0,0.0
F1marg,wsob,lifecycle_frontloaded,2013,-0.06989769003480414,0.0,0.0,0.0,0.0,0.0
F1marg,wsob,lifecycle_amortized,2014,-0.016785638056965566,0.0,0.0,0.0,0.0,0.0
F1marg,wsob,lifecycle_frontloaded,2014,-0.08158459041940846,0.0,0.0,0.0,0.0,0.0
F1marg,wsob,lifecycle_amortized,2015,-0.021065265917303677,0.0,0.0,0.0,0.0,0.0
F1marg,wsob,lifecycle_frontloaded,2015,-0.10794323193604749,0.0,0.0,0.0,0.0,0.0
F1marg,wsob,lifecycle_amortized,2016,-0.026011601921782666,0.0,0.0,0.0,0.0,0.0
F1marg,wsob,lifecycle_frontloaded,2016,-0.12842962332386063,0.0,0.0,0.0,0.0,0.0
F1marg,wsob,lifecycle_amortized,2017,-0.03380658018741599,0.0,0.0,0.0,0.0,0.0
F1marg,wsob,lifecycle_frontloaded,2017,-0.16215707056676693,0.0,0.0,0.0,0.0,0.0
F1marg,wsob,lifecycle_amortized,2018,-0.041627607968890944,0.0,0.0,0.0,0.0,0.0
F1marg,wsob,lifecycle_frontloaded,2018,-0.17196135938789175,0.0,0.0,0.0,0.0,0.0
F1marg,wsob,lifecycle_amortized,2019,-0.04925556958454541,0.0,0.0,0.0,0.0,0.0
F1marg,wsob,lifecycle_frontloaded,2019,-0.19069588325759765,0.0,0.0,0.0,0.0,0.0
F1marg,wsob,lifecycle_amortized,2020,-0.0586774461330056,0.0,0.0,0.0,0.0,0.0
F1marg,wsob,lifecycle_frontloaded,2020,-0.2614526979521276,0.0,0.0,0.0,0.0,0.0
F1marg,wsob,lifecycle_amortized,2021,-0.07154733511915302,0.0,0.0,0.0,0.0,0.0
F1marg,wsob,lifecycle_frontloaded,2021,-0.28097254333980465,0.0,0.0,0.0,0.0,0.0
F1marg,wsob,lifecycle_amortized,2022,-0.08781519025278063,0.0,0.0,0.0,0.0,0.0
F1marg,wsob,lifecycle_frontloaded,2022,-0.34622935829083207,0.0,0.0,0.0,0.0,0.0
F1marg,wsob,lifecycle_amortized,2023,-0.1063291490748637,0.0,0.0,0.0,0.0,0.0
F1marg,wsob,lifecycle_frontloaded,2023,-0.5877461625292458,0.0,0.0,0.0,0.0,0.0
F1marg,wsob,lifecycle_amortized,2024,-0.1313015429849313,0.0,0.0,0.0,0.0,0.0
F1marg,wsob,lifecycle_frontloaded,2024,-0.69905380313241,0.0,0.0,0.0,0.0,0.0
F1marg,wsob,lifecycle_amortized,2025,-0.16414604039918096,0.0,0.0,0.0,0.0,0.0
F1marg,wsob,lifecycle_frontloaded,2025,-0.8074345771023758,0.0,0.0,0.0,0.0,0.0
F1marg,wsob,bio_coemis,2005,0.0,-0.0,-0.0,-0.0,-0.0,0.0
F1marg,wsob,bio_coemis,2006,0.0,-0.0031163583867690157,-0.021038294637991017,-0.0030020826463507872,-0.015558032091398603,0.0
F1marg,wsob,bio_coemis,2007,0.0,-0.007963227413882897,-0.05333596368286749,-0.007975141537978254,-0.03981512435029975,0.0
F1marg,wsob,bio_coemis,2008,0.0,-0.010865041290552822,-0.07600892933762125,-0.012264684644038574,-0.05939752639358738,0.0
F1marg,wsob,bio_coemis,2009,0.0,-0.013988403985302657,-0.10474031934853285,-0.018429854014358694,-0.08689577706454273,0.0
F1marg,wsob,bio_coemis,2010,0.0,-0.021362512431816902,-0.16631642580048986,-0.033250861605138196,-0.14809148884001952,0.0
F1marg,wsob,bio_coemis,2011,0.0,-0.02316679376838931,-0.19183288131857518,-0.039096799793010846,-0.16970051546221634,0.0
F1marg,wsob,bio_coemis,2012,0.0,-0.028775524198357452,-0.24249986482967753,-0.04745969377847077,-0.2042472050632711,0.0
F1marg,wsob,bio_coemis,2013,0.0,-0.03269572906126998,-0.2883872023513754,-0.058285309950100075,-0.24344478216392876,0.0
F1marg,wsob,bio_coemis,2014,0.0,-0.03589772681600875,-0.33642082211584196,-0.07018096943730404,-0.28713198916129423,0.0
F1marg,wsob,bio_coemis,2015,0.0,-0.03733900013972952,-0.3710074281885876,-0.07797702249943118,-0.3144616401015547,0.0
F1marg,wsob,bio_coemis,2016,0.0,-0.03851350292253431,-0.45081376624762987,-0.10196226972806664,-0.41539637287511033,0.0
F1marg,wsob,bio_coemis,2017,0.0,-0.04075973865516427,-0.5186924648029093,-0.11968127497074192,-0.4770291107864656,0.0
F1marg,wsob,bio_coemis,2018,0.0,-0.04406068233464583,-0.5951380481551516,-0.13630185946913756,-0.5433475649222329,0.0
F1marg,wsob,bio_coemis,2019,0.0,-0.04610280178468391,-0.6455959931408153,-0.1523858088083651,-0.5962087572716622,0.0
F1marg,wsob,bio_coemis,2020,0.0,-0.048772557457503106,-0.7138339696261086,-0.17427045939337332,-0.6660172206331053,0.0
F1marg,wsob,bio_coemis,2021,0.0,-0.05446310248705959,-0.8235352401206743,-0.21003598282503558,-0.7940645685796449,0.0
F1marg,wsob,bio_coemis,2022,0.0,-0.05518325637482945,-0.8796618432551943,-0.2304872649128657,-0.8584583095455836,0.0
F1marg,wsob,bio_coemis,2023,0.0,-0.055378408819692415,-0.8864688862555772,-0.23257517913526998,-0.8678909860830579,0.0
F1marg,wsob,bio_coemis,2024,0.0,-0.05768957464278378,-0.9234648317298938,-0.24228148555997978,-0.9041116003613604,0.0
F1marg,wsob,bio_coemis,2025,0.0,-0.05800660860831748,-0.9285397472488084,-0.2436129472775968,-0.9090801598926523,0.0
F1nat,wso,lifecycle_amortized,2005,-0.0,0.0,0.0,0.0,0.0,0.0
F1nat,wso,lifecycle_frontloaded,2005,-0.0,0.0,0.0,0.0,0.0,0.0
F1nat,wso,lifecycle_amortized,2006,-0.00048773211855177744,0.0,0.0,0.0,0.0,0.0
F1nat,wso,lifecycle_frontloaded,2006,-0.01267184448789408,0.0,0.0,0.0,0.0,0.0
F1nat,wso,lifecycle_amortized,2007,-0.0010915931313138822,0.0,0.0,0.0,0.0,0.0
F1nat,wso,lifecycle_frontloaded,2007,-0.01235591023850451,0.0,0.0,0.0,0.0,0.0
F1nat,wso,lifecycle_amortized,2008,-0.002004608300574834,0.0,0.0,0.0,0.0,0.0
F1nat,wso,lifecycle_frontloaded,2008,-0.020939847206435595,0.0,0.0,0.0,0.0,0.0
F1nat,wso,lifecycle_amortized,2009,-0.0030729853636078186,0.0,0.0,0.0,0.0,0.0
F1nat,wso,lifecycle_frontloaded,2009,-0.028378262861209213,0.0,0.0,0.0,0.0,0.0
F1nat,wso,lifecycle_amortized,2010,-0.0044849067990436415,0.0,0.0,0.0,0.0,0.0
F1nat,wso,lifecycle_frontloaded,2010,-0.0437184268154639,0.0,0.0,0.0,0.0,0.0
F1nat,wso,lifecycle_amortized,2011,-0.007087755320119376,0.0,0.0,0.0,0.0,0.0
F1nat,wso,lifecycle_frontloaded,2011,-0.05752885958125729,0.0,0.0,0.0,0.0,0.0
F1nat,wso,lifecycle_amortized,2012,-0.00975193300327088,0.0,0.0,0.0,0.0,0.0
F1nat,wso,lifecycle_frontloaded,2012,-0.06433959947785656,0.0,0.0,0.0,0.0,0.0
F1nat,wso,lifecycle_amortized,2013,-0.012657527932197613,0.0,0.0,0.0,0.0,0.0
F1nat,wso,lifecycle_frontloaded,2013,-0.06989769003480414,0.0,0.0,0.0,0.0,0.0
F1nat,wso,lifecycle_amortized,2014,-0.016785638056965566,0.0,0.0,0.0,0.0,0.0
F1nat,wso,lifecycle_frontloaded,2014,-0.08158459041940846,0.0,0.0,0.0,0.0,0.0
F1nat,wso,lifecycle_amortized,2015,-0.021065265917303677,0.0,0.0,0.0,0.0,0.0
F1nat,wso,lifecycle_frontloaded,2015,-0.10794323193604749,0.0,0.0,0.0,0.0,0.0
F1nat,wso,lifecycle_amortized,2016,-0.026011601921782666,0.0,0.0,0.0,0.0,0.0
F1nat,wso,lifecycle_frontloaded,2016,-0.12842962332386063,0.0,0.0,0.0,0.0,0.0
F1nat,wso,lifecycle_amortized,2017,-0.03380658018741599,0.0,0.0,0.0,0.0,0.0
F1nat,wso,lifecycle_frontloaded,2017,-0.16215707056676693,0.0,0.0,0.0,0.0,0.0
F1nat,wso,lifecycle_amortized,2018,-0.041627607968890944,0.0,0.0,0.0,0.0,0.0
F1nat,wso,lifecycle_frontloaded,2018,-0.17196135938789175,0.0,0.0,0.0,0.0,0.0
F1nat,wso,lifecycle_amortized,2019,-0.04925556958454541,0.0,0.0,0.0,0.0,0.0
F1nat,wso,lifecycle_frontloaded,2019,-0.19069588325759765,0.0,0.0,0.0,0.0,0.0
F1nat,wso,lifecycle_amortized,2020,-0.0586774461330056,0.0,0.0,0.0,0.0,0.0
F1nat,wso,lifecycle_frontloaded,2020,-0.2614526979521276,0.0,0.0,0.0,0.0,0.0
F1nat,wso,lifecycle_amortized,2021,-0.07154733511915302,0.0,0.0,0.0,0.0,0.0
F1nat,wso,lifecycle_frontloaded,2021,-0.28097254333980465,0.0,0.0,0.0,0.0,0.0
F1nat,wso,lifecycle_amortized,2022,-0.08781519025278063,0.0,0.0,0.0,0.0,0.0
F1nat,wso,lifecycle_frontloaded,2022,-0.34622935829083207,0.0,0.0,0.0,0.0,0.0
F1nat,wso,lifecycle_amortized,2023,-0.1063291490748637,0.0,0.0,0.0,0.0,0.0
F1nat,wso,lifecycle_frontloaded,2023,-0.5877461625292458,0.0,0.0,0.0,0.0,0.0
F1nat,wso,lifecycle_amortized,2024,-0.1313015429849313,0.0,0.0,0.0,0.0,0.0
F1nat,wso,lifecycle_frontloaded,2024,-0.69905380313241,0.0,0.0,0.0,0.0,0.0
F1nat,wso,lifecycle_amortized,2025,-0.16414604039918096,0.0,0.0,0.0,0.0,0.0
F1nat,wso,lifecycle_frontloaded,2025,-0.8074345771023758,0.0,0.0,0.0,0.0,0.0
F1nat,ws,lifecycle_amortized,2005,-0.0,0.0,0.0,0.0,0.0,0.0
F1nat,ws,lifecycle_frontloaded,2005,-0.0,0.0,0.0,0.0,0.0,0.0
F1nat,ws,lifecycle_amortized,2006,-0.00040565174030118665,0.0,0.0,0.0,0.0,0.0
F1nat,ws,lifecycle_frontloaded,2006,-0.009342364719107953,0.0,0.0,0.0,0.0,0.0
F1nat,ws,lifecycle_amortized,2007,-0.0009325740061481937,0.0,0.0,0.0,0.0,0.0
F1nat,ws,lifecycle_frontloaded,2007,-0.01235591023850451,0.0,0.0,0.0,0.0,0.0
F1nat,ws,lifecycle_amortized,2008,-0.0017020813523507658,0.0,0.0,0.0,0.0,0.0
F1nat,ws,lifecycle_frontloaded,2008,-0.018839847206435594,0.0,0.0,0.0,0.0,0.0
F1nat,ws,lifecycle_amortized,2009,-0.0026936007744499603,0.0,0.0,0.0,0.0,0.0
F1nat,ws,lifecycle_frontloaded,2009,-0.026291482285669646,0.0,0.0,0.0,0.0,0.0
F1nat,ws,lifecycle_amortized,2010,-0.004065574916927097,0.0,0.0,0.0,0.0,0.0
F1nat,ws,lifecycle_frontloaded,2010,-0.03305880582421025,0.0,0.0,0.0,0.0,0.0
F1nat,ws,lifecycle_amortized,2011,-0.006615392844677333,0.0,0.0,0.0,0.0,0.0
F1nat,ws,lifecycle_frontloaded,2011,-0.05457346539038592,0.0,0.0,0.0,0.0,0.0
F1nat,ws,lifecycle_amortized,2012,-0.009214496656994623,0.0,0.0,0.0,0.0,0.0
F1nat,ws,lifecycle_frontloaded,2012,-0.059939471436883454,0.0,0.0,0.0,0.0,0.0
F1nat,ws,lifecycle_amortized,2013,-0.012063250879958807,0.0,0.0,0.0,0.0,0.0
F1nat,ws,lifecycle_frontloaded,2013,-0.06100096872332873,0.0,0.0,0.0,0.0,0.0
F1nat,ws,lifecycle_amortized,2014,-0.015996585849285427,0.0,0.0,0.0,0.0,0.0
F1nat,ws,lifecycle_frontloaded,2014,-0.07984256914281271,0.0,0.0,0.0,0.0,0.0
F1nat,ws,lifecycle_amortized,2015,-0.02014035622929054,0.0,0.0,0.0,0.0,0.0
F1nat,ws,lifecycle_frontloaded,2015,-0.10173122806383064,0.0,0.0,0.0,0.0,0.0
F1nat,ws,lifecycle_amortized,2016,-0.024983253430943073,0.0,0.0,0.0,0.0,0.0
F1nat,ws,lifecycle_frontloaded,2016,-0.12317132735973507,0.0,0.0,0.0,0.0,0.0
F1nat,ws,lifecycle_amortized,2017,-0.03266365453402852,0.0,0.0,0.0,0.0,0.0
F1nat,ws,lifecycle_frontloaded,2017,-0.15625120764356296,0.0,0.0,0.0,0.0,0.0
F1nat,ws,lifecycle_amortized,2018,-0.04037894913384445,0.0,0.0,0.0,0.0,0.0
F1nat,ws,lifecycle_frontloaded,2018,-0.16512464005004376,0.0,0.0,0.0,0.0,0.0
F1nat,ws,lifecycle_amortized,2019,-0.04795904396670334,0.0,0.0,0.0,0.0,0.0
F1nat,ws,lifecycle_frontloaded,2019,-0.18280735145786828,0.0,0.0,0.0,0.0,0.0
F1nat,ws,lifecycle_amortized,2020,-0.05726113749389738,0.0,0.0,0.0,0.0,0.0
F1nat,ws,lifecycle_frontloaded,2020,-0.2526755404385489,0.0,0.0,0.0,0.0,0.0
F1nat,ws,lifecycle_amortized,2021,-0.07012219438012834,0.0,0.0,0.0,0.0,0.0
F1nat,ws,lifecycle_frontloaded,2021,-0.26872664590390727,0.0,0.0,0.0,0.0,0.0
F1nat,ws,lifecycle_amortized,2022,-0.0863296091747729,0.0,0.0,0.0,0.0,0.0
F1nat,ws,lifecycle_frontloaded,2022,-0.34089250608353844,0.0,0.0,0.0,0.0,0.0
F1nat,ws,lifecycle_amortized,2023,-0.1048250155907008,0.0,0.0,0.0,0.0,0.0
F1nat,ws,lifecycle_frontloaded,2023,-0.5833074982857201,0.0,0.0,0.0,0.0,0.0
F1nat,ws,lifecycle_amortized,2024,-0.12979657916765405,0.0,0.0,0.0,0.0,0.0
F1nat,ws,lifecycle_frontloaded,2024,-0.6953209472296322,0.0,0.0,0.0,0.0,0.0
F1nat,ws,lifecycle_amortized,2025,-0.16260931738082,0.0,0.0,0.0,0.0,0.0
F1nat,ws,lifecycle_frontloaded,2025,-0.8042334288769061,0.0,0.0,0.0,0.0,0.0
F1nat,wsob,lifecycle_amortized,2005,-0.0,0.0,0.0,0.0,0.0,0.0
F1nat,wsob,lifecycle_frontloaded,2005,-0.0,0.0,0.0,0.0,0.0,0.0
F1nat,wsob,lifecycle_amortized,2006,-0.00048773211855177744,0.0,0.0,0.0,0.0,0.0
F1nat,wsob,lifecycle_frontloaded,2006,-0.01267184448789408,0.0,0.0,0.0,0.0,0.0
F1nat,wsob,lifecycle_amortized,2007,-0.0010915931313138822,0.0,0.0,0.0,0.0,0.0
F1nat,wsob,lifecycle_frontloaded,2007,-0.01235591023850451,0.0,0.0,0.0,0.0,0.0
F1nat,wsob,lifecycle_amortized,2008,-0.002004608300574834,0.0,0.0,0.0,0.0,0.0
F1nat,wsob,lifecycle_frontloaded,2008,-0.020939847206435595,0.0,0.0,0.0,0.0,0.0
F1nat,wsob,lifecycle_amortized,2009,-0.0030729853636078186,0.0,0.0,0.0,0.0,0.0
F1nat,wsob,lifecycle_frontloaded,2009,-0.028378262861209213,0.0,0.0,0.0,0.0,0.0
F1nat,wsob,lifecycle_amortized,2010,-0.0044849067990436415,0.0,0.0,0.0,0.0,0.0
F1nat,wsob,lifecycle_frontloaded,2010,-0.0437184268154639,0.0,0.0,0.0,0.0,0.0
F1nat,wsob,lifecycle_amortized,2011,-0.007087755320119376,0.0,0.0,0.0,0.0,0.0
F1nat,wsob,lifecycle_frontloaded,2011,-0.05752885958125729,0.0,0.0,0.0,0.0,0.0
F1nat,wsob,lifecycle_amortized,2012,-0.00975193300327088,0.0,0.0,0.0,0.0,0.0
F1nat,wsob,lifecycle_frontloaded,2012,-0.06433959947785656,0.0,0.0,0.0,0.0,0.0
F1nat,wsob,lifecycle_amortized,2013,-0.012657527932197613,0.0,0.0,0.0,0.0,0.0
F1nat,wsob,lifecycle_frontloaded,2013,-0.06989769003480414,0.0,0.0,0.0,0.0,0.0
F1nat,wsob,lifecycle_amortized,2014,-0.016785638056965566,0.0,0.0,0.0,0.0,0.0
F1nat,wsob,lifecycle_frontloaded,2014,-0.08158459041940846,0.0,0.0,0.0,0.0,0.0
F1nat,wsob,lifecycle_amortized,2015,-0.021065265917303677,0.0,0.0,0.0,0.0,0.0
F1nat,wsob,lifecycle_frontloaded,2015,-0.10794323193604749,0.0,0.0,0.0,0.0,0.0
F1nat,wsob,lifecycle_amortized,2016,-0.026011601921782666,0.0,0.0,0.0,0.0,0.0
F1nat,wsob,lifecycle_frontloaded,2016,-0.12842962332386063,0.0,0.0,0.0,0.0,0.0
F1nat,wsob,lifecycle_amortized,2017,-0.03380658018741599,0.0,0.0,0.0,0.0,0.0
F1nat,wsob,lifecycle_frontloaded,2017,-0.16215707056676693,0.0,0.0,0.0,0.0,0.0
F1nat,wsob,lifecycle_amortized,2018,-0.041627607968890944,0.0,0.0,0.0,0.0,0.0
F1nat,wsob,lifecycle_frontloaded,2018,-0.17196135938789175,0.0,0.0,0.0,0.0,0.0
F1nat,wsob,lifecycle_amortized,2019,-0.04925556958454541,0.0,0.0,0.0,0.0,0.0
F1nat,wsob,lifecycle_frontloaded,2019,-0.19069588325759765,0.0,0.0,0.0,0.0,0.0
F1nat,wsob,lifecycle_amortized,2020,-0.0586774461330056,0.0,0.0,0.0,0.0,0.0
F1nat,wsob,lifecycle_frontloaded,2020,-0.2614526979521276,0.0,0.0,0.0,0.0,0.0
F1nat,wsob,lifecycle_amortized,2021,-0.07154733511915302,0.0,0.0,0.0,0.0,0.0
F1nat,wsob,lifecycle_frontloaded,2021,-0.28097254333980465,0.0,0.0,0.0,0.0,0.0
F1nat,wsob,lifecycle_amortized,2022,-0.08781519025278063,0.0,0.0,0.0,0.0,0.0
F1nat,wsob,lifecycle_frontloaded,2022,-0.34622935829083207,0.0,0.0,0.0,0.0,0.0
F1nat,wsob,lifecycle_amortized,2023,-0.1063291490748637,0.0,0.0,0.0,0.0,0.0
F1nat,wsob,lifecycle_frontloaded,2023,-0.5877461625292458,0.0,0.0,0.0,0.0,0.0
F1nat,wsob,lifecycle_amortized,2024,-0.1313015429849313,0.0,0.0,0.0,0.0,0.0
F1nat,wsob,lifecycle_frontloaded,2024,-0.69905380313241,0.0,0.0,0.0,0.0,0.0
F1nat,wsob,lifecycle_amortized,2025,-0.16414604039918096,0.0,0.0,0.0,0.0,0.0
F1nat,wsob,lifecycle_frontloaded,2025,-0.8074345771023758,0.0,0.0,0.0,0.0,0.0
F1nat,wsob,bio_coemis,2005,0.0,-0.0,-0.0,-0.0,-0.0,0.0
F1nat,wsob,bio_coemis,2006,0.0,-0.0031163583867690157,-0.021038294637991017,-0.0030020826463507872,-0.015558032091398603,0.0
F1nat,wsob,bio_coemis,2007,0.0,-0.007963227413882897,-0.05333596368286749,-0.007975141537978254,-0.03981512435029975,0.0
F1nat,wsob,bio_coemis,2008,0.0,-0.010865041290552822,-0.07600892933762125,-0.012264684644038574,-0.05939752639358738,0.0
F1nat,wsob,bio_coemis,2009,0.0,-0.013988403985302657,-0.10474031934853285,-0.018429854014358694,-0.08689577706454273,0.0
F1nat,wsob,bio_coemis,2010,0.0,-0.021362512431816902,-0.16631642580048986,-0.033250861605138196,-0.14809148884001952,0.0
F1nat,wsob,bio_coemis,2011,0.0,-0.02316679376838931,-0.19183288131857518,-0.039096799793010846,-0.16970051546221634,0.0
F1nat,wsob,bio_coemis,2012,0.0,-0.028775524198357452,-0.24249986482967753,-0.04745969377847077,-0.2042472050632711,0.0
F1nat,wsob,bio_coemis,2013,0.0,-0.03269572906126998,-0.2883872023513754,-0.058285309950100075,-0.24344478216392876,0.0
F1nat,wsob,bio_coemis,2014,0.0,-0.03589772681600875,-0.33642082211584196,-0.07018096943730404,-0.28713198916129423,0.0
F1nat,wsob,bio_coemis,2015,0.0,-0.03733900013972952,-0.3710074281885876,-0.07797702249943118,-0.3144616401015547,0.0
F1nat,wsob,bio_coemis,2016,0.0,-0.03851350292253431,-0.45081376624762987,-0.10196226972806664,-0.41539637287511033,0.0
F1nat,wsob,bio_coemis,2017,0.0,-0.04075973865516427,-0.5186924648029093,-0.11968127497074192,-0.4770291107864656,0.0
F1nat,wsob,bio_coemis,2018,0.0,-0.04406068233464583,-0.5951380481551516,-0.13630185946913756,-0.5433475649222329,0.0
F1nat,wsob,bio_coemis,2019,0.0,-0.04610280178468391,-0.6455959931408153,-0.1523858088083651,-0.5962087572716622,0.0
F1nat,wsob,bio_coemis,2020,0.0,-0.048772557457503106,-0.7138339696261086,-0.17427045939337332,-0.6660172206331053,0.0
F1nat,wsob,bio_coemis,2021,0.0,-0.05446310248705959,-0.8235352401206743,-0.21003598282503558,-0.7940645685796449,0.0
F1nat,wsob,bio_coemis,2022,0.0,-0.05518325637482945,-0.8796618432551943,-0.2304872649128657,-0.8584583095455836,0.0
F1nat,wsob,bio_coemis,2023,0.0,-0.055378408819692415,-0.8864688862555772,-0.23257517913526998,-0.8678909860830579,0.0
F1nat,wsob,bio_coemis,2024,0.0,-0.05768957464278378,-0.9234648317298938,-0.24228148555997978,-0.9041116003613604,0.0
F1nat,wsob,bio_coemis,2025,0.0,-0.05800660860831748,-0.9285397472488084,-0.2436129472775968,-0.9090801598926523,0.0
F1nocap,wso,lifecycle_amortized,2005,-0.0,0.0,0.0,0.0,0.0,0.0
F1nocap,wso,lifecycle_frontloaded,2005,-0.0,0.0,0.0,0.0,0.0,0.0
F1nocap,wso,lifecycle_amortized,2006,-0.00048773211855177744,0.0,0.0,0.0,0.0,0.0
F1nocap,wso,lifecycle_frontloaded,2006,-0.01267184448789408,0.0,0.0,0.0,0.0,0.0
F1nocap,wso,lifecycle_amortized,2007,-0.0010915931313138822,0.0,0.0,0.0,0.0,0.0
F1nocap,wso,lifecycle_frontloaded,2007,-0.01235591023850451,0.0,0.0,0.0,0.0,0.0
F1nocap,wso,lifecycle_amortized,2008,-0.002004608300574834,0.0,0.0,0.0,0.0,0.0
F1nocap,wso,lifecycle_frontloaded,2008,-0.020939847206435595,0.0,0.0,0.0,0.0,0.0
F1nocap,wso,lifecycle_amortized,2009,-0.0030729853636078186,0.0,0.0,0.0,0.0,0.0
F1nocap,wso,lifecycle_frontloaded,2009,-0.028378262861209213,0.0,0.0,0.0,0.0,0.0
F1nocap,wso,lifecycle_amortized,2010,-0.0044849067990436415,0.0,0.0,0.0,0.0,0.0
F1nocap,wso,lifecycle_frontloaded,2010,-0.0437184268154639,0.0,0.0,0.0,0.0,0.0
F1nocap,wso,lifecycle_amortized,2011,-0.007087755320119376,0.0,0.0,0.0,0.0,0.0
F1nocap,wso,lifecycle_frontloaded,2011,-0.05752885958125729,0.0,0.0,0.0,0.0,0.0
F1nocap,wso,lifecycle_amortized,2012,-0.00975193300327088,0.0,0.0,0.0,0.0,0.0
F1nocap,wso,lifecycle_frontloaded,2012,-0.06433959947785656,0.0,0.0,0.0,0.0,0.0
F1nocap,wso,lifecycle_amortized,2013,-0.012657527932197613,0.0,0.0,0.0,0.0,0.0
F1nocap,wso,lifecycle_frontloaded,2013,-0.06989769003480414,0.0,0.0,0.0,0.0,0.0
F1nocap,wso,lifecycle_amortized,2014,-0.016785638056965566,0.0,0.0,0.0,0.0,0.0
F1nocap,wso,lifecycle_frontloaded,2014,-0.08158459041940846,0.0,0.0,0.0,0.0,0.0
F1nocap,wso,lifecycle_amortized,2015,-0.021065265917303677,0.0,0.0,0.0,0.0,0.0
F1nocap,wso,lifecycle_frontloaded,2015,-0.10794323193604749,0.0,0.0,0.0,0.0,0.0
F1nocap,wso,lifecycle_amortized,2016,-0.026011601921782666,0.0,0.0,0.0,0.0,0.0
F1nocap,wso,lifecycle_frontloaded,2016,-0.12842962332386063,0.0,0.0,0.0,0.0,0.0
F1nocap,wso,lifecycle_amortized,2017,-0.03380658018741599,0.0,0.0,0.0,0.0,0.0
F1nocap,wso,lifecycle_frontloaded,2017,-0.16215707056676693,0.0,0.0,0.0,0.0,0.0
F1nocap,wso,lifecycle_amortized,2018,-0.041627607968890944,0.0,0.0,0.0,0.0,0.0
F1nocap,wso,lifecycle_frontloaded,2018,-0.17196135938789175,0.0,0.0,0.0,0.0,0.0
F1nocap,wso,lifecycle_amortized,2019,-0.04925556958454541,0.0,0.0,0.0,0.0,0.0
F1nocap,wso,lifecycle_frontloaded,2019,-0.19069588325759765,0.0,0.0,0.0,0.0,0.0
F1nocap,wso,lifecycle_amortized,2020,-0.0586774461330056,0.0,0.0,0.0,0.0,0.0
F1nocap,wso,lifecycle_frontloaded,2020,-0.2614526979521276,0.0,0.0,0.0,0.0,0.0
F1nocap,wso,lifecycle_amortized,2021,-0.07154733511915302,0.0,0.0,0.0,0.0,0.0
F1nocap,wso,lifecycle_frontloaded,2021,-0.28097254333980465,0.0,0.0,0.0,0.0,0.0
F1nocap,wso,lifecycle_amortized,2022,-0.08781519025278063,0.0,0.0,0.0,0.0,0.0
F1nocap,wso,lifecycle_frontloaded,2022,-0.34622935829083207,0.0,0.0,0.0,0.0,0.0
F1nocap,wso,lifecycle_amortized,2023,-0.1063291490748637,0.0,0.0,0.0,0.0,0.0
F1nocap,wso,lifecycle_frontloaded,2023,-0.5877461625292458,0.0,0.0,0.0,0.0,0.0
F1nocap,wso,lifecycle_amortized,2024,-0.1313015429849313,0.0,0.0,0.0,0.0,0.0
F1nocap,wso,lifecycle_frontloaded,2024,-0.69905380313241,0.0,0.0,0.0,0.0,0.0
F1nocap,wso,lifecycle_amortized,2025,-0.16414604039918096,0.0,0.0,0.0,0.0,0.0
F1nocap,wso,lifecycle_frontloaded,2025,-0.8074345771023758,0.0,0.0,0.0,0.0,0.0
F1nocap,ws,lifecycle_amortized,2005,-0.0,0.0,0.0,0.0,0.0,0.0
F1nocap,ws,lifecycle_frontloaded,2005,-0.0,0.0,0.0,0.0,0.0,0.0
F1nocap,ws,lifecycle_amortized,2006,-0.00040565174030118665,0.0,0.0,0.0,0.0,0.0
F1nocap,ws,lifecycle_frontloaded,2006,-0.009342364719107953,0.0,0.0,0.0,0.0,0.0
F1nocap,ws,lifecycle_amortized,2007,-0.0009325740061481937,0.0,0.0,0.0,0.0,0.0
F1nocap,ws,lifecycle_frontloaded,2007,-0.01235591023850451,0.0,0.0,0.0,0.0,0.0
F1nocap,ws,lifecycle_amortized,2008,-0.0017020813523507658,0.0,0.0,0.0,0.0,0.0
F1nocap,ws,lifecycle_frontloaded,2008,-0.018839847206435594,0.0,0.0,0.0,0.0,0.0
F1nocap,ws,lifecycle_amortized,2009,-0.0026936007744499603,0.0,0.0,0.0,0.0,0.0
F1nocap,ws,lifecycle_frontloaded,2009,-0.026291482285669646,0.0,0.0,0.0,0.0,0.0
F1nocap,ws,lifecycle_amortized,2010,-0.004065574916927097,0.0,0.0,0.0,0.0,0.0
F1nocap,ws,lifecycle_frontloaded,2010,-0.03305880582421025,0.0,0.0,0.0,0.0,0.0
F1nocap,ws,lifecycle_amortized,2011,-0.006615392844677333,0.0,0.0,0.0,0.0,0.0
F1nocap,ws,lifecycle_frontloaded,2011,-0.05457346539038592,0.0,0.0,0.0,0.0,0.0
F1nocap,ws,lifecycle_amortized,2012,-0.009214496656994623,0.0,0.0,0.0,0.0,0.0
F1nocap,ws,lifecycle_frontloaded,2012,-0.059939471436883454,0.0,0.0,0.0,0.0,0.0
F1nocap,ws,lifecycle_amortized,2013,-0.012063250879958807,0.0,0.0,0.0,0.0,0.0
F1nocap,ws,lifecycle_frontloaded,2013,-0.06100096872332873,0.0,0.0,0.0,0.0,0.0
F1nocap,ws,lifecycle_amortized,2014,-0.015996585849285427,0.0,0.0,0.0,0.0,0.0
F1nocap,ws,lifecycle_frontloaded,2014,-0.07984256914281271,0.0,0.0,0.0,0.0,0.0
F1nocap,ws,lifecycle_amortized,2015,-0.02014035622929054,0.0,0.0,0.0,0.0,0.0
F1nocap,ws,lifecycle_frontloaded,2015,-0.10173122806383064,0.0,0.0,0.0,0.0,0.0
F1nocap,ws,lifecycle_amortized,2016,-0.024983253430943073,0.0,0.0,0.0,0.0,0.0
F1nocap,ws,lifecycle_frontloaded,2016,-0.12317132735973507,0.0,0.0,0.0,0.0,0.0
F1nocap,ws,lifecycle_amortized,2017,-0.03266365453402852,0.0,0.0,0.0,0.0,0.0
F1nocap,ws,lifecycle_frontloaded,2017,-0.15625120764356296,0.0,0.0,0.0,0.0,0.0
F1nocap,ws,lifecycle_amortized,2018,-0.04037894913384445,0.0,0.0,0.0,0.0,0.0
F1nocap,ws,lifecycle_frontloaded,2018,-0.16512464005004376,0.0,0.0,0.0,0.0,0.0
F1nocap,ws,lifecycle_amortized,2019,-0.04795904396670334,0.0,0.0,0.0,0.0,0.0
F1nocap,ws,lifecycle_frontloaded,2019,-0.18280735145786828,0.0,0.0,0.0,0.0,0.0
F1nocap,ws,lifecycle_amortized,2020,-0.05726113749389738,0.0,0.0,0.0,0.0,0.0
F1nocap,ws,lifecycle_frontloaded,2020,-0.2526755404385489,0.0,0.0,0.0,0.0,0.0
F1nocap,ws,lifecycle_amortized,2021,-0.07012219438012834,0.0,0.0,0.0,0.0,0.0
F1nocap,ws,lifecycle_frontloaded,2021,-0.26872664590390727,0.0,0.0,0.0,0.0,0.0
F1nocap,ws,lifecycle_amortized,2022,-0.0863296091747729,0.0,0.0,0.0,0.0,0.0
F1nocap,ws,lifecycle_frontloaded,2022,-0.34089250608353844,0.0,0.0,0.0,0.0,0.0
F1nocap,ws,lifecycle_amortized,2023,-0.1048250155907008,0.0,0.0,0.0,0.0,0.0
F1nocap,ws,lifecycle_frontloaded,2023,-0.5833074982857201,0.0,0.0,0.0,0.0,0.0
F1nocap,ws,lifecycle_amortized,2024,-0.12979657916765405,0.0,0.0,0.0,0.0,0.0
F1nocap,ws,lifecycle_frontloaded,2024,-0.6953209472296322,0.0,0.0,0.0,0.0,0.0
F1nocap,ws,lifecycle_amortized,2025,-0.16260931738082,0.0,0.0,0.0,0.0,0.0
F1nocap,ws,lifecycle_frontloaded,2025,-0.8042334288769061,0.0,0.0,0.0,0.0,0.0
F1nocap,wsob,lifecycle_amortized,2005,-0.0,0.0,0.0,0.0,0.0,0.0
F1nocap,wsob,lifecycle_frontloaded,2005,-0.0,0.0,0.0,0.0,0.0,0.0
F1nocap,wsob,lifecycle_amortized,2006,-0.00048773211855177744,0.0,0.0,0.0,0.0,0.0
F1nocap,wsob,lifecycle_frontloaded,2006,-0.01267184448789408,0.0,0.0,0.0,0.0,0.0
F1nocap,wsob,lifecycle_amortized,2007,-0.0010915931313138822,0.0,0.0,0.0,0.0,0.0
F1nocap,wsob,lifecycle_frontloaded,2007,-0.01235591023850451,0.0,0.0,0.0,0.0,0.0
F1nocap,wsob,lifecycle_amortized,2008,-0.002004608300574834,0.0,0.0,0.0,0.0,0.0
F1nocap,wsob,lifecycle_frontloaded,2008,-0.020939847206435595,0.0,0.0,0.0,0.0,0.0
F1nocap,wsob,lifecycle_amortized,2009,-0.0030729853636078186,0.0,0.0,0.0,0.0,0.0
F1nocap,wsob,lifecycle_frontloaded,2009,-0.028378262861209213,0.0,0.0,0.0,0.0,0.0
F1nocap,wsob,lifecycle_amortized,2010,-0.0044849067990436415,0.0,0.0,0.0,0.0,0.0
F1nocap,wsob,lifecycle_frontloaded,2010,-0.0437184268154639,0.0,0.0,0.0,0.0,0.0
F1nocap,wsob,lifecycle_amortized,2011,-0.007087755320119376,0.0,0.0,0.0,0.0,0.0
F1nocap,wsob,lifecycle_frontloaded,2011,-0.05752885958125729,0.0,0.0,0.0,0.0,0.0
F1nocap,wsob,lifecycle_amortized,2012,-0.00975193300327088,0.0,0.0,0.0,0.0,0.0
F1nocap,wsob,lifecycle_frontloaded,2012,-0.06433959947785656,0.0,0.0,0.0,0.0,0.0
F1nocap,wsob,lifecycle_amortized,2013,-0.012657527932197613,0.0,0.0,0.0,0.0,0.0
F1nocap,wsob,lifecycle_frontloaded,2013,-0.06989769003480414,0.0,0.0,0.0,0.0,0.0
F1nocap,wsob,lifecycle_amortized,2014,-0.016785638056965566,0.0,0.0,0.0,0.0,0.0
F1nocap,wsob,lifecycle_frontloaded,2014,-0.08158459041940846,0.0,0.0,0.0,0.0,0.0
F1nocap,wsob,lifecycle_amortized,2015,-0.021065265917303677,0.0,0.0,0.0,0.0,0.0
F1nocap,wsob,lifecycle_frontloaded,2015,-0.10794323193604749,0.0,0.0,0.0,0.0,0.0
F1nocap,wsob,lifecycle_amortized,2016,-0.026011601921782666,0.0,0.0,0.0,0.0,0.0
F1nocap,wsob,lifecycle_frontloaded,2016,-0.12842962332386063,0.0,0.0,0.0,0.0,0.0
F1nocap,wsob,lifecycle_amortized,2017,-0.03380658018741599,0.0,0.0,0.0,0.0,0.0
F1nocap,wsob,lifecycle_frontloaded,2017,-0.16215707056676693,0.0,0.0,0.0,0.0,0.0
F1nocap,wsob,lifecycle_amortized,2018,-0.041627607968890944,0.0,0.0,0.0,0.0,0.0
F1nocap,wsob,lifecycle_frontloaded,2018,-0.17196135938789175,0.0,0.0,0.0,0.0,0.0
F1nocap,wsob,lifecycle_amortized,2019,-0.04925556958454541,0.0,0.0,0.0,0.0,0.0
F1nocap,wsob,lifecycle_frontloaded,2019,-0.19069588325759765,0.0,0.0,0.0,0.0,0.0
F1nocap,wsob,lifecycle_amortized,2020,-0.0586774461330056,0.0,0.0,0.0,0.0,0.0
F1nocap,wsob,lifecycle_frontloaded,2020,-0.2614526979521276,0.0,0.0,0.0,0.0,0.0
F1nocap,wsob,lifecycle_amortized,2021,-0.07154733511915302,0.0,0.0,0.0,0.0,0.0
F1nocap,wsob,lifecycle_frontloaded,2021,-0.28097254333980465,0.0,0.0,0.0,0.0,0.0
F1nocap,wsob,lifecycle_amortized,2022,-0.08781519025278063,0.0,0.0,0.0,0.0,0.0
F1nocap,wsob,lifecycle_frontloaded,2022,-0.34622935829083207,0.0,0.0,0.0,0.0,0.0
F1nocap,wsob,lifecycle_amortized,2023,-0.1063291490748637,0.0,0.0,0.0,0.0,0.0
F1nocap,wsob,lifecycle_frontloaded,2023,-0.5877461625292458,0.0,0.0,0.0,0.0,0.0
F1nocap,wsob,lifecycle_amortized,2024,-0.1313015429849313,0.0,0.0,0.0,0.0,0.0
F1nocap,wsob,lifecycle_frontloaded,2024,-0.69905380313241,0.0,0.0,0.0,0.0,0.0
F1nocap,wsob,lifecycle_amortized,2025,-0.16414604039918096,0.0,0.0,0.0,0.0,0.0
F1nocap,wsob,lifecycle_frontloaded,2025,-0.8074345771023758,0.0,0.0,0.0,0.0,0.0
F1nocap,wsob,bio_coemis,2005,0.0,-0.0,-0.0,-0.0,-0.0,0.0
F1nocap,wsob,bio_coemis,2006,0.0,-0.0031163583867690157,-0.021038294637991017,-0.0030020826463507872,-0.015558032091398603,0.0
F1nocap,wsob,bio_coemis,2007,0.0,-0.007963227413882897,-0.05333596368286749,-0.007975141537978254,-0.03981512435029975,0.0
F1nocap,wsob,bio_coemis,2008,0.0,-0.010865041290552822,-0.07600892933762125,-0.012264684644038574,-0.05939752639358738,0.0
F1nocap,wsob,bio_coemis,2009,0.0,-0.013988403985302657,-0.10474031934853285,-0.018429854014358694,-0.08689577706454273,0.0
F1nocap,wsob,bio_coemis,2010,0.0,-0.021362512431816902,-0.16631642580048986,-0.033250861605138196,-0.14809148884001952,0.0
F1nocap,wsob,bio_coemis,2011,0.0,-0.02316679376838931,-0.19183288131857518,-0.039096799793010846,-0.16970051546221634,0.0
F1nocap,wsob,bio_coemis,2012,0.0,-0.028775524198357452,-0.24249986482967753,-0.04745969377847077,-0.2042472050632711,0.0
F1nocap,wsob,bio_coemis,2013,0.0,-0.03269572906126998,-0.2883872023513754,-0.058285309950100075,-0.24344478216392876,0.0
F1nocap,wsob,bio_coemis,2014,0.0,-0.03589772681600875,-0.33642082211584196,-0.07018096943730404,-0.28713198916129423,0.0
F1nocap,wsob,bio_coemis,2015,0.0,-0.03733900013972952,-0.3710074281885876,-0.07797702249943118,-0.3144616401015547,0.0
F1nocap,wsob,bio_coemis,2016,0.0,-0.03851350292253431,-0.45081376624762987,-0.10196226972806664,-0.41539637287511033,0.0
F1nocap,wsob,bio_coemis,2017,0.0,-0.04075973865516427,-0.5186924648029093,-0.11968127497074192,-0.4770291107864656,0.0
F1nocap,wsob,bio_coemis,2018,0.0,-0.04406068233464583,-0.5951380481551516,-0.13630185946913756,-0.5433475649222329,0.0
F1nocap,wsob,bio_coemis,2019,0.0,-0.04610280178468391,-0.6455959931408153,-0.1523858088083651,-0.5962087572716622,0.0
F1nocap,wsob,bio_coemis,2020,0.0,-0.048772557457503106,-0.7138339696261086,-0.17427045939337332,-0.6660172206331053,0.0
F1nocap,wsob,bio_coemis,2021,0.0,-0.05446310248705959,-0.8235352401206743,-0.21003598282503558,-0.7940645685796449,0.0
F1nocap,wsob,bio_coemis,2022,0.0,-0.05518325637482945,-0.8796618432551943,-0.2304872649128657,-0.8584583095455836,0.0
F1nocap,wsob,bio_coemis,2023,0.0,-0.055378408819692415,-0.8864688862555772,-0.23257517913526998,-0.8678909860830579,0.0
F1nocap,wsob,bio_coemis,2024,0.0,-0.05768957464278378,-0.9234648317298938,-0.24228148555997978,-0.9041116003613604,0.0
F1nocap,wsob,bio_coemis,2025,0.0,-0.05800660860831748,-0.9285397472488084,-0.2436129472775968,-0.9090801598926523,0.0
F2,wso,lifecycle_amortized,2005,-0.0,0.0,0.0,0.0,0.0,0.0
F2,wso,lifecycle_frontloaded,2005,-0.0,0.0,0.0,0.0,0.0,0.0
F2,wso,lifecycle_amortized,2006,-0.00048773211855177744,0.0,0.0,0.0,0.0,0.0
F2,wso,lifecycle_frontloaded,2006,-0.01267184448789408,0.0,0.0,0.0,0.0,0.0
F2,wso,lifecycle_amortized,2007,-0.0010915931313138822,0.0,0.0,0.0,0.0,0.0
F2,wso,lifecycle_frontloaded,2007,-0.01235591023850451,0.0,0.0,0.0,0.0,0.0
F2,wso,lifecycle_amortized,2008,-0.002004608300574834,0.0,0.0,0.0,0.0,0.0
F2,wso,lifecycle_frontloaded,2008,-0.020939847206435595,0.0,0.0,0.0,0.0,0.0
F2,wso,lifecycle_amortized,2009,-0.0030729853636078186,0.0,0.0,0.0,0.0,0.0
F2,wso,lifecycle_frontloaded,2009,-0.028378262861209213,0.0,0.0,0.0,0.0,0.0
F2,wso,lifecycle_amortized,2010,-0.0044849067990436415,0.0,0.0,0.0,0.0,0.0
F2,wso,lifecycle_frontloaded,2010,-0.0437184268154639,0.0,0.0,0.0,0.0,0.0
F2,wso,lifecycle_amortized,2011,-0.007087755320119376,0.0,0.0,0.0,0.0,0.0
F2,wso,lifecycle_frontloaded,2011,-0.05752885958125729,0.0,0.0,0.0,0.0,0.0
F2,wso,lifecycle_amortized,2012,-0.00975193300327088,0.0,0.0,0.0,0.0,0.0
F2,wso,lifecycle_frontloaded,2012,-0.06433959947785656,0.0,0.0,0.0,0.0,0.0
F2,wso,lifecycle_amortized,2013,-0.012657527932197613,0.0,0.0,0.0,0.0,0.0
F2,wso,lifecycle_frontloaded,2013,-0.06989769003480414,0.0,0.0,0.0,0.0,0.0
F2,wso,lifecycle_amortized,2014,-0.016785638056965566,0.0,0.0,0.0,0.0,0.0
F2,wso,lifecycle_frontloaded,2014,-0.08158459041940846,0.0,0.0,0.0,0.0,0.0
F2,wso,lifecycle_amortized,2015,-0.021065265917303677,0.0,0.0,0.0,0.0,0.0
F2,wso,lifecycle_frontloaded,2015,-0.10794323193604749,0.0,0.0,0.0,0.0,0.0
F2,wso,lifecycle_amortized,2016,-0.026011601921782666,0.0,0.0,0.0,0.0,0.0
F2,wso,lifecycle_frontloaded,2016,-0.12842962332386063,0.0,0.0,0.0,0.0,0.0
F2,wso,lifecycle_amortized,2017,-0.03380658018741599,0.0,0.0,0.0,0.0,0.0
F2,wso,lifecycle_frontloaded,2017,-0.16215707056676693,0.0,0.0,0.0,0.0,0.0
F2,wso,lifecycle_amortized,2018,-0.041627607968890944,0.0,0.0,0.0,0.0,0.0
F2,wso,lifecycle_frontloaded,2018,-0.17196135938789175,0.0,0.0,0.0,0.0,0.0
F2,wso,lifecycle_amortized,2019,-0.04925556958454541,0.0,0.0,0.0,0.0,0.0
F2,wso,lifecycle_frontloaded,2019,-0.19069588325759765,0.0,0.0,0.0,0.0,0.0
F2,wso,lifecycle_amortized,2020,-0.0586774461330056,0.0,0.0,0.0,0.0,0.0
F2,wso,lifecycle_frontloaded,2020,-0.2614526979521276,0.0,0.0,0.0,0.0,0.0
F2,wso,lifecycle_amortized,2021,-0.07154733511915302,0.0,0.0,0.0,0.0,0.0
F2,wso,lifecycle_frontloaded,2021,-0.28097254333980465,0.0,0.0,0.0,0.0,0.0
F2,wso,lifecycle_amortized,2022,-0.08781519025278063,0.0,0.0,0.0,0.0,0.0
F2,wso,lifecycle_frontloaded,2022,-0.34622935829083207,0.0,0.0,0.0,0.0,0.0
F2,wso,lifecycle_amortized,2023,-0.1063291490748637,0.0,0.0,0.0,0.0,0.0
F2,wso,lifecycle_frontloaded,2023,-0.5877461625292458,0.0,0.0,0.0,0.0,0.0
F2,wso,lifecycle_amortized,2024,-0.1313015429849313,0.0,0.0,0.0,0.0,0.0
F2,wso,lifecycle_frontloaded,2024,-0.69905380313241,0.0,0.0,0.0,0.0,0.0
F2,wso,lifecycle_amortized,2025,-0.16414604039918096,0.0,0.0,0.0,0.0,0.0
F2,wso,lifecycle_frontloaded,2025,-0.8074345771023758,0.0,0.0,0.0,0.0,0.0
F2,ws,lifecycle_amortized,2005,-0.0,0.0,0.0,0.0,0.0,0.0
F2,ws,lifecycle_frontloaded,2005,-0.0,0.0,0.0,0.0,0.0,0.0
F2,ws,lifecycle_amortized,2006,-0.00040565174030118665,0.0,0.0,0.0,0.0,0.0
F2,ws,lifecycle_frontloaded,2006,-0.009342364719107953,0.0,0.0,0.0,0.0,0.0
F2,ws,lifecycle_amortized,2007,-0.0009325740061481937,0.0,0.0,0.0,0.0,0.0
F2,ws,lifecycle_frontloaded,2007,-0.01235591023850451,0.0,0.0,0.0,0.0,0.0
F2,ws,lifecycle_amortized,2008,-0.0017020813523507658,0.0,0.0,0.0,0.0,0.0
F2,ws,lifecycle_frontloaded,2008,-0.018839847206435594,0.0,0.0,0.0,0.0,0.0
F2,ws,lifecycle_amortized,2009,-0.0026936007744499603,0.0,0.0,0.0,0.0,0.0
F2,ws,lifecycle_frontloaded,2009,-0.026291482285669646,0.0,0.0,0.0,0.0,0.0
F2,ws,lifecycle_amortized,2010,-0.004065574916927097,0.0,0.0,0.0,0.0,0.0
F2,ws,lifecycle_frontloaded,2010,-0.03305880582421025,0.0,0.0,0.0,0.0,0.0
F2,ws,lifecycle_amortized,2011,-0.006615392844677333,0.0,0.0,0.0,0.0,0.0
F2,ws,lifecycle_frontloaded,2011,-0.05457346539038592,0.0,0.0,0.0,0.0,0.0
F2,ws,lifecycle_amortized,2012,-0.009214496656994623,0.0,0.0,0.0,0.0,0.0
F2,ws,lifecycle_frontloaded,2012,-0.059939471436883454,0.0,0.0,0.0,0.0,0.0
F2,ws,lifecycle_amortized,2013,-0.012063250879958807,0.0,0.0,0.0,0.0,0.0
F2,ws,lifecycle_frontloaded,2013,-0.06100096872332873,0.0,0.0,0.0,0.0,0.0
F2,ws,lifecycle_amortized,2014,-0.015996585849285427,0.0,0.0,0.0,0.0,0.0
F2,ws,lifecycle_frontloaded,2014,-0.07984256914281271,0.0,0.0,0.0,0.0,0.0
F2,ws,lifecycle_amortized,2015,-0.02014035622929054,0.0,0.0,0.0,0.0,0.0
F2,ws,lifecycle_frontloaded,2015,-0.10173122806383064,0.0,0.0,0.0,0.0,0.0
F2,ws,lifecycle_amortized,2016,-0.024983253430943073,0.0,0.0,0.0,0.0,0.0
F2,ws,lifecycle_frontloaded,2016,-0.12317132735973507,0.0,0.0,0.0,0.0,0.0
F2,ws,lifecycle_amortized,2017,-0.03266365453402852,0.0,0.0,0.0,0.0,0.0
F2,ws,lifecycle_frontloaded,2017,-0.15625120764356296,0.0,0.0,0.0,0.0,0.0
F2,ws,lifecycle_amortized,2018,-0.04037894913384445,0.0,0.0,0.0,0.0,0.0
F2,ws,lifecycle_frontloaded,2018,-0.16512464005004376,0.0,0.0,0.0,0.0,0.0
F2,ws,lifecycle_amortized,2019,-0.04795904396670334,0.0,0.0,0.0,0.0,0.0
F2,ws,lifecycle_frontloaded,2019,-0.18280735145786828,0.0,0.0,0.0,0.0,0.0
F2,ws,lifecycle_amortized,2020,-0.05726113749389738,0.0,0.0,0.0,0.0,0.0
F2,ws,lifecycle_frontloaded,2020,-0.2526755404385489,0.0,0.0,0.0,0.0,0.0
F2,ws,lifecycle_amortized,2021,-0.07012219438012834,0.0,0.0,0.0,0.0,0.0
F2,ws,lifecycle_frontloaded,2021,-0.26872664590390727,0.0,0.0,0.0,0.0,0.0
F2,ws,lifecycle_amortized,2022,-0.0863296091747729,0.0,0.0,0.0,0.0,0.0
F2,ws,lifecycle_frontloaded,2022,-0.34089250608353844,0.0,0.0,0.0,0.0,0.0
F2,ws,lifecycle_amortized,2023,-0.1048250155907008,0.0,0.0,0.0,0.0,0.0
F2,ws,lifecycle_frontloaded,2023,-0.5833074982857201,0.0,0.0,0.0,0.0,0.0
F2,ws,lifecycle_amortized,2024,-0.12979657916765405,0.0,0.0,0.0,0.0,0.0
F2,ws,lifecycle_frontloaded,2024,-0.6953209472296322,0.0,0.0,0.0,0.0,0.0
F2,ws,lifecycle_amortized,2025,-0.16260931738082,0.0,0.0,0.0,0.0,0.0
F2,ws,lifecycle_frontloaded,2025,-0.8042334288769061,0.0,0.0,0.0,0.0,0.0
F2,wsob,lifecycle_amortized,2005,-0.0,0.0,0.0,0.0,0.0,0.0
F2,wsob,lifecycle_frontloaded,2005,-0.0,0.0,0.0,0.0,0.0,0.0
F2,wsob,lifecycle_amortized,2006,-0.00048773211855177744,0.0,0.0,0.0,0.0,0.0
F2,wsob,lifecycle_frontloaded,2006,-0.01267184448789408,0.0,0.0,0.0,0.0,0.0
F2,wsob,lifecycle_amortized,2007,-0.0010915931313138822,0.0,0.0,0.0,0.0,0.0
F2,wsob,lifecycle_frontloaded,2007,-0.01235591023850451,0.0,0.0,0.0,0.0,0.0
F2,wsob,lifecycle_amortized,2008,-0.002004608300574834,0.0,0.0,0.0,0.0,0.0
F2,wsob,lifecycle_frontloaded,2008,-0.020939847206435595,0.0,0.0,0.0,0.0,0.0
F2,wsob,lifecycle_amortized,2009,-0.0030729853636078186,0.0,0.0,0.0,0.0,0.0
F2,wsob,lifecycle_frontloaded,2009,-0.028378262861209213,0.0,0.0,0.0,0.0,0.0
F2,wsob,lifecycle_amortized,2010,-0.0044849067990436415,0.0,0.0,0.0,0.0,0.0
F2,wsob,lifecycle_frontloaded,2010,-0.0437184268154639,0.0,0.0,0.0,0.0,0.0
F2,wsob,lifecycle_amortized,2011,-0.007087755320119376,0.0,0.0,0.0,0.0,0.0
F2,wsob,lifecycle_frontloaded,2011,-0.05752885958125729,0.0,0.0,0.0,0.0,0.0
F2,wsob,lifecycle_amortized,2012,-0.00975193300327088,0.0,0.0,0.0,0.0,0.0
F2,wsob,lifecycle_frontloaded,2012,-0.06433959947785656,0.0,0.0,0.0,0.0,0.0
F2,wsob,lifecycle_amortized,2013,-0.012657527932197613,0.0,0.0,0.0,0.0,0.0
F2,wsob,lifecycle_frontloaded,2013,-0.06989769003480414,0.0,0.0,0.0,0.0,0.0
F2,wsob,lifecycle_amortized,2014,-0.016785638056965566,0.0,0.0,0.0,0.0,0.0
F2,wsob,lifecycle_frontloaded,2014,-0.08158459041940846,0.0,0.0,0.0,0.0,0.0
F2,wsob,lifecycle_amortized,2015,-0.021065265917303677,0.0,0.0,0.0,0.0,0.0
F2,wsob,lifecycle_frontloaded,2015,-0.10794323193604749,0.0,0.0,0.0,0.0,0.0
F2,wsob,lifecycle_amortized,2016,-0.026011601921782666,0.0,0.0,0.0,0.0,0.0
F2,wsob,lifecycle_frontloaded,2016,-0.12842962332386063,0.0,0.0,0.0,0.0,0.0
F2,wsob,lifecycle_amortized,2017,-0.03380658018741599,0.0,0.0,0.0,0.0,0.0
F2,wsob,lifecycle_frontloaded,2017,-0.16215707056676693,0.0,0.0,0.0,0.0,0.0
F2,wsob,lifecycle_amortized,2018,-0.041627607968890944,0.0,0.0,0.0,0.0,0.0
F2,wsob,lifecycle_frontloaded,2018,-0.17196135938789175,0.0,0.0,0.0,0.0,0.0
F2,wsob,lifecycle_amortized,2019,-0.04925556958454541,0.0,0.0,0.0,0.0,0.0
F2,wsob,lifecycle_frontloaded,2019,-0.19069588325759765,0.0,0.0,0.0,0.0,0.0
F2,wsob,lifecycle_amortized,2020,-0.0586774461330056,0.0,0.0,0.0,0.0,0.0
F2,wsob,lifecycle_frontloaded,2020,-0.2614526979521276,0.0,0.0,0.0,0.0,0.0
F2,wsob,lifecycle_amortized,2021,-0.07154733511915302,0.0,0.0,0.0,0.0,0.0
F2,wsob,lifecycle_frontloaded,2021,-0.28097254333980465,0.0,0.0,0.0,0.0,0.0
F2,wsob,lifecycle_amortized,2022,-0.08781519025278063,0.0,0.0,0.0,0.0,0.0
F2,wsob,lifecycle_frontloaded,2022,-0.34622935829083207,0.0,0.0,0.0,0.0,0.0
F2,wsob,lifecycle_amortized,2023,-0.1063291490748637,0.0,0.0,0.0,0.0,0.0
F2,wsob,lifecycle_frontloaded,2023,-0.5877461625292458,0.0,0.0,0.0,0.0,0.0
F2,wsob,lifecycle_amortized,2024,-0.1313015429849313,0.0,0.0,0.0,0.0,0.0
F2,wsob,lifecycle_frontloaded,2024,-0.69905380313241,0.0,0.0,0.0,0.0,0.0
F2,wsob,lifecycle_amortized,2025,-0.16414604039918096,0.0,0.0,0.0,0.0,0.0
F2,wsob,lifecycle_frontloaded,2025,-0.8074345771023758,0.0,0.0,0.0,0.0,0.0
F2,wsob,bio_coemis,2005,0.0,-0.0,-0.0,-0.0,-0.0,0.0
F2,wsob,bio_coemis,2006,0.0,-0.0031163583867690157,-0.021038294637991017,-0.0030020826463507872,-0.015558032091398603,0.0
F2,wsob,bio_coemis,2007,0.0,-0.007963227413882897,-0.05333596368286749,-0.007975141537978254,-0.03981512435029975,0.0
F2,wsob,bio_coemis,2008,0.0,-0.010865041290552822,-0.07600892933762125,-0.012264684644038574,-0.05939752639358738,0.0
F2,wsob,bio_coemis,2009,0.0,-0.013988403985302657,-0.10474031934853285,-0.018429854014358694,-0.08689577706454273,0.0
F2,wsob,bio_coemis,2010,0.0,-0.021362512431816902,-0.16631642580048986,-0.033250861605138196,-0.14809148884001952,0.0
F2,wsob,bio_coemis,2011,0.0,-0.02316679376838931,-0.19183288131857518,-0.039096799793010846,-0.16970051546221634,0.0
F2,wsob,bio_coemis,2012,0.0,-0.028775524198357452,-0.24249986482967753,-0.04745969377847077,-0.2042472050632711,0.0
F2,wsob,bio_coemis,2013,0.0,-0.03269572906126998,-0.2883872023513754,-0.058285309950100075,-0.24344478216392876,0.0
F2,wsob,bio_coemis,2014,0.0,-0.03589772681600875,-0.33642082211584196,-0.07018096943730404,-0.28713198916129423,0.0
F2,wsob,bio_coemis,2015,0.0,-0.03733900013972952,-0.3710074281885876,-0.07797702249943118,-0.3144616401015547,0.0
F2,wsob,bio_coemis,2016,0.0,-0.03851350292253431,-0.45081376624762987,-0.10196226972806664,-0.41539637287511033,0.0
F2,wsob,bio_coemis,2017,0.0,-0.04075973865516427,-0.5186924648029093,-0.11968127497074192,-0.4770291107864656,0.0
F2,wsob,bio_coemis,2018,0.0,-0.04406068233464583,-0.5951380481551516,-0.13630185946913756,-0.5433475649222329,0.0
F2,wsob,bio_coemis,2019,0.0,-0.04610280178468391,-0.6455959931408153,-0.1523858088083651,-0.5962087572716622,0.0
F2,wsob,bio_coemis,2020,0.0,-0.048772557457503106,-0.7138339696261086,-0.17427045939337332,-0.6660172206331053,0.0
F2,wsob,bio_coemis,2021,0.0,-0.05446310248705959,-0.8235352401206743,-0.21003598282503558,-0.7940645685796449,0.0
F2,wsob,bio_coemis,2022,0.0,-0.05518325637482945,-0.8796618432551943,-0.2304872649128657,-0.8584583095455836,0.0
F2,wsob,bio_coemis,2023,0.0,-0.055378408819692415,-0.8864688862555772,-0.23257517913526998,-0.8678909860830579,0.0
F2,wsob,bio_coemis,2024,0.0,-0.05768957464278378,-0.9234648317298938,-0.24228148555997978,-0.9041116003613604,0.0
F2,wsob,bio_coemis,2025,0.0,-0.05800660860831748,-0.9285397472488084,-0.2436129472775968,-0.9090801598926523,0.0
F3,wso,lifecycle_amortized,2005,-0.0,0.0,0.0,0.0,0.0,0.0
F3,wso,lifecycle_frontloaded,2005,-0.0,0.0,0.0,0.0,0.0,0.0
F3,wso,lifecycle_amortized,2006,-0.00048773211855177744,0.0,0.0,0.0,0.0,0.0
F3,wso,lifecycle_frontloaded,2006,-0.01267184448789408,0.0,0.0,0.0,0.0,0.0
F3,wso,lifecycle_amortized,2007,-0.0010915931313138822,0.0,0.0,0.0,0.0,0.0
F3,wso,lifecycle_frontloaded,2007,-0.01235591023850451,0.0,0.0,0.0,0.0,0.0
F3,wso,lifecycle_amortized,2008,-0.002004608300574834,0.0,0.0,0.0,0.0,0.0
F3,wso,lifecycle_frontloaded,2008,-0.020939847206435595,0.0,0.0,0.0,0.0,0.0
F3,wso,lifecycle_amortized,2009,-0.0030729853636078186,0.0,0.0,0.0,0.0,0.0
F3,wso,lifecycle_frontloaded,2009,-0.028378262861209213,0.0,0.0,0.0,0.0,0.0
F3,wso,lifecycle_amortized,2010,-0.0044849067990436415,0.0,0.0,0.0,0.0,0.0
F3,wso,lifecycle_frontloaded,2010,-0.0437184268154639,0.0,0.0,0.0,0.0,0.0
F3,wso,lifecycle_amortized,2011,-0.007087755320119376,0.0,0.0,0.0,0.0,0.0
F3,wso,lifecycle_frontloaded,2011,-0.05752885958125729,0.0,0.0,0.0,0.0,0.0
F3,wso,lifecycle_amortized,2012,-0.00975193300327088,0.0,0.0,0.0,0.0,0.0
F3,wso,lifecycle_frontloaded,2012,-0.06433959947785656,0.0,0.0,0.0,0.0,0.0
F3,wso,lifecycle_amortized,2013,-0.012657527932197613,0.0,0.0,0.0,0.0,0.0
F3,wso,lifecycle_frontloaded,2013,-0.06989769003480414,0.0,0.0,0.0,0.0,0.0
F3,wso,lifecycle_amortized,2014,-0.016785638056965566,0.0,0.0,0.0,0.0,0.0
F3,wso,lifecycle_frontloaded,2014,-0.08158459041940846,0.0,0.0,0.0,0.0,0.0
F3,wso,lifecycle_amortized,2015,-0.021065265917303677,0.0,0.0,0.0,0.0,0.0
F3,wso,lifecycle_frontloaded,2015,-0.10794323193604749,0.0,0.0,0.0,0.0,0.0
F3,wso,lifecycle_amortized,2016,-0.026011601921782666,0.0,0.0,0.0,0.0,0.0
F3,wso,lifecycle_frontloaded,2016,-0.12842962332386063,0.0,0.0,0.0,0.0,0.0
F3,wso,lifecycle_amortized,2017,-0.03380658018741599,0.0,0.0,0.0,0.0,0.0
F3,wso,lifecycle_frontloaded,2017,-0.16215707056676693,0.0,0.0,0.0,0.0,0.0
F3,wso,lifecycle_amortized,2018,-0.041627607968890944,0.0,0.0,0.0,0.0,0.0
F3,wso,lifecycle_frontloaded,2018,-0.17196135938789175,0.0,0.0,0.0,0.0,0.0
F3,wso,lifecycle_amortized,2019,-0.04925556958454541,0.0,0.0,0.0,0.0,0.0
F3,wso,lifecycle_frontloaded,2019,-0.19069588325759765,0.0,0.0,0.0,0.0,0.0
F3,wso,lifecycle_amortized,2020,-0.0586774461330056,0.0,0.0,0.0,0.0,0.0
F3,wso,lifecycle_frontloaded,2020,-0.2614526979521276,0.0,0.0,0.0,0.0,0.0
F3,wso,lifecycle_amortized,2021,-0.07154733511915302,0.0,0.0,0.0,0.0,0.0
F3,wso,lifecycle_frontloaded,2021,-0.28097254333980465,0.0,0.0,0.0,0.0,0.0
F3,wso,lifecycle_amortized,2022,-0.08781519025278063,0.0,0.0,0.0,0.0,0.0
F3,wso,lifecycle_frontloaded,2022,-0.34622935829083207,0.0,0.0,0.0,0.0,0.0
F3,wso,lifecycle_amortized,2023,-0.1063291490748637,0.0,0.0,0.0,0.0,0.0
F3,wso,lifecycle_frontloaded,2023,-0.5877461625292458,0.0,0.0,0.0,0.0,0.0
F3,wso,lifecycle_amortized,2024,-0.1313015429849313,0.0,0.0,0.0,0.0,0.0
F3,wso,lifecycle_frontloaded,2024,-0.69905380313241,0.0,0.0,0.0,0.0,0.0
F3,wso,lifecycle_amortized,2025,-0.16414604039918096,0.0,0.0,0.0,0.0,0.0
F3,wso,lifecycle_frontloaded,2025,-0.8074345771023758,0.0,0.0,0.0,0.0,0.0
F3,ws,lifecycle_amortized,2005,-0.0,0.0,0.0,0.0,0.0,0.0
F3,ws,lifecycle_frontloaded,2005,-0.0,0.0,0.0,0.0,0.0,0.0
F3,ws,lifecycle_amortized,2006,-0.00040565174030118665,0.0,0.0,0.0,0.0,0.0
F3,ws,lifecycle_frontloaded,2006,-0.009342364719107953,0.0,0.0,0.0,0.0,0.0
F3,ws,lifecycle_amortized,2007,-0.0009325740061481937,0.0,0.0,0.0,0.0,0.0
F3,ws,lifecycle_frontloaded,2007,-0.01235591023850451,0.0,0.0,0.0,0.0,0.0
F3,ws,lifecycle_amortized,2008,-0.0017020813523507658,0.0,0.0,0.0,0.0,0.0
F3,ws,lifecycle_frontloaded,2008,-0.018839847206435594,0.0,0.0,0.0,0.0,0.0
F3,ws,lifecycle_amortized,2009,-0.0026936007744499603,0.0,0.0,0.0,0.0,0.0
F3,ws,lifecycle_frontloaded,2009,-0.026291482285669646,0.0,0.0,0.0,0.0,0.0
F3,ws,lifecycle_amortized,2010,-0.004065574916927097,0.0,0.0,0.0,0.0,0.0
F3,ws,lifecycle_frontloaded,2010,-0.03305880582421025,0.0,0.0,0.0,0.0,0.0
F3,ws,lifecycle_amortized,2011,-0.006615392844677333,0.0,0.0,0.0,0.0,0.0
F3,ws,lifecycle_frontloaded,2011,-0.05457346539038592,0.0,0.0,0.0,0.0,0.0
F3,ws,lifecycle_amortized,2012,-0.009214496656994623,0.0,0.0,0.0,0.0,0.0
F3,ws,lifecycle_frontloaded,2012,-0.059939471436883454,0.0,0.0,0.0,0.0,0.0
F3,ws,lifecycle_amortized,2013,-0.012063250879958807,0.0,0.0,0.0,0.0,0.0
F3,ws,lifecycle_frontloaded,2013,-0.06100096872332873,0.0,0.0,0.0,0.0,0.0
F3,ws,lifecycle_amortized,2014,-0.015996585849285427,0.0,0.0,0.0,0.0,0.0
F3,ws,lifecycle_frontloaded,2014,-0.07984256914281271,0.0,0.0,0.0,0.0,0.0
F3,ws,lifecycle_amortized,2015,-0.02014035622929054,0.0,0.0,0.0,0.0,0.0
F3,ws,lifecycle_frontloaded,2015,-0.10173122806383064,0.0,0.0,0.0,0.0,0.0
F3,ws,lifecycle_amortized,2016,-0.024983253430943073,0.0,0.0,0.0,0.0,0.0
F3,ws,lifecycle_frontloaded,2016,-0.12317132735973507,0.0,0.0,0.0,0.0,0.0
F3,ws,lifecycle_amortized,2017,-0.03266365453402852,0.0,0.0,0.0,0.0,0.0
F3,ws,lifecycle_frontloaded,2017,-0.15625120764356296,0.0,0.0,0.0,0.0,0.0
F3,ws,lifecycle_amortized,2018,-0.04037894913384445,0.0,0.0,0.0,0.0,0.0
F3,ws,lifecycle_frontloaded,2018,-0.16512464005004376,0.0,0.0,0.0,0.0,0.0
F3,ws,lifecycle_amortized,2019,-0.04795904396670334,0.0,0.0,0.0,0.0,0.0
F3,ws,lifecycle_frontloaded,2019,-0.18280735145786828,0.0,0.0,0.0,0.0,0.0
F3,ws,lifecycle_amortized,2020,-0.05726113749389738,0.0,0.0,0.0,0.0,0.0
F3,ws,lifecycle_frontloaded,2020,-0.2526755404385489,0.0,0.0,0.0,0.0,0.0
F3,ws,lifecycle_amortized,2021,-0.07012219438012834,0.0,0.0,0.0,0.0,0.0
F3,ws,lifecycle_frontloaded,2021,-0.26872664590390727,0.0,0.0,0.0,0.0,0.0
F3,ws,lifecycle_amortized,2022,-0.0863296091747729,0.0,0.0,0.0,0.0,0.0
F3,ws,lifecycle_frontloaded,2022,-0.34089250608353844,0.0,0.0,0.0,0.0,0.0
F3,ws,lifecycle_amortized,2023,-0.1048250155907008,0.0,0.0,0.0,0.0,0.0
F3,ws,lifecycle_frontloaded,2023,-0.5833074982857201,0.0,0.0,0.0,0.0,0.0
F3,ws,lifecycle_amortized,2024,-0.12979657916765405,0.0,0.0,0.0,0.0,0.0
F3,ws,lifecycle_frontloaded,2024,-0.6953209472296322,0.0,0.0,0.0,0.0,0.0
F3,ws,lifecycle_amortized,2025,-0.16260931738082,0.0,0.0,0.0,0.0,0.0
F3,ws,lifecycle_frontloaded,2025,-0.8042334288769061,0.0,0.0,0.0,0.0,0.0
F3,wsob,lifecycle_amortized,2005,-0.0,0.0,0.0,0.0,0.0,0.0
F3,wsob,lifecycle_frontloaded,2005,-0.0,0.0,0.0,0.0,0.0,0.0
F3,wsob,lifecycle_amortized,2006,-0.00048773211855177744,0.0,0.0,0.0,0.0,0.0
F3,wsob,lifecycle_frontloaded,2006,-0.01267184448789408,0.0,0.0,0.0,0.0,0.0
F3,wsob,lifecycle_amortized,2007,-0.0010915931313138822,0.0,0.0,0.0,0.0,0.0
F3,wsob,lifecycle_frontloaded,2007,-0.01235591023850451,0.0,0.0,0.0,0.0,0.0
F3,wsob,lifecycle_amortized,2008,-0.002004608300574834,0.0,0.0,0.0,0.0,0.0
F3,wsob,lifecycle_frontloaded,2008,-0.020939847206435595,0.0,0.0,0.0,0.0,0.0
F3,wsob,lifecycle_amortized,2009,-0.0030729853636078186,0.0,0.0,0.0,0.0,0.0
F3,wsob,lifecycle_frontloaded,2009,-0.028378262861209213,0.0,0.0,0.0,0.0,0.0
F3,wsob,lifecycle_amortized,2010,-0.0044849067990436415,0.0,0.0,0.0,0.0,0.0
F3,wsob,lifecycle_frontloaded,2010,-0.0437184268154639,0.0,0.0,0.0,0.0,0.0
F3,wsob,lifecycle_amortized,2011,-0.007087755320119376,0.0,0.0,0.0,0.0,0.0
F3,wsob,lifecycle_frontloaded,2011,-0.05752885958125729,0.0,0.0,0.0,0.0,0.0
F3,wsob,lifecycle_amortized,2012,-0.00975193300327088,0.0,0.0,0.0,0.0,0.0
F3,wsob,lifecycle_frontloaded,2012,-0.06433959947785656,0.0,0.0,0.0,0.0,0.0
F3,wsob,lifecycle_amortized,2013,-0.012657527932197613,0.0,0.0,0.0,0.0,0.0
F3,wsob,lifecycle_frontloaded,2013,-0.06989769003480414,0.0,0.0,0.0,0.0,0.0
F3,wsob,lifecycle_amortized,2014,-0.016785638056965566,0.0,0.0,0.0,0.0,0.0
F3,wsob,lifecycle_frontloaded,2014,-0.08158459041940846,0.0,0.0,0.0,0.0,0.0
F3,wsob,lifecycle_amortized,2015,-0.021065265917303677,0.0,0.0,0.0,0.0,0.0
F3,wsob,lifecycle_frontloaded,2015,-0.10794323193604749,0.0,0.0,0.0,0.0,0.0
F3,wsob,lifecycle_amortized,2016,-0.026011601921782666,0.0,0.0,0.0,0.0,0.0
F3,wsob,lifecycle_frontloaded,2016,-0.12842962332386063,0.0,0.0,0.0,0.0,0.0
F3,wsob,lifecycle_amortized,2017,-0.03380658018741599,0.0,0.0,0.0,0.0,0.0
F3,wsob,lifecycle_frontloaded,2017,-0.16215707056676693,0.0,0.0,0.0,0.0,0.0
F3,wsob,lifecycle_amortized,2018,-0.041627607968890944,0.0,0.0,0.0,0.0,0.0
F3,wsob,lifecycle_frontloaded,2018,-0.17196135938789175,0.0,0.0,0.0,0.0,0.0
F3,wsob,lifecycle_amortized,2019,-0.04925556958454541,0.0,0.0,0.0,0.0,0.0
F3,wsob,lifecycle_frontloaded,2019,-0.19069588325759765,0.0,0.0,0.0,0.0,0.0
F3,wsob,lifecycle_amortized,2020,-0.0586774461330056,0.0,0.0,0.0,0.0,0.0
F3,wsob,lifecycle_frontloaded,2020,-0.2614526979521276,0.0,0.0,0.0,0.0,0.0
F3,wsob,lifecycle_amortized,2021,-0.07154733511915302,0.0,0.0,0.0,0.0,0.0
F3,wsob,lifecycle_frontloaded,2021,-0.28097254333980465,0.0,0.0,0.0,0.0,0.0
F3,wsob,lifecycle_amortized,2022,-0.08781519025278063,0.0,0.0,0.0,0.0,0.0
F3,wsob,lifecycle_frontloaded,2022,-0.34622935829083207,0.0,0.0,0.0,0.0,0.0
F3,wsob,lifecycle_amortized,2023,-0.1063291490748637,0.0,0.0,0.0,0.0,0.0
F3,wsob,lifecycle_frontloaded,2023,-0.5877461625292458,0.0,0.0,0.0,0.0,0.0
F3,wsob,lifecycle_amortized,2024,-0.1313015429849313,0.0,0.0,0.0,0.0,0.0
F3,wsob,lifecycle_frontloaded,2024,-0.69905380313241,0.0,0.0,0.0,0.0,0.0
F3,wsob,lifecycle_amortized,2025,-0.16414604039918096,0.0,0.0,0.0,0.0,0.0
F3,wsob,lifecycle_frontloaded,2025,-0.8074345771023758,0.0,0.0,0.0,0.0,0.0
F3,wsob,bio_coemis,2005,0.0,-0.0,-0.0,-0.0,-0.0,0.0
F3,wsob,bio_coemis,2006,0.0,-0.0031163583867690157,-0.021038294637991017,-0.0030020826463507872,-0.015558032091398603,0.0
F3,wsob,bio_coemis,2007,0.0,-0.007963227413882897,-0.05333596368286749,-0.007975141537978254,-0.03981512435029975,0.0
F3,wsob,bio_coemis,2008,0.0,-0.010865041290552822,-0.07600892933762125,-0.012264684644038574,-0.05939752639358738,0.0
F3,wsob,bio_coemis,2009,0.0,-0.013988403985302657,-0.10474031934853285,-0.018429854014358694,-0.08689577706454273,0.0
F3,wsob,bio_coemis,2010,0.0,-0.021362512431816902,-0.16631642580048986,-0.033250861605138196,-0.14809148884001952,0.0
F3,wsob,bio_coemis,2011,0.0,-0.02316679376838931,-0.19183288131857518,-0.039096799793010846,-0.16970051546221634,0.0
F3,wsob,bio_coemis,2012,0.0,-0.028775524198357452,-0.24249986482967753,-0.04745969377847077,-0.2042472050632711,0.0
F3,wsob,bio_coemis,2013,0.0,-0.03269572906126998,-0.2883872023513754,-0.058285309950100075,-0.24344478216392876,0.0
F3,wsob,bio_coemis,2014,0.0,-0.03589772681600875,-0.33642082211584196,-0.07018096943730404,-0.28713198916129423,0.0
F3,wsob,bio_coemis,2015,0.0,-0.03733900013972952,-0.3710074281885876,-0.07797702249943118,-0.3144616401015547,0.0
F3,wsob,bio_coemis,2016,0.0,-0.03851350292253431,-0.45081376624762987,-0.10196226972806664,-0.41539637287511033,0.0
F3,wsob,bio_coemis,2017,0.0,-0.04075973865516427,-0.5186924648029093,-0.11968127497074192,-0.4770291107864656,0.0
F3,wsob,bio_coemis,2018,0.0,-0.04406068233464583,-0.5951380481551516,-0.13630185946913756,-0.5433475649222329,0.0
F3,wsob,bio_coemis,2019,0.0,-0.04610280178468391,-0.6455959931408153,-0.1523858088083651,-0.5962087572716622,0.0
F3,wsob,bio_coemis,2020,0.0,-0.048772557457503106,-0.7138339696261086,-0.17427045939337332,-0.6660172206331053,0.0
F3,wsob,bio_coemis,2021,0.0,-0.05446310248705959,-0.8235352401206743,-0.21003598282503558,-0.7940645685796449,0.0
F3,wsob,bio_coemis,2022,0.0,-0.05518325637482945,-0.8796618432551943,-0.2304872649128657,-0.8584583095455836,0.0
F3,wsob,bio_coemis,2023,0.0,-0.055378408819692415,-0.8864688862555772,-0.23257517913526998,-0.8678909860830579,0.0
F3,wsob,bio_coemis,2024,0.0,-0.05768957464278378,-0.9234648317298938,-0.24228148555997978,-0.9041116003613604,0.0
F3,wsob,bio_coemis,2025,0.0,-0.05800660860831748,-0.9285397472488084,-0.2436129472775968,-0.9090801598926523,0.0
F4,wso,lifecycle_amortized,2005,-0.0,0.0,0.0,0.0,0.0,0.0
F4,wso,lifecycle_frontloaded,2005,-0.0,0.0,0.0,0.0,0.0,0.0
F4,wso,lifecycle_amortized,2006,-0.00048773211855177744,0.0,0.0,0.0,0.0,0.0
F4,wso,lifecycle_frontloaded,2006,-0.01267184448789408,0.0,0.0,0.0,0.0,0.0
F4,wso,lifecycle_amortized,2007,-0.0010915931313138822,0.0,0.0,0.0,0.0,0.0
F4,wso,lifecycle_frontloaded,2007,-0.01235591023850451,0.0,0.0,0.0,0.0,0.0
F4,wso,lifecycle_amortized,2008,-0.002004608300574834,0.0,0.0,0.0,0.0,0.0
F4,wso,lifecycle_frontloaded,2008,-0.020939847206435595,0.0,0.0,0.0,0.0,0.0
F4,wso,lifecycle_amortized,2009,-0.0030729853636078186,0.0,0.0,0.0,0.0,0.0
F4,wso,lifecycle_frontloaded,2009,-0.028378262861209213,0.0,0.0,0.0,0.0,0.0
F4,wso,lifecycle_amortized,2010,-0.0044849067990436415,0.0,0.0,0.0,0.0,0.0
F4,wso,lifecycle_frontloaded,2010,-0.0437184268154639,0.0,0.0,0.0,0.0,0.0
F4,wso,lifecycle_amortized,2011,-0.007087755320119376,0.0,0.0,0.0,0.0,0.0
F4,wso,lifecycle_frontloaded,2011,-0.05752885958125729,0.0,0.0,0.0,0.0,0.0
F4,wso,lifecycle_amortized,2012,-0.00975193300327088,0.0,0.0,0.0,0.0,0.0
F4,wso,lifecycle_frontloaded,2012,-0.06433959947785656,0.0,0.0,0.0,0.0,0.0
F4,wso,lifecycle_amortized,2013,-0.012657527932197613,0.0,0.0,0.0,0.0,0.0
F4,wso,lifecycle_frontloaded,2013,-0.06989769003480414,0.0,0.0,0.0,0.0,0.0
F4,wso,lifecycle_amortized,2014,-0.016785638056965566,0.0,0.0,0.0,0.0,0.0
F4,wso,lifecycle_frontloaded,2014,-0.08158459041940846,0.0,0.0,0.0,0.0,0.0
F4,wso,lifecycle_amortized,2015,-0.021065265917303677,0.0,0.0,0.0,0.0,0.0
F4,wso,lifecycle_frontloaded,2015,-0.10794323193604749,0.0,0.0,0.0,0.0,0.0
F4,wso,lifecycle_amortized,2016,-0.026011601921782666,0.0,0.0,0.0,0.0,0.0
F4,wso,lifecycle_frontloaded,2016,-0.12842962332386063,0.0,0.0,0.0,0.0,0.0
F4,wso,lifecycle_amortized,2017,-0.03380658018741599,0.0,0.0,0.0,0.0,0.0
F4,wso,lifecycle_frontloaded,2017,-0.16215707056676693,0.0,0.0,0.0,0.0,0.0
F4,wso,lifecycle_amortized,2018,-0.041627607968890944,0.0,0.0,0.0,0.0,0.0
F4,wso,lifecycle_frontloaded,2018,-0.17196135938789175,0.0,0.0,0.0,0.0,0.0
F4,wso,lifecycle_amortized,2019,-0.04925556958454541,0.0,0.0,0.0,0.0,0.0
F4,wso,lifecycle_frontloaded,2019,-0.19069588325759765,0.0,0.0,0.0,0.0,0.0
F4,wso,lifecycle_amortized,2020,-0.0586774461330056,0.0,0.0,0.0,0.0,0.0
F4,wso,lifecycle_frontloaded,2020,-0.2614526979521276,0.0,0.0,0.0,0.0,0.0
F4,wso,lifecycle_amortized,2021,-0.07154733511915302,0.0,0.0,0.0,0.0,0.0
F4,wso,lifecycle_frontloaded,2021,-0.28097254333980465,0.0,0.0,0.0,0.0,0.0
F4,wso,lifecycle_amortized,2022,-0.08781519025278063,0.0,0.0,0.0,0.0,0.0
F4,wso,lifecycle_frontloaded,2022,-0.34622935829083207,0.0,0.0,0.0,0.0,0.0
F4,wso,lifecycle_amortized,2023,-0.1063291490748637,0.0,0.0,0.0,0.0,0.0
F4,wso,lifecycle_frontloaded,2023,-0.5877461625292458,0.0,0.0,0.0,0.0,0.0
F4,wso,lifecycle_amortized,2024,-0.1313015429849313,0.0,0.0,0.0,0.0,0.0
F4,wso,lifecycle_frontloaded,2024,-0.69905380313241,0.0,0.0,0.0,0.0,0.0
F4,wso,lifecycle_amortized,2025,-0.16414604039918096,0.0,0.0,0.0,0.0,0.0
F4,wso,lifecycle_frontloaded,2025,-0.8074345771023758,0.0,0.0,0.0,0.0,0.0
F4,ws,lifecycle_amortized,2005,-0.0,0.0,0.0,0.0,0.0,0.0
F4,ws,lifecycle_frontloaded,2005,-0.0,0.0,0.0,0.0,0.0,0.0
F4,ws,lifecycle_amortized,2006,-0.00040565174030118665,0.0,0.0,0.0,0.0,0.0
F4,ws,lifecycle_frontloaded,2006,-0.009342364719107953,0.0,0.0,0.0,0.0,0.0
F4,ws,lifecycle_amortized,2007,-0.0009325740061481937,0.0,0.0,0.0,0.0,0.0
F4,ws,lifecycle_frontloaded,2007,-0.01235591023850451,0.0,0.0,0.0,0.0,0.0
F4,ws,lifecycle_amortized,2008,-0.0017020813523507658,0.0,0.0,0.0,0.0,0.0
F4,ws,lifecycle_frontloaded,2008,-0.018839847206435594,0.0,0.0,0.0,0.0,0.0
F4,ws,lifecycle_amortized,2009,-0.0026936007744499603,0.0,0.0,0.0,0.0,0.0
F4,ws,lifecycle_frontloaded,2009,-0.026291482285669646,0.0,0.0,0.0,0.0,0.0
F4,ws,lifecycle_amortized,2010,-0.004065574916927097,0.0,0.0,0.0,0.0,0.0
F4,ws,lifecycle_frontloaded,2010,-0.03305880582421025,0.0,0.0,0.0,0.0,0.0
F4,ws,lifecycle_amortized,2011,-0.006615392844677333,0.0,0.0,0.0,0.0,0.0
F4,ws,lifecycle_frontloaded,2011,-0.05457346539038592,0.0,0.0,0.0,0.0,0.0
F4,ws,lifecycle_amortized,2012,-0.009214496656994623,0.0,0.0,0.0,0.0,0.0
F4,ws,lifecycle_frontloaded,2012,-0.059939471436883454,0.0,0.0,0.0,0.0,0.0
F4,ws,lifecycle_amortized,2013,-0.012063250879958807,0.0,0.0,0.0,0.0,0.0
F4,ws,lifecycle_frontloaded,2013,-0.06100096872332873,0.0,0.0,0.0,0.0,0.0
F4,ws,lifecycle_amortized,2014,-0.015996585849285427,0.0,0.0,0.0,0.0,0.0
F4,ws,lifecycle_frontloaded,2014,-0.07984256914281271,0.0,0.0,0.0,0.0,0.0
F4,ws,lifecycle_amortized,2015,-0.02014035622929054,0.0,0.0,0.0,0.0,0.0
F4,ws,lifecycle_frontloaded,2015,-0.10173122806383064,0.0,0.0,0.0,0.0,0.0
F4,ws,lifecycle_amortized,2016,-0.024983253430943073,0.0,0.0,0.0,0.0,0.0
F4,ws,lifecycle_frontloaded,2016,-0.12317132735973507,0.0,0.0,0.0,0.0,0.0
F4,ws,lifecycle_amortized,2017,-0.03266365453402852,0.0,0.0,0.0,0.0,0.0
F4,ws,lifecycle_frontloaded,2017,-0.15625120764356296,0.0,0.0,0.0,0.0,0.0
F4,ws,lifecycle_amortized,2018,-0.04037894913384445,0.0,0.0,0.0,0.0,0.0
F4,ws,lifecycle_frontloaded,2018,-0.16512464005004376,0.0,0.0,0.0,0.0,0.0
F4,ws,lifecycle_amortized,2019,-0.04795904396670334,0.0,0.0,0.0,0.0,0.0
F4,ws,lifecycle_frontloaded,2019,-0.18280735145786828,0.0,0.0,0.0,0.0,0.0
F4,ws,lifecycle_amortized,2020,-0.05726113749389738,0.0,0.0,0.0,0.0,0.0
F4,ws,lifecycle_frontloaded,2020,-0.2526755404385489,0.0,0.0,0.0,0.0,0.0
F4,ws,lifecycle_amortized,2021,-0.07012219438012834,0.0,0.0,0.0,0.0,0.0
F4,ws,lifecycle_frontloaded,2021,-0.26872664590390727,0.0,0.0,0.0,0.0,0.0
F4,ws,lifecycle_amortized,2022,-0.0863296091747729,0.0,0.0,0.0,0.0,0.0
F4,ws,lifecycle_frontloaded,2022,-0.34089250608353844,0.0,0.0,0.0,0.0,0.0
F4,ws,lifecycle_amortized,2023,-0.1048250155907008,0.0,0.0,0.0,0.0,0.0
F4,ws,lifecycle_frontloaded,2023,-0.5833074982857201,0.0,0.0,0.0,0.0,0.0
F4,ws,lifecycle_amortized,2024,-0.12979657916765405,0.0,0.0,0.0,0.0,0.0
F4,ws,lifecycle_frontloaded,2024,-0.6953209472296322,0.0,0.0,0.0,0.0,0.0
F4,ws,lifecycle_amortized,2025,-0.16260931738082,0.0,0.0,0.0,0.0,0.0
F4,ws,lifecycle_frontloaded,2025,-0.8042334288769061,0.0,0.0,0.0,0.0,0.0
F4,wsob,lifecycle_amortized,2005,-0.0,0.0,0.0,0.0,0.0,0.0
F4,wsob,lifecycle_frontloaded,2005,-0.0,0.0,0.0,0.0,0.0,0.0
F4,wsob,lifecycle_amortized,2006,-0.00048773211855177744,0.0,0.0,0.0,0.0,0.0
F4,wsob,lifecycle_frontloaded,2006,-0.01267184448789408,0.0,0.0,0.0,0.0,0.0
F4,wsob,lifecycle_amortized,2007,-0.0010915931313138822,0.0,0.0,0.0,0.0,0.0
F4,wsob,lifecycle_frontloaded,2007,-0.01235591023850451,0.0,0.0,0.0,0.0,0.0
F4,wsob,lifecycle_amortized,2008,-0.002004608300574834,0.0,0.0,0.0,0.0,0.0
F4,wsob,lifecycle_frontloaded,2008,-0.020939847206435595,0.0,0.0,0.0,0.0,0.0
F4,wsob,lifecycle_amortized,2009,-0.0030729853636078186,0.0,0.0,0.0,0.0,0.0
F4,wsob,lifecycle_frontloaded,2009,-0.028378262861209213,0.0,0.0,0.0,0.0,0.0
F4,wsob,lifecycle_amortized,2010,-0.0044849067990436415,0.0,0.0,0.0,0.0,0.0
F4,wsob,lifecycle_frontloaded,2010,-0.0437184268154639,0.0,0.0,0.0,0.0,0.0
F4,wsob,lifecycle_amortized,2011,-0.007087755320119376,0.0,0.0,0.0,0.0,0.0
F4,wsob,lifecycle_frontloaded,2011,-0.05752885958125729,0.0,0.0,0.0,0.0,0.0
F4,wsob,lifecycle_amortized,2012,-0.00975193300327088,0.0,0.0,0.0,0.0,0.0
F4,wsob,lifecycle_frontloaded,2012,-0.06433959947785656,0.0,0.0,0.0,0.0,0.0
F4,wsob,lifecycle_amortized,2013,-0.012657527932197613,0.0,0.0,0.0,0.0,0.0
F4,wsob,lifecycle_frontloaded,2013,-0.06989769003480414,0.0,0.0,0.0,0.0,0.0
F4,wsob,lifecycle_amortized,2014,-0.016785638056965566,0.0,0.0,0.0,0.0,0.0
F4,wsob,lifecycle_frontloaded,2014,-0.08158459041940846,0.0,0.0,0.0,0.0,0.0
F4,wsob,lifecycle_amortized,2015,-0.021065265917303677,0.0,0.0,0.0,0.0,0.0
F4,wsob,lifecycle_frontloaded,2015,-0.10794323193604749,0.0,0.0,0.0,0.0,0.0
F4,wsob,lifecycle_amortized,2016,-0.026011601921782666,0.0,0.0,0.0,0.0,0.0
F4,wsob,lifecycle_frontloaded,2016,-0.12842962332386063,0.0,0.0,0.0,0.0,0.0
F4,wsob,lifecycle_amortized,2017,-0.03380658018741599,0.0,0.0,0.0,0.0,0.0
F4,wsob,lifecycle_frontloaded,2017,-0.16215707056676693,0.0,0.0,0.0,0.0,0.0
F4,wsob,lifecycle_amortized,2018,-0.041627607968890944,0.0,0.0,0.0,0.0,0.0
F4,wsob,lifecycle_frontloaded,2018,-0.17196135938789175,0.0,0.0,0.0,0.0,0.0
F4,wsob,lifecycle_amortized,2019,-0.04925556958454541,0.0,0.0,0.0,0.0,0.0
F4,wsob,lifecycle_frontloaded,2019,-0.19069588325759765,0.0,0.0,0.0,0.0,0.0
F4,wsob,lifecycle_amortized,2020,-0.0586774461330056,0.0,0.0,0.0,0.0,0.0
F4,wsob,lifecycle_frontloaded,2020,-0.2614526979521276,0.0,0.0,0.0,0.0,0.0
F4,wsob,lifecycle_amortized,2021,-0.07154733511915302,0.0,0.0,0.0,0.0,0.0
F4,wsob,lifecycle_frontloaded,2021,-0.28097254333980465,0.0,0.0,0.0,0.0,0.0
F4,wsob,lifecycle_amortized,2022,-0.08781519025278063,0.0,0.0,0.0,0.0,0.0
F4,wsob,lifecycle_frontloaded,2022,-0.34622935829083207,0.0,0.0,0.0,0.0,0.0
F4,wsob,lifecycle_amortized,2023,-0.1063291490748637,0.0,0.0,0.0,0.0,0.0
F4,wsob,lifecycle_frontloaded,2023,-0.5877461625292458,0.0,0.0,0.0,0.0,0.0
F4,wsob,lifecycle_amortized,2024,-0.1313015429849313,0.0,0.0,0.0,0.0,0.0
F4,wsob,lifecycle_frontloaded,2024,-0.69905380313241,0.0,0.0,0.0,0.0,0.0
F4,wsob,lifecycle_amortized,2025,-0.16414604039918096,0.0,0.0,0.0,0.0,0.0
F4,wsob,lifecycle_frontloaded,2025,-0.8074345771023758,0.0,0.0,0.0,0.0,0.0
F4,wsob,bio_coemis,2005,0.0,-0.0,-0.0,-0.0,-0.0,0.0
F4,wsob,bio_coemis,2006,0.0,-0.0031163583867690157,-0.021038294637991017,-0.0030020826463507872,-0.015558032091398603,0.0
F4,wsob,bio_coemis,2007,0.0,-0.007963227413882897,-0.05333596368286749,-0.007975141537978254,-0.03981512435029975,0.0
F4,wsob,bio_coemis,2008,0.0,-0.010865041290552822,-0.07600892933762125,-0.012264684644038574,-0.05939752639358738,0.0
F4,wsob,bio_coemis,2009,0.0,-0.013988403985302657,-0.10474031934853285,-0.018429854014358694,-0.08689577706454273,0.0
F4,wsob,bio_coemis,2010,0.0,-0.021362512431816902,-0.16631642580048986,-0.033250861605138196,-0.14809148884001952,0.0
F4,wsob,bio_coemis,2011,0.0,-0.02316679376838931,-0.19183288131857518,-0.039096799793010846,-0.16970051546221634,0.0
F4,wsob,bio_coemis,2012,0.0,-0.028775524198357452,-0.24249986482967753,-0.04745969377847077,-0.2042472050632711,0.0
F4,wsob,bio_coemis,2013,0.0,-0.03269572906126998,-0.2883872023513754,-0.058285309950100075,-0.24344478216392876,0.0
F4,wsob,bio_coemis,2014,0.0,-0.03589772681600875,-0.33642082211584196,-0.07018096943730404,-0.28713198916129423,0.0
F4,wsob,bio_coemis,2015,0.0,-0.03733900013972952,-0.3710074281885876,-0.07797702249943118,-0.3144616401015547,0.0
F4,wsob,bio_coemis,2016,0.0,-0.03851350292253431,-0.45081376624762987,-0.10196226972806664,-0.41539637287511033,0.0
F4,wsob,bio_coemis,2017,0.0,-0.04075973865516427,-0.5186924648029093,-0.11968127497074192,-0.4770291107864656,0.0
F4,wsob,bio_coemis,2018,0.0,-0.04406068233464583,-0.5951380481551516,-0.13630185946913756,-0.5433475649222329,0.0
F4,wsob,bio_coemis,2019,0.0,-0.04610280178468391,-0.6455959931408153,-0.1523858088083651,-0.5962087572716622,0.0
F4,wsob,bio_coemis,2020,0.0,-0.048772557457503106,-0.7138339696261086,-0.17427045939337332,-0.6660172206331053,0.0
F4,wsob,bio_coemis,2021,0.0,-0.05446310248705959,-0.8235352401206743,-0.21003598282503558,-0.7940645685796449,0.0
F4,wsob,bio_coemis,2022,0.0,-0.05518325637482945,-0.8796618432551943,-0.2304872649128657,-0.8584583095455836,0.0
F4,wsob,bio_coemis,2023,0.0,-0.055378408819692415,-0.8864688862555772,-0.23257517913526998,-0.8678909860830579,0.0
F4,wsob,bio_coemis,2024,0.0,-0.05768957464278378,-0.9234648317298938,-0.24228148555997978,-0.9041116003613604,0.0
F4,wsob,bio_coemis,2025,0.0,-0.05800660860831748,-0.9285397472488084,-0.2436129472775968,-0.9090801598926523,0.0
F5,wso,lifecycle_amortized,2005,-0.0,0.0,0.0,0.0,0.0,0.0
F5,wso,lifecycle_frontloaded,2005,-0.0,0.0,0.0,0.0,0.0,0.0
F5,wso,lifecycle_amortized,2006,-0.00048773211855177744,0.0,0.0,0.0,0.0,0.0
F5,wso,lifecycle_frontloaded,2006,-0.01267184448789408,0.0,0.0,0.0,0.0,0.0
F5,wso,lifecycle_amortized,2007,-0.0010915931313138822,0.0,0.0,0.0,0.0,0.0
F5,wso,lifecycle_frontloaded,2007,-0.01235591023850451,0.0,0.0,0.0,0.0,0.0
F5,wso,lifecycle_amortized,2008,-0.002004608300574834,0.0,0.0,0.0,0.0,0.0
F5,wso,lifecycle_frontloaded,2008,-0.020939847206435595,0.0,0.0,0.0,0.0,0.0
F5,wso,lifecycle_amortized,2009,-0.0030729853636078186,0.0,0.0,0.0,0.0,0.0
F5,wso,lifecycle_frontloaded,2009,-0.028378262861209213,0.0,0.0,0.0,0.0,0.0
F5,wso,lifecycle_amortized,2010,-0.0044849067990436415,0.0,0.0,0.0,0.0,0.0
F5,wso,lifecycle_frontloaded,2010,-0.0437184268154639,0.0,0.0,0.0,0.0,0.0
F5,wso,lifecycle_amortized,2011,-0.007087755320119376,0.0,0.0,0.0,0.0,0.0
F5,wso,lifecycle_frontloaded,2011,-0.05752885958125729,0.0,0.0,0.0,0.0,0.0
F5,wso,lifecycle_amortized,2012,-0.00975193300327088,0.0,0.0,0.0,0.0,0.0
F5,wso,lifecycle_frontloaded,2012,-0.06433959947785656,0.0,0.0,0.0,0.0,0.0
F5,wso,lifecycle_amortized,2013,-0.012657527932197613,0.0,0.0,0.0,0.0,0.0
F5,wso,lifecycle_frontloaded,2013,-0.06989769003480414,0.0,0.0,0.0,0.0,0.0
F5,wso,lifecycle_amortized,2014,-0.016785638056965566,0.0,0.0,0.0,0.0,0.0
F5,wso,lifecycle_frontloaded,2014,-0.08158459041940846,0.0,0.0,0.0,0.0,0.0
F5,wso,lifecycle_amortized,2015,-0.021065265917303677,0.0,0.0,0.0,0.0,0.0
F5,wso,lifecycle_frontloaded,2015,-0.10794323193604749,0.0,0.0,0.0,0.0,0.0
F5,wso,lifecycle_amortized,2016,-0.026011601921782666,0.0,0.0,0.0,0.0,0.0
F5,wso,lifecycle_frontloaded,2016,-0.12842962332386063,0.0,0.0,0.0,0.0,0.0
F5,wso,lifecycle_amortized,2017,-0.03380658018741599,0.0,0.0,0.0,0.0,0.0
F5,wso,lifecycle_frontloaded,2017,-0.16215707056676693,0.0,0.0,0.0,0.0,0.0
F5,wso,lifecycle_amortized,2018,-0.041627607968890944,0.0,0.0,0.0,0.0,0.0
F5,wso,lifecycle_frontloaded,2018,-0.17196135938789175,0.0,0.0,0.0,0.0,0.0
F5,wso,lifecycle_amortized,2019,-0.04925556958454541,0.0,0.0,0.0,0.0,0.0
F5,wso,lifecycle_frontloaded,2019,-0.19069588325759765,0.0,0.0,0.0,0.0,0.0
F5,wso,lifecycle_amortized,2020,-0.0586774461330056,0.0,0.0,0.0,0.0,0.0
F5,wso,lifecycle_frontloaded,2020,-0.2614526979521276,0.0,0.0,0.0,0.0,0.0
F5,wso,lifecycle_amortized,2021,-0.07154733511915302,0.0,0.0,0.0,0.0,0.0
F5,wso,lifecycle_frontloaded,2021,-0.28097254333980465,0.0,0.0,0.0,0.0,0.0
F5,wso,lifecycle_amortized,2022,-0.08781519025278063,0.0,0.0,0.0,0.0,0.0
F5,wso,lifecycle_frontloaded,2022,-0.34622935829083207,0.0,0.0,0.0,0.0,0.0
F5,wso,lifecycle_amortized,2023,-0.1063291490748637,0.0,0.0,0.0,0.0,0.0
F5,wso,lifecycle_frontloaded,2023,-0.5877461625292458,0.0,0.0,0.0,0.0,0.0
F5,wso,lifecycle_amortized,2024,-0.1313015429849313,0.0,0.0,0.0,0.0,0.0
F5,wso,lifecycle_frontloaded,2024,-0.69905380313241,0.0,0.0,0.0,0.0,0.0
F5,wso,lifecycle_amortized,2025,-0.16414604039918096,0.0,0.0,0.0,0.0,0.0
F5,wso,lifecycle_frontloaded,2025,-0.8074345771023758,0.0,0.0,0.0,0.0,0.0
F5,ws,lifecycle_amortized,2005,-0.0,0.0,0.0,0.0,0.0,0.0
F5,ws,lifecycle_frontloaded,2005,-0.0,0.0,0.0,0.0,0.0,0.0
F5,ws,lifecycle_amortized,2006,-0.00040565174030118665,0.0,0.0,0.0,0.0,0.0
F5,ws,lifecycle_frontloaded,2006,-0.009342364719107953,0.0,0.0,0.0,0.0,0.0
F5,ws,lifecycle_amortized,2007,-0.0009325740061481937,0.0,0.0,0.0,0.0,0.0
F5,ws,lifecycle_frontloaded,2007,-0.01235591023850451,0.0,0.0,0.0,0.0,0.0
F5,ws,lifecycle_amortized,2008,-0.0017020813523507658,0.0,0.0,0.0,0.0,0.0
F5,ws,lifecycle_frontloaded,2008,-0.018839847206435594,0.0,0.0,0.0,0.0,0.0
F5,ws,lifecycle_amortized,2009,-0.0026936007744499603,0.0,0.0,0.0,0.0,0.0
F5,ws,lifecycle_frontloaded,2009,-0.026291482285669646,0.0,0.0,0.0,0.0,0.0
F5,ws,lifecycle_amortized,2010,-0.004065574916927097,0.0,0.0,0.0,0.0,0.0
F5,ws,lifecycle_frontloaded,2010,-0.03305880582421025,0.0,0.0,0.0,0.0,0.0
F5,ws,lifecycle_amortized,2011,-0.006615392844677333,0.0,0.0,0.0,0.0,0.0
F5,ws,lifecycle_frontloaded,2011,-0.05457346539038592,0.0,0.0,0.0,0.0,0.0
F5,ws,lifecycle_amortized,2012,-0.009214496656994623,0.0,0.0,0.0,0.0,0.0
F5,ws,lifecycle_frontloaded,2012,-0.059939471436883454,0.0,0.0,0.0,0.0,0.0
F5,ws,lifecycle_amortized,2013,-0.012063250879958807,0.0,0.0,0.0,0.0,0.0
F5,ws,lifecycle_frontloaded,2013,-0.06100096872332873,0.0,0.0,0.0,0.0,0.0
F5,ws,lifecycle_amortized,2014,-0.015996585849285427,0.0,0.0,0.0,0.0,0.0
F5,ws,lifecycle_frontloaded,2014,-0.07984256914281271,0.0,0.0,0.0,0.0,0.0
F5,ws,lifecycle_amortized,2015,-0.02014035622929054,0.0,0.0,0.0,0.0,0.0
F5,ws,lifecycle_frontloaded,2015,-0.10173122806383064,0.0,0.0,0.0,0.0,0.0
F5,ws,lifecycle_amortized,2016,-0.024983253430943073,0.0,0.0,0.0,0.0,0.0
F5,ws,lifecycle_frontloaded,2016,-0.12317132735973507,0.0,0.0,0.0,0.0,0.0
F5,ws,lifecycle_amortized,2017,-0.03266365453402852,0.0,0.0,0.0,0.0,0.0
F5,ws,lifecycle_frontloaded,2017,-0.15625120764356296,0.0,0.0,0.0,0.0,0.0
F5,ws,lifecycle_amortized,2018,-0.04037894913384445,0.0,0.0,0.0,0.0,0.0
F5,ws,lifecycle_frontloaded,2018,-0.16512464005004376,0.0,0.0,0.0,0.0,0.0
F5,ws,lifecycle_amortized,2019,-0.04795904396670334,0.0,0.0,0.0,0.0,0.0
F5,ws,lifecycle_frontloaded,2019,-0.18280735145786828,0.0,0.0,0.0,0.0,0.0
F5,ws,lifecycle_amortized,2020,-0.05726113749389738,0.0,0.0,0.0,0.0,0.0
F5,ws,lifecycle_frontloaded,2020,-0.2526755404385489,0.0,0.0,0.0,0.0,0.0
F5,ws,lifecycle_amortized,2021,-0.07012219438012834,0.0,0.0,0.0,0.0,0.0
F5,ws,lifecycle_frontloaded,2021,-0.26872664590390727,0.0,0.0,0.0,0.0,0.0
F5,ws,lifecycle_amortized,2022,-0.0863296091747729,0.0,0.0,0.0,0.0,0.0
F5,ws,lifecycle_frontloaded,2022,-0.34089250608353844,0.0,0.0,0.0,0.0,0.0
F5,ws,lifecycle_amortized,2023,-0.1048250155907008,0.0,0.0,0.0,0.0,0.0
F5,ws,lifecycle_frontloaded,2023,-0.5833074982857201,0.0,0.0,0.0,0.0,0.0
F5,ws,lifecycle_amortized,2024,-0.12979657916765405,0.0,0.0,0.0,0.0,0.0
F5,ws,lifecycle_frontloaded,2024,-0.6953209472296322,0.0,0.0,0.0,0.0,0.0
F5,ws,lifecycle_amortized,2025,-0.16260931738082,0.0,0.0,0.0,0.0,0.0
F5,ws,lifecycle_frontloaded,2025,-0.8042334288769061,0.0,0.0,0.0,0.0,0.0
F5,wsob,lifecycle_amortized,2005,-0.0,0.0,0.0,0.0,0.0,0.0
F5,wsob,lifecycle_frontloaded,2005,-0.0,0.0,0.0,0.0,0.0,0.0
F5,wsob,lifecycle_amortized,2006,-0.00048773211855177744,0.0,0.0,0.0,0.0,0.0
F5,wsob,lifecycle_frontloaded,2006,-0.01267184448789408,0.0,0.0,0.0,0.0,0.0
F5,wsob,lifecycle_amortized,2007,-0.0010915931313138822,0.0,0.0,0.0,0.0,0.0
F5,wsob,lifecycle_frontloaded,2007,-0.01235591023850451,0.0,0.0,0.0,0.0,0.0
F5,wsob,lifecycle_amortized,2008,-0.002004608300574834,0.0,0.0,0.0,0.0,0.0
F5,wsob,lifecycle_frontloaded,2008,-0.020939847206435595,0.0,0.0,0.0,0.0,0.0
F5,wsob,lifecycle_amortized,2009,-0.0030729853636078186,0.0,0.0,0.0,0.0,0.0
F5,wsob,lifecycle_frontloaded,2009,-0.028378262861209213,0.0,0.0,0.0,0.0,0.0
F5,wsob,lifecycle_amortized,2010,-0.0044849067990436415,0.0,0.0,0.0,0.0,0.0
F5,wsob,lifecycle_frontloaded,2010,-0.0437184268154639,0.0,0.0,0.0,0.0,0.0
F5,wsob,lifecycle_amortized,2011,-0.007087755320119376,0.0,0.0,0.0,0.0,0.0
F5,wsob,lifecycle_frontloaded,2011,-0.05752885958125729,0.0,0.0,0.0,0.0,0.0
F5,wsob,lifecycle_amortized,2012,-0.00975193300327088,0.0,0.0,0.0,0.0,0.0
F5,wsob,lifecycle_frontloaded,2012,-0.06433959947785656,0.0,0.0,0.0,0.0,0.0
F5,wsob,lifecycle_amortized,2013,-0.012657527932197613,0.0,0.0,0.0,0.0,0.0
F5,wsob,lifecycle_frontloaded,2013,-0.06989769003480414,0.0,0.0,0.0,0.0,0.0
F5,wsob,lifecycle_amortized,2014,-0.016785638056965566,0.0,0.0,0.0,0.0,0.0
F5,wsob,lifecycle_frontloaded,2014,-0.08158459041940846,0.0,0.0,0.0,0.0,0.0
F5,wsob,lifecycle_amortized,2015,-0.021065265917303677,0.0,0.0,0.0,0.0,0.0
F5,wsob,lifecycle_frontloaded,2015,-0.10794323193604749,0.0,0.0,0.0,0.0,0.0
F5,wsob,lifecycle_amortized,2016,-0.026011601921782666,0.0,0.0,0.0,0.0,0.0
F5,wsob,lifecycle_frontloaded,2016,-0.12842962332386063,0.0,0.0,0.0,0.0,0.0
F5,wsob,lifecycle_amortized,2017,-0.03380658018741599,0.0,0.0,0.0,0.0,0.0
F5,wsob,lifecycle_frontloaded,2017,-0.16215707056676693,0.0,0.0,0.0,0.0,0.0
F5,wsob,lifecycle_amortized,2018,-0.041627607968890944,0.0,0.0,0.0,0.0,0.0
F5,wsob,lifecycle_frontloaded,2018,-0.17196135938789175,0.0,0.0,0.0,0.0,0.0
F5,wsob,lifecycle_amortized,2019,-0.04925556958454541,0.0,0.0,0.0,0.0,0.0
F5,wsob,lifecycle_frontloaded,2019,-0.19069588325759765,0.0,0.0,0.0,0.0,0.0
F5,wsob,lifecycle_amortized,2020,-0.0586774461330056,0.0,0.0,0.0,0.0,0.0
F5,wsob,lifecycle_frontloaded,2020,-0.2614526979521276,0.0,0.0,0.0,0.0,0.0
F5,wsob,lifecycle_amortized,2021,-0.07154733511915302,0.0,0.0,0.0,0.0,0.0
F5,wsob,lifecycle_frontloaded,2021,-0.28097254333980465,0.0,0.0,0.0,0.0,0.0
F5,wsob,lifecycle_amortized,2022,-0.08781519025278063,0.0,0.0,0.0,0.0,0.0
F5,wsob,lifecycle_frontloaded,2022,-0.34622935829083207,0.0,0.0,0.0,0.0,0.0
F5,wsob,lifecycle_amortized,2023,-0.1063291490748637,0.0,0.0,0.0,0.0,0.0
F5,wsob,lifecycle_frontloaded,2023,-0.5877461625292458,0.0,0.0,0.0,0.0,0.0
F5,wsob,lifecycle_amortized,2024,-0.1313015429849313,0.0,0.0,0.0,0.0,0.0
F5,wsob,lifecycle_frontloaded,2024,-0.69905380313241,0.0,0.0,0.0,0.0,0.0
F5,wsob,lifecycle_amortized,2025,-0.16414604039918096,0.0,0.0,0.0,0.0,0.0
F5,wsob,lifecycle_frontloaded,2025,-0.8074345771023758,0.0,0.0,0.0,0.0,0.0
F5,wsob,bio_coemis,2005,0.0,-0.0,-0.0,-0.0,-0.0,0.0
F5,wsob,bio_coemis,2006,0.0,-0.0031163583867690157,-0.021038294637991017,-0.0030020826463507872,-0.015558032091398603,0.0
F5,wsob,bio_coemis,2007,0.0,-0.007963227413882897,-0.05333596368286749,-0.007975141537978254,-0.03981512435029975,0.0
F5,wsob,bio_coemis,2008,0.0,-0.010865041290552822,-0.07600892933762125,-0.012264684644038574,-0.05939752639358738,0.0
F5,wsob,bio_coemis,2009,0.0,-0.013988403985302657,-0.10474031934853285,-0.018429854014358694,-0.08689577706454273,0.0
F5,wsob,bio_coemis,2010,0.0,-0.021362512431816902,-0.16631642580048986,-0.033250861605138196,-0.14809148884001952,0.0
F5,wsob,bio_coemis,2011,0.0,-0.02316679376838931,-0.19183288131857518,-0.039096799793010846,-0.16970051546221634,0.0
F5,wsob,bio_coemis,2012,0.0,-0.028775524198357452,-0.24249986482967753,-0.04745969377847077,-0.2042472050632711,0.0
F5,wsob,bio_coemis,2013,0.0,-0.03269572906126998,-0.2883872023513754,-0.058285309950100075,-0.24344478216392876,0.0
F5,wsob,bio_coemis,2014,0.0,-0.03589772681600875,-0.33642082211584196,-0.07018096943730404,-0.28713198916129423,0.0
F5,wsob,bio_coemis,2015,0.0,-0.03733900013972952,-0.3710074281885876,-0.07797702249943118,-0.3144616401015547,0.0
F5,wsob,bio_coemis,2016,0.0,-0.03851350292253431,-0.45081376624762987,-0.10196226972806664,-0.41539637287511033,0.0
F5,wsob,bio_coemis,2017,0.0,-0.04075973865516427,-0.5186924648029093,-0.11968127497074192,-0.4770291107864656,0.0
F5,wsob,bio_coemis,2018,0.0,-0.04406068233464583,-0.5951380481551516,-0.13630185946913756,-0.5433475649222329,0.0
F5,wsob,bio_coemis,2019,0.0,-0.04610280178468391,-0.6455959931408153,-0.1523858088083651,-0.5962087572716622,0.0
F5,wsob,bio_coemis,2020,0.0,-0.048772557457503106,-0.7138339696261086,-0.17427045939337332,-0.6660172206331053,0.0
F5,wsob,bio_coemis,2021,0.0,-0.05446310248705959,-0.8235352401206743,-0.21003598282503558,-0.7940645685796449,0.0
F5,wsob,bio_coemis,2022,0.0,-0.05518325637482945,-0.8796618432551943,-0.2304872649128657,-0.8584583095455836,0.0
F5,wsob,bio_coemis,2023,0.0,-0.055378408819692415,-0.8864688862555772,-0.23257517913526998,-0.8678909860830579,0.0
F5,wsob,bio_coemis,2024,0.0,-0.05768957464278378,-0.9234648317298938,-0.24228148555997978,-0.9041116003613604,0.0
F5,wsob,bio_coemis,2025,0.0,-0.05800660860831748,-0.9285397472488084,-0.2436129472775968,-0.9090801598926523,0.0
