techset,iso,note,year,rule,spill_other_fuel_TWh,newbuild_TWh
wso,ARG,negative gap set to 0 in 5 yrs (min -0.04 TWh),,,,
wso,COL,negative gap set to 0 in 4 yrs (min -0.05 TWh),,,,
wso,CPV,negative gap set to 0 in 1 yrs (min -0.01 TWh),,,,
wso,CRI,negative gap set to 0 in 1 yrs (min -0.02 TWh),,,,
wso,DNK,negative gap set to 0 in 1 yrs (min -0.51 TWh),,,,
wso,FIN,negative gap set to 0 in 1 yrs (min -0.01 TWh),,,,
wso,GLP,negative gap set to 0 in 3 yrs (min -0.05 TWh),,,,
wso,MAR,negative gap set to 0 in 1 yrs (min -0.03 TWh),,,,
wso,NIC,negative gap set to 0 in 1 yrs (min -0.03 TWh),,,,
wso,PHL,negative gap set to 0 in 1 yrs (min -0.25 TWh),,,,
wso,PNG,negative gap set to 0 in 8 yrs (min -0.20 TWh),,,,
wso,RUS,negative gap set to 0 in 2 yrs (min -0.01 TWh),,,,
wso,EUROPE_POOL,,2006.0,F1,1.4257322311446676,0.0
wso,BGD,,2006.0,F1,0.009902676399026764,0.0
wso,BRA,,2006.0,F1,0.03977823692457774,0.0
wso,CHN,,2006.0,F1,0.028389956686518676,0.0
wso,EGY,,2006.0,F1,0.015477765340388722,0.0
wso,IDN,,2006.0,F1,0.01756548536209568,0.0
wso,IND,,2006.0,F1,2.8172959081503235,0.0
wso,IRN,,2006.0,F1,0.015731941631662836,0.0
wso,ISL,no fossil; regional (Europe) mix used for 0.97 TWh,2006.0,F1,,
wso,ISL,,2006.0,F1,0.6735521417875111,0.23416000000000003
wso,JPN,,2006.0,F1,0.2724476679576908,0.0
wso,KEN,,2006.0,F1,0.0,0.010000000000000009
wso,KOR,,2006.0,F1,0.07999160872692399,0.0
wso,NCL,,2006.0,F1,0.0016311058457153188,0.0
wso,NIC,,2006.0,F1,0.0,0.03999999999999998
wso,NZL,,2006.0,F1,0.13929589124221542,0.0
wso,SLV,,2006.0,F1,0.061267424918822755,0.0
wso,THA,,2006.0,F1,0.03226495218006651,0.0
wso,TUR,,2006.0,F1,0.002277384276328993,0.0
wso,TWN,,2006.0,F1,0.12860764917680284,0.0
wso,BEL,,2006.0,F1nat,0.0061093110719793306,0.0
wso,BGR,,2006.0,F1nat,0.0004053370659779429,0.0
wso,CZE,,2006.0,F1nat,0.00040613809400051143,0.0
wso,ESP,,2006.0,F1nat,0.22860174324971966,0.0
wso,GRC,,2006.0,F1nat,0.0688535411746969,0.0
wso,HRV,,2006.0,F1nat,0.0032907348242811503,0.0
wso,ITA,,2006.0,F1nat,0.1665326371825326,0.0
wso,LTU,,2006.0,F1nat,0.0017725752508361203,0.0
wso,LUX,,2006.0,F1nat,0.0,0.009999999999999995
wso,NLD,,2006.0,F1nat,0.4691030420496027,0.0
wso,NOR,,2006.0,F1nat,0.009012468491325034,0.0
wso,POL,,2006.0,F1nat,0.0020021684140306708,0.0
wso,PRT,,2006.0,F1nat,0.7226997004626703,0.0
wso,BGD,,2006.0,F1nat,0.009902676399026764,0.0
wso,BRA,,2006.0,F1nat,0.03977823692457774,0.0
wso,CHN,,2006.0,F1nat,0.028389956686518676,0.0
wso,EGY,,2006.0,F1nat,0.015477765340388722,0.0
wso,IDN,,2006.0,F1nat,0.01756548536209568,0.0
wso,IND,,2006.0,F1nat,2.8172959081503235,0.0
wso,IRN,,2006.0,F1nat,0.015731941631662836,0.0
wso,ISL,no fossil; regional (Europe) mix used for 0.97 TWh,2006.0,F1nat,,
wso,ISL,,2006.0,F1nat,0.6735521417875111,0.23416000000000003
wso,JPN,,2006.0,F1nat,0.2724476679576908,0.0
wso,KEN,,2006.0,F1nat,0.0,0.010000000000000009
wso,KOR,,2006.0,F1nat,0.07999160872692399,0.0
wso,NCL,,2006.0,F1nat,0.0016311058457153188,0.0
wso,NIC,,2006.0,F1nat,0.0,0.03999999999999998
wso,NZL,,2006.0,F1nat,0.13929589124221542,0.0
wso,SLV,,2006.0,F1nat,0.061267424918822755,0.0
wso,THA,,2006.0,F1nat,0.03226495218006651,0.0
wso,TUR,,2006.0,F1nat,0.002277384276328993,0.0
wso,TWN,,2006.0,F1nat,0.12860764917680284,0.0
wso,ISL,no fossil; regional (Europe) mix used for 0.97 TWh,2006.0,F1nocap,,
wso,EUROPE_POOL,,2006.0,F1marg,1.4257322311446676,0.0
wso,BGD,,2006.0,F1marg,0.009902676399026764,0.0
wso,BRA,,2006.0,F1marg,0.03977823692457774,0.0
wso,CHN,,2006.0,F1marg,0.028389956686518676,0.0
wso,EGY,,2006.0,F1marg,0.015477765340388722,0.0
wso,IDN,,2006.0,F1marg,0.01756548536209568,0.0
wso,IND,,2006.0,F1marg,2.8172959081503235,0.0
wso,IRN,,2006.0,F1marg,0.015731941631662836,0.0
wso,ISL,no fossil; regional (Europe) mix used for 0.97 TWh,2006.0,F1marg,,
wso,ISL,,2006.0,F1marg,0.6735521417875111,0.23416000000000003
wso,JPN,,2006.0,F1marg,0.2724476679576908,0.0
wso,KEN,,2006.0,F1marg,0.0,0.010000000000000009
wso,KOR,,2006.0,F1marg,0.07999160872692399,0.0
wso,NCL,,2006.0,F1marg,0.0016311058457153188,0.0
wso,NIC,,2006.0,F1marg,0.0,0.03999999999999998
wso,NZL,,2006.0,F1marg,0.13929589124221542,0.0
wso,SLV,,2006.0,F1marg,0.061267424918822755,0.0
wso,THA,,2006.0,F1marg,0.03226495218006651,0.0
wso,TUR,,2006.0,F1marg,0.002277384276328993,0.0
wso,TWN,,2006.0,F1marg,0.12860764917680284,0.0
wso,EUROPE_POOL,,2007.0,F1,2.9272736106871315,0.0
wso,BGD,,2007.0,F1,0.019510420112471057,0.0
wso,BRA,,2007.0,F1,0.15502413104618035,0.0
wso,EGY,,2007.0,F1,0.022532863402552873,0.0
wso,FRO,no fossil; regional (Europe) mix used for 0.01 TWh,2007.0,F1,,
wso,FRO,,2007.0,F1,0.009452531262483375,0.0
wso,GTM,,2007.0,F1,0.02983862253262742,0.0
wso,IDN,,2007.0,F1,0.11983079526226731,0.0
wso,IRN,,2007.0,F1,0.01750567506215545,0.0
wso,ISL,no fossil; regional (Europe) mix used for 1.92 TWh,2007.0,F1,,
wso,ISL,,2007.0,F1,0.5256060023968077,1.2892800000000004
wso,JPN,,2007.0,F1,0.6577736000900692,0.0
wso,KEN,,2007.0,F1,0.0,0.020000000000000018
wso,KOR,,2007.0,F1,0.19055393690874428,0.0
wso,MAR,,2007.0,F1,0.012815265486725671,0.0
wso,MTQ,,2007.0,F1,0.01,0.0
wso,NZL,,2007.0,F1,0.5592479108635099,0.0
wso,PNG,,2007.0,F1,0.0,0.10000000000000003
wso,REU,,2007.0,F1,0.008064516129032258,0.0
wso,SLV,,2007.0,F1,0.32999999999999985,0.0
wso,THA,,2007.0,F1,0.030650215729316477,0.0
wso,TUR,,2007.0,F1,0.24185232550165484,0.0
wso,TWN,,2007.0,F1,0.23638746608893688,0.0
wso,UGA,,2007.0,F1,0.0,0.01
wso,UKR,,2007.0,F1,8.043758043758043e-05,0.0
wso,BEL,,2007.0,F1nat,0.006355368787470628,0.0
wso,BGR,,2007.0,F1nat,0.0011660079051383399,0.0
wso,CZE,,2007.0,F1nat,0.0009928982272227028,0.0
wso,DNK,,2007.0,F1nat,0.13999793753214065,0.0
wso,FIN,,2007.0,F1nat,0.008029048752320939,0.0
wso,GRC,,2007.0,F1nat,0.08384642781642404,0.0
wso,HRV,,2007.0,F1nat,0.014076923076923072,0.0
wso,ITA,,2007.0,F1nat,0.3056424012825308,0.0
wso,LTU,,2007.0,F1nat,0.02176675991051806,0.0
wso,LUX,,2007.0,F1nat,0.0,0.009999999999999995
wso,NLD,,2007.0,F1nat,0.964888951244887,0.0
wso,NOR,,2007.0,F1nat,0.017041422660850878,0.0
wso,POL,,2007.0,F1nat,0.005661525728116634,0.0
wso,PRT,,2007.0,F1nat,0.3411814611534819,0.0
wso,BGD,,2007.0,F1nat,0.019510420112471057,0.0
wso,BRA,,2007.0,F1nat,0.15502413104618035,0.0
wso,EGY,,2007.0,F1nat,0.022532863402552873,0.0
wso,FRO,no fossil; regional (Europe) mix used for 0.01 TWh,2007.0,F1nat,,
wso,FRO,,2007.0,F1nat,0.009452531262483375,0.0
wso,GTM,,2007.0,F1nat,0.02983862253262742,0.0
wso,IDN,,2007.0,F1nat,0.11983079526226731,0.0
wso,IRN,,2007.0,F1nat,0.01750567506215545,0.0
wso,ISL,no fossil; regional (Europe) mix used for 1.92 TWh,2007.0,F1nat,,
wso,ISL,,2007.0,F1nat,0.5256060023968077,1.2892800000000004
wso,JPN,,2007.0,F1nat,0.6577736000900692,0.0
wso,KEN,,2007.0,F1nat,0.0,0.020000000000000018
wso,KOR,,2007.0,F1nat,0.19055393690874428,0.0
wso,MAR,,2007.0,F1nat,0.012815265486725671,0.0
wso,MTQ,,2007.0,F1nat,0.01,0.0
wso,NZL,,2007.0,F1nat,0.5592479108635099,0.0
wso,PNG,,2007.0,F1nat,0.0,0.10000000000000003
wso,REU,,2007.0,F1nat,0.008064516129032258,0.0
wso,SLV,,2007.0,F1nat,0.32999999999999985,0.0
wso,THA,,2007.0,F1nat,0.030650215729316477,0.0
wso,TUR,,2007.0,F1nat,0.24185232550165484,0.0
wso,TWN,,2007.0,F1nat,0.23638746608893688,0.0
wso,UGA,,2007.0,F1nat,0.0,0.01
wso,UKR,,2007.0,F1nat,8.043758043758043e-05,0.0
wso,FRO,no fossil; regional (Europe) mix used for 0.01 TWh,2007.0,F1nocap,,
wso,ISL,no fossil; regional (Europe) mix used for 1.92 TWh,2007.0,F1nocap,,
wso,EUROPE_POOL,,2007.0,F1marg,2.9272736106871315,0.0
wso,BGD,,2007.0,F1marg,0.019510420112471057,0.0
wso,BRA,,2007.0,F1marg,0.15502413104618035,0.0
wso,EGY,,2007.0,F1marg,0.022532863402552873,0.0
wso,FRO,no fossil; regional (Europe) mix used for 0.01 TWh,2007.0,F1marg,,
wso,FRO,,2007.0,F1marg,0.009452531262483375,0.0
wso,GTM,,2007.0,F1marg,0.02983862253262742,0.0
wso,IDN,,2007.0,F1marg,0.11983079526226731,0.0
wso,IRN,,2007.0,F1marg,0.01750567506215545,0.0
wso,ISL,no fossil; regional (Europe) mix used for 1.92 TWh,2007.0,F1marg,,
wso,ISL,,2007.0,F1marg,0.5256060023968077,1.2892800000000004
wso,JPN,,2007.0,F1marg,0.6577736000900692,0.0
wso,KEN,,2007.0,F1marg,0.0,0.020000000000000018
wso,KOR,,2007.0,F1marg,0.19055393690874428,0.0
wso,MAR,,2007.0,F1marg,0.012815265486725671,0.0
wso,MTQ,,2007.0,F1marg,0.01,0.0
wso,NZL,,2007.0,F1marg,0.5592479108635099,0.0
wso,PNG,,2007.0,F1marg,0.0,0.10000000000000003
wso,REU,,2007.0,F1marg,0.008064516129032258,0.0
wso,SLV,,2007.0,F1marg,0.32999999999999985,0.0
wso,THA,,2007.0,F1marg,0.030650215729316477,0.0
wso,TUR,,2007.0,F1marg,0.24185232550165484,0.0
wso,TWN,,2007.0,F1marg,0.23638746608893688,0.0
wso,UGA,,2007.0,F1marg,0.0,0.01
wso,UKR,,2007.0,F1marg,8.043758043758043e-05,0.0
wso,EUROPE_POOL,,2008.0,F1,8.721523862751312,0.0
wso,BGD,,2008.0,F1,0.019338743612864442,0.0
wso,BRA,,2008.0,F1,0.23811507675305715,0.0
wso,CHL,,2008.0,F1,0.027705222163397453,0.0
wso,EGY,,2008.0,F1,0.06670391061452514,0.0
wso,GTM,,2008.0,F1,0.042549093358588946,0.0
wso,IDN,,2008.0,F1,0.5289650952452051,0.0
wso,IND,,2008.0,F1,3.316741227104937,0.0
wso,IRN,,2008.0,F1,0.03418155011716916,0.0
wso,ISL,no fossil; regional (Europe) mix used for 2.38 TWh,2008.0,F1,,
wso,ISL,,2008.0,F1,0.5078814287934413,1.7492799999999993
wso,JPN,,2008.0,F1,0.8795675581493553,0.0
wso,KEN,,2008.0,F1,0.0,0.17999999999999994
wso,KOR,,2008.0,F1,0.38560983252672265,0.0
wso,MAR,,2008.0,F1,0.02235546038543897,0.0
wso,MTQ,,2008.0,F1,0.02,0.0
wso,NIC,,2008.0,F1,0.0,0.04999999999999999
wso,NZL,,2008.0,F1,1.0241488065768192,0.0
wso,PNG,,2008.0,F1,0.0,0.10000000000000002
wso,REU,,2008.0,F1,0.007914110429447853,0.0
wso,SLV,,2008.0,F1,0.2823012132711693,0.0
wso,THA,,2008.0,F1,0.0002963832440760033,0.0
wso,TUR,,2008.0,F1,0.5562464788387813,0.0
wso,TWN,,2008.0,F1,0.32894736842103844,0.0
wso,UKR,,2008.0,F1,0.00010778706555213377,0.0
wso,ZAF,,2008.0,F1,3.6957118256561728e-06,0.0
wso,BGR,,2008.0,F1nat,0.0011632415664986429,0.0
wso,CZE,,2008.0,F1nat,0.0025819296472200043,0.0
wso,DNK,,2008.0,F1nat,0.08834109941090267,0.0
wso,FIN,,2008.0,F1nat,0.04693176274851243,0.0
wso,GBR,,2008.0,F1nat,1.3717625878728694,0.0
wso,GRC,,2008.0,F1nat,0.1531879747718772,0.0
wso,HRV,,2008.0,F1nat,0.021397694524495678,0.0
wso,ITA,,2008.0,F1nat,0.41495422024472817,0.0
wso,LTU,,2008.0,F1nat,0.02737790534500493,0.0
wso,LUX,,2008.0,F1nat,0.0,0.009999999999999995
wso,NLD,,2008.0,F1nat,1.5859524678147947,0.0
wso,NOR,,2008.0,F1nat,0.028114854802933572,0.0
wso,POL,,2008.0,F1nat,0.010651724327925488,0.0
wso,PRT,,2008.0,F1nat,0.5094089628932319,0.0
wso,BGD,,2008.0,F1nat,0.019338743612864442,0.0
wso,BRA,,2008.0,F1nat,0.23811507675305715,0.0
wso,CHL,,2008.0,F1nat,0.027705222163397453,0.0
wso,EGY,,2008.0,F1nat,0.06670391061452514,0.0
wso,GTM,,2008.0,F1nat,0.042549093358588946,0.0
wso,IDN,,2008.0,F1nat,0.5289650952452051,0.0
wso,IND,,2008.0,F1nat,3.316741227104937,0.0
wso,IRN,,2008.0,F1nat,0.03418155011716916,0.0
wso,ISL,no fossil; regional (Europe) mix used for 2.38 TWh,2008.0,F1nat,,
wso,ISL,,2008.0,F1nat,0.5078814287934413,1.7492799999999993
wso,JPN,,2008.0,F1nat,0.8795675581493553,0.0
wso,KEN,,2008.0,F1nat,0.0,0.17999999999999994
wso,KOR,,2008.0,F1nat,0.38560983252672265,0.0
wso,MAR,,2008.0,F1nat,0.02235546038543897,0.0
wso,MTQ,,2008.0,F1nat,0.02,0.0
wso,NIC,,2008.0,F1nat,0.0,0.04999999999999999
wso,NZL,,2008.0,F1nat,1.0241488065768192,0.0
wso,PNG,,2008.0,F1nat,0.0,0.10000000000000002
wso,REU,,2008.0,F1nat,0.007914110429447853,0.0
wso,SLV,,2008.0,F1nat,0.2823012132711693,0.0
wso,THA,,2008.0,F1nat,0.0002963832440760033,0.0
wso,TUR,,2008.0,F1nat,0.5562464788387813,0.0
wso,TWN,,2008.0,F1nat,0.32894736842103844,0.0
wso,UKR,,2008.0,F1nat,0.00010778706555213377,0.0
wso,ZAF,,2008.0,F1nat,3.6957118256561728e-06,0.0
wso,ISL,no fossil; regional (Europe) mix used for 2.38 TWh,2008.0,F1nocap,,
wso,EUROPE_POOL,,2008.0,F1marg,8.721523862751312,0.0
wso,BGD,,2008.0,F1marg,0.019338743612864442,0.0
wso,BRA,,2008.0,F1marg,0.23811507675305715,0.0
wso,CHL,,2008.0,F1marg,0.027705222163397453,0.0
wso,EGY,,2008.0,F1marg,0.06670391061452514,0.0
wso,GTM,,2008.0,F1marg,0.042549093358588946,0.0
wso,IDN,,2008.0,F1marg,0.5289650952452051,0.0
wso,IND,,2008.0,F1marg,3.316741227104937,0.0
wso,IRN,,2008.0,F1marg,0.03418155011716916,0.0
wso,ISL,no fossil; regional (Europe) mix used for 2.38 TWh,2008.0,F1marg,,
wso,ISL,,2008.0,F1marg,0.5078814287934413,1.7492799999999993
wso,JPN,,2008.0,F1marg,0.8795675581493553,0.0
wso,KEN,,2008.0,F1marg,0.0,0.17999999999999994
wso,KOR,,2008.0,F1marg,0.38560983252672265,0.0
wso,MAR,,2008.0,F1marg,0.02235546038543897,0.0
wso,MTQ,,2008.0,F1marg,0.02,0.0
wso,NIC,,2008.0,F1marg,0.0,0.04999999999999999
wso,NZL,,2008.0,F1marg,1.0241488065768192,0.0
wso,PNG,,2008.0,F1marg,0.0,0.10000000000000002
wso,REU,,2008.0,F1marg,0.007914110429447853,0.0
wso,SLV,,2008.0,F1marg,0.2823012132711693,0.0
wso,THA,,2008.0,F1marg,0.0002963832440760033,0.0
wso,TUR,,2008.0,F1marg,0.5562464788387813,0.0
wso,TWN,,2008.0,F1marg,0.32894736842103844,0.0
wso,UKR,,2008.0,F1marg,0.00010778706555213377,0.0
wso,ZAF,,2008.0,F1marg,3.6957118256561728e-06,0.0
wso,EUROPE_POOL,,2009.0,F1,5.585452560203843,0.0
wso,BGD,,2009.0,F1,0.029110446137105547,0.0
wso,BRA,,2009.0,F1,0.13345206397930992,0.0
wso,CHL,,2009.0,F1,0.0333519463966185,0.0
wso,EGY,,2009.0,F1,0.09192700485518165,0.0
wso,IDN,,2009.0,F1,0.5906746031746034,0.0
wso,IND,,2009.0,F1,4.550785029098437,0.0
wso,IRN,,2009.0,F1,0.0414959714398736,0.0
wso,ISL,no fossil; regional (Europe) mix used for 2.89 TWh,2009.0,F1,,
wso,ISL,,2009.0,F1,0.4772943800546703,2.2592799999999995
wso,ISR,,2009.0,F1,0.013404099560761345,0.0
wso,JPN,,2009.0,F1,1.315707080663586,0.0
wso,KEN,,2009.0,F1,0.0,0.3500000000000001
wso,KOR,,2009.0,F1,0.781445987576384,0.0
wso,MAR,,2009.0,F1,0.04336916122610605,0.0
wso,MTQ,,2009.0,F1,0.02,0.0
wso,NIC,,2009.0,F1,0.0,0.13999999999999996
wso,NZL,,2009.0,F1,1.8809503640400693,0.0
wso,PAK,,2009.0,F1,0.005504199981046589,0.0
wso,PNG,,2009.0,F1,0.026886792452830193,0.0
wso,REU,,2009.0,F1,0.028248587570621472,0.0
wso,SLV,,2009.0,F1,0.16451810274747536,0.0
wso,THA,,2009.0,F1,0.00014344262295081967,0.0
wso,TUN,,2009.0,F1,0.001911616056525271,0.0
wso,TUR,,2009.0,F1,1.1536850504276777,0.0
wso,TWN,,2009.0,F1,0.48306345372708315,0.0
wso,UGA,,2009.0,F1,0.0,0.02
wso,URY,,2009.0,F1,0.03971014492753623,0.0
wso,VNM,,2009.0,F1,0.0003518481913421625,0.0
wso,ZAF,,2009.0,F1,8.517966764091128e-07,0.0
wso,BGR,,2009.0,F1nat,0.0031835686777920407,0.0
wso,CZE,,2009.0,F1nat,0.004344319537236652,0.0
wso,DNK,,2009.0,F1nat,0.03119159971165175,0.0
wso,GRC,,2009.0,F1nat,0.16896968480374697,0.0
wso,HRV,,2009.0,F1nat,0.015059625212947193,0.0
wso,ITA,,2009.0,F1nat,0.640079335139207,0.0
wso,LTU,,2009.0,F1nat,0.03926111437257855,0.0
wso,LUX,,2009.0,F1nat,0.0,0.009999999999999995
wso,NLD,,2009.0,F1nat,1.8523862283585595,0.0
wso,NOR,,2009.0,F1nat,0.004248672169952145,0.0
wso,POL,,2009.0,F1nat,0.014078661375440334,0.0
wso,PRT,,2009.0,F1nat,2.1811695506366804,0.0
wso,BGD,,2009.0,F1nat,0.029110446137105547,0.0
wso,BRA,,2009.0,F1nat,0.13345206397930992,0.0
wso,CHL,,2009.0,F1nat,0.0333519463966185,0.0
wso,EGY,,2009.0,F1nat,0.09192700485518165,0.0
wso,IDN,,2009.0,F1nat,0.5906746031746034,0.0
wso,IND,,2009.0,F1nat,4.550785029098437,0.0
wso,IRN,,2009.0,F1nat,0.0414959714398736,0.0
wso,ISL,no fossil; regional (Europe) mix used for 2.89 TWh,2009.0,F1nat,,
wso,ISL,,2009.0,F1nat,0.4772943800546703,2.2592799999999995
wso,ISR,,2009.0,F1nat,0.013404099560761345,0.0
wso,JPN,,2009.0,F1nat,1.315707080663586,0.0
wso,KEN,,2009.0,F1nat,0.0,0.3500000000000001
wso,KOR,,2009.0,F1nat,0.781445987576384,0.0
wso,MAR,,2009.0,F1nat,0.04336916122610605,0.0
wso,MTQ,,2009.0,F1nat,0.02,0.0
wso,NIC,,2009.0,F1nat,0.0,0.13999999999999996
wso,NZL,,2009.0,F1nat,1.8809503640400693,0.0
wso,PAK,,2009.0,F1nat,0.005504199981046589,0.0
wso,PNG,,2009.0,F1nat,0.026886792452830193,0.0
wso,REU,,2009.0,F1nat,0.028248587570621472,0.0
wso,SLV,,2009.0,F1nat,0.16451810274747536,0.0
wso,THA,,2009.0,F1nat,0.00014344262295081967,0.0
wso,TUN,,2009.0,F1nat,0.001911616056525271,0.0
wso,TUR,,2009.0,F1nat,1.1536850504276777,0.0
wso,TWN,,2009.0,F1nat,0.48306345372708315,0.0
wso,UGA,,2009.0,F1nat,0.0,0.02
wso,URY,,2009.0,F1nat,0.03971014492753623,0.0
wso,VNM,,2009.0,F1nat,0.0003518481913421625,0.0
wso,ZAF,,2009.0,F1nat,8.517966764091128e-07,0.0
wso,ISL,no fossil; regional (Europe) mix used for 2.89 TWh,2009.0,F1nocap,,
wso,EUROPE_POOL,,2009.0,F1marg,5.585452560203843,0.0
wso,BGD,,2009.0,F1marg,0.029110446137105547,0.0
wso,BRA,,2009.0,F1marg,0.13345206397930992,0.0
wso,CHL,,2009.0,F1marg,0.0333519463966185,0.0
wso,EGY,,2009.0,F1marg,0.09192700485518165,0.0
wso,IDN,,2009.0,F1marg,0.5906746031746034,0.0
wso,IND,,2009.0,F1marg,4.550785029098437,0.0
wso,IRN,,2009.0,F1marg,0.0414959714398736,0.0
wso,ISL,no fossil; regional (Europe) mix used for 2.89 TWh,2009.0,F1marg,,
wso,ISL,,2009.0,F1marg,0.4772943800546703,2.2592799999999995
wso,ISR,,2009.0,F1marg,0.013404099560761345,0.0
wso,JPN,,2009.0,F1marg,1.315707080663586,0.0
wso,KEN,,2009.0,F1marg,0.0,0.3500000000000001
wso,KOR,,2009.0,F1marg,0.781445987576384,0.0
wso,MAR,,2009.0,F1marg,0.04336916122610605,0.0
wso,MTQ,,2009.0,F1marg,0.02,0.0
wso,NIC,,2009.0,F1marg,0.0,0.13999999999999996
wso,NZL,,2009.0,F1marg,1.8809503640400693,0.0
wso,PAK,,2009.0,F1marg,0.005504199981046589,0.0
wso,PNG,,2009.0,F1marg,0.026886792452830193,0.0
wso,REU,,2009.0,F1marg,0.028248587570621472,0.0
wso,SLV,,2009.0,F1marg,0.16451810274747536,0.0
wso,THA,,2009.0,F1marg,0.00014344262295081967,0.0
wso,TUN,,2009.0,F1marg,0.001911616056525271,0.0
wso,TUR,,2009.0,F1marg,1.1536850504276777,0.0
wso,TWN,,2009.0,F1marg,0.48306345372708315,0.0
wso,UGA,,2009.0,F1marg,0.0,0.02
wso,URY,,2009.0,F1marg,0.03971014492753623,0.0
wso,VNM,,2009.0,F1marg,0.0003518481913421625,0.0
wso,ZAF,,2009.0,F1marg,8.517966764091128e-07,0.0
wso,EUROPE_POOL,,2010.0,F1,8.150946822577257,0.0
wso,BGD,,2010.0,F1,0.06865350986759931,0.0
wso,BRA,,2010.0,F1,0.3840616170361138,0.0
wso,EGY,,2010.0,F1,0.142603814211012,0.0
wso,GTM,,2010.0,F1,0.04049908138905285,0.0
wso,IDN,,2010.0,F1,0.6516832797757285,0.0
wso,IRN,,2010.0,F1,0.02281908990011099,0.0
wso,ISL,no fossil; regional (Europe) mix used for 2.57 TWh,2010.0,F1,,
wso,ISL,,2010.0,F1,0.5193542137564423,1.9392800000000006
wso,ISR,,2010.0,F1,0.00262589928057554,0.0
wso,JPN,,2010.0,F1,1.9514550320329522,0.0
wso,KOR,,2010.0,F1,0.9294315313728942,0.0
wso,LBY,,2010.0,F1,0.005287250384024579,0.0
wso,LKA,,2010.0,F1,0.05,0.0
wso,MAR,,2010.0,F1,0.12940456510174408,0.0
wso,MTQ,,2010.0,F1,0.02,0.0
wso,NIC,,2010.0,F1,0.0,0.18999999999999997
wso,NPL,no fossil; regional (Asia) mix used for 0.01 TWh,2010.0,F1,,
wso,NPL,,2010.0,F1,0.009632008024171966,0.0
wso,NZL,,2010.0,F1,3.1112067781759416,0.0
wso,PAK,,2010.0,F1,0.011020238251780216,0.0
wso,PNG,,2010.0,F1,0.029460416218476115,0.0
wso,REU,,2010.0,F1,0.07359550561797754,0.0
wso,THA,,2010.0,F1,0.00024193548387096771,0.0
wso,TUR,,2010.0,F1,0.050230284317509324,0.0
wso,TWN,,2010.0,F1,0.6062979581547769,0.0
wso,UGA,,2010.0,F1,0.0,0.02
wso,UKR,,2010.0,F1,9.503940658321745e-05,0.0
wso,URY,,2010.0,F1,0.0649962406913714,0.0
wso,VNM,,2010.0,F1,0.002004754358161648,0.0
wso,ZAF,,2010.0,F1,6.708738568898854e-05,0.0
wso,BGR,,2010.0,F1nat,0.009414125200642057,0.0
wso,CZE,,2010.0,F1nat,0.006829396248305288,0.0
wso,DNK,,2010.0,F1nat,0.3684894437899765,0.0
wso,FIN,,2010.0,F1nat,0.04898667255167733,0.0
wso,HRV,,2010.0,F1nat,0.11401952641165705,0.0
wso,ITA,,2010.0,F1nat,1.074978780198157,0.0
wso,LTU,,2010.0,F1nat,0.034466557153977534,0.0
wso,LUX,,2010.0,F1nat,0.009999999999999995,0.0
wso,NLD,,2010.0,F1nat,1.4898672704790017,0.0
wso,NOR,,2010.0,F1nat,0.026736838448889265,0.0
wso,POL,,2010.0,F1nat,0.02349428559006929,0.0
wso,PRT,,2010.0,F1nat,0.7486006109085164,0.0
wso,SVK,,2010.0,F1nat,0.0033717579250720463,0.0
wso,SVN,,2010.0,F1nat,1.7094017094017095e-05,0.0
wso,BGD,,2010.0,F1nat,0.06865350986759931,0.0
wso,BRA,,2010.0,F1nat,0.3840616170361138,0.0
wso,EGY,,2010.0,F1nat,0.142603814211012,0.0
wso,GTM,,2010.0,F1nat,0.04049908138905285,0.0
wso,IDN,,2010.0,F1nat,0.6516832797757285,0.0
wso,IRN,,2010.0,F1nat,0.02281908990011099,0.0
wso,ISL,no fossil; regional (Europe) mix used for 2.57 TWh,2010.0,F1nat,,
wso,ISL,,2010.0,F1nat,0.5193542137564423,1.9392800000000006
wso,ISR,,2010.0,F1nat,0.00262589928057554,0.0
wso,JPN,,2010.0,F1nat,1.9514550320329522,0.0
wso,KOR,,2010.0,F1nat,0.9294315313728942,0.0
wso,LBY,,2010.0,F1nat,0.005287250384024579,0.0
wso,LKA,,2010.0,F1nat,0.05,0.0
wso,MAR,,2010.0,F1nat,0.12940456510174408,0.0
wso,MTQ,,2010.0,F1nat,0.02,0.0
wso,NIC,,2010.0,F1nat,0.0,0.18999999999999997
wso,NPL,no fossil; regional (Asia) mix used for 0.01 TWh,2010.0,F1nat,,
wso,NPL,,2010.0,F1nat,0.009632008024171966,0.0
wso,NZL,,2010.0,F1nat,3.1112067781759416,0.0
wso,PAK,,2010.0,F1nat,0.011020238251780216,0.0
wso,PNG,,2010.0,F1nat,0.029460416218476115,0.0
wso,REU,,2010.0,F1nat,0.07359550561797754,0.0
wso,THA,,2010.0,F1nat,0.00024193548387096771,0.0
wso,TUR,,2010.0,F1nat,0.050230284317509324,0.0
wso,TWN,,2010.0,F1nat,0.6062979581547769,0.0
wso,UGA,,2010.0,F1nat,0.0,0.02
wso,UKR,,2010.0,F1nat,9.503940658321745e-05,0.0
wso,URY,,2010.0,F1nat,0.0649962406913714,0.0
wso,VNM,,2010.0,F1nat,0.002004754358161648,0.0
wso,ZAF,,2010.0,F1nat,6.708738568898854e-05,0.0
wso,ISL,no fossil; regional (Europe) mix used for 2.57 TWh,2010.0,F1nocap,,
wso,NPL,no fossil; regional (Asia) mix used for 0.01 TWh,2010.0,F1nocap,,
wso,EUROPE_POOL,,2010.0,F1marg,9.66299991749498,0.0
wso,BGD,,2010.0,F1marg,0.06865350986759931,0.0
wso,BRA,,2010.0,F1marg,0.3840616170361138,0.0
wso,EGY,,2010.0,F1marg,0.142603814211012,0.0
wso,GTM,,2010.0,F1marg,0.04049908138905285,0.0
wso,IDN,,2010.0,F1marg,0.6516832797757285,0.0
wso,IRN,,2010.0,F1marg,0.02281908990011099,0.0
wso,ISL,no fossil; regional (Europe) mix used for 2.57 TWh,2010.0,F1marg,,
wso,ISL,,2010.0,F1marg,0.5193542137564423,1.9392800000000006
wso,ISR,,2010.0,F1marg,0.00262589928057554,0.0
wso,JPN,,2010.0,F1marg,1.9514550320329522,0.0
wso,KOR,,2010.0,F1marg,0.9294315313728942,0.0
wso,LBY,,2010.0,F1marg,0.005287250384024579,0.0
wso,LKA,,2010.0,F1marg,0.05,0.0
wso,MAR,,2010.0,F1marg,0.12940456510174408,0.0
wso,MTQ,,2010.0,F1marg,0.02,0.0
wso,NIC,,2010.0,F1marg,0.0,0.18999999999999997
wso,NPL,no fossil; regional (Asia) mix used for 0.01 TWh,2010.0,F1marg,,
wso,NPL,,2010.0,F1marg,0.009632008024171966,0.0
wso,NZL,,2010.0,F1marg,3.118208168878174,0.0
wso,PAK,,2010.0,F1marg,0.011020238251780216,0.0
wso,PNG,,2010.0,F1marg,0.029460416218476115,0.0
wso,REU,,2010.0,F1marg,0.07359550561797754,0.0
wso,THA,,2010.0,F1marg,0.00024193548387096771,0.0
wso,TUR,,2010.0,F1marg,0.0675538172100555,0.0
wso,TWN,,2010.0,F1marg,0.6062979581547769,0.0
wso,UGA,,2010.0,F1marg,0.0,0.02
wso,UKR,,2010.0,F1marg,9.503940658321745e-05,0.0
wso,URY,,2010.0,F1marg,0.0649962406913714,0.0
wso,VNM,,2010.0,F1marg,0.002004754358161648,0.0
wso,ZAF,,2010.0,F1marg,6.708738568898854e-05,0.0
wso,EUROPE_POOL,,2011.0,F1,4.774497906342917,0.0
wso,BGD,,2011.0,F1,0.053034227567067535,0.0
wso,CHN,,2011.0,F1,0.4885154712027716,0.0
wso,DOM,,2011.0,F1,0.002719108236464707,0.0
wso,EGY,,2011.0,F1,0.1572500741619697,0.0
wso,GUF,,2011.0,F1,0.04,0.0
wso,HND,,2011.0,F1,0.0035263236964325293,0.0
wso,IDN,,2011.0,F1,0.6981145482496266,0.0
wso,IRN,,2011.0,F1,0.04897430087778003,0.0
wso,ISL,no fossil; regional (Europe) mix used for 2.81 TWh,2011.0,F1,,
wso,ISL,,2011.0,F1,0.503994127534683,2.17928
wso,ISR,,2011.0,F1,0.12672006745362566,0.0
wso,KEN,,2011.0,F1,0.0,0.5222400000000003
wso,KOR,,2011.0,F1,1.0367689023705202,0.0
wso,LBY,,2011.0,F1,0.004019230769230769,0.0
wso,LKA,,2011.0,F1,0.07440566219684373,0.0
wso,MAR,,2011.0,F1,0.14156990246168047,0.0
wso,MTQ,,2011.0,F1,0.04,0.0
wso,NIC,,2011.0,F1,0.0,0.21
wso,NPL,no fossil; regional (Asia) mix used for 0.01 TWh,2011.0,F1,,
wso,NPL,,2011.0,F1,0.009593551291239713,0.0
wso,NZL,,2011.0,F1,2.7198960642570285,0.0
wso,PAK,,2011.0,F1,0.02586785214211132,0.0
wso,REU,,2011.0,F1,0.10234375000000002,0.0
wso,SAU,,2011.0,F1,0.005539090838928764,0.0
wso,THA,,2011.0,F1,0.0008471337579617833,0.0
wso,TUN,,2011.0,F1,4.337050805452293e-05,0.0
wso,TWN,,2011.0,F1,0.9170658771280534,0.0
wso,UGA,,2011.0,F1,0.0,0.02
wso,UKR,,2011.0,F1,0.0004790931451181691,0.0
wso,URY,,2011.0,F1,0.10619671950867514,0.0
wso,BGR,,2011.0,F1nat,0.004838709677419354,0.0
wso,CZE,,2011.0,F1nat,0.01907752324756734,0.0
wso,DNK,,2011.0,F1nat,0.9084982790600026,0.0
wso,HRV,,2011.0,F1nat,0.16605042016806723,0.0
wso,ITA,,2011.0,F1nat,2.052587619694529,0.0
wso,LTU,,2011.0,F1nat,0.03925813238826332,0.0
wso,LUX,,2011.0,F1nat,0.019999999999999993,0.0
wso,NOR,,2011.0,F1nat,0.008042982715007611,0.0
wso,POL,,2011.0,F1nat,0.036463202614578,0.0
wso,PRT,,2011.0,F1nat,0.4318188819222346,0.0
wso,SVK,,2011.0,F1nat,0.05461602973310722,0.0
wso,SVN,,2011.0,F1nat,0.00024054982817869422,0.0
wso,BGD,,2011.0,F1nat,0.053034227567067535,0.0
wso,CHN,,2011.0,F1nat,0.4885154712027716,0.0
wso,DOM,,2011.0,F1nat,0.002719108236464707,0.0
wso,EGY,,2011.0,F1nat,0.1572500741619697,0.0
wso,GUF,,2011.0,F1nat,0.04,0.0
wso,HND,,2011.0,F1nat,0.0035263236964325293,0.0
wso,IDN,,2011.0,F1nat,0.6981145482496266,0.0
wso,IRN,,2011.0,F1nat,0.04897430087778003,0.0
wso,ISL,no fossil; regional (Europe) mix used for 2.81 TWh,2011.0,F1nat,,
wso,ISL,,2011.0,F1nat,0.503994127534683,2.17928
wso,ISR,,2011.0,F1nat,0.12672006745362566,0.0
wso,KEN,,2011.0,F1nat,0.0,0.5222400000000003
wso,KOR,,2011.0,F1nat,1.0367689023705202,0.0
wso,LBY,,2011.0,F1nat,0.004019230769230769,0.0
wso,LKA,,2011.0,F1nat,0.07440566219684373,0.0
wso,MAR,,2011.0,F1nat,0.14156990246168047,0.0
wso,MTQ,,2011.0,F1nat,0.04,0.0
wso,NIC,,2011.0,F1nat,0.0,0.21
wso,NPL,no fossil; regional (Asia) mix used for 0.01 TWh,2011.0,F1nat,,
wso,NPL,,2011.0,F1nat,0.009593551291239713,0.0
wso,NZL,,2011.0,F1nat,2.7198960642570285,0.0
wso,PAK,,2011.0,F1nat,0.02586785214211132,0.0
wso,REU,,2011.0,F1nat,0.10234375000000002,0.0
wso,SAU,,2011.0,F1nat,0.005539090838928764,0.0
wso,THA,,2011.0,F1nat,0.0008471337579617833,0.0
wso,TUN,,2011.0,F1nat,4.337050805452293e-05,0.0
wso,TWN,,2011.0,F1nat,0.9170658771280534,0.0
wso,UGA,,2011.0,F1nat,0.0,0.02
wso,UKR,,2011.0,F1nat,0.0004790931451181691,0.0
wso,URY,,2011.0,F1nat,0.10619671950867514,0.0
wso,ISL,no fossil; regional (Europe) mix used for 2.81 TWh,2011.0,F1nocap,,
wso,NPL,no fossil; regional (Asia) mix used for 0.01 TWh,2011.0,F1nocap,,
wso,EUROPE_POOL,,2011.0,F1marg,6.85469764085032,0.0
wso,BGD,,2011.0,F1marg,0.053034227567067535,0.0
wso,CHN,,2011.0,F1marg,0.4885154712027716,0.0
wso,DOM,,2011.0,F1marg,0.002719108236464707,0.0
wso,EGY,,2011.0,F1marg,0.1572500741619697,0.0
wso,GUF,,2011.0,F1marg,0.04,0.0
wso,HND,,2011.0,F1marg,0.0035263236964325293,0.0
wso,IDN,,2011.0,F1marg,0.6981145482496266,0.0
wso,IRN,,2011.0,F1marg,0.04897430087778003,0.0
wso,ISL,no fossil; regional (Europe) mix used for 2.81 TWh,2011.0,F1marg,,
wso,ISL,,2011.0,F1marg,0.503994127534683,2.17928
wso,ISR,,2011.0,F1marg,0.12672006745362566,0.0
wso,KEN,,2011.0,F1marg,0.0,0.5222400000000003
wso,KOR,,2011.0,F1marg,1.0367689023705202,0.0
wso,LBY,,2011.0,F1marg,0.004019230769230769,0.0
wso,LKA,,2011.0,F1marg,0.07440566219684373,0.0
wso,MAR,,2011.0,F1marg,0.14156990246168047,0.0
wso,MTQ,,2011.0,F1marg,0.04,0.0
wso,NIC,,2011.0,F1marg,0.0,0.21
wso,NPL,no fossil; regional (Asia) mix used for 0.01 TWh,2011.0,F1marg,,
wso,NPL,,2011.0,F1marg,0.009593551291239713,0.0
wso,NZL,,2011.0,F1marg,2.7283101129126694,0.0
wso,PAK,,2011.0,F1marg,0.02586785214211132,0.0
wso,REU,,2011.0,F1marg,0.10234375000000002,0.0
wso,SAU,,2011.0,F1marg,0.005539090838928764,0.0
wso,THA,,2011.0,F1marg,0.0008471337579617833,0.0
wso,TUN,,2011.0,F1marg,4.337050805452293e-05,0.0
wso,TWN,,2011.0,F1marg,0.9170658771280534,0.0
wso,UGA,,2011.0,F1marg,0.0,0.02
wso,UKR,,2011.0,F1marg,0.0004790931451181691,0.0
wso,URY,,2011.0,F1marg,0.10619671950867514,0.0
wso,EUROPE_POOL,,2012.0,F1,5.975365131786157,0.0
wso,AFG,,2012.0,F1,0.015,0.0
wso,BGD,,2012.0,F1,0.07692726891636972,0.0
wso,BLR,,2012.0,F1,0.0002647058823529412,0.0
wso,DOM,,2012.0,F1,0.014599522162924483,0.0
wso,EGY,,2012.0,F1,0.19243968371967293,0.0
wso,GUF,,2012.0,F1,0.05,0.0
wso,HND,,2012.0,F1,0.009979741940960475,0.0
wso,IRN,,2012.0,F1,0.06997910358650689,0.0
wso,ISL,no fossil; regional (Europe) mix used for 3.42 TWh,2012.0,F1,,
wso,ISL,,2012.0,F1,0.4232070633747326,2.8418400000000004
wso,ISR,,2012.0,F1,0.3074456174024312,0.0
wso,JPN,,2012.0,F1,3.146481567851291,0.0
wso,KEN,,2012.0,F1,0.0,0.02224000000000026
wso,KOR,,2012.0,F1,1.139000831745833,0.0
wso,LBY,,2012.0,F1,0.003952742123687281,0.0
wso,LKA,,2012.0,F1,0.11279963333362747,0.0
wso,MAR,,2012.0,F1,0.13938928624832914,0.0
wso,MLT,,2012.0,F1,0.0,0.02
wso,MNG,,2012.0,F1,0.0005263157894736842,0.0
wso,MTQ,,2012.0,F1,0.08,0.0
wso,MYS,,2012.0,F1,0.0045563499589567616,0.0
wso,NIC,,2012.0,F1,0.0,0.5800000000000001
wso,NZL,,2012.0,F1,1.2354472950357422,1.7298800000000019
wso,PAK,,2012.0,F1,0.04220740991563459,0.0
wso,PER,,2012.0,F1,0.004328859060402684,0.0
wso,PRI,,2012.0,F1,0.007753522631741544,0.0
wso,REU,,2012.0,F1,0.15407608695652175,0.0
wso,SAU,,2012.0,F1,0.015991832386363636,0.0
wso,SDN,,2012.0,F1,0.01,0.0
wso,THA,,2012.0,F1,0.004553473697765759,0.0
wso,TWN,,2012.0,F1,0.9228634010354438,0.0
wso,UKR,,2012.0,F1,0.00577417555258888,0.0
wso,URY,,2012.0,F1,0.1097001295680846,0.0
wso,BGR,,2012.0,F1nat,0.0157294534014943,0.0
wso,CZE,,2012.0,F1nat,0.012488092089832486,0.0
wso,HRV,,2012.0,F1nat,0.15126177024482107,0.0
wso,ITA,,2012.0,F1nat,3.1231201685234686,0.0
wso,LTU,,2012.0,F1nat,0.07156626506024097,0.0
wso,LUX,,2012.0,F1nat,0.05,0.0
wso,NOR,,2012.0,F1nat,0.017397485119549094,0.0
wso,POL,,2012.0,F1nat,0.1107936310871306,0.0
wso,PRT,,2012.0,F1nat,3.8835643403830624,0.0
wso,SVK,,2012.0,F1nat,0.05808431493389969,0.0
wso,SVN,,2012.0,F1nat,0.000562390158172232,0.0
wso,AFG,,2012.0,F1nat,0.015,0.0
wso,BGD,,2012.0,F1nat,0.07692726891636972,0.0
wso,BLR,,2012.0,F1nat,0.0002647058823529412,0.0
wso,DOM,,2012.0,F1nat,0.014599522162924483,0.0
wso,EGY,,2012.0,F1nat,0.19243968371967293,0.0
wso,GUF,,2012.0,F1nat,0.05,0.0
wso,HND,,2012.0,F1nat,0.009979741940960475,0.0
wso,IRN,,2012.0,F1nat,0.06997910358650689,0.0
wso,ISL,no fossil; regional (Europe) mix used for 3.42 TWh,2012.0,F1nat,,
wso,ISL,,2012.0,F1nat,0.4232070633747326,2.8418400000000004
wso,ISR,,2012.0,F1nat,0.3074456174024312,0.0
wso,JPN,,2012.0,F1nat,3.146481567851291,0.0
wso,KEN,,2012.0,F1nat,0.0,0.02224000000000026
wso,KOR,,2012.0,F1nat,1.139000831745833,0.0
wso,LBY,,2012.0,F1nat,0.003952742123687281,0.0
wso,LKA,,2012.0,F1nat,0.11279963333362747,0.0
wso,MAR,,2012.0,F1nat,0.13938928624832914,0.0
wso,MLT,,2012.0,F1nat,0.0,0.02
wso,MNG,,2012.0,F1nat,0.0005263157894736842,0.0
wso,MTQ,,2012.0,F1nat,0.08,0.0
wso,MYS,,2012.0,F1nat,0.0045563499589567616,0.0
wso,NIC,,2012.0,F1nat,0.0,0.5800000000000001
wso,NZL,,2012.0,F1nat,1.2354472950357422,1.7298800000000019
wso,PAK,,2012.0,F1nat,0.04220740991563459,0.0
wso,PER,,2012.0,F1nat,0.004328859060402684,0.0
wso,PRI,,2012.0,F1nat,0.007753522631741544,0.0
wso,REU,,2012.0,F1nat,0.15407608695652175,0.0
wso,SAU,,2012.0,F1nat,0.015991832386363636,0.0
wso,SDN,,2012.0,F1nat,0.01,0.0
wso,THA,,2012.0,F1nat,0.004553473697765759,0.0
wso,TWN,,2012.0,F1nat,0.9228634010354438,0.0
wso,UKR,,2012.0,F1nat,0.00577417555258888,0.0
wso,URY,,2012.0,F1nat,0.1097001295680846,0.0
wso,ISL,no fossil; regional (Europe) mix used for 3.42 TWh,2012.0,F1nocap,,
wso,EUROPE_POOL,,2012.0,F1marg,6.320269149298397,0.0
wso,AFG,,2012.0,F1marg,0.015,0.0
wso,BGD,,2012.0,F1marg,0.07692726891636972,0.0
wso,BLR,,2012.0,F1marg,0.0002647058823529412,0.0
wso,DOM,,2012.0,F1marg,0.014599522162924483,0.0
wso,EGY,,2012.0,F1marg,0.19243968371967293,0.0
wso,GUF,,2012.0,F1marg,0.05,0.0
wso,HND,,2012.0,F1marg,0.009979741940960475,0.0
wso,IRN,,2012.0,F1marg,0.06997910358650689,0.0
wso,ISL,no fossil; regional (Europe) mix used for 3.42 TWh,2012.0,F1marg,,
wso,ISL,,2012.0,F1marg,0.4232070633747326,2.8418400000000004
wso,ISR,,2012.0,F1marg,0.3074456174024312,0.0
wso,JPN,,2012.0,F1marg,3.146481567851291,0.0
wso,KEN,,2012.0,F1marg,0.0,0.02224000000000026
wso,KOR,,2012.0,F1marg,1.139000831745833,0.0
wso,LBY,,2012.0,F1marg,0.003952742123687281,0.0
wso,LKA,,2012.0,F1marg,0.11279963333362747,0.0
wso,MAR,,2012.0,F1marg,0.13938928624832914,0.0
wso,MLT,,2012.0,F1marg,0.0,0.02
wso,MNG,,2012.0,F1marg,0.0005263157894736842,0.0
wso,MTQ,,2012.0,F1marg,0.08,0.0
wso,MYS,,2012.0,F1marg,0.0045563499589567616,0.0
wso,NIC,,2012.0,F1marg,0.0,0.5800000000000001
wso,NZL,,2012.0,F1marg,1.2411886793582074,1.729880000000002
wso,PAK,,2012.0,F1marg,0.04220740991563459,0.0
wso,PER,,2012.0,F1marg,0.004328859060402684,0.0
wso,PRI,,2012.0,F1marg,0.007753522631741544,0.0
wso,REU,,2012.0,F1marg,0.15407608695652175,0.0
wso,SAU,,2012.0,F1marg,0.015991832386363636,0.0
wso,SDN,,2012.0,F1marg,0.01,0.0
wso,THA,,2012.0,F1marg,0.004553473697765759,0.0
wso,TWN,,2012.0,F1marg,0.9228634010354438,0.0
wso,UKR,,2012.0,F1marg,0.00577417555258888,0.0
wso,URY,,2012.0,F1marg,0.1097001295680846,0.0
wso,EUROPE_POOL,,2013.0,F1,5.326408222667811,0.0
wso,AFG,,2013.0,F1,0.01636363636363636,0.0
wso,BGD,,2013.0,F1,0.11030227664052039,0.0
wso,BLR,,2013.0,F1,6.408202499198975e-05,0.0
wso,CAN,,2013.0,F1,4.382393774092675,0.0
wso,DOM,,2013.0,F1,0.12893554705412932,0.0
wso,ECU,,2013.0,F1,0.014849768932562098,0.0
wso,EGY,,2013.0,F1,0.19813619117353393,0.0
wso,FRO,no fossil; regional (Europe) mix used for 0.01 TWh,2013.0,F1,,
wso,FRO,,2013.0,F1,0.0096538411475416,0.0
wso,GTM,,2013.0,F1,0.03486829468487672,0.0
wso,GUF,,2013.0,F1,0.04,0.0
wso,HND,,2013.0,F1,0.0,0.09426620355507737
wso,IRN,,2013.0,F1,0.06257876955894638,0.0
wso,ISL,no fossil; regional (Europe) mix used for 3.58 TWh,2013.0,F1,,
wso,ISL,,2013.0,F1,0.45423513081989336,3.0018399999999996
wso,ISR,,2013.0,F1,0.018470781893004117,0.0
wso,JPN,,2013.0,F1,5.844912719670327,0.0
wso,KOR,,2013.0,F1,1.544892438490274,0.0
wso,LBY,,2013.0,F1,0.004161392405063291,0.0
wso,LKA,,2013.0,F1,0.15385386942749038,0.0
wso,MAR,,2013.0,F1,0.0034568216024781773,0.0
wso,MLT,,2013.0,F1,0.0,0.03
wso,MMR,,2013.0,F1,0.00017478080025651633,0.0
wso,MNG,,2013.0,F1,0.003306122448979592,0.0
wso,MTQ,,2013.0,F1,0.08,0.0
wso,NIC,,2013.0,F1,0.0,0.9700000000000001
wso,NZL,,2013.0,F1,2.5345858984404552,0.0
wso,PAK,,2013.0,F1,0.30676677917494116,0.0
wso,PER,,2013.0,F1,0.012175648702594811,0.0
wso,PRI,,2013.0,F1,0.05130827070679087,0.0
wso,PRK,,2013.0,F1,0.0006951219512195123,0.0
wso,REU,,2013.0,F1,0.1741714285714286,0.0
wso,SAU,,2013.0,F1,0.021159223564544593,0.0
wso,THA,,2013.0,F1,0.014656067696647219,0.0
wso,TUN,,2013.0,F1,0.0016770186335403727,0.0
wso,TUR,,2013.0,F1,0.08569543116482334,0.0
wso,TWN,,2013.0,F1,1.1548962573215527,0.0
wso,UGA,no fossil; regional (Africa) mix used for 0.03 TWh,2013.0,F1,,
wso,UGA,,2013.0,F1,0.02624748702795791,0.0
wso,UKR,,2013.0,F1,0.012912024986985944,0.0
wso,URY,,2013.0,F1,0.14,0.0
wso,ZAF,,2013.0,F1,0.0007550983189253272,0.0
wso,BGR,,2013.0,F1nat,0.02641750227894257,0.0
wso,CZE,,2013.0,F1nat,0.0076762709569084655,0.0
wso,EST,,2013.0,F1nat,0.0003983402489626557,0.0
wso,HRV,,2013.0,F1nat,0.49545064377682413,0.0
wso,ITA,,2013.0,F1nat,0.4885994090422292,0.0
wso,LTU,,2013.0,F1nat,0.07877144351761342,0.0
wso,LUX,,2013.0,F1nat,0.052559999999999996,0.027440000000000006
wso,NOR,,2013.0,F1nat,0.02485198886280077,0.0
wso,POL,,2013.0,F1nat,0.05501745499997579,0.0
wso,PRT,,2013.0,F1nat,4.3073231725563845,0.0
wso,SVK,,2013.0,F1nat,0.08151055734646918,0.0
wso,SVN,,2013.0,F1nat,0.0004081632653061225,0.0
wso,SWE,,2013.0,F1nat,1.283757469109688,0.0
wso,AFG,,2013.0,F1nat,0.01636363636363636,0.0
wso,BGD,,2013.0,F1nat,0.11030227664052039,0.0
wso,BLR,,2013.0,F1nat,6.408202499198975e-05,0.0
wso,CAN,,2013.0,F1nat,4.382393774092675,0.0
wso,DOM,,2013.0,F1nat,0.12893554705412932,0.0
wso,ECU,,2013.0,F1nat,0.014849768932562098,0.0
wso,EGY,,2013.0,F1nat,0.19813619117353393,0.0
wso,FRO,no fossil; regional (Europe) mix used for 0.01 TWh,2013.0,F1nat,,
wso,FRO,,2013.0,F1nat,0.0096538411475416,0.0
wso,GTM,,2013.0,F1nat,0.03486829468487672,0.0
wso,GUF,,2013.0,F1nat,0.04,0.0
wso,HND,,2013.0,F1nat,0.0,0.09426620355507737
wso,IRN,,2013.0,F1nat,0.06257876955894638,0.0
wso,ISL,no fossil; regional (Europe) mix used for 3.58 TWh,2013.0,F1nat,,
wso,ISL,,2013.0,F1nat,0.45423513081989336,3.0018399999999996
wso,ISR,,2013.0,F1nat,0.018470781893004117,0.0
wso,JPN,,2013.0,F1nat,5.844912719670327,0.0
wso,KOR,,2013.0,F1nat,1.544892438490274,0.0
wso,LBY,,2013.0,F1nat,0.004161392405063291,0.0
wso,LKA,,2013.0,F1nat,0.15385386942749038,0.0
wso,MAR,,2013.0,F1nat,0.0034568216024781773,0.0
wso,MLT,,2013.0,F1nat,0.0,0.03
wso,MMR,,2013.0,F1nat,0.00017478080025651633,0.0
wso,MNG,,2013.0,F1nat,0.003306122448979592,0.0
wso,MTQ,,2013.0,F1nat,0.08,0.0
wso,NIC,,2013.0,F1nat,0.0,0.9700000000000001
wso,NZL,,2013.0,F1nat,2.5345858984404552,0.0
wso,PAK,,2013.0,F1nat,0.30676677917494116,0.0
wso,PER,,2013.0,F1nat,0.012175648702594811,0.0
wso,PRI,,2013.0,F1nat,0.05130827070679087,0.0
wso,PRK,,2013.0,F1nat,0.0006951219512195123,0.0
wso,REU,,2013.0,F1nat,0.1741714285714286,0.0
wso,SAU,,2013.0,F1nat,0.021159223564544593,0.0
wso,THA,,2013.0,F1nat,0.014656067696647219,0.0
wso,TUN,,2013.0,F1nat,0.0016770186335403727,0.0
wso,TUR,,2013.0,F1nat,0.08569543116482334,0.0
wso,TWN,,2013.0,F1nat,1.1548962573215527,0.0
wso,UGA,no fossil; regional (Africa) mix used for 0.03 TWh,2013.0,F1nat,,
wso,UGA,,2013.0,F1nat,0.02624748702795791,0.0
wso,UKR,,2013.0,F1nat,0.012912024986985944,0.0
wso,URY,,2013.0,F1nat,0.14,0.0
wso,ZAF,,2013.0,F1nat,0.0007550983189253272,0.0
wso,FRO,no fossil; regional (Europe) mix used for 0.01 TWh,2013.0,F1nocap,,
wso,ISL,no fossil; regional (Europe) mix used for 3.58 TWh,2013.0,F1nocap,,
wso,UGA,no fossil; regional (Africa) mix used for 0.03 TWh,2013.0,F1nocap,,
wso,EUROPE_POOL,,2013.0,F1marg,5.8427434019130855,0.0
wso,AFG,,2013.0,F1marg,0.01636363636363636,0.0
wso,BGD,,2013.0,F1marg,0.11030227664052039,0.0
wso,BLR,,2013.0,F1marg,6.408202499198975e-05,0.0
wso,CAN,,2013.0,F1marg,3.794581035884888,0.0
wso,DOM,,2013.0,F1marg,0.12893554705412932,0.0
wso,ECU,,2013.0,F1marg,0.014849768932562098,0.0
wso,EGY,,2013.0,F1marg,0.19813619117353393,0.0
wso,FRO,no fossil; regional (Europe) mix used for 0.01 TWh,2013.0,F1marg,,
wso,FRO,,2013.0,F1marg,0.0096538411475416,0.0
wso,GTM,,2013.0,F1marg,0.03486829468487672,0.0
wso,GUF,,2013.0,F1marg,0.04,0.0
wso,HND,,2013.0,F1marg,0.0,0.09426620355507737
wso,IRN,,2013.0,F1marg,0.06257876955894638,0.0
wso,ISL,no fossil; regional (Europe) mix used for 3.58 TWh,2013.0,F1marg,,
wso,ISL,,2013.0,F1marg,0.45423513081989336,3.0018399999999996
wso,ISR,,2013.0,F1marg,0.018470781893004117,0.0
wso,JPN,,2013.0,F1marg,5.844912719670327,0.0
wso,KOR,,2013.0,F1marg,1.544892438490274,0.0
wso,LBY,,2013.0,F1marg,0.004161392405063291,0.0
wso,LKA,,2013.0,F1marg,0.15385386942749038,0.0
wso,MAR,,2013.0,F1marg,0.0034568216024781773,0.0
wso,MLT,,2013.0,F1marg,0.0,0.03
wso,MMR,,2013.0,F1marg,0.00017478080025651633,0.0
wso,MNG,,2013.0,F1marg,0.003306122448979592,0.0
wso,MTQ,,2013.0,F1marg,0.08,0.0
wso,NIC,,2013.0,F1marg,0.0,0.9700000000000001
wso,NZL,,2013.0,F1marg,2.5424801695850765,0.0
wso,PAK,,2013.0,F1marg,0.30676677917494116,0.0
wso,PER,,2013.0,F1marg,0.012175648702594811,0.0
wso,PRI,,2013.0,F1marg,0.05130827070679087,0.0
wso,PRK,,2013.0,F1marg,0.0006951219512195123,0.0
wso,REU,,2013.0,F1marg,0.1741714285714286,0.0
wso,SAU,,2013.0,F1marg,0.021159223564544593,0.0
wso,THA,,2013.0,F1marg,0.014656067696647219,0.0
wso,TUN,,2013.0,F1marg,0.0016770186335403727,0.0
wso,TUR,,2013.0,F1marg,0.1090895036198745,0.0
wso,TWN,,2013.0,F1marg,1.1548962573215527,0.0
wso,UGA,no fossil; regional (Africa) mix used for 0.03 TWh,2013.0,F1marg,,
wso,UGA,,2013.0,F1marg,0.02624748702795791,0.0
wso,UKR,,2013.0,F1marg,0.012912024986985944,0.0
wso,URY,,2013.0,F1marg,0.14,0.0
wso,ZAF,,2013.0,F1marg,0.0007550983189253272,0.0
wso,EUROPE_POOL,,2014.0,F1,8.898281532996554,0.0
wso,AFG,,2014.0,F1,0.020624999999999998,0.0
wso,BGD,,2014.0,F1,0.13304867016464628,0.0
wso,BLR,,2014.0,F1,0.00011901306240928882,0.0
wso,BRA,,2014.0,F1,2.3535193147420546,0.0
wso,BRB,,2014.0,F1,0.000865102463482015,0.0
wso,CAN,,2014.0,F1,6.094538906530633,0.0
wso,CMR,,2014.0,F1,0.004406804054025853,0.0
wso,DOM,,2014.0,F1,0.12725525695763434,0.0
wso,ECU,,2014.0,F1,0.02418879407128972,0.0
wso,EGY,,2014.0,F1,0.13429447852760737,0.0
wso,ETH,no fossil; regional (Africa) mix used for 0.52 TWh,2014.0,F1,,
wso,ETH,,2014.0,F1,0.452365727409923,0.0
wso,FRO,no fossil; regional (Europe) mix used for 0.03 TWh,2014.0,F1,,
wso,FRO,,2014.0,F1,0.028915405899202683,0.0
wso,GTM,,2014.0,F1,0.06969660983815676,0.0
wso,GUF,,2014.0,F1,0.05,0.0
wso,HND,,2014.0,F1,0.0,0.41000000000000003
wso,IRN,,2014.0,F1,0.03280752307153148,0.0
wso,IRQ,,2014.0,F1,0.04623561477892186,0.0
wso,ISL,no fossil; regional (Europe) mix used for 3.59 TWh,2014.0,F1,,
wso,ISL,,2014.0,F1,0.44837023927125463,3.01184
wso,ISR,,2014.0,F1,0.004994991652754591,0.0
wso,JPN,,2014.0,F1,10.037925339939974,0.0
wso,KAZ,,2014.0,F1,0.00011809656130600905,0.0
wso,KEN,,2014.0,F1,0.0,1.1387200000000002
wso,KOR,,2014.0,F1,2.2541204053034387,0.0
wso,LBN,,2014.0,F1,0.02,0.0
wso,LBY,,2014.0,F1,0.004411919233648845,0.0
wso,LKA,,2014.0,F1,0.15473603564567778,0.0
wso,MLT,,2014.0,F1,0.0,0.07
wso,MMR,,2014.0,F1,0.0001125703564727955,0.0
wso,MNG,,2014.0,F1,0.006499032882011606,0.0
wso,MYS,,2014.0,F1,0.09643211174526883,0.0
wso,NER,,2014.0,F1,0.005769703475641984,0.0
wso,NIC,,2014.0,F1,0.0,1.2399999999999998
wso,NPL,no fossil; regional (Asia) mix used for 0.03 TWh,2014.0,F1,,
wso,NPL,,2014.0,F1,0.02916380973088644,0.0
wso,NZL,,2014.0,F1,1.779614916320707,0.0
wso,PAK,,2014.0,F1,0.5753419462419297,0.0
wso,PRI,,2014.0,F1,0.06913214615331871,0.0
wso,PRK,,2014.0,F1,0.000686046511627907,0.0
wso,REU,,2014.0,F1,0.16471204188481678,0.0
wso,RUS,,2014.0,F1,0.0055271209621684655,0.0
wso,SAU,,2014.0,F1,0.026766722535425877,0.0
wso,THA,,2014.0,F1,0.022912517134053807,0.0
wso,TUN,,2014.0,F1,0.009521218715995646,0.0
wso,TWN,,2014.0,F1,1.1708958004873153,0.0
wso,UKR,,2014.0,F1,0.013227708733143738,0.0
wso,URY,,2014.0,F1,0.4639200000000001,0.0
wso,ZAF,,2014.0,F1,0.028152808601653707,0.0
wso,BGR,,2014.0,F1nat,0.022988165680473373,0.0
wso,BIH,,2014.0,F1nat,7.21370604147881e-05,0.0
wso,CZE,,2014.0,F1nat,0.007361461336641295,0.0
wso,EST,,2014.0,F1nat,0.0004972875226039782,0.0
wso,HRV,,2014.0,F1nat,0.5033831518624639,0.0
wso,LTU,,2014.0,F1nat,0.0690093769029198,0.0
wso,LUX,,2014.0,F1nat,0.052559999999999996,0.047439999999999996
wso,NLD,,2014.0,F1nat,1.2336252830767844,0.0
wso,NOR,,2014.0,F1nat,0.02945926351668138,0.0
wso,POL,,2014.0,F1nat,0.06757188082587905,0.0
wso,PRT,,2014.0,F1nat,4.785572993251469,0.0
wso,SRB,,2014.0,F1nat,2.2311468094600628e-05,0.0
wso,SVK,,2014.0,F1nat,0.07401393170630156,0.0
wso,SVN,,2014.0,F1nat,0.0031100478468899526,0.0
wso,SWE,,2014.0,F1nat,2.444597370944636,0.0
wso,AFG,,2014.0,F1nat,0.020624999999999998,0.0
wso,BGD,,2014.0,F1nat,0.13304867016464628,0.0
wso,BLR,,2014.0,F1nat,0.00011901306240928882,0.0
wso,BRA,,2014.0,F1nat,2.3535193147420546,0.0
wso,BRB,,2014.0,F1nat,0.000865102463482015,0.0
wso,CAN,,2014.0,F1nat,6.094538906530633,0.0
wso,CMR,,2014.0,F1nat,0.004406804054025853,0.0
wso,DOM,,2014.0,F1nat,0.12725525695763434,0.0
wso,ECU,,2014.0,F1nat,0.02418879407128972,0.0
wso,EGY,,2014.0,F1nat,0.13429447852760737,0.0
wso,ETH,no fossil; regional (Africa) mix used for 0.52 TWh,2014.0,F1nat,,
wso,ETH,,2014.0,F1nat,0.452365727409923,0.0
wso,FRO,no fossil; regional (Europe) mix used for 0.03 TWh,2014.0,F1nat,,
wso,FRO,,2014.0,F1nat,0.028915405899202683,0.0
wso,GTM,,2014.0,F1nat,0.06969660983815676,0.0
wso,GUF,,2014.0,F1nat,0.05,0.0
wso,HND,,2014.0,F1nat,0.0,0.41000000000000003
wso,IRN,,2014.0,F1nat,0.03280752307153148,0.0
wso,IRQ,,2014.0,F1nat,0.04623561477892186,0.0
wso,ISL,no fossil; regional (Europe) mix used for 3.59 TWh,2014.0,F1nat,,
wso,ISL,,2014.0,F1nat,0.44837023927125463,3.01184
wso,ISR,,2014.0,F1nat,0.004994991652754591,0.0
wso,JPN,,2014.0,F1nat,10.037925339939974,0.0
wso,KAZ,,2014.0,F1nat,0.00011809656130600905,0.0
wso,KEN,,2014.0,F1nat,0.0,1.1387200000000002
wso,KOR,,2014.0,F1nat,2.2541204053034387,0.0
wso,LBN,,2014.0,F1nat,0.02,0.0
wso,LBY,,2014.0,F1nat,0.004411919233648845,0.0
wso,LKA,,2014.0,F1nat,0.15473603564567778,0.0
wso,MLT,,2014.0,F1nat,0.0,0.07
wso,MMR,,2014.0,F1nat,0.0001125703564727955,0.0
wso,MNG,,2014.0,F1nat,0.006499032882011606,0.0
wso,MYS,,2014.0,F1nat,0.09643211174526883,0.0
wso,NER,,2014.0,F1nat,0.005769703475641984,0.0
wso,NIC,,2014.0,F1nat,0.0,1.2399999999999998
wso,NPL,no fossil; regional (Asia) mix used for 0.03 TWh,2014.0,F1nat,,
wso,NPL,,2014.0,F1nat,0.02916380973088644,0.0
wso,NZL,,2014.0,F1nat,1.779614916320707,0.0
wso,PAK,,2014.0,F1nat,0.5753419462419297,0.0
wso,PRI,,2014.0,F1nat,0.06913214615331871,0.0
wso,PRK,,2014.0,F1nat,0.000686046511627907,0.0
wso,REU,,2014.0,F1nat,0.16471204188481678,0.0
wso,RUS,,2014.0,F1nat,0.0055271209621684655,0.0
wso,SAU,,2014.0,F1nat,0.026766722535425877,0.0
wso,THA,,2014.0,F1nat,0.022912517134053807,0.0
wso,TUN,,2014.0,F1nat,0.009521218715995646,0.0
wso,TWN,,2014.0,F1nat,1.1708958004873153,0.0
wso,UKR,,2014.0,F1nat,0.013227708733143738,0.0
wso,URY,,2014.0,F1nat,0.4639200000000001,0.0
wso,ZAF,,2014.0,F1nat,0.028152808601653707,0.0
wso,ETH,no fossil; regional (Africa) mix used for 0.52 TWh,2014.0,F1nocap,,
wso,FRO,no fossil; regional (Europe) mix used for 0.03 TWh,2014.0,F1nocap,,
wso,ISL,no fossil; regional (Europe) mix used for 3.59 TWh,2014.0,F1nocap,,
wso,NPL,no fossil; regional (Asia) mix used for 0.03 TWh,2014.0,F1nocap,,
wso,EUROPE_POOL,,2014.0,F1marg,8.18677150933263,0.0
wso,AFG,,2014.0,F1marg,0.020624999999999998,0.0
wso,BGD,,2014.0,F1marg,0.13304867016464628,0.0
wso,BLR,,2014.0,F1marg,0.00011901306240928882,0.0
wso,BRA,,2014.0,F1marg,2.3535193147420546,0.0
wso,BRB,,2014.0,F1marg,0.000865102463482015,0.0
wso,CAN,,2014.0,F1marg,5.474222643796606,0.0
wso,CMR,,2014.0,F1marg,0.004406804054025853,0.0
wso,DOM,,2014.0,F1marg,0.12725525695763434,0.0
wso,ECU,,2014.0,F1marg,0.02418879407128972,0.0
wso,EGY,,2014.0,F1marg,0.13429447852760737,0.0
wso,ETH,no fossil; regional (Africa) mix used for 0.52 TWh,2014.0,F1marg,,
wso,ETH,,2014.0,F1marg,0.452365727409923,0.0
wso,FRO,no fossil; regional (Europe) mix used for 0.03 TWh,2014.0,F1marg,,
wso,FRO,,2014.0,F1marg,0.028915405899202683,0.0
wso,GTM,,2014.0,F1marg,0.06969660983815676,0.0
wso,GUF,,2014.0,F1marg,0.05,0.0
wso,HND,,2014.0,F1marg,0.0,0.41000000000000003
wso,IRN,,2014.0,F1marg,0.03280752307153148,0.0
wso,IRQ,,2014.0,F1marg,0.04623561477892186,0.0
wso,ISL,no fossil; regional (Europe) mix used for 3.59 TWh,2014.0,F1marg,,
wso,ISL,,2014.0,F1marg,0.44837023927125463,3.01184
wso,ISR,,2014.0,F1marg,0.004994991652754591,0.0
wso,JPN,,2014.0,F1marg,10.037925339939974,0.0
wso,KAZ,,2014.0,F1marg,0.00011809656130600905,0.0
wso,KEN,,2014.0,F1marg,0.0,1.1387200000000002
wso,KOR,,2014.0,F1marg,2.2541204053034387,0.0
wso,LBN,,2014.0,F1marg,0.02,0.0
wso,LBY,,2014.0,F1marg,0.004411919233648845,0.0
wso,LKA,,2014.0,F1marg,0.15473603564567778,0.0
wso,MLT,,2014.0,F1marg,0.0,0.07
wso,MMR,,2014.0,F1marg,0.0001125703564727955,0.0
wso,MNG,,2014.0,F1marg,0.006499032882011606,0.0
wso,MYS,,2014.0,F1marg,0.09643211174526883,0.0
wso,NER,,2014.0,F1marg,0.005769703475641984,0.0
wso,NIC,,2014.0,F1marg,0.0,1.2399999999999998
wso,NPL,no fossil; regional (Asia) mix used for 0.03 TWh,2014.0,F1marg,,
wso,NPL,,2014.0,F1marg,0.02916380973088644,0.0
wso,NZL,,2014.0,F1marg,1.7934922436462657,0.0
wso,PAK,,2014.0,F1marg,0.5753419462419297,0.0
wso,PRI,,2014.0,F1marg,0.06913214615331871,0.0
wso,PRK,,2014.0,F1marg,0.000686046511627907,0.0
wso,REU,,2014.0,F1marg,0.16471204188481678,0.0
wso,RUS,,2014.0,F1marg,0.0055271209621684655,0.0
wso,SAU,,2014.0,F1marg,0.026766722535425877,0.0
wso,THA,,2014.0,F1marg,0.022912517134053807,0.0
wso,TUN,,2014.0,F1marg,0.009521218715995646,0.0
wso,TWN,,2014.0,F1marg,1.1708958004873153,0.0
wso,UKR,,2014.0,F1marg,0.013227708733143738,0.0
wso,URY,,2014.0,F1marg,0.4639200000000001,0.0
wso,ZAF,,2014.0,F1marg,0.028152808601653707,0.0
wso,EUROPE_POOL,,2015.0,F1,21.089518690120098,0.0
wso,AFG,,2015.0,F1,0.019999999999999997,0.0
wso,ATG,,2015.0,F1,0.0,0.01
wso,BGD,,2015.0,F1,0.17169088733116775,0.0
wso,BLR,,2015.0,F1,0.0004740740740740741,0.0
wso,BRA,,2015.0,F1,4.414520993607391,0.0
wso,BRB,,2015.0,F1,0.0008516110497872186,0.0
wso,CAN,,2015.0,F1,8.333333843700148,0.0
wso,CMR,,2015.0,F1,0.004554710200741461,0.0
wso,DOM,,2015.0,F1,0.14344299658334056,0.0
wso,ECU,,2015.0,F1,0.03247981996837614,0.0
wso,EGY,,2015.0,F1,0.3110468054385754,0.0
wso,ETH,no fossil; regional (Africa) mix used for 0.78 TWh,2015.0,F1,,
wso,ETH,,2015.0,F1,0.6286051796001314,0.04416000000000009
wso,FRO,no fossil; regional (Europe) mix used for 0.05 TWh,2015.0,F1,,
wso,FRO,,2015.0,F1,0.04816143773336083,0.0
wso,GTM,,2015.0,F1,0.2601865993871215,0.0
wso,GUF,,2015.0,F1,0.05,0.0
wso,GUM,no fossil; regional (Oceania) mix used for 0.03 TWh,2015.0,F1,,
wso,GUM,,2015.0,F1,0.02883951263803903,0.0
wso,HND,,2015.0,F1,0.3766618834802658,0.7094400000000001
wso,IRN,,2015.0,F1,0.012892710002185663,0.0
wso,IRQ,,2015.0,F1,0.04141702190210201,0.0
wso,ISL,no fossil; regional (Europe) mix used for 3.35 TWh,2015.0,F1,,
wso,ISL,,2015.0,F1,0.5075363281351764,2.719279999999999
wso,ISR,,2015.0,F1,0.012442469449293763,0.0
wso,JOR,,2015.0,F1,0.08061557809641462,0.0
wso,JPN,,2015.0,F1,15.202380976664964,0.0
wso,KAZ,,2015.0,F1,0.0030218978102189774,0.0
wso,KEN,,2015.0,F1,0.0,0.8582400000000008
wso,KOR,,2015.0,F1,3.628611080904741,0.0
wso,LBN,,2015.0,F1,0.03,0.0
wso,LBY,,2015.0,F1,0.004411919233648845,0.0
wso,MAR,,2015.0,F1,1.0245053386454164,0.0
wso,MLT,,2015.0,F1,0.0,0.09
wso,MMR,,2015.0,F1,0.00022865853658536584,0.0
wso,MNG,,2015.0,F1,0.006956521739130435,0.0
wso,MWI,,2015.0,F1,0.0,0.0023200000000000165
wso,MYS,,2015.0,F1,0.1268222757515029,0.0
wso,NER,,2015.0,F1,0.004150943396226415,0.0
wso,NIC,,2015.0,F1,0.0,1.28
wso,NPL,no fossil; regional (Asia) mix used for 0.03 TWh,2015.0,F1,,
wso,NPL,,2015.0,F1,0.029239907071177185,0.0
wso,NZL,,2015.0,F1,2.2215913325031122,0.0
wso,PAK,,2015.0,F1,0.5428213863913284,0.0
wso,PRI,,2015.0,F1,0.07987313322225374,0.0
wso,PRK,,2015.0,F1,0.0027,0.0
wso,PSE,no fossil; regional (Middle East) mix used for 0.01 TWh,2015.0,F1,,
wso,PSE,,2015.0,F1,0.0,0.01
wso,REU,,2015.0,F1,0.14307243243243217,0.0
wso,RUS,,2015.0,F1,0.010110365229263854,0.0
wso,SAU,,2015.0,F1,0.02642117573233692,0.0
wso,SDN,,2015.0,F1,0.01,0.0
wso,SUR,,2015.0,F1,7.2992700729927e-05,0.0
wso,THA,,2015.0,F1,0.015200585294476283,0.0
wso,TTO,,2015.0,F1,2.092050209205021e-05,0.0
wso,TUN,,2015.0,F1,0.022629629629629635,0.0
wso,TWN,,2015.0,F1,1.2905041086071751,0.0
wso,TZA,,2015.0,F1,0.006820276497695853,0.0
wso,UKR,,2015.0,F1,0.03882935955474894,0.0
wso,URY,,2015.0,F1,2.1199999999999997,0.0
wso,BGR,,2015.0,F1nat,0.021875508543531326,0.0
wso,BIH,,2015.0,F1nat,7.352941176470588e-05,0.0
wso,CHE,,2015.0,F1nat,0.2131196824752959,0.0
wso,ESP,,2015.0,F1nat,0.6055930316081763,0.0
wso,HRV,,2015.0,F1nat,0.45510258064516096,0.0
wso,ITA,,2015.0,F1nat,0.7473930244719447,0.0
wso,LTU,,2015.0,F1nat,0.08933851361111986,0.0
wso,LUX,,2015.0,F1nat,0.052559999999999996,0.07744000000000001
wso,NLD,,2015.0,F1nat,3.025533297582363,0.0
wso,NOR,,2015.0,F1nat,0.03489741143554782,0.0
wso,POL,,2015.0,F1nat,0.24195040936461565,0.0
wso,PRT,,2015.0,F1nat,6.023765562779985,0.0
wso,SRB,,2015.0,F1nat,3.63901018922853e-05,0.0
wso,SVK,,2015.0,F1nat,0.07773279724103209,0.0
wso,SVN,,2015.0,F1nat,0.0011666666666666668,0.0
wso,SWE,,2015.0,F1nat,5.246137460782997,0.0
wso,AFG,,2015.0,F1nat,0.019999999999999997,0.0
wso,ATG,,2015.0,F1nat,0.0,0.01
wso,BGD,,2015.0,F1nat,0.17169088733116775,0.0
wso,BLR,,2015.0,F1nat,0.0004740740740740741,0.0
wso,BRA,,2015.0,F1nat,4.414520993607391,0.0
wso,BRB,,2015.0,F1nat,0.0008516110497872186,0.0
wso,CAN,,2015.0,F1nat,8.333333843700148,0.0
wso,CMR,,2015.0,F1nat,0.004554710200741461,0.0
wso,DOM,,2015.0,F1nat,0.14344299658334056,0.0
wso,ECU,,2015.0,F1nat,0.03247981996837614,0.0
wso,EGY,,2015.0,F1nat,0.3110468054385754,0.0
wso,ETH,no fossil; regional (Africa) mix used for 0.78 TWh,2015.0,F1nat,,
wso,ETH,,2015.0,F1nat,0.6286051796001314,0.04416000000000009
wso,FRO,no fossil; regional (Europe) mix used for 0.05 TWh,2015.0,F1nat,,
wso,FRO,,2015.0,F1nat,0.04816143773336083,0.0
wso,GTM,,2015.0,F1nat,0.2601865993871215,0.0
wso,GUF,,2015.0,F1nat,0.05,0.0
wso,GUM,no fossil; regional (Oceania) mix used for 0.03 TWh,2015.0,F1nat,,
wso,GUM,,2015.0,F1nat,0.02883951263803903,0.0
wso,HND,,2015.0,F1nat,0.3766618834802658,0.7094400000000001
wso,IRN,,2015.0,F1nat,0.012892710002185663,0.0
wso,IRQ,,2015.0,F1nat,0.04141702190210201,0.0
wso,ISL,no fossil; regional (Europe) mix used for 3.35 TWh,2015.0,F1nat,,
wso,ISL,,2015.0,F1nat,0.5075363281351764,2.719279999999999
wso,ISR,,2015.0,F1nat,0.012442469449293763,0.0
wso,JOR,,2015.0,F1nat,0.08061557809641462,0.0
wso,JPN,,2015.0,F1nat,15.202380976664964,0.0
wso,KAZ,,2015.0,F1nat,0.0030218978102189774,0.0
wso,KEN,,2015.0,F1nat,0.0,0.8582400000000008
wso,KOR,,2015.0,F1nat,3.628611080904741,0.0
wso,LBN,,2015.0,F1nat,0.03,0.0
wso,LBY,,2015.0,F1nat,0.004411919233648845,0.0
wso,MAR,,2015.0,F1nat,1.0245053386454164,0.0
wso,MLT,,2015.0,F1nat,0.0,0.09
wso,MMR,,2015.0,F1nat,0.00022865853658536584,0.0
wso,MNG,,2015.0,F1nat,0.006956521739130435,0.0
wso,MWI,,2015.0,F1nat,0.0,0.0023200000000000165
wso,MYS,,2015.0,F1nat,0.1268222757515029,0.0
wso,NER,,2015.0,F1nat,0.004150943396226415,0.0
wso,NIC,,2015.0,F1nat,0.0,1.28
wso,NPL,no fossil; regional (Asia) mix used for 0.03 TWh,2015.0,F1nat,,
wso,NPL,,2015.0,F1nat,0.029239907071177185,0.0
wso,NZL,,2015.0,F1nat,2.2215913325031122,0.0
wso,PAK,,2015.0,F1nat,0.5428213863913284,0.0
wso,PRI,,2015.0,F1nat,0.07987313322225374,0.0
wso,PRK,,2015.0,F1nat,0.0027,0.0
wso,PSE,no fossil; regional (Middle East) mix used for 0.01 TWh,2015.0,F1nat,,
wso,PSE,,2015.0,F1nat,0.0,0.01
wso,REU,,2015.0,F1nat,0.14307243243243217,0.0
wso,RUS,,2015.0,F1nat,0.010110365229263854,0.0
wso,SAU,,2015.0,F1nat,0.02642117573233692,0.0
wso,SDN,,2015.0,F1nat,0.01,0.0
wso,SUR,,2015.0,F1nat,7.2992700729927e-05,0.0
wso,THA,,2015.0,F1nat,0.015200585294476283,0.0
wso,TTO,,2015.0,F1nat,2.092050209205021e-05,0.0
wso,TUN,,2015.0,F1nat,0.022629629629629635,0.0
wso,TWN,,2015.0,F1nat,1.2905041086071751,0.0
wso,TZA,,2015.0,F1nat,0.006820276497695853,0.0
wso,UKR,,2015.0,F1nat,0.03882935955474894,0.0
wso,URY,,2015.0,F1nat,2.1199999999999997,0.0
wso,ETH,no fossil; regional (Africa) mix used for 0.78 TWh,2015.0,F1nocap,,
wso,FRO,no fossil; regional (Europe) mix used for 0.05 TWh,2015.0,F1nocap,,
wso,GUM,no fossil; regional (Oceania) mix used for 0.03 TWh,2015.0,F1nocap,,
wso,ISL,no fossil; regional (Europe) mix used for 3.35 TWh,2015.0,F1nocap,,
wso,NPL,no fossil; regional (Asia) mix used for 0.03 TWh,2015.0,F1nocap,,
wso,PSE,no fossil; regional (Middle East) mix used for 0.01 TWh,2015.0,F1nocap,,
wso,EUROPE_POOL,,2015.0,F1marg,18.827953694130276,0.0
wso,AFG,,2015.0,F1marg,0.019999999999999997,0.0
wso,ATG,,2015.0,F1marg,0.0,0.01
wso,BGD,,2015.0,F1marg,0.17169088733116775,0.0
wso,BLR,,2015.0,F1marg,0.0004740740740740741,0.0
wso,BRA,,2015.0,F1marg,4.414520993607391,0.0
wso,BRB,,2015.0,F1marg,0.0008516110497872186,0.0
wso,CAN,,2015.0,F1marg,6.634794104664136,0.0
wso,CMR,,2015.0,F1marg,0.004554710200741461,0.0
wso,DOM,,2015.0,F1marg,0.14344299658334056,0.0
wso,ECU,,2015.0,F1marg,0.03247981996837614,0.0
wso,EGY,,2015.0,F1marg,0.3110468054385754,0.0
wso,ETH,no fossil; regional (Africa) mix used for 0.78 TWh,2015.0,F1marg,,
wso,ETH,,2015.0,F1marg,0.6286051796001314,0.04416000000000009
wso,FRO,no fossil; regional (Europe) mix used for 0.05 TWh,2015.0,F1marg,,
wso,FRO,,2015.0,F1marg,0.04816143773336083,0.0
wso,GTM,,2015.0,F1marg,0.2601865993871215,0.0
wso,GUF,,2015.0,F1marg,0.05,0.0
wso,GUM,no fossil; regional (Oceania) mix used for 0.03 TWh,2015.0,F1marg,,
wso,GUM,,2015.0,F1marg,0.02883951263803903,0.0
wso,HND,,2015.0,F1marg,0.3766618834802658,0.7094400000000001
wso,IRN,,2015.0,F1marg,0.012892710002185663,0.0
wso,IRQ,,2015.0,F1marg,0.04141702190210201,0.0
wso,ISL,no fossil; regional (Europe) mix used for 3.35 TWh,2015.0,F1marg,,
wso,ISL,,2015.0,F1marg,0.5075363281351764,2.719279999999999
wso,ISR,,2015.0,F1marg,0.012442469449293763,0.0
wso,JOR,,2015.0,F1marg,0.08061557809641462,0.0
wso,JPN,,2015.0,F1marg,15.202380976664964,0.0
wso,KAZ,,2015.0,F1marg,0.0030218978102189774,0.0
wso,KEN,,2015.0,F1marg,0.0,0.8582400000000008
wso,KOR,,2015.0,F1marg,3.628611080904741,0.0
wso,LBN,,2015.0,F1marg,0.03,0.0
wso,LBY,,2015.0,F1marg,0.004411919233648845,0.0
wso,MAR,,2015.0,F1marg,1.0245053386454164,0.0
wso,MLT,,2015.0,F1marg,0.0,0.09
wso,MMR,,2015.0,F1marg,0.00022865853658536584,0.0
wso,MNG,,2015.0,F1marg,0.006956521739130435,0.0
wso,MWI,,2015.0,F1marg,0.0,0.0023200000000000165
wso,MYS,,2015.0,F1marg,0.1268222757515029,0.0
wso,NER,,2015.0,F1marg,0.004150943396226415,0.0
wso,NIC,,2015.0,F1marg,0.0,1.28
wso,NPL,no fossil; regional (Asia) mix used for 0.03 TWh,2015.0,F1marg,,
wso,NPL,,2015.0,F1marg,0.029239907071177185,0.0
wso,NZL,,2015.0,F1marg,2.236440806307332,0.0
wso,PAK,,2015.0,F1marg,0.5428213863913284,0.0
wso,PRI,,2015.0,F1marg,0.07987313322225374,0.0
wso,PRK,,2015.0,F1marg,0.0027,0.0
wso,PSE,no fossil; regional (Middle East) mix used for 0.01 TWh,2015.0,F1marg,,
wso,PSE,,2015.0,F1marg,0.0,0.01
wso,REU,,2015.0,F1marg,0.14307243243243217,0.0
wso,RUS,,2015.0,F1marg,0.010110365229263854,0.0
wso,SAU,,2015.0,F1marg,0.02642117573233692,0.0
wso,SDN,,2015.0,F1marg,0.01,0.0
wso,SUR,,2015.0,F1marg,7.2992700729927e-05,0.0
wso,THA,,2015.0,F1marg,0.015200585294476283,0.0
wso,TTO,,2015.0,F1marg,2.092050209205021e-05,0.0
wso,TUN,,2015.0,F1marg,0.022629629629629635,0.0
wso,TWN,,2015.0,F1marg,1.2905041086071751,0.0
wso,TZA,,2015.0,F1marg,0.006820276497695853,0.0
wso,UKR,,2015.0,F1marg,0.03882935955474894,0.0
wso,URY,,2015.0,F1marg,2.1199999999999997,0.0
wso,EUROPE_POOL,,2016.0,F1,15.230021200481767,0.0
wso,AFG,,2016.0,F1,0.024,0.0
wso,AZE,,2016.0,F1,0.006544230138432436,0.0
wso,BGD,,2016.0,F1,0.18793220338983052,0.0
wso,BLR,,2016.0,F1,0.002024743512371756,0.0
wso,BRA,,2016.0,F1,9.105420823166154,0.0
wso,BRB,,2016.0,F1,0.0016993840211526627,0.0
wso,CAN,,2016.0,F1,10.582791191037732,0.0
wso,CMR,,2016.0,F1,0.004175824175824175,0.0
wso,DOM,,2016.0,F1,0.06512640403843156,0.0
wso,EGY,,2016.0,F1,0.38550692950131304,0.0
wso,ETH,no fossil; regional (Africa) mix used for 0.80 TWh,2016.0,F1,,
wso,ETH,,2016.0,F1,0.43464607984747494,0.2744000000000002
wso,FRO,no fossil; regional (Europe) mix used for 0.04 TWh,2016.0,F1,,
wso,FRO,,2016.0,F1,0.03853803009745413,0.0
wso,GEO,,2016.0,F1,8.928571428571429e-05,0.0
wso,GTM,,2016.0,F1,0.3611589802490176,0.0
wso,GUF,,2016.0,F1,0.05,0.0
wso,GUM,no fossil; regional (Oceania) mix used for 0.07 TWh,2016.0,F1,,
wso,GUM,,2016.0,F1,0.06742312079233921,0.0
wso,HND,,2016.0,F1,0.4352017454172985,0.9711200543585059
wso,IRN,,2016.0,F1,0.012640710110398261,0.0
wso,IRQ,,2016.0,F1,0.04281304084707559,0.0
wso,ISL,no fossil; regional (Europe) mix used for 3.42 TWh,2016.0,F1,,
wso,ISL,,2016.0,F1,0.5057215733323286,2.7892799999999998
wso,ISR,,2016.0,F1,0.007983463481855765,0.0
wso,JOR,,2016.0,F1,0.09257467751422961,0.0
wso,JPN,,2016.0,F1,17.96002024877726,0.0
wso,KAZ,,2016.0,F1,0.008493647912885661,0.0
wso,KEN,,2016.0,F1,0.0,1.118240000000001
wso,KOR,,2016.0,F1,4.317451557002572,0.0
wso,LBN,,2016.0,F1,0.05,0.0
wso,LKA,,2016.0,F1,0.166040198836086,0.0
wso,MAR,,2016.0,F1,1.6132164313421231,0.0
wso,MMR,,2016.0,F1,0.0003680586036770096,0.0
wso,MNG,,2016.0,F1,0.005608856088560885,0.0
wso,MYS,,2016.0,F1,0.15813293006786663,0.0
wso,NER,,2016.0,F1,0.0031884057971014496,0.0
wso,NIC,,2016.0,F1,0.0,1.17
wso,NPL,no fossil; regional (Asia) mix used for 0.03 TWh,2016.0,F1,,
wso,NPL,,2016.0,F1,0.02928404964649279,0.0
wso,NZL,,2016.0,F1,1.7586951919884533,0.0
wso,PAK,,2016.0,F1,0.8901402135944924,0.0
wso,PER,,2016.0,F1,0.050253807106599,0.0
wso,PRI,,2016.0,F1,0.07550214077304969,0.0
wso,PRK,,2016.0,F1,0.0033873873873873873,0.0
wso,PSE,no fossil; regional (Middle East) mix used for 0.04 TWh,2016.0,F1,,
wso,PSE,,2016.0,F1,0.0,0.039999999999999994
wso,REU,,2016.0,F1,0.1131760824742265,0.0
wso,RUS,,2016.0,F1,0.013272845289834623,0.0
wso,SAU,,2016.0,F1,0.023636084002125222,0.0
wso,SEN,,2016.0,F1,0.009769810497117365,0.0
wso,SGP,,2016.0,F1,0.0011146273596130834,0.0
wso,SUR,,2016.0,F1,9.80392156862745e-05,0.0
wso,THA,,2016.0,F1,0.011759999999999998,0.0
wso,TTO,,2016.0,F1,3.188097768331562e-05,0.0
wso,TUN,,2016.0,F1,0.0011368421052631579,0.0
wso,TWN,,2016.0,F1,1.3915517674732618,0.0
wso,UKR,,2016.0,F1,0.05085391401885981,0.0
wso,URY,,2016.0,F1,3.14,0.0
wso,BEL,,2016.0,F1nat,0.14377236702229387,0.0
wso,BGR,,2016.0,F1nat,0.037535697835099024,0.0
wso,BIH,,2016.0,F1nat,0.0001322314049586777,0.0
wso,CHE,,2016.0,F1nat,0.8391725956489088,0.0
wso,ESP,,2016.0,F1nat,0.6583428791693411,0.0
wso,EST,,2016.0,F1nat,0.5463610586011342,0.0
wso,HRV,,2016.0,F1nat,1.0573820754716983,0.0
wso,LTU,,2016.0,F1nat,0.15480354443597233,0.0
wso,LUX,,2016.0,F1nat,0.052559999999999996,0.07744000000000001
wso,NOR,,2016.0,F1nat,0.0274618614361935,0.0
wso,POL,,2016.0,F1nat,0.8602657939218511,0.0
wso,PRT,,2016.0,F1nat,4.370570730273099,0.0
wso,SRB,,2016.0,F1nat,0.00018738738738738743,0.0
wso,SVK,,2016.0,F1nat,0.09389017862032502,0.0
wso,SVN,,2016.0,F1nat,0.0010275229357798168,0.0
wso,SWE,,2016.0,F1nat,3.4223399619588033,0.0
wso,AFG,,2016.0,F1nat,0.024,0.0
wso,AZE,,2016.0,F1nat,0.006544230138432436,0.0
wso,BGD,,2016.0,F1nat,0.18793220338983052,0.0
wso,BLR,,2016.0,F1nat,0.002024743512371756,0.0
wso,BRA,,2016.0,F1nat,9.105420823166154,0.0
wso,BRB,,2016.0,F1nat,0.0016993840211526627,0.0
wso,CAN,,2016.0,F1nat,10.582791191037732,0.0
wso,CMR,,2016.0,F1nat,0.004175824175824175,0.0
wso,DOM,,2016.0,F1nat,0.06512640403843156,0.0
wso,EGY,,2016.0,F1nat,0.38550692950131304,0.0
wso,ETH,no fossil; regional (Africa) mix used for 0.80 TWh,2016.0,F1nat,,
wso,ETH,,2016.0,F1nat,0.43464607984747494,0.2744000000000002
wso,FRO,no fossil; regional (Europe) mix used for 0.04 TWh,2016.0,F1nat,,
wso,FRO,,2016.0,F1nat,0.03853803009745413,0.0
wso,GEO,,2016.0,F1nat,8.928571428571429e-05,0.0
wso,GTM,,2016.0,F1nat,0.3611589802490176,0.0
wso,GUF,,2016.0,F1nat,0.05,0.0
wso,GUM,no fossil; regional (Oceania) mix used for 0.07 TWh,2016.0,F1nat,,
wso,GUM,,2016.0,F1nat,0.06742312079233921,0.0
wso,HND,,2016.0,F1nat,0.4352017454172985,0.9711200543585059
wso,IRN,,2016.0,F1nat,0.012640710110398261,0.0
wso,IRQ,,2016.0,F1nat,0.04281304084707559,0.0
wso,ISL,no fossil; regional (Europe) mix used for 3.42 TWh,2016.0,F1nat,,
wso,ISL,,2016.0,F1nat,0.5057215733323286,2.7892799999999998
wso,ISR,,2016.0,F1nat,0.007983463481855765,0.0
wso,JOR,,2016.0,F1nat,0.09257467751422961,0.0
wso,JPN,,2016.0,F1nat,17.96002024877726,0.0
wso,KAZ,,2016.0,F1nat,0.008493647912885661,0.0
wso,KEN,,2016.0,F1nat,0.0,1.118240000000001
wso,KOR,,2016.0,F1nat,4.317451557002572,0.0
wso,LBN,,2016.0,F1nat,0.05,0.0
wso,LKA,,2016.0,F1nat,0.166040198836086,0.0
wso,MAR,,2016.0,F1nat,1.6132164313421231,0.0
wso,MMR,,2016.0,F1nat,0.0003680586036770096,0.0
wso,MNG,,2016.0,F1nat,0.005608856088560885,0.0
wso,MYS,,2016.0,F1nat,0.15813293006786663,0.0
wso,NER,,2016.0,F1nat,0.0031884057971014496,0.0
wso,NIC,,2016.0,F1nat,0.0,1.17
wso,NPL,no fossil; regional (Asia) mix used for 0.03 TWh,2016.0,F1nat,,
wso,NPL,,2016.0,F1nat,0.02928404964649279,0.0
wso,NZL,,2016.0,F1nat,1.7586951919884533,0.0
wso,PAK,,2016.0,F1nat,0.8901402135944924,0.0
wso,PER,,2016.0,F1nat,0.050253807106599,0.0
wso,PRI,,2016.0,F1nat,0.07550214077304969,0.0
wso,PRK,,2016.0,F1nat,0.0033873873873873873,0.0
wso,PSE,no fossil; regional (Middle East) mix used for 0.04 TWh,2016.0,F1nat,,
wso,PSE,,2016.0,F1nat,0.0,0.039999999999999994
wso,REU,,2016.0,F1nat,0.1131760824742265,0.0
wso,RUS,,2016.0,F1nat,0.013272845289834623,0.0
wso,SAU,,2016.0,F1nat,0.023636084002125222,0.0
wso,SEN,,2016.0,F1nat,0.009769810497117365,0.0
wso,SGP,,2016.0,F1nat,0.0011146273596130834,0.0
wso,SUR,,2016.0,F1nat,9.80392156862745e-05,0.0
wso,THA,,2016.0,F1nat,0.011759999999999998,0.0
wso,TTO,,2016.0,F1nat,3.188097768331562e-05,0.0
wso,TUN,,2016.0,F1nat,0.0011368421052631579,0.0
wso,TWN,,2016.0,F1nat,1.3915517674732618,0.0
wso,UKR,,2016.0,F1nat,0.05085391401885981,0.0
wso,URY,,2016.0,F1nat,3.14,0.0
wso,ETH,no fossil; regional (Africa) mix used for 0.80 TWh,2016.0,F1nocap,,
wso,FRO,no fossil; regional (Europe) mix used for 0.04 TWh,2016.0,F1nocap,,
wso,GUM,no fossil; regional (Oceania) mix used for 0.07 TWh,2016.0,F1nocap,,
wso,ISL,no fossil; regional (Europe) mix used for 3.42 TWh,2016.0,F1nocap,,
wso,NPL,no fossil; regional (Asia) mix used for 0.03 TWh,2016.0,F1nocap,,
wso,PSE,no fossil; regional (Middle East) mix used for 0.04 TWh,2016.0,F1nocap,,
wso,EUROPE_POOL,,2016.0,F1marg,12.740459908138972,0.0
wso,AFG,,2016.0,F1marg,0.024,0.0
wso,AZE,,2016.0,F1marg,0.006544230138432436,0.0
wso,BGD,,2016.0,F1marg,0.18793220338983052,0.0
wso,BLR,,2016.0,F1marg,0.002024743512371756,0.0
wso,BRA,,2016.0,F1marg,9.105420823166154,0.0
wso,BRB,,2016.0,F1marg,0.0016993840211526627,0.0
wso,CAN,,2016.0,F1marg,8.619594244593452,0.0
wso,CMR,,2016.0,F1marg,0.004175824175824175,0.0
wso,DOM,,2016.0,F1marg,0.06512640403843156,0.0
wso,EGY,,2016.0,F1marg,0.38550692950131304,0.0
wso,ETH,no fossil; regional (Africa) mix used for 0.80 TWh,2016.0,F1marg,,
wso,ETH,,2016.0,F1marg,0.43464607984747494,0.2744000000000002
wso,FRO,no fossil; regional (Europe) mix used for 0.04 TWh,2016.0,F1marg,,
wso,FRO,,2016.0,F1marg,0.03853803009745413,0.0
wso,GEO,,2016.0,F1marg,8.928571428571429e-05,0.0
wso,GTM,,2016.0,F1marg,0.3611589802490176,0.0
wso,GUF,,2016.0,F1marg,0.05,0.0
wso,GUM,no fossil; regional (Oceania) mix used for 0.07 TWh,2016.0,F1marg,,
wso,GUM,,2016.0,F1marg,0.06742312079233921,0.0
wso,HND,,2016.0,F1marg,0.4352017454172985,0.9711200543585059
wso,IRN,,2016.0,F1marg,0.012640710110398261,0.0
wso,IRQ,,2016.0,F1marg,0.04281304084707559,0.0
wso,ISL,no fossil; regional (Europe) mix used for 3.42 TWh,2016.0,F1marg,,
wso,ISL,,2016.0,F1marg,0.5057215733323286,2.7892799999999998
wso,ISR,,2016.0,F1marg,0.007983463481855765,0.0
wso,JOR,,2016.0,F1marg,0.09257467751422961,0.0
wso,JPN,,2016.0,F1marg,17.96002024877726,0.0
wso,KAZ,,2016.0,F1marg,0.008493647912885661,0.0
wso,KEN,,2016.0,F1marg,0.0,1.118240000000001
wso,KOR,,2016.0,F1marg,4.317451557002572,0.0
wso,LBN,,2016.0,F1marg,0.05,0.0
wso,LKA,,2016.0,F1marg,0.166040198836086,0.0
wso,MAR,,2016.0,F1marg,1.6132164313421231,0.0
wso,MMR,,2016.0,F1marg,0.0003680586036770096,0.0
wso,MNG,,2016.0,F1marg,0.005608856088560885,0.0
wso,MYS,,2016.0,F1marg,0.15813293006786663,0.0
wso,NER,,2016.0,F1marg,0.0031884057971014496,0.0
wso,NIC,,2016.0,F1marg,0.0,1.17
wso,NPL,no fossil; regional (Asia) mix used for 0.03 TWh,2016.0,F1marg,,
wso,NPL,,2016.0,F1marg,0.02928404964649279,0.0
wso,NZL,,2016.0,F1marg,1.7721151811914222,0.0
wso,PAK,,2016.0,F1marg,0.8901402135944924,0.0
wso,PER,,2016.0,F1marg,0.050253807106599,0.0
wso,PRI,,2016.0,F1marg,0.07550214077304969,0.0
wso,PRK,,2016.0,F1marg,0.0033873873873873873,0.0
wso,PSE,no fossil; regional (Middle East) mix used for 0.04 TWh,2016.0,F1marg,,
wso,PSE,,2016.0,F1marg,0.0,0.039999999999999994
wso,REU,,2016.0,F1marg,0.1131760824742265,0.0
wso,RUS,,2016.0,F1marg,0.013272845289834623,0.0
wso,SAU,,2016.0,F1marg,0.023636084002125222,0.0
wso,SEN,,2016.0,F1marg,0.009769810497117365,0.0
wso,SGP,,2016.0,F1marg,0.0011146273596130834,0.0
wso,SUR,,2016.0,F1marg,9.80392156862745e-05,0.0
wso,THA,,2016.0,F1marg,0.011759999999999998,0.0
wso,TTO,,2016.0,F1marg,3.188097768331562e-05,0.0
wso,TUN,,2016.0,F1marg,0.0011368421052631579,0.0
wso,TWN,,2016.0,F1marg,1.3915517674732618,0.0
wso,UKR,,2016.0,F1marg,0.05085391401885981,0.0
wso,URY,,2016.0,F1marg,3.14,0.0
wso,EUROPE_POOL,,2017.0,F1,21.357383784097,0.0
wso,AFG,,2017.0,F1,0.02588235294117647,0.0
wso,ATG,,2017.0,F1,0.0,0.01
wso,AZE,,2017.0,F1,0.0034039022969733967,0.0
wso,BLR,,2017.0,F1,0.0012392528906018383,0.0
wso,BRA,,2017.0,F1,9.763466388084867,0.0
wso,BRB,,2017.0,F1,0.003743612214267332,0.0
wso,CAN,,2017.0,F1,9.152056403775646,0.0
wso,CIV,,2017.0,F1,0.009899623588455825,0.0
wso,CMR,,2017.0,F1,0.0,0.02
wso,DOM,,2017.0,F1,0.08794205894384134,0.0
wso,EGY,,2017.0,F1,0.29056500477062747,0.0
wso,ETH,no fossil; regional (Africa) mix used for 0.55 TWh,2017.0,F1,,
wso,ETH,,2017.0,F1,0.4682279908549879,0.02440000000000009
wso,FRO,no fossil; regional (Europe) mix used for 0.05 TWh,2017.0,F1,,
wso,FRO,,2017.0,F1,0.048333722444436414,0.0
wso,GEO,,2017.0,F1,0.0008071748878923766,0.0
wso,GTM,,2017.0,F1,0.2867812278402655,0.0
wso,GUF,,2017.0,F1,0.05,0.0
wso,GUM,no fossil; regional (Oceania) mix used for 0.06 TWh,2017.0,F1,,
wso,GUM,,2017.0,F1,0.057897146806660166,0.0
wso,HND,,2017.0,F1,0.0,1.067905689692783
wso,IRN,,2017.0,F1,0.033993940474068784,0.0
wso,IRQ,,2017.0,F1,0.03660037751476923,0.0
wso,ISL,no fossil; regional (Europe) mix used for 3.52 TWh,2017.0,F1,,
wso,ISL,,2017.0,F1,0.5134140600883241,2.889279999999999
wso,ISR,,2017.0,F1,0.02350722433460076,0.0
wso,JOR,,2017.0,F1,0.18586765053121726,0.0
wso,JPN,,2017.0,F1,23.732672391814933,0.0
wso,KAZ,,2017.0,F1,0.003572365544381286,0.0
wso,KEN,,2017.0,F1,0.0,2.22824
wso,KOR,,2017.0,F1,3.710435557746857,0.0
wso,LBN,,2017.0,F1,0.06999999999999999,0.0
wso,LBY,,2017.0,F1,0.0029815119531051543,0.0
wso,LKA,,2017.0,F1,0.23782544862412133,0.0
wso,MAR,,2017.0,F1,0.06798873272284622,0.0
wso,MDA,,2017.0,F1,4.3010752688172054e-05,0.0
wso,MMR,,2017.0,F1,0.009042769857433807,0.0
wso,MNG,,2017.0,F1,0.00823529411764706,0.0
wso,MUS,,2017.0,F1,0.007516244452186318,0.0
wso,MWI,no fossil; regional (Africa) mix used for 0.04 TWh,2017.0,F1,,
wso,MWI,,2017.0,F1,0.03582749024399913,0.0
wso,NER,,2017.0,F1,0.003818181818181818,0.0
wso,NIC,,2017.0,F1,0.0,0.4823284668886787
wso,NPL,no fossil; regional (Asia) mix used for 0.09 TWh,2017.0,F1,,
wso,NPL,,2017.0,F1,0.08828221521976672,0.0
wso,NZL,,2017.0,F1,2.820469954164053,0.0
wso,OMN,,2017.0,F1,0.0005456691193311409,0.0
wso,PAK,,2017.0,F1,0.8866201111327816,0.0
wso,PRI,,2017.0,F1,0.06331244490428103,0.0
wso,PRK,,2017.0,F1,0.003362068965517242,0.0
wso,PSE,no fossil; regional (Middle East) mix used for 0.05 TWh,2017.0,F1,,
wso,PSE,,2017.0,F1,0.0,0.05
wso,REU,,2017.0,F1,0.10101623762376208,0.0
wso,RUS,,2017.0,F1,0.010875910328216968,0.0
wso,SAU,,2017.0,F1,0.0291714497910542,0.0
wso,SEN,,2017.0,F1,0.08871121718377088,0.0
wso,SGP,,2017.0,F1,0.001607248375024621,0.0
wso,SUR,,2017.0,F1,0.00011494252873563218,0.0
wso,THA,,2017.0,F1,0.011868236791852322,0.0
wso,TTO,,2017.0,F1,3.22234156820623e-05,0.0
wso,TUN,,2017.0,F1,0.002036719932413928,0.0
wso,TWN,,2017.0,F1,1.8240316669259597,0.0
wso,UKR,,2017.0,F1,0.06693328316506501,0.0
wso,URY,,2017.0,F1,3.2586109090909092,0.0
wso,UZB,,2017.0,F1,3.0245746691871463e-05,0.0
wso,BGR,,2017.0,F1nat,0.03881692573402418,0.0
wso,BIH,,2017.0,F1nat,0.00012882447665056362,0.0
wso,CHE,,2017.0,F1nat,1.0248031945520124,0.0
wso,EST,,2017.0,F1nat,0.6763893805309733,0.0
wso,HRV,,2017.0,F1nat,0.8439354838709676,0.0
wso,LTU,,2017.0,F1nat,0.19408630772359717,0.0
wso,LUX,,2017.0,F1nat,0.052559999999999996,0.21744000000000002
wso,NLD,,2017.0,F1nat,1.6338230595268977,0.0
wso,NOR,,2017.0,F1nat,0.043372983890297645,0.0
wso,POL,,2017.0,F1nat,0.17265377341098195,0.0
wso,PRT,,2017.0,F1nat,4.935565083263773,0.0
wso,SRB,,2017.0,F1nat,0.00030939226519337016,0.0
wso,SVK,,2017.0,F1nat,0.07818768961984666,0.0
wso,SVN,,2017.0,F1nat,0.0010902255639097746,0.0
wso,SWE,,2017.0,F1nat,4.857700958283198,0.0
wso,AFG,,2017.0,F1nat,0.02588235294117647,0.0
wso,ATG,,2017.0,F1nat,0.0,0.01
wso,AZE,,2017.0,F1nat,0.0034039022969733967,0.0
wso,BLR,,2017.0,F1nat,0.0012392528906018383,0.0
wso,BRA,,2017.0,F1nat,9.763466388084867,0.0
wso,BRB,,2017.0,F1nat,0.003743612214267332,0.0
wso,CAN,,2017.0,F1nat,9.152056403775646,0.0
wso,CIV,,2017.0,F1nat,0.009899623588455825,0.0
wso,CMR,,2017.0,F1nat,0.0,0.02
wso,DOM,,2017.0,F1nat,0.08794205894384134,0.0
wso,EGY,,2017.0,F1nat,0.29056500477062747,0.0
wso,ETH,no fossil; regional (Africa) mix used for 0.55 TWh,2017.0,F1nat,,
wso,ETH,,2017.0,F1nat,0.4682279908549879,0.02440000000000009
wso,FRO,no fossil; regional (Europe) mix used for 0.05 TWh,2017.0,F1nat,,
wso,FRO,,2017.0,F1nat,0.048333722444436414,0.0
wso,GEO,,2017.0,F1nat,0.0008071748878923766,0.0
wso,GTM,,2017.0,F1nat,0.2867812278402655,0.0
wso,GUF,,2017.0,F1nat,0.05,0.0
wso,GUM,no fossil; regional (Oceania) mix used for 0.06 TWh,2017.0,F1nat,,
wso,GUM,,2017.0,F1nat,0.057897146806660166,0.0
wso,HND,,2017.0,F1nat,0.0,1.067905689692783
wso,IRN,,2017.0,F1nat,0.033993940474068784,0.0
wso,IRQ,,2017.0,F1nat,0.03660037751476923,0.0
wso,ISL,no fossil; regional (Europe) mix used for 3.52 TWh,2017.0,F1nat,,
wso,ISL,,2017.0,F1nat,0.5134140600883241,2.889279999999999
wso,ISR,,2017.0,F1nat,0.02350722433460076,0.0
wso,JOR,,2017.0,F1nat,0.18586765053121726,0.0
wso,JPN,,2017.0,F1nat,23.732672391814933,0.0
wso,KAZ,,2017.0,F1nat,0.003572365544381286,0.0
wso,KEN,,2017.0,F1nat,0.0,2.22824
wso,KOR,,2017.0,F1nat,3.710435557746857,0.0
wso,LBN,,2017.0,F1nat,0.06999999999999999,0.0
wso,LBY,,2017.0,F1nat,0.0029815119531051543,0.0
wso,LKA,,2017.0,F1nat,0.23782544862412133,0.0
wso,MAR,,2017.0,F1nat,0.06798873272284622,0.0
wso,MDA,,2017.0,F1nat,4.3010752688172054e-05,0.0
wso,MMR,,2017.0,F1nat,0.009042769857433807,0.0
wso,MNG,,2017.0,F1nat,0.00823529411764706,0.0
wso,MUS,,2017.0,F1nat,0.007516244452186318,0.0
wso,MWI,no fossil; regional (Africa) mix used for 0.04 TWh,2017.0,F1nat,,
wso,MWI,,2017.0,F1nat,0.03582749024399913,0.0
wso,NER,,2017.0,F1nat,0.003818181818181818,0.0
wso,NIC,,2017.0,F1nat,0.0,0.4823284668886787
wso,NPL,no fossil; regional (Asia) mix used for 0.09 TWh,2017.0,F1nat,,
wso,NPL,,2017.0,F1nat,0.08828221521976672,0.0
wso,NZL,,2017.0,F1nat,2.820469954164053,0.0
wso,OMN,,2017.0,F1nat,0.0005456691193311409,0.0
wso,PAK,,2017.0,F1nat,0.8866201111327816,0.0
wso,PRI,,2017.0,F1nat,0.06331244490428103,0.0
wso,PRK,,2017.0,F1nat,0.003362068965517242,0.0
wso,PSE,no fossil; regional (Middle East) mix used for 0.05 TWh,2017.0,F1nat,,
wso,PSE,,2017.0,F1nat,0.0,0.05
wso,REU,,2017.0,F1nat,0.10101623762376208,0.0
wso,RUS,,2017.0,F1nat,0.010875910328216968,0.0
wso,SAU,,2017.0,F1nat,0.0291714497910542,0.0
wso,SEN,,2017.0,F1nat,0.08871121718377088,0.0
wso,SGP,,2017.0,F1nat,0.001607248375024621,0.0
wso,SUR,,2017.0,F1nat,0.00011494252873563218,0.0
wso,THA,,2017.0,F1nat,0.011868236791852322,0.0
wso,TTO,,2017.0,F1nat,3.22234156820623e-05,0.0
wso,TUN,,2017.0,F1nat,0.002036719932413928,0.0
wso,TWN,,2017.0,F1nat,1.8240316669259597,0.0
wso,UKR,,2017.0,F1nat,0.06693328316506501,0.0
wso,URY,,2017.0,F1nat,3.2586109090909092,0.0
wso,UZB,,2017.0,F1nat,3.0245746691871463e-05,0.0
wso,ETH,no fossil; regional (Africa) mix used for 0.55 TWh,2017.0,F1nocap,,
wso,FRO,no fossil; regional (Europe) mix used for 0.05 TWh,2017.0,F1nocap,,
wso,GUM,no fossil; regional (Oceania) mix used for 0.06 TWh,2017.0,F1nocap,,
wso,ISL,no fossil; regional (Europe) mix used for 3.52 TWh,2017.0,F1nocap,,
wso,MWI,no fossil; regional (Africa) mix used for 0.04 TWh,2017.0,F1nocap,,
wso,NPL,no fossil; regional (Asia) mix used for 0.09 TWh,2017.0,F1nocap,,
wso,PSE,no fossil; regional (Middle East) mix used for 0.05 TWh,2017.0,F1nocap,,
wso,EUROPE_POOL,,2017.0,F1marg,18.46204355882121,0.0
wso,AFG,,2017.0,F1marg,0.02588235294117647,0.0
wso,ATG,,2017.0,F1marg,0.0,0.01
wso,AZE,,2017.0,F1marg,0.0034039022969733967,0.0
wso,BLR,,2017.0,F1marg,0.0012392528906018383,0.0
wso,BRA,,2017.0,F1marg,9.763466388084867,0.0
wso,BRB,,2017.0,F1marg,0.003743612214267332,0.0
wso,CAN,,2017.0,F1marg,7.121500650380714,0.0
wso,CIV,,2017.0,F1marg,0.009899623588455825,0.0
wso,CMR,,2017.0,F1marg,0.0,0.02
wso,DOM,,2017.0,F1marg,0.08794205894384134,0.0
wso,EGY,,2017.0,F1marg,0.29056500477062747,0.0
wso,ETH,no fossil; regional (Africa) mix used for 0.55 TWh,2017.0,F1marg,,
wso,ETH,,2017.0,F1marg,0.4682279908549879,0.02440000000000009
wso,FRO,no fossil; regional (Europe) mix used for 0.05 TWh,2017.0,F1marg,,
wso,FRO,,2017.0,F1marg,0.048333722444436414,0.0
wso,GEO,,2017.0,F1marg,0.0008071748878923766,0.0
wso,GTM,,2017.0,F1marg,0.2867812278402655,0.0
wso,GUF,,2017.0,F1marg,0.05,0.0
wso,GUM,no fossil; regional (Oceania) mix used for 0.06 TWh,2017.0,F1marg,,
wso,GUM,,2017.0,F1marg,0.057897146806660166,0.0
wso,HND,,2017.0,F1marg,0.0,1.067905689692783
wso,IRN,,2017.0,F1marg,0.033993940474068784,0.0
wso,IRQ,,2017.0,F1marg,0.03660037751476923,0.0
wso,ISL,no fossil; regional (Europe) mix used for 3.52 TWh,2017.0,F1marg,,
wso,ISL,,2017.0,F1marg,0.5134140600883241,2.889279999999999
wso,ISR,,2017.0,F1marg,0.02350722433460076,0.0
wso,JOR,,2017.0,F1marg,0.18586765053121726,0.0
wso,JPN,,2017.0,F1marg,23.732672391814933,0.0
wso,KAZ,,2017.0,F1marg,0.003572365544381286,0.0
wso,KEN,,2017.0,F1marg,0.0,2.22824
wso,KOR,,2017.0,F1marg,3.710435557746857,0.0
wso,LBN,,2017.0,F1marg,0.06999999999999999,0.0
wso,LBY,,2017.0,F1marg,0.0029815119531051543,0.0
wso,LKA,,2017.0,F1marg,0.23782544862412133,0.0
wso,MAR,,2017.0,F1marg,0.06798873272284622,0.0
wso,MDA,,2017.0,F1marg,4.3010752688172054e-05,0.0
wso,MMR,,2017.0,F1marg,0.009042769857433807,0.0
wso,MNG,,2017.0,F1marg,0.00823529411764706,0.0
wso,MUS,,2017.0,F1marg,0.007516244452186318,0.0
wso,MWI,no fossil; regional (Africa) mix used for 0.04 TWh,2017.0,F1marg,,
wso,MWI,,2017.0,F1marg,0.03582749024399913,0.0
wso,NER,,2017.0,F1marg,0.003818181818181818,0.0
wso,NIC,,2017.0,F1marg,0.0,0.4823284668886787
wso,NPL,no fossil; regional (Asia) mix used for 0.09 TWh,2017.0,F1marg,,
wso,NPL,,2017.0,F1marg,0.08828221521976672,0.0
wso,NZL,,2017.0,F1marg,2.8400775494691097,0.0
wso,OMN,,2017.0,F1marg,0.0005456691193311409,0.0
wso,PAK,,2017.0,F1marg,0.8866201111327816,0.0
wso,PRI,,2017.0,F1marg,0.06331244490428103,0.0
wso,PRK,,2017.0,F1marg,0.003362068965517242,0.0
wso,PSE,no fossil; regional (Middle East) mix used for 0.05 TWh,2017.0,F1marg,,
wso,PSE,,2017.0,F1marg,0.0,0.05
wso,REU,,2017.0,F1marg,0.10101623762376208,0.0
wso,RUS,,2017.0,F1marg,0.010875910328216968,0.0
wso,SAU,,2017.0,F1marg,0.0291714497910542,0.0
wso,SEN,,2017.0,F1marg,0.08871121718377088,0.0
wso,SGP,,2017.0,F1marg,0.001607248375024621,0.0
wso,SUR,,2017.0,F1marg,0.00011494252873563218,0.0
wso,THA,,2017.0,F1marg,0.011868236791852322,0.0
wso,TTO,,2017.0,F1marg,3.22234156820623e-05,0.0
wso,TUN,,2017.0,F1marg,0.002036719932413928,0.0
wso,TWN,,2017.0,F1marg,1.8240316669259597,0.0
wso,UKR,,2017.0,F1marg,0.06693328316506501,0.0
wso,URY,,2017.0,F1marg,3.2586109090909092,0.0
wso,UZB,,2017.0,F1marg,3.0245746691871463e-05,0.0
wso,EUROPE_POOL,,2018.0,F1,13.223286715571948,0.0
wso,AFG,,2018.0,F1,0.024,0.0
wso,ATG,,2018.0,F1,0.0,0.01
wso,AUS,,2018.0,F1,0.707633368191523,0.0
wso,AZE,,2018.0,F1,0.0002588438308886972,0.0
wso,BLR,,2018.0,F1,0.00212676794133054,0.0
wso,BRA,,2018.0,F1,12.597520680826769,0.0
wso,BRB,,2018.0,F1,0.0036736634405447645,0.0
wso,CAN,,2018.0,F1,2.3815818062294465,0.0
wso,CIV,,2018.0,F1,0.009985795454545456,0.0
wso,CMR,,2018.0,F1,0.0,0.020000000000000004
wso,DOM,,2018.0,F1,0.10961874888030534,0.0
wso,EGY,,2018.0,F1,0.16565760872311608,0.0
wso,ETH,no fossil; regional (Africa) mix used for 0.55 TWh,2018.0,F1,,
wso,ETH,,2018.0,F1,0.4291545105899618,0.07696000000000003
wso,FRO,no fossil; regional (Europe) mix used for 0.05 TWh,2018.0,F1,,
wso,FRO,,2018.0,F1,0.04842167864732444,0.0
wso,GEO,,2018.0,F1,0.00037914691943127966,0.0
wso,GTM,,2018.0,F1,0.5732739420935412,0.0
wso,GUF,,2018.0,F1,0.05,0.0
wso,GUM,no fossil; regional (Oceania) mix used for 0.07 TWh,2018.0,F1,,
wso,GUM,,2018.0,F1,0.06743059566457903,0.0
wso,HND,,2018.0,F1,0.0,1.561434653727277
wso,IRN,,2018.0,F1,0.08656959576417879,0.0
wso,IRQ,,2018.0,F1,0.007577167719881945,0.0
wso,ISL,no fossil; regional (Europe) mix used for 4.35 TWh,2018.0,F1,,
wso,ISL,,2018.0,F1,0.4934060423172258,3.71928
wso,ISR,,2018.0,F1,0.012957998212689902,0.0
wso,JOR,,2018.0,F1,0.14807248764415154,0.0
wso,JPN,,2018.0,F1,28.0567559924483,0.0
wso,KAZ,,2018.0,F1,0.004014734875998755,0.0
wso,KEN,,2018.0,F1,0.0,2.41824
wso,KOR,,2018.0,F1,1.766028906394837,0.0
wso,LBN,,2018.0,F1,0.09999999999999999,0.0
wso,LBY,,2018.0,F1,0.003280936834805481,0.0
wso,LKA,,2018.0,F1,0.19954963823782326,0.0
wso,MDA,,2018.0,F1,3.952569169960475e-05,0.0
wso,MMR,,2018.0,F1,0.01252844800589856,0.0
wso,MNG,,2018.0,F1,0.0,0.0930399999999999
wso,MYS,,2018.0,F1,0.34225557039432064,0.0
wso,NER,,2018.0,F1,0.003653846153846154,0.0
wso,NIC,,2018.0,F1,0.0,0.64966094466739
wso,NPL,no fossil; regional (Asia) mix used for 0.09 TWh,2018.0,F1,,
wso,NPL,,2018.0,F1,0.08867862757465952,0.0
wso,NZL,,2018.0,F1,1.0155432262396165,0.0
wso,OMN,,2018.0,F1,0.001418284741875434,0.0
wso,PRI,,2018.0,F1,0.08385750074889559,0.0
wso,PRK,,2018.0,F1,0.0038181818181818187,0.0
wso,PSE,no fossil; regional (Middle East) mix used for 0.06 TWh,2018.0,F1,,
wso,PSE,,2018.0,F1,0.0,0.06
wso,REU,,2018.0,F1,0.015235744680850954,0.0
wso,RUS,,2018.0,F1,0.01464756318322785,0.0
wso,RWA,,2018.0,F1,0.0007437383733110339,0.0
wso,SAU,,2018.0,F1,0.061957811164664714,0.0
wso,SEN,,2018.0,F1,0.24764150943396226,0.0
wso,SGP,,2018.0,F1,0.00187866301252489,0.0
wso,SUR,,2018.0,F1,0.00022471910112359551,0.0
wso,TGO,,2018.0,F1,0.005384615384615384,0.0
wso,THA,,2018.0,F1,0.007306883867577508,0.0
wso,TTO,,2018.0,F1,3.0259786816293762e-05,0.0
wso,TUN,,2018.0,F1,0.0019115712455825737,0.0
wso,TWN,,2018.0,F1,2.4492099962929483,0.0
wso,UKR,,2018.0,F1,0.049350044997263504,0.0
wso,URY,,2018.0,F1,4.926742222222223,0.0
wso,UZB,,2018.0,F1,8.036338225017471e-05,0.0
wso,BGR,,2018.0,F1nat,0.03488562900044937,0.0
wso,BIH,,2018.0,F1nat,0.0007667731629392973,0.0
wso,CHE,,2018.0,F1nat,1.2550051316604471,0.0
wso,HRV,,2018.0,F1nat,0.8422459893048129,0.0
wso,LTU,,2018.0,F1nat,0.2731924331910835,0.0
wso,LUX,,2018.0,F1nat,0.052559999999999996,0.24744
wso,LVA,,2018.0,F1nat,0.0001715137871159475,0.0
wso,MNE,,2018.0,F1nat,0.0,0.04000000000000001
wso,NOR,,2018.0,F1nat,0.05873442863153397,0.0
wso,POL,,2018.0,F1nat,0.12894193441894883,0.0
wso,PRT,,2018.0,F1nat,3.195247917930585,0.0
wso,SRB,,2018.0,F1nat,0.000931315483119907,0.0
wso,SVK,,2018.0,F1nat,0.032638961935159125,0.0
wso,SVN,,2018.0,F1nat,0.0010156250000000003,0.0
wso,SWE,,2018.0,F1nat,4.044029106908627,0.0
wso,AFG,,2018.0,F1nat,0.024,0.0
wso,ATG,,2018.0,F1nat,0.0,0.01
wso,AUS,,2018.0,F1nat,0.707633368191523,0.0
wso,AZE,,2018.0,F1nat,0.0002588438308886972,0.0
wso,BLR,,2018.0,F1nat,0.00212676794133054,0.0
wso,BRA,,2018.0,F1nat,12.597520680826769,0.0
wso,BRB,,2018.0,F1nat,0.0036736634405447645,0.0
wso,CAN,,2018.0,F1nat,2.3815818062294465,0.0
wso,CIV,,2018.0,F1nat,0.009985795454545456,0.0
wso,CMR,,2018.0,F1nat,0.0,0.020000000000000004
wso,DOM,,2018.0,F1nat,0.10961874888030534,0.0
wso,EGY,,2018.0,F1nat,0.16565760872311608,0.0
wso,ETH,no fossil; regional (Africa) mix used for 0.55 TWh,2018.0,F1nat,,
wso,ETH,,2018.0,F1nat,0.4291545105899618,0.07696000000000003
wso,FRO,no fossil; regional (Europe) mix used for 0.05 TWh,2018.0,F1nat,,
wso,FRO,,2018.0,F1nat,0.04842167864732444,0.0
wso,GEO,,2018.0,F1nat,0.00037914691943127966,0.0
wso,GTM,,2018.0,F1nat,0.5732739420935412,0.0
wso,GUF,,2018.0,F1nat,0.05,0.0
wso,GUM,no fossil; regional (Oceania) mix used for 0.07 TWh,2018.0,F1nat,,
wso,GUM,,2018.0,F1nat,0.06743059566457903,0.0
wso,HND,,2018.0,F1nat,0.0,1.561434653727277
wso,IRN,,2018.0,F1nat,0.08656959576417879,0.0
wso,IRQ,,2018.0,F1nat,0.007577167719881945,0.0
wso,ISL,no fossil; regional (Europe) mix used for 4.35 TWh,2018.0,F1nat,,
wso,ISL,,2018.0,F1nat,0.4934060423172258,3.71928
wso,ISR,,2018.0,F1nat,0.012957998212689902,0.0
wso,JOR,,2018.0,F1nat,0.14807248764415154,0.0
wso,JPN,,2018.0,F1nat,28.0567559924483,0.0
wso,KAZ,,2018.0,F1nat,0.004014734875998755,0.0
wso,KEN,,2018.0,F1nat,0.0,2.41824
wso,KOR,,2018.0,F1nat,1.766028906394837,0.0
wso,LBN,,2018.0,F1nat,0.09999999999999999,0.0
wso,LBY,,2018.0,F1nat,0.003280936834805481,0.0
wso,LKA,,2018.0,F1nat,0.19954963823782326,0.0
wso,MDA,,2018.0,F1nat,3.952569169960475e-05,0.0
wso,MMR,,2018.0,F1nat,0.01252844800589856,0.0
wso,MNG,,2018.0,F1nat,0.0,0.0930399999999999
wso,MYS,,2018.0,F1nat,0.34225557039432064,0.0
wso,NER,,2018.0,F1nat,0.003653846153846154,0.0
wso,NIC,,2018.0,F1nat,0.0,0.64966094466739
wso,NPL,no fossil; regional (Asia) mix used for 0.09 TWh,2018.0,F1nat,,
wso,NPL,,2018.0,F1nat,0.08867862757465952,0.0
wso,NZL,,2018.0,F1nat,1.0155432262396165,0.0
wso,OMN,,2018.0,F1nat,0.001418284741875434,0.0
wso,PRI,,2018.0,F1nat,0.08385750074889559,0.0
wso,PRK,,2018.0,F1nat,0.0038181818181818187,0.0
wso,PSE,no fossil; regional (Middle East) mix used for 0.06 TWh,2018.0,F1nat,,
wso,PSE,,2018.0,F1nat,0.0,0.06
wso,REU,,2018.0,F1nat,0.015235744680850954,0.0
wso,RUS,,2018.0,F1nat,0.01464756318322785,0.0
wso,RWA,,2018.0,F1nat,0.0007437383733110339,0.0
wso,SAU,,2018.0,F1nat,0.061957811164664714,0.0
wso,SEN,,2018.0,F1nat,0.24764150943396226,0.0
wso,SGP,,2018.0,F1nat,0.00187866301252489,0.0
wso,SUR,,2018.0,F1nat,0.00022471910112359551,0.0
wso,TGO,,2018.0,F1nat,0.005384615384615384,0.0
wso,THA,,2018.0,F1nat,0.007306883867577508,0.0
wso,TTO,,2018.0,F1nat,3.0259786816293762e-05,0.0
wso,TUN,,2018.0,F1nat,0.0019115712455825737,0.0
wso,TWN,,2018.0,F1nat,2.4492099962929483,0.0
wso,UKR,,2018.0,F1nat,0.049350044997263504,0.0
wso,URY,,2018.0,F1nat,4.926742222222223,0.0
wso,UZB,,2018.0,F1nat,8.036338225017471e-05,0.0
wso,ETH,no fossil; regional (Africa) mix used for 0.55 TWh,2018.0,F1nocap,,
wso,FRO,no fossil; regional (Europe) mix used for 0.05 TWh,2018.0,F1nocap,,
wso,GUM,no fossil; regional (Oceania) mix used for 0.07 TWh,2018.0,F1nocap,,
wso,ISL,no fossil; regional (Europe) mix used for 4.35 TWh,2018.0,F1nocap,,
wso,NPL,no fossil; regional (Asia) mix used for 0.09 TWh,2018.0,F1nocap,,
wso,PSE,no fossil; regional (Middle East) mix used for 0.06 TWh,2018.0,F1nocap,,
wso,EUROPE_POOL,,2018.0,F1marg,10.58142019361764,0.0
wso,AFG,,2018.0,F1marg,0.024,0.0
wso,ATG,,2018.0,F1marg,0.0,0.01
wso,AZE,,2018.0,F1marg,0.0002588438308886972,0.0
wso,BLR,,2018.0,F1marg,0.00212676794133054,0.0
wso,BRA,,2018.0,F1marg,12.597520680826769,0.0
wso,BRB,,2018.0,F1marg,0.0036736634405447645,0.0
wso,CIV,,2018.0,F1marg,0.009985795454545456,0.0
wso,CMR,,2018.0,F1marg,0.0,0.020000000000000004
wso,DOM,,2018.0,F1marg,0.10961874888030534,0.0
wso,EGY,,2018.0,F1marg,0.16565760872311608,0.0
wso,ETH,no fossil; regional (Africa) mix used for 0.55 TWh,2018.0,F1marg,,
wso,ETH,,2018.0,F1marg,0.4291545105899618,0.07696000000000003
wso,FRO,no fossil; regional (Europe) mix used for 0.05 TWh,2018.0,F1marg,,
wso,FRO,,2018.0,F1marg,0.04842167864732444,0.0
wso,GEO,,2018.0,F1marg,0.00037914691943127966,0.0
wso,GTM,,2018.0,F1marg,0.5732739420935412,0.0
wso,GUF,,2018.0,F1marg,0.05,0.0
wso,GUM,no fossil; regional (Oceania) mix used for 0.07 TWh,2018.0,F1marg,,
wso,GUM,,2018.0,F1marg,0.06743059566457903,0.0
wso,HND,,2018.0,F1marg,0.0,1.561434653727277
wso,IRN,,2018.0,F1marg,0.08656959576417879,0.0
wso,IRQ,,2018.0,F1marg,0.007577167719881945,0.0
wso,ISL,no fossil; regional (Europe) mix used for 4.35 TWh,2018.0,F1marg,,
wso,ISL,,2018.0,F1marg,0.4934060423172258,3.71928
wso,ISR,,2018.0,F1marg,0.012957998212689902,0.0
wso,JOR,,2018.0,F1marg,0.14807248764415154,0.0
wso,JPN,,2018.0,F1marg,28.0567559924483,0.0
wso,KAZ,,2018.0,F1marg,0.004014734875998755,0.0
wso,KEN,,2018.0,F1marg,0.0,2.41824
wso,KOR,,2018.0,F1marg,1.766028906394837,0.0
wso,LBN,,2018.0,F1marg,0.09999999999999999,0.0
wso,LBY,,2018.0,F1marg,0.003280936834805481,0.0
wso,LKA,,2018.0,F1marg,0.19954963823782326,0.0
wso,MDA,,2018.0,F1marg,3.952569169960475e-05,0.0
wso,MMR,,2018.0,F1marg,0.01252844800589856,0.0
wso,MNG,,2018.0,F1marg,0.0,0.0930399999999999
wso,MYS,,2018.0,F1marg,0.34225557039432064,0.0
wso,NER,,2018.0,F1marg,0.003653846153846154,0.0
wso,NIC,,2018.0,F1marg,0.0,0.64966094466739
wso,NPL,no fossil; regional (Asia) mix used for 0.09 TWh,2018.0,F1marg,,
wso,NPL,,2018.0,F1marg,0.08867862757465952,0.0
wso,NZL,,2018.0,F1marg,1.0377614196648335,0.0
wso,OMN,,2018.0,F1marg,0.001418284741875434,0.0
wso,PRI,,2018.0,F1marg,0.08385750074889559,0.0
wso,PRK,,2018.0,F1marg,0.0038181818181818187,0.0
wso,PSE,no fossil; regional (Middle East) mix used for 0.06 TWh,2018.0,F1marg,,
wso,PSE,,2018.0,F1marg,0.0,0.06
wso,REU,,2018.0,F1marg,0.015235744680850954,0.0
wso,RUS,,2018.0,F1marg,0.01464756318322785,0.0
wso,RWA,,2018.0,F1marg,0.0007437383733110339,0.0
wso,SAU,,2018.0,F1marg,0.061957811164664714,0.0
wso,SEN,,2018.0,F1marg,0.24764150943396226,0.0
wso,SGP,,2018.0,F1marg,0.00187866301252489,0.0
wso,SUR,,2018.0,F1marg,0.00022471910112359551,0.0
wso,TGO,,2018.0,F1marg,0.005384615384615384,0.0
wso,THA,,2018.0,F1marg,0.007306883867577508,0.0
wso,TTO,,2018.0,F1marg,3.0259786816293762e-05,0.0
wso,TUN,,2018.0,F1marg,0.0019115712455825737,0.0
wso,TWN,,2018.0,F1marg,2.4492099962929483,0.0
wso,UKR,,2018.0,F1marg,0.049350044997263504,0.0
wso,URY,,2018.0,F1marg,4.926742222222223,0.0
wso,UZB,,2018.0,F1marg,8.036338225017471e-05,0.0
wso,EUROPE_POOL,,2019.0,F1,12.2302873567071,0.0
wso,AFG,,2019.0,F1,0.02666666666666667,0.0
wso,ATG,,2019.0,F1,0.0,0.01
wso,AZE,,2019.0,F1,0.00028973509933774837,0.0
wso,BLR,,2019.0,F1,0.002100456621004566,0.0
wso,BRA,,2019.0,F1,16.826786346454746,0.0
wso,BRB,,2019.0,F1,0.004852661204077466,0.0
wso,CIV,,2019.0,F1,0.00998881943738086,0.0
wso,CMR,,2019.0,F1,0.0,0.02
wso,EGY,,2019.0,F1,0.24554516594748477,0.0
wso,ETH,,2019.0,F1,0.0,0.3483847354508368
wso,FRO,no fossil; regional (Europe) mix used for 0.04 TWh,2019.0,F1,,
wso,FRO,,2019.0,F1,0.03882344873116125,0.0
wso,GTM,,2019.0,F1,0.6280174291938998,0.0
wso,GUF,,2019.0,F1,0.05,0.0
wso,GUM,no fossil; regional (Oceania) mix used for 0.08 TWh,2019.0,F1,,
wso,GUM,,2019.0,F1,0.0770838664488521,0.0
wso,HND,,2019.0,F1,0.0,2.214280781813814
wso,IRN,,2019.0,F1,0.13738823190077876,0.0
wso,IRQ,,2019.0,F1,0.023822488429077048,0.0
wso,ISL,no fossil; regional (Europe) mix used for 4.37 TWh,2019.0,F1,,
wso,ISL,,2019.0,F1,0.5021817738793667,3.7392800000000004
wso,ISR,,2019.0,F1,0.058786127167630056,0.0
wso,JOR,,2019.0,F1,0.15227091633466136,0.0
wso,JPN,,2019.0,F1,31.567000419291226,0.0
wso,KAZ,,2019.0,F1,0.007149596393751965,0.0
wso,KEN,,2019.0,F1,0.0,3.468240000000001
wso,KHM,,2019.0,F1,0.07577718534068668,0.0
wso,LBN,,2019.0,F1,0.13,0.0
wso,LBY,,2019.0,F1,0.0031298952471582437,0.0
wso,LKA,,2019.0,F1,0.29279999999999823,0.0
wso,MAR,,2019.0,F1,2.1036847422043827,0.0
wso,MMR,,2019.0,F1,0.025242603550295856,0.0
wso,MNG,,2019.0,F1,0.0,0.10271999999999915
wso,MOZ,,2019.0,F1,0.0009650460906957772,0.0
wso,NER,,2019.0,F1,0.0065978203598601945,0.0
wso,NIC,,2019.0,F1,0.0,0.6439803829656132
wso,NPL,no fossil; regional (Asia) mix used for 0.09 TWh,2019.0,F1,,
wso,NPL,,2019.0,F1,0.08887255666408696,0.0
wso,NZL,,2019.0,F1,0.5095317810612238,0.0
wso,OMN,,2019.0,F1,0.0016403527682119672,0.0
wso,PRI,,2019.0,F1,0.1545459662324389,0.0
wso,PRK,,2019.0,F1,0.005812500000000001,0.0
wso,PSE,no fossil; regional (Middle East) mix used for 0.12 TWh,2019.0,F1,,
wso,PSE,,2019.0,F1,0.0,0.12
wso,REU,,2019.0,F1,0.038782857142857036,0.0
wso,RUS,,2019.0,F1,0.02364864296233957,0.0
wso,RWA,,2019.0,F1,0.002527933497558421,0.0
wso,SAU,,2019.0,F1,0.08798990990687029,0.0
wso,SEN,,2019.0,F1,0.3421199776367974,0.0
wso,SGP,,2019.0,F1,0.0023465703971119137,0.0
wso,SUR,,2019.0,F1,0.00018691588785046728,0.0
wso,TGO,,2019.0,F1,0.009583333333333333,0.0
wso,THA,,2019.0,F1,0.011296154045102208,0.0
wso,TTO,,2019.0,F1,3.039166800657488e-05,0.0
wso,TUN,,2019.0,F1,0.0015127093943500998,0.0
wso,TUR,,2019.0,F1,3.6270830703194044,0.0
wso,UKR,,2019.0,F1,0.06490646241375161,0.0
wso,URY,,2019.0,F1,2.7354927347424263,0.0
wso,UZB,,2019.0,F1,0.00012436503765983533,0.0
wso,AUT,,2019.0,F1nat,0.6157307802139648,0.0
wso,BGR,,2019.0,F1nat,0.04457549567869853,0.0
wso,BIH,,2019.0,F1nat,0.0017769718948322756,0.0
wso,CHE,,2019.0,F1nat,1.4841789814269868,0.0
wso,DNK,,2019.0,F1nat,0.38713569293368133,0.0
wso,HRV,,2019.0,F1nat,0.9969534883720931,0.0
wso,LTU,,2019.0,F1nat,0.13213809377932537,0.0
wso,LUX,,2019.0,F1nat,0.052559999999999996,0.28744000000000003
wso,MNE,,2019.0,F1nat,0.0,0.15823999999999996
wso,NOR,,2019.0,F1nat,0.09267828429823315,0.0
wso,POL,,2019.0,F1nat,0.16750611995516748,0.0
wso,SRB,,2019.0,F1nat,0.0034535104364326378,0.0
wso,SVK,,2019.0,F1nat,0.029670754112252607,0.0
wso,SVN,,2019.0,F1nat,0.0006163021868787275,0.0
wso,SWE,,2019.0,F1nat,5.439655259291751,0.0
wso,AFG,,2019.0,F1nat,0.02666666666666667,0.0
wso,ATG,,2019.0,F1nat,0.0,0.01
wso,AZE,,2019.0,F1nat,0.00028973509933774837,0.0
wso,BLR,,2019.0,F1nat,0.002100456621004566,0.0
wso,BRA,,2019.0,F1nat,16.826786346454746,0.0
wso,BRB,,2019.0,F1nat,0.004852661204077466,0.0
wso,CIV,,2019.0,F1nat,0.00998881943738086,0.0
wso,CMR,,2019.0,F1nat,0.0,0.02
wso,EGY,,2019.0,F1nat,0.24554516594748477,0.0
wso,ETH,,2019.0,F1nat,0.0,0.3483847354508368
wso,FRO,no fossil; regional (Europe) mix used for 0.04 TWh,2019.0,F1nat,,
wso,FRO,,2019.0,F1nat,0.03882344873116125,0.0
wso,GTM,,2019.0,F1nat,0.6280174291938998,0.0
wso,GUF,,2019.0,F1nat,0.05,0.0
wso,GUM,no fossil; regional (Oceania) mix used for 0.08 TWh,2019.0,F1nat,,
wso,GUM,,2019.0,F1nat,0.0770838664488521,0.0
wso,HND,,2019.0,F1nat,0.0,2.214280781813814
wso,IRN,,2019.0,F1nat,0.13738823190077876,0.0
wso,IRQ,,2019.0,F1nat,0.023822488429077048,0.0
wso,ISL,no fossil; regional (Europe) mix used for 4.37 TWh,2019.0,F1nat,,
wso,ISL,,2019.0,F1nat,0.5021817738793667,3.7392800000000004
wso,ISR,,2019.0,F1nat,0.058786127167630056,0.0
wso,JOR,,2019.0,F1nat,0.15227091633466136,0.0
wso,JPN,,2019.0,F1nat,31.567000419291226,0.0
wso,KAZ,,2019.0,F1nat,0.007149596393751965,0.0
wso,KEN,,2019.0,F1nat,0.0,3.468240000000001
wso,KHM,,2019.0,F1nat,0.07577718534068668,0.0
wso,LBN,,2019.0,F1nat,0.13,0.0
wso,LBY,,2019.0,F1nat,0.0031298952471582437,0.0
wso,LKA,,2019.0,F1nat,0.29279999999999823,0.0
wso,MAR,,2019.0,F1nat,2.1036847422043827,0.0
wso,MMR,,2019.0,F1nat,0.025242603550295856,0.0
wso,MNG,,2019.0,F1nat,0.0,0.10271999999999915
wso,MOZ,,2019.0,F1nat,0.0009650460906957772,0.0
wso,NER,,2019.0,F1nat,0.0065978203598601945,0.0
wso,NIC,,2019.0,F1nat,0.0,0.6439803829656132
wso,NPL,no fossil; regional (Asia) mix used for 0.09 TWh,2019.0,F1nat,,
wso,NPL,,2019.0,F1nat,0.08887255666408696,0.0
wso,NZL,,2019.0,F1nat,0.5095317810612238,0.0
wso,OMN,,2019.0,F1nat,0.0016403527682119672,0.0
wso,PRI,,2019.0,F1nat,0.1545459662324389,0.0
wso,PRK,,2019.0,F1nat,0.005812500000000001,0.0
wso,PSE,no fossil; regional (Middle East) mix used for 0.12 TWh,2019.0,F1nat,,
wso,PSE,,2019.0,F1nat,0.0,0.12
wso,REU,,2019.0,F1nat,0.038782857142857036,0.0
wso,RUS,,2019.0,F1nat,0.02364864296233957,0.0
wso,RWA,,2019.0,F1nat,0.002527933497558421,0.0
wso,SAU,,2019.0,F1nat,0.08798990990687029,0.0
wso,SEN,,2019.0,F1nat,0.3421199776367974,0.0
wso,SGP,,2019.0,F1nat,0.0023465703971119137,0.0
wso,SUR,,2019.0,F1nat,0.00018691588785046728,0.0
wso,TGO,,2019.0,F1nat,0.009583333333333333,0.0
wso,THA,,2019.0,F1nat,0.011296154045102208,0.0
wso,TTO,,2019.0,F1nat,3.039166800657488e-05,0.0
wso,TUN,,2019.0,F1nat,0.0015127093943500998,0.0
wso,TUR,,2019.0,F1nat,3.6270830703194044,0.0
wso,UKR,,2019.0,F1nat,0.06490646241375161,0.0
wso,URY,,2019.0,F1nat,2.7354927347424263,0.0
wso,UZB,,2019.0,F1nat,0.00012436503765983533,0.0
wso,FRO,no fossil; regional (Europe) mix used for 0.04 TWh,2019.0,F1nocap,,
wso,GUM,no fossil; regional (Oceania) mix used for 0.08 TWh,2019.0,F1nocap,,
wso,ISL,no fossil; regional (Europe) mix used for 4.37 TWh,2019.0,F1nocap,,
wso,NPL,no fossil; regional (Asia) mix used for 0.09 TWh,2019.0,F1nocap,,
wso,PSE,no fossil; regional (Middle East) mix used for 0.12 TWh,2019.0,F1nocap,,
wso,EUROPE_POOL,,2019.0,F1marg,9.74234599802867,0.0
wso,AFG,,2019.0,F1marg,0.02666666666666667,0.0
wso,ATG,,2019.0,F1marg,0.0,0.01
wso,AZE,,2019.0,F1marg,0.00028973509933774837,0.0
wso,BLR,,2019.0,F1marg,0.002100456621004566,0.0
wso,BRA,,2019.0,F1marg,16.826786346454746,0.0
wso,BRB,,2019.0,F1marg,0.004852661204077466,0.0
wso,CIV,,2019.0,F1marg,0.00998881943738086,0.0
wso,CMR,,2019.0,F1marg,0.0,0.02
wso,EGY,,2019.0,F1marg,0.24554516594748477,0.0
wso,ETH,,2019.0,F1marg,0.0,0.3483847354508368
wso,FRO,no fossil; regional (Europe) mix used for 0.04 TWh,2019.0,F1marg,,
wso,FRO,,2019.0,F1marg,0.03882344873116125,0.0
wso,GTM,,2019.0,F1marg,0.6280174291938998,0.0
wso,GUF,,2019.0,F1marg,0.05,0.0
wso,GUM,no fossil; regional (Oceania) mix used for 0.08 TWh,2019.0,F1marg,,
wso,GUM,,2019.0,F1marg,0.0770838664488521,0.0
wso,HND,,2019.0,F1marg,0.0,2.214280781813814
wso,IRN,,2019.0,F1marg,0.13738823190077876,0.0
wso,IRQ,,2019.0,F1marg,0.023822488429077048,0.0
wso,ISL,no fossil; regional (Europe) mix used for 4.37 TWh,2019.0,F1marg,,
wso,ISL,,2019.0,F1marg,0.5021817738793667,3.7392800000000004
wso,ISR,,2019.0,F1marg,0.058786127167630056,0.0
wso,JOR,,2019.0,F1marg,0.15227091633466136,0.0
wso,JPN,,2019.0,F1marg,31.567000419291226,0.0
wso,KAZ,,2019.0,F1marg,0.007149596393751965,0.0
wso,KEN,,2019.0,F1marg,0.0,3.468240000000001
wso,KHM,,2019.0,F1marg,0.07577718534068668,0.0
wso,LBN,,2019.0,F1marg,0.13,0.0
wso,LBY,,2019.0,F1marg,0.0031298952471582437,0.0
wso,LKA,,2019.0,F1marg,0.29279999999999823,0.0
wso,MAR,,2019.0,F1marg,2.1036847422043827,0.0
wso,MMR,,2019.0,F1marg,0.025242603550295856,0.0
wso,MNG,,2019.0,F1marg,0.0,0.10271999999999915
wso,MOZ,,2019.0,F1marg,0.0009650460906957772,0.0
wso,NER,,2019.0,F1marg,0.0065978203598601945,0.0
wso,NIC,,2019.0,F1marg,0.0,0.6439803829656132
wso,NPL,no fossil; regional (Asia) mix used for 0.09 TWh,2019.0,F1marg,,
wso,NPL,,2019.0,F1marg,0.08887255666408696,0.0
wso,NZL,,2019.0,F1marg,0.5302235299075136,0.0
wso,OMN,,2019.0,F1marg,0.0016403527682119672,0.0
wso,PRI,,2019.0,F1marg,0.1545459662324389,0.0
wso,PRK,,2019.0,F1marg,0.005812500000000001,0.0
wso,PSE,no fossil; regional (Middle East) mix used for 0.12 TWh,2019.0,F1marg,,
wso,PSE,,2019.0,F1marg,0.0,0.12
wso,REU,,2019.0,F1marg,0.038782857142857036,0.0
wso,RUS,,2019.0,F1marg,0.02364864296233957,0.0
wso,RWA,,2019.0,F1marg,0.002527933497558421,0.0
wso,SAU,,2019.0,F1marg,0.08798990990687029,0.0
wso,SEN,,2019.0,F1marg,0.3421199776367974,0.0
wso,SGP,,2019.0,F1marg,0.0023465703971119137,0.0
wso,SUR,,2019.0,F1marg,0.00018691588785046728,0.0
wso,TGO,,2019.0,F1marg,0.009583333333333333,0.0
wso,THA,,2019.0,F1marg,0.011296154045102208,0.0
wso,TTO,,2019.0,F1marg,3.039166800657488e-05,0.0
wso,TUN,,2019.0,F1marg,0.0015127093943500998,0.0
wso,UKR,,2019.0,F1marg,0.06490646241375161,0.0
wso,URY,,2019.0,F1marg,2.7354927347424263,0.0
wso,UZB,,2019.0,F1marg,0.00012436503765983533,0.0
wso,EUROPE_POOL,,2020.0,F1,22.3612216458629,0.0
wso,AFG,,2020.0,F1,0.011666666666666667,0.0
wso,ATG,,2020.0,F1,0.0,0.02
wso,AZE,,2020.0,F1,0.00030699959066721253,0.0
wso,BLR,,2020.0,F1,0.020767662282087394,0.0
wso,BRA,,2020.0,F1,9.44381193673844,0.0
wso,BRB,,2020.0,F1,0.006144644087242993,0.0
wso,CIV,,2020.0,F1,0.019979586316438043,0.0
wso,CMR,,2020.0,F1,0.0,0.02
wso,ETH,no fossil; regional (Africa) mix used for 0.64 TWh,2020.0,F1,,
wso,ETH,,2020.0,F1,0.48864367411300785,0.1144
wso,FRO,no fossil; regional (Europe) mix used for 0.04 TWh,2020.0,F1,,
wso,FRO,,2020.0,F1,0.03882296795226899,0.0
wso,GTM,,2020.0,F1,0.0023255813953488376,0.0
wso,GUF,,2020.0,F1,0.06,0.0
wso,GUM,no fossil; regional (Oceania) mix used for 0.08 TWh,2020.0,F1,,
wso,GUM,,2020.0,F1,0.07721569679215698,0.0
wso,HND,,2020.0,F1,0.0,1.5970567030423706
wso,IRN,,2020.0,F1,0.2021925151168491,0.0
wso,ISL,no fossil; regional (Europe) mix used for 4.31 TWh,2020.0,F1,,
wso,ISL,,2020.0,F1,0.5038947968569839,3.6792799999999994
wso,ISR,,2020.0,F1,0.03140556368960468,0.0
wso,JOR,,2020.0,F1,0.1929082240762813,0.0
wso,JPN,,2020.0,F1,34.24613719193496,0.0
wso,KAZ,,2020.0,F1,0.015023784901758014,0.0
wso,KEN,,2020.0,F1,0.0,2.49824
wso,LBN,,2020.0,F1,0.15000000000000002,0.0
wso,LKA,,2020.0,F1,0.78,0.0
wso,MAR,,2020.0,F1,2.478845286223831,0.0
wso,MMR,,2020.0,F1,0.02199170124481328,0.0
wso,MNG,,2020.0,F1,0.03523489932885906,0.0
wso,MOZ,,2020.0,F1,0.0026445712576671472,0.0
wso,NER,,2020.0,F1,0.006727090149949403,0.0
wso,NPL,no fossil; regional (Asia) mix used for 0.09 TWh,2020.0,F1,,
wso,NPL,,2020.0,F1,0.08895899462575982,0.0
wso,NZL,,2020.0,F1,0.5854427291264432,0.0
wso,OMN,,2020.0,F1,0.002362204724409449,0.0
wso,PRI,,2020.0,F1,0.17283062043571026,0.0
wso,PRK,,2020.0,F1,0.007589285714285715,0.0
wso,PSE,no fossil; regional (Middle East) mix used for 0.18 TWh,2020.0,F1,,
wso,PSE,,2020.0,F1,0.0,0.18
wso,REU,,2020.0,F1,0.1803146853146853,0.0
wso,RUS,,2020.0,F1,0.05684689097755871,0.0
wso,RWA,,2020.0,F1,0.006624825363964932,0.0
wso,SAU,,2020.0,F1,0.35932733301752723,0.0
wso,SEN,,2020.0,F1,0.5700950252946463,0.0
wso,SGP,,2020.0,F1,0.0030825901512214035,0.0
wso,SUR,,2020.0,F1,0.00018867924528301886,0.0
wso,SYR,,2020.0,F1,0.01125061789421651,0.0
wso,TGO,,2020.0,F1,0.008999552565153451,0.0
wso,THA,,2020.0,F1,0.015375396583486302,0.0
wso,TTO,,2020.0,F1,3.029264969418495e-05,0.0
wso,TUN,,2020.0,F1,0.0018926169879254983,0.0
wso,UKR,,2020.0,F1,0.039302708638360176,0.0
wso,URY,,2020.0,F1,5.94,0.0
wso,UZB,,2020.0,F1,7.802340702210663e-05,0.0
wso,AUT,,2020.0,F1nat,0.37227590380326203,0.0
wso,BGR,,2020.0,F1nat,0.04413965087281796,0.0
wso,BIH,,2020.0,F1nat,0.0010428931875525653,0.0
wso,CHE,,2020.0,F1nat,1.9388490703676573,0.0
wso,HRV,,2020.0,F1nat,1.3965811965811967,0.0
wso,LTU,,2020.0,F1nat,0.07062491380212442,0.0
wso,LUX,,2020.0,F1nat,0.052559999999999996,0.38744
wso,MNE,,2020.0,F1nat,0.0,0.22
wso,NOR,,2020.0,F1nat,0.13334419108684567,4.468360094999539
wso,POL,,2020.0,F1nat,0.21243370738032952,0.0
wso,SRB,,2020.0,F1nat,0.0018319763138415987,0.0
wso,SVK,,2020.0,F1nat,0.027014030475746947,0.0
wso,SVN,,2020.0,F1nat,0.0015103178935415552,0.0
wso,SWE,,2020.0,F1nat,2.799963151174497,0.0
wso,AFG,,2020.0,F1nat,0.011666666666666667,0.0
wso,ATG,,2020.0,F1nat,0.0,0.02
wso,AZE,,2020.0,F1nat,0.00030699959066721253,0.0
wso,BLR,,2020.0,F1nat,0.020767662282087394,0.0
wso,BRA,,2020.0,F1nat,9.44381193673844,0.0
wso,BRB,,2020.0,F1nat,0.006144644087242993,0.0
wso,CIV,,2020.0,F1nat,0.019979586316438043,0.0
wso,CMR,,2020.0,F1nat,0.0,0.02
wso,ETH,no fossil; regional (Africa) mix used for 0.64 TWh,2020.0,F1nat,,
wso,ETH,,2020.0,F1nat,0.48864367411300785,0.1144
wso,FRO,no fossil; regional (Europe) mix used for 0.04 TWh,2020.0,F1nat,,
wso,FRO,,2020.0,F1nat,0.03882296795226899,0.0
wso,GTM,,2020.0,F1nat,0.0023255813953488376,0.0
wso,GUF,,2020.0,F1nat,0.06,0.0
wso,GUM,no fossil; regional (Oceania) mix used for 0.08 TWh,2020.0,F1nat,,
wso,GUM,,2020.0,F1nat,0.07721569679215698,0.0
wso,HND,,2020.0,F1nat,0.0,1.5970567030423706
wso,IRN,,2020.0,F1nat,0.2021925151168491,0.0
wso,ISL,no fossil; regional (Europe) mix used for 4.31 TWh,2020.0,F1nat,,
wso,ISL,,2020.0,F1nat,0.5038947968569839,3.6792799999999994
wso,ISR,,2020.0,F1nat,0.03140556368960468,0.0
wso,JOR,,2020.0,F1nat,0.1929082240762813,0.0
wso,JPN,,2020.0,F1nat,34.24613719193496,0.0
wso,KAZ,,2020.0,F1nat,0.015023784901758014,0.0
wso,KEN,,2020.0,F1nat,0.0,2.49824
wso,LBN,,2020.0,F1nat,0.15000000000000002,0.0
wso,LKA,,2020.0,F1nat,0.78,0.0
wso,MAR,,2020.0,F1nat,2.478845286223831,0.0
wso,MMR,,2020.0,F1nat,0.02199170124481328,0.0
wso,MNG,,2020.0,F1nat,0.03523489932885906,0.0
wso,MOZ,,2020.0,F1nat,0.0026445712576671472,0.0
wso,NER,,2020.0,F1nat,0.006727090149949403,0.0
wso,NPL,no fossil; regional (Asia) mix used for 0.09 TWh,2020.0,F1nat,,
wso,NPL,,2020.0,F1nat,0.08895899462575982,0.0
wso,NZL,,2020.0,F1nat,0.5854427291264432,0.0
wso,OMN,,2020.0,F1nat,0.002362204724409449,0.0
wso,PRI,,2020.0,F1nat,0.17283062043571026,0.0
wso,PRK,,2020.0,F1nat,0.007589285714285715,0.0
wso,PSE,no fossil; regional (Middle East) mix used for 0.18 TWh,2020.0,F1nat,,
wso,PSE,,2020.0,F1nat,0.0,0.18
wso,REU,,2020.0,F1nat,0.1803146853146853,0.0
wso,RUS,,2020.0,F1nat,0.05684689097755871,0.0
wso,RWA,,2020.0,F1nat,0.006624825363964932,0.0
wso,SAU,,2020.0,F1nat,0.35932733301752723,0.0
wso,SEN,,2020.0,F1nat,0.5700950252946463,0.0
wso,SGP,,2020.0,F1nat,0.0030825901512214035,0.0
wso,SUR,,2020.0,F1nat,0.00018867924528301886,0.0
wso,SYR,,2020.0,F1nat,0.01125061789421651,0.0
wso,TGO,,2020.0,F1nat,0.008999552565153451,0.0
wso,THA,,2020.0,F1nat,0.015375396583486302,0.0
wso,TTO,,2020.0,F1nat,3.029264969418495e-05,0.0
wso,TUN,,2020.0,F1nat,0.0018926169879254983,0.0
wso,UKR,,2020.0,F1nat,0.039302708638360176,0.0
wso,URY,,2020.0,F1nat,5.94,0.0
wso,UZB,,2020.0,F1nat,7.802340702210663e-05,0.0
wso,ETH,no fossil; regional (Africa) mix used for 0.64 TWh,2020.0,F1nocap,,
wso,FRO,no fossil; regional (Europe) mix used for 0.04 TWh,2020.0,F1nocap,,
wso,GUM,no fossil; regional (Oceania) mix used for 0.08 TWh,2020.0,F1nocap,,
wso,ISL,no fossil; regional (Europe) mix used for 4.31 TWh,2020.0,F1nocap,,
wso,NPL,no fossil; regional (Asia) mix used for 0.09 TWh,2020.0,F1nocap,,
wso,PSE,no fossil; regional (Middle East) mix used for 0.18 TWh,2020.0,F1nocap,,
wso,EUROPE_POOL,,2020.0,F1marg,23.07145650430969,0.0
wso,AFG,,2020.0,F1marg,0.011666666666666667,0.0
wso,ATG,,2020.0,F1marg,0.0,0.02
wso,AZE,,2020.0,F1marg,0.00030699959066721253,0.0
wso,BLR,,2020.0,F1marg,0.020767662282087394,0.0
wso,BRA,,2020.0,F1marg,9.44381193673844,0.0
wso,BRB,,2020.0,F1marg,0.006144644087242993,0.0
wso,CIV,,2020.0,F1marg,0.019979586316438043,0.0
wso,CMR,,2020.0,F1marg,0.0,0.02
wso,ETH,no fossil; regional (Africa) mix used for 0.64 TWh,2020.0,F1marg,,
wso,ETH,,2020.0,F1marg,0.48864367411300785,0.1144
wso,FRO,no fossil; regional (Europe) mix used for 0.04 TWh,2020.0,F1marg,,
wso,FRO,,2020.0,F1marg,0.03882296795226899,0.0
wso,GTM,,2020.0,F1marg,0.0023255813953488376,0.0
wso,GUF,,2020.0,F1marg,0.06,0.0
wso,GUM,no fossil; regional (Oceania) mix used for 0.08 TWh,2020.0,F1marg,,
wso,GUM,,2020.0,F1marg,0.07721569679215698,0.0
wso,HND,,2020.0,F1marg,0.0,1.5970567030423706
wso,IRN,,2020.0,F1marg,0.2021925151168491,0.0
wso,ISL,no fossil; regional (Europe) mix used for 4.31 TWh,2020.0,F1marg,,
wso,ISL,,2020.0,F1marg,0.5038947968569839,3.6792799999999994
wso,ISR,,2020.0,F1marg,0.03140556368960468,0.0
wso,JOR,,2020.0,F1marg,0.1929082240762813,0.0
wso,JPN,,2020.0,F1marg,34.24613719193496,0.0
wso,KAZ,,2020.0,F1marg,0.015023784901758014,0.0
wso,KEN,,2020.0,F1marg,0.0,2.49824
wso,LBN,,2020.0,F1marg,0.15000000000000002,0.0
wso,LKA,,2020.0,F1marg,0.78,0.0
wso,MAR,,2020.0,F1marg,2.478845286223831,0.0
wso,MMR,,2020.0,F1marg,0.02199170124481328,0.0
wso,MNG,,2020.0,F1marg,0.03523489932885906,0.0
wso,MOZ,,2020.0,F1marg,0.0026445712576671472,0.0
wso,NER,,2020.0,F1marg,0.006727090149949403,0.0
wso,NPL,no fossil; regional (Asia) mix used for 0.09 TWh,2020.0,F1marg,,
wso,NPL,,2020.0,F1marg,0.08895899462575982,0.0
wso,NZL,,2020.0,F1marg,0.5945693827483659,0.0
wso,OMN,,2020.0,F1marg,0.002362204724409449,0.0
wso,PRI,,2020.0,F1marg,0.17283062043571026,0.0
wso,PRK,,2020.0,F1marg,0.007589285714285715,0.0
wso,PSE,no fossil; regional (Middle East) mix used for 0.18 TWh,2020.0,F1marg,,
wso,PSE,,2020.0,F1marg,0.0,0.18
wso,REU,,2020.0,F1marg,0.1803146853146853,0.0
wso,RUS,,2020.0,F1marg,0.05684689097755871,0.0
wso,RWA,,2020.0,F1marg,0.006624825363964932,0.0
wso,SAU,,2020.0,F1marg,0.35932733301752723,0.0
wso,SEN,,2020.0,F1marg,0.5700950252946463,0.0
wso,SGP,,2020.0,F1marg,0.0030825901512214035,0.0
wso,SUR,,2020.0,F1marg,0.00018867924528301886,0.0
wso,SYR,,2020.0,F1marg,0.01125061789421651,0.0
wso,TGO,,2020.0,F1marg,0.008999552565153451,0.0
wso,THA,,2020.0,F1marg,0.015375396583486302,0.0
wso,TTO,,2020.0,F1marg,3.029264969418495e-05,0.0
wso,TUN,,2020.0,F1marg,0.0018926169879254983,0.0
wso,UKR,,2020.0,F1marg,0.039302708638360176,0.0
wso,URY,,2020.0,F1marg,5.94,0.0
wso,UZB,,2020.0,F1marg,7.802340702210663e-05,0.0
wso,EUROPE_POOL,,2021.0,F1,10.523790013868304,0.0
wso,AFG,,2021.0,F1,0.01846153846153846,0.0
wso,ATG,,2021.0,F1,0.0,0.02
wso,AUS,,2021.0,F1,2.603141342293391,0.0
wso,AZE,,2021.0,F1,0.00318859370233184,0.0
wso,BLR,,2021.0,F1,0.02047486529177708,0.0
wso,BRA,,2021.0,F1,23.733643568635223,13.877646038223276
wso,BRB,,2021.0,F1,0.006887237921513384,0.0
wso,CAN,,2021.0,F1,9.152943106066845,0.0
wso,CHL,,2021.0,F1,2.2470926052870848,0.0
wso,CIV,,2021.0,F1,0.019953703703703706,0.0
wso,CMR,,2021.0,F1,0.0,0.019999999999999997
wso,COD,no fossil; regional (Africa) mix used for 1.05 TWh,2021.0,F1,,
wso,COD,,2021.0,F1,0.0905621262502114,0.89232
wso,CRI,no fossil; regional (Latin America and Caribbean) mix used for 1.90 TWh,2021.0,F1,,
wso,CRI,,2021.0,F1,1.5872949409417523,0.0
wso,EGY,,2021.0,F1,0.2618421052631579,0.0
wso,ETH,no fossil; regional (Africa) mix used for 0.85 TWh,2021.0,F1,,
wso,ETH,,2021.0,F1,0.471266483154933,0.3243999999999999
wso,FRO,no fossil; regional (Europe) mix used for 0.04 TWh,2021.0,F1,,
wso,FRO,,2021.0,F1,0.03884829322602153,0.0
wso,GTM,,2021.0,F1,0.5719512195121952,0.0
wso,GUF,,2021.0,F1,0.06,0.0
wso,GUM,no fossil; regional (Oceania) mix used for 0.08 TWh,2021.0,F1,,
wso,GUM,,2021.0,F1,0.07701090131122128,0.0
wso,HND,,2021.0,F1,0.0,1.4316277714976087
wso,IRN,,2021.0,F1,0.17478933791917453,0.0
wso,IRQ,,2021.0,F1,0.1492915274565236,0.0
wso,ISL,no fossil; regional (Europe) mix used for 4.15 TWh,2021.0,F1,,
wso,ISL,,2021.0,F1,0.563790422199733,3.4667199999999996
wso,ISR,,2021.0,F1,0.03332357247437774,0.0
wso,JPN,,2021.0,F1,35.056684522083984,0.0
wso,KAZ,,2021.0,F1,0.0883832569031125,0.0
wso,KEN,,2021.0,F1,0.0,4.09616
wso,LKA,,2021.0,F1,0.8856075417299459,0.0
wso,MAR,,2021.0,F1,4.163891014492755,0.0
wso,MDA,,2021.0,F1,0.0005787781350482316,0.0
wso,MMR,,2021.0,F1,0.019917777351186484,0.0
wso,MNG,,2021.0,F1,0.0,0.43248000000000003
wso,MOZ,,2021.0,F1,0.0031098305677344676,0.0
wso,MUS,,2021.0,F1,0.01241690565530204,0.0
wso,NER,,2021.0,F1,0.005778919449053451,0.0
wso,NPL,no fossil; regional (Asia) mix used for 0.10 TWh,2021.0,F1,,
wso,NPL,,2021.0,F1,0.09868209139124703,0.0
wso,NZL,,2021.0,F1,0.027632941856901124,0.0
wso,OMN,,2021.0,F1,0.024020251591886862,0.0
wso,PRI,,2021.0,F1,0.21799378818757909,0.0
wso,PRK,,2021.0,F1,0.0070531914893617025,0.0
wso,PSE,no fossil; regional (Middle East) mix used for 0.22 TWh,2021.0,F1,,
wso,PSE,,2021.0,F1,0.0,0.22000000000000003
wso,RUS,,2021.0,F1,0.09487598678685406,0.0
wso,RWA,,2021.0,F1,0.01848426949296705,0.0
wso,SAU,,2021.0,F1,0.3823446868222988,0.0
wso,SEN,,2021.0,F1,0.8475022118699934,0.0
wso,SGP,,2021.0,F1,0.004947387853055197,0.0
wso,SLV,,2021.0,F1,0.257222530497045,0.0
wso,SUR,,2021.0,F1,0.00018518518518518518,0.0
wso,SWZ,,2021.0,F1,0.03,0.0
wso,SYR,,2021.0,F1,0.03291806420699569,0.0
wso,TGO,,2021.0,F1,0.027636766670082177,0.0
wso,THA,,2021.0,F1,0.0409260124091,0.0
wso,TTO,,2021.0,F1,3.0161624608973075e-05,0.0
wso,TUN,,2021.0,F1,0.0015939797756896606,0.0
wso,UKR,,2021.0,F1,0.08303037048620186,0.0
wso,URY,,2021.0,F1,5.439600683359502,0.0
wso,UZB,,2021.0,F1,0.0010538994278831676,0.0
wso,BGR,,2021.0,F1nat,0.03406407064028582,0.0
wso,BIH,,2021.0,F1nat,0.0012021371326803205,0.0
wso,CHE,,2021.0,F1nat,1.775474640398106,0.0
wso,DNK,,2021.0,F1nat,1.0987914461085166,0.0
wso,HRV,,2021.0,F1nat,1.55,0.0
wso,LTU,,2021.0,F1nat,0.09825607285633703,0.0
wso,LUX,,2021.0,F1nat,0.052559999999999996,0.36744000000000004
wso,MNE,,2021.0,F1nat,0.0,0.11823999999999993
wso,NOR,,2021.0,F1nat,0.0,5.350189791007143
wso,POL,,2021.0,F1nat,0.24477575412933938,0.0
wso,PRT,,2021.0,F1nat,0.6402665581325022,0.0
wso,SRB,,2021.0,F1nat,0.0030630268968285836,0.0
wso,SVK,,2021.0,F1nat,0.026229356254545554,0.0
wso,SVN,,2021.0,F1nat,0.007252252252252252,0.0
wso,SWE,,2021.0,F1nat,2.936229008314754,5.0234746149236
wso,AFG,,2021.0,F1nat,0.01846153846153846,0.0
wso,ATG,,2021.0,F1nat,0.0,0.02
wso,AUS,,2021.0,F1nat,2.603141342293391,0.0
wso,AZE,,2021.0,F1nat,0.00318859370233184,0.0
wso,BLR,,2021.0,F1nat,0.02047486529177708,0.0
wso,BRA,,2021.0,F1nat,23.733643568635223,13.877646038223276
wso,BRB,,2021.0,F1nat,0.006887237921513384,0.0
wso,CAN,,2021.0,F1nat,9.152943106066845,0.0
wso,CHL,,2021.0,F1nat,2.2470926052870848,0.0
wso,CIV,,2021.0,F1nat,0.019953703703703706,0.0
wso,CMR,,2021.0,F1nat,0.0,0.019999999999999997
wso,COD,no fossil; regional (Africa) mix used for 1.05 TWh,2021.0,F1nat,,
wso,COD,,2021.0,F1nat,0.0905621262502114,0.89232
wso,CRI,no fossil; regional (Latin America and Caribbean) mix used for 1.90 TWh,2021.0,F1nat,,
wso,CRI,,2021.0,F1nat,1.5872949409417523,0.0
wso,EGY,,2021.0,F1nat,0.2618421052631579,0.0
wso,ETH,no fossil; regional (Africa) mix used for 0.85 TWh,2021.0,F1nat,,
wso,ETH,,2021.0,F1nat,0.471266483154933,0.3243999999999999
wso,FRO,no fossil; regional (Europe) mix used for 0.04 TWh,2021.0,F1nat,,
wso,FRO,,2021.0,F1nat,0.03884829322602153,0.0
wso,GTM,,2021.0,F1nat,0.5719512195121952,0.0
wso,GUF,,2021.0,F1nat,0.06,0.0
wso,GUM,no fossil; regional (Oceania) mix used for 0.08 TWh,2021.0,F1nat,,
wso,GUM,,2021.0,F1nat,0.07701090131122128,0.0
wso,HND,,2021.0,F1nat,0.0,1.4316277714976087
wso,IRN,,2021.0,F1nat,0.17478933791917453,0.0
wso,IRQ,,2021.0,F1nat,0.1492915274565236,0.0
wso,ISL,no fossil; regional (Europe) mix used for 4.15 TWh,2021.0,F1nat,,
wso,ISL,,2021.0,F1nat,0.563790422199733,3.4667199999999996
wso,ISR,,2021.0,F1nat,0.03332357247437774,0.0
wso,JPN,,2021.0,F1nat,35.056684522083984,0.0
wso,KAZ,,2021.0,F1nat,0.0883832569031125,0.0
wso,KEN,,2021.0,F1nat,0.0,4.09616
wso,LKA,,2021.0,F1nat,0.8856075417299459,0.0
wso,MAR,,2021.0,F1nat,4.163891014492755,0.0
wso,MDA,,2021.0,F1nat,0.0005787781350482316,0.0
wso,MMR,,2021.0,F1nat,0.019917777351186484,0.0
wso,MNG,,2021.0,F1nat,0.0,0.43248000000000003
wso,MOZ,,2021.0,F1nat,0.0031098305677344676,0.0
wso,MUS,,2021.0,F1nat,0.01241690565530204,0.0
wso,NER,,2021.0,F1nat,0.005778919449053451,0.0
wso,NPL,no fossil; regional (Asia) mix used for 0.10 TWh,2021.0,F1nat,,
wso,NPL,,2021.0,F1nat,0.09868209139124703,0.0
wso,NZL,,2021.0,F1nat,0.027632941856901124,0.0
wso,OMN,,2021.0,F1nat,0.024020251591886862,0.0
wso,PRI,,2021.0,F1nat,0.21799378818757909,0.0
wso,PRK,,2021.0,F1nat,0.0070531914893617025,0.0
wso,PSE,no fossil; regional (Middle East) mix used for 0.22 TWh,2021.0,F1nat,,
wso,PSE,,2021.0,F1nat,0.0,0.22000000000000003
wso,RUS,,2021.0,F1nat,0.09487598678685406,0.0
wso,RWA,,2021.0,F1nat,0.01848426949296705,0.0
wso,SAU,,2021.0,F1nat,0.3823446868222988,0.0
wso,SEN,,2021.0,F1nat,0.8475022118699934,0.0
wso,SGP,,2021.0,F1nat,0.004947387853055197,0.0
wso,SLV,,2021.0,F1nat,0.257222530497045,0.0
wso,SUR,,2021.0,F1nat,0.00018518518518518518,0.0
wso,SWZ,,2021.0,F1nat,0.03,0.0
wso,SYR,,2021.0,F1nat,0.03291806420699569,0.0
wso,TGO,,2021.0,F1nat,0.027636766670082177,0.0
wso,THA,,2021.0,F1nat,0.0409260124091,0.0
wso,TTO,,2021.0,F1nat,3.0161624608973075e-05,0.0
wso,TUN,,2021.0,F1nat,0.0015939797756896606,0.0
wso,UKR,,2021.0,F1nat,0.08303037048620186,0.0
wso,URY,,2021.0,F1nat,5.439600683359502,0.0
wso,UZB,,2021.0,F1nat,0.0010538994278831676,0.0
wso,COD,no fossil; regional (Africa) mix used for 1.05 TWh,2021.0,F1nocap,,
wso,CRI,no fossil; regional (Latin America and Caribbean) mix used for 1.90 TWh,2021.0,F1nocap,,
wso,ETH,no fossil; regional (Africa) mix used for 0.85 TWh,2021.0,F1nocap,,
wso,FRO,no fossil; regional (Europe) mix used for 0.04 TWh,2021.0,F1nocap,,
wso,GUM,no fossil; regional (Oceania) mix used for 0.08 TWh,2021.0,F1nocap,,
wso,ISL,no fossil; regional (Europe) mix used for 4.15 TWh,2021.0,F1nocap,,
wso,NPL,no fossil; regional (Asia) mix used for 0.10 TWh,2021.0,F1nocap,,
wso,PSE,no fossil; regional (Middle East) mix used for 0.22 TWh,2021.0,F1nocap,,
wso,EUROPE_POOL,,2021.0,F1marg,6.9044462156245,0.0
wso,AFG,,2021.0,F1marg,0.01846153846153846,0.0
wso,ATG,,2021.0,F1marg,0.0,0.02
wso,AZE,,2021.0,F1marg,0.00318859370233184,0.0
wso,BLR,,2021.0,F1marg,0.02047486529177708,0.0
wso,BRA,,2021.0,F1marg,23.733643568635223,13.877646038223276
wso,BRB,,2021.0,F1marg,0.006887237921513384,0.0
wso,CAN,,2021.0,F1marg,5.929486135335608,0.0
wso,CHL,,2021.0,F1marg,2.2470926052870848,0.0
wso,CIV,,2021.0,F1marg,0.019953703703703706,0.0
wso,CMR,,2021.0,F1marg,0.0,0.019999999999999997
wso,COD,no fossil; regional (Africa) mix used for 1.05 TWh,2021.0,F1marg,,
wso,COD,,2021.0,F1marg,0.0905621262502114,0.89232
wso,CRI,no fossil; regional (Latin America and Caribbean) mix used for 1.90 TWh,2021.0,F1marg,,
wso,CRI,,2021.0,F1marg,1.5872949409417523,0.0
wso,EGY,,2021.0,F1marg,0.2618421052631579,0.0
wso,ETH,no fossil; regional (Africa) mix used for 0.85 TWh,2021.0,F1marg,,
wso,ETH,,2021.0,F1marg,0.471266483154933,0.3243999999999999
wso,FRO,no fossil; regional (Europe) mix used for 0.04 TWh,2021.0,F1marg,,
wso,FRO,,2021.0,F1marg,0.03884829322602153,0.0
wso,GTM,,2021.0,F1marg,0.5719512195121952,0.0
wso,GUF,,2021.0,F1marg,0.06,0.0
wso,GUM,no fossil; regional (Oceania) mix used for 0.08 TWh,2021.0,F1marg,,
wso,GUM,,2021.0,F1marg,0.07701090131122128,0.0
wso,HND,,2021.0,F1marg,0.0,1.4316277714976087
wso,IRN,,2021.0,F1marg,0.17478933791917453,0.0
wso,IRQ,,2021.0,F1marg,0.1492915274565236,0.0
wso,ISL,no fossil; regional (Europe) mix used for 4.15 TWh,2021.0,F1marg,,
wso,ISL,,2021.0,F1marg,0.563790422199733,3.4667199999999996
wso,ISR,,2021.0,F1marg,0.03332357247437774,0.0
wso,JPN,,2021.0,F1marg,35.056684522083984,0.0
wso,KAZ,,2021.0,F1marg,0.0883832569031125,0.0
wso,KEN,,2021.0,F1marg,0.0,4.09616
wso,LKA,,2021.0,F1marg,0.8856075417299459,0.0
wso,MAR,,2021.0,F1marg,4.163891014492755,0.0
wso,MDA,,2021.0,F1marg,0.0005787781350482316,0.0
wso,MMR,,2021.0,F1marg,0.019917777351186484,0.0
wso,MNG,,2021.0,F1marg,0.0,0.43248000000000003
wso,MOZ,,2021.0,F1marg,0.0031098305677344676,0.0
wso,MUS,,2021.0,F1marg,0.01241690565530204,0.0
wso,NER,,2021.0,F1marg,0.005778919449053451,0.0
wso,NPL,no fossil; regional (Asia) mix used for 0.10 TWh,2021.0,F1marg,,
wso,NPL,,2021.0,F1marg,0.09868209139124703,0.0
wso,NZL,,2021.0,F1marg,0.02765550097391514,0.0
wso,OMN,,2021.0,F1marg,0.024020251591886862,0.0
wso,PRI,,2021.0,F1marg,0.21799378818757909,0.0
wso,PRK,,2021.0,F1marg,0.0070531914893617025,0.0
wso,PSE,no fossil; regional (Middle East) mix used for 0.22 TWh,2021.0,F1marg,,
wso,PSE,,2021.0,F1marg,0.0,0.22000000000000003
wso,RUS,,2021.0,F1marg,0.09487598678685406,0.0
wso,RWA,,2021.0,F1marg,0.01848426949296705,0.0
wso,SAU,,2021.0,F1marg,0.3823446868222988,0.0
wso,SEN,,2021.0,F1marg,0.8475022118699934,0.0
wso,SGP,,2021.0,F1marg,0.004947387853055197,0.0
wso,SLV,,2021.0,F1marg,0.257222530497045,0.0
wso,SUR,,2021.0,F1marg,0.00018518518518518518,0.0
wso,SWZ,,2021.0,F1marg,0.03,0.0
wso,SYR,,2021.0,F1marg,0.03291806420699569,0.0
wso,TGO,,2021.0,F1marg,0.027636766670082177,0.0
wso,THA,,2021.0,F1marg,0.0409260124091,0.0
wso,TTO,,2021.0,F1marg,3.0161624608973075e-05,0.0
wso,TUN,,2021.0,F1marg,0.0015939797756896606,0.0
wso,UKR,,2021.0,F1marg,0.08303037048620186,0.0
wso,URY,,2021.0,F1marg,5.439600683359502,0.0
wso,UZB,,2021.0,F1marg,0.0010538994278831676,0.0
wso,EUROPE_POOL,,2022.0,F1,27.150079276472134,0.0
wso,AFG,,2022.0,F1,0.020769230769230766,0.0
wso,ATG,,2022.0,F1,0.0,0.02
wso,AUS,,2022.0,F1,4.710569189720481,0.0
wso,AZE,,2022.0,F1,0.00043239318046379955,0.0
wso,BLR,,2022.0,F1,0.02297055057618438,0.0
wso,BRA,,2022.0,F1,17.434501252173533,0.0
wso,BRB,,2022.0,F1,0.009481388595906878,0.0
wso,CAN,,2022.0,F1,1.6678770463359847,0.0
wso,CHL,,2022.0,F1,4.619754393284856,0.0
wso,CIV,,2022.0,F1,0.019956331877729258,0.0
wso,CMR,,2022.0,F1,0.0,0.019999999999999667
wso,COD,no fossil; regional (Africa) mix used for 2.11 TWh,2022.0,F1,,
wso,COD,,2022.0,F1,0.2678520710817734,1.6895199999999997
wso,CRI,no fossil; regional (Latin America and Caribbean) mix used for 1.58 TWh,2022.0,F1,,
wso,CRI,,2022.0,F1,1.3151077148733643,0.0
wso,DOM,,2022.0,F1,0.7374228023622291,0.0
wso,EGY,,2022.0,F1,0.43710742504316885,0.0
wso,ETH,no fossil; regional (Africa) mix used for 0.63 TWh,2022.0,F1,,
wso,ETH,,2022.0,F1,0.48002862785853895,0.10440000000000016
wso,FRO,no fossil; regional (Europe) mix used for 0.08 TWh,2022.0,F1,,
wso,FRO,,2022.0,F1,0.07735509414219616,0.0
wso,GTM,,2022.0,F1,0.0035820244846495224,0.0
wso,GUF,,2022.0,F1,0.05,0.0
wso,GUM,no fossil; regional (Oceania) mix used for 0.14 TWh,2022.0,F1,,
wso,GUM,,2022.0,F1,0.13483523356830224,0.0
wso,GUY,,2022.0,F1,8e-05,0.0
wso,HND,,2022.0,F1,0.0,1.5907468492986594
wso,IRN,,2022.0,F1,0.15254119285216985,0.0
wso,ISL,no fossil; regional (Europe) mix used for 4.27 TWh,2022.0,F1,,
wso,ISL,,2022.0,F1,0.5421081498397187,3.58672
wso,ISR,,2022.0,F1,0.042247838616714696,0.0
wso,JPN,,2022.0,F1,22.00689805547497,0.0
wso,KAZ,,2022.0,F1,0.057436102236421725,0.0
wso,KEN,,2022.0,F1,0.0,5.29616
wso,LKA,,2022.0,F1,0.5942671776867421,0.0
wso,MAR,,2022.0,F1,4.79527064935065,0.0
wso,MDA,,2022.0,F1,0.0074896265560165974,0.0
wso,MMR,,2022.0,F1,0.026530909090909088,0.0
wso,MNG,,2022.0,F1,0.0,0.7
wso,MOZ,,2022.0,F1,0.0028526645768025085,0.0
wso,NER,,2022.0,F1,0.005061026542803956,0.0
wso,NIC,,2022.0,F1,0.0,0.3023013080009991
wso,NPL,no fossil; regional (Asia) mix used for 0.11 TWh,2022.0,F1,,
wso,NPL,,2022.0,F1,0.10852715529254248,0.0
wso,NZL,,2022.0,F1,0.07911106656888635,0.0
wso,OMN,,2022.0,F1,0.053661826702680035,0.0
wso,PER,,2022.0,F1,0.017564341663558372,0.0
wso,PRI,,2022.0,F1,0.2593689354388478,0.0
wso,PRK,,2022.0,F1,0.008724489795918366,0.0
wso,PSE,no fossil; regional (Middle East) mix used for 0.34 TWh,2022.0,F1,,
wso,PSE,,2022.0,F1,0.0,0.33999999999999997
wso,RUS,,2022.0,F1,0.13016975329548994,0.0
wso,RWA,,2022.0,F1,0.007091243036298635,0.0
wso,SAU,,2022.0,F1,0.7885145771522447,0.0
wso,SEN,,2022.0,F1,0.8829042826558767,0.0
wso,SGP,,2022.0,F1,0.007023525353658301,0.0
wso,SOM,,2022.0,F1,0.0,0.016932087049186015
wso,SUR,,2022.0,F1,0.00017094017094017097,0.0
wso,SWZ,,2022.0,F1,0.03,0.0
wso,SYR,,2022.0,F1,0.05989583333333334,0.0
wso,TGO,,2022.0,F1,0.09878877801264048,0.0
wso,THA,,2022.0,F1,0.09134636908288894,0.0
wso,TTO,,2022.0,F1,2.9429692569687156e-05,0.0
wso,TUN,,2022.0,F1,0.0014879850500661646,0.0
wso,TUR,,2022.0,F1,2.8733050126201434,0.0
wso,UKR,,2022.0,F1,0.05368540578552195,0.0
wso,URY,,2022.0,F1,5.28,0.0
wso,UZB,,2022.0,F1,0.007710642670192092,0.0
wso,BGR,,2022.0,F1nat,0.04204975454510715,0.0
wso,BIH,,2022.0,F1nat,0.0027002700270027003,0.0
wso,CHE,,2022.0,F1nat,2.3592770434358883,0.0
wso,DEU,,2022.0,F1nat,11.954221967307674,0.0
wso,DNK,,2022.0,F1nat,3.7204544889423694,0.9461602742985598
wso,HRV,,2022.0,F1nat,1.601650485436893,0.0
wso,LTU,,2022.0,F1nat,0.6361113966714012,0.0
wso,LUX,,2022.0,F1nat,0.052559999999999996,0.46744
wso,MNE,,2022.0,F1nat,0.0,0.22
wso,NOR,,2022.0,F1nat,0.0,10.43609337326179
wso,POL,,2022.0,F1nat,0.4013395881083597,0.0
wso,PRT,,2022.0,F1nat,0.5552597283905971,0.0
wso,SRB,,2022.0,F1nat,0.0031015187849720224,0.0
wso,SVK,,2022.0,F1nat,0.05324173720019909,0.0
wso,SVN,,2022.0,F1nat,0.010760869565217391,0.0
wso,SWE,,2022.0,F1nat,0.0,11.704096670612898
wso,AFG,,2022.0,F1nat,0.020769230769230766,0.0
wso,ATG,,2022.0,F1nat,0.0,0.02
wso,AUS,,2022.0,F1nat,4.710569189720481,0.0
wso,AZE,,2022.0,F1nat,0.00043239318046379955,0.0
wso,BLR,,2022.0,F1nat,0.02297055057618438,0.0
wso,BRA,,2022.0,F1nat,17.434501252173533,0.0
wso,BRB,,2022.0,F1nat,0.009481388595906878,0.0
wso,CAN,,2022.0,F1nat,1.6678770463359847,0.0
wso,CHL,,2022.0,F1nat,4.619754393284856,0.0
wso,CIV,,2022.0,F1nat,0.019956331877729258,0.0
wso,CMR,,2022.0,F1nat,0.0,0.019999999999999667
wso,COD,no fossil; regional (Africa) mix used for 2.11 TWh,2022.0,F1nat,,
wso,COD,,2022.0,F1nat,0.2678520710817734,1.6895199999999997
wso,CRI,no fossil; regional (Latin America and Caribbean) mix used for 1.58 TWh,2022.0,F1nat,,
wso,CRI,,2022.0,F1nat,1.3151077148733643,0.0
wso,DOM,,2022.0,F1nat,0.7374228023622291,0.0
wso,EGY,,2022.0,F1nat,0.43710742504316885,0.0
wso,ETH,no fossil; regional (Africa) mix used for 0.63 TWh,2022.0,F1nat,,
wso,ETH,,2022.0,F1nat,0.48002862785853895,0.10440000000000016
wso,FRO,no fossil; regional (Europe) mix used for 0.08 TWh,2022.0,F1nat,,
wso,FRO,,2022.0,F1nat,0.07735509414219616,0.0
wso,GTM,,2022.0,F1nat,0.0035820244846495224,0.0
wso,GUF,,2022.0,F1nat,0.05,0.0
wso,GUM,no fossil; regional (Oceania) mix used for 0.14 TWh,2022.0,F1nat,,
wso,GUM,,2022.0,F1nat,0.13483523356830224,0.0
wso,GUY,,2022.0,F1nat,8e-05,0.0
wso,HND,,2022.0,F1nat,0.0,1.5907468492986594
wso,IRN,,2022.0,F1nat,0.15254119285216985,0.0
wso,ISL,no fossil; regional (Europe) mix used for 4.27 TWh,2022.0,F1nat,,
wso,ISL,,2022.0,F1nat,0.5421081498397187,3.58672
wso,ISR,,2022.0,F1nat,0.042247838616714696,0.0
wso,JPN,,2022.0,F1nat,22.00689805547497,0.0
wso,KAZ,,2022.0,F1nat,0.057436102236421725,0.0
wso,KEN,,2022.0,F1nat,0.0,5.29616
wso,LKA,,2022.0,F1nat,0.5942671776867421,0.0
wso,MAR,,2022.0,F1nat,4.79527064935065,0.0
wso,MDA,,2022.0,F1nat,0.0074896265560165974,0.0
wso,MMR,,2022.0,F1nat,0.026530909090909088,0.0
wso,MNG,,2022.0,F1nat,0.0,0.7
wso,MOZ,,2022.0,F1nat,0.0028526645768025085,0.0
wso,NER,,2022.0,F1nat,0.005061026542803956,0.0
wso,NIC,,2022.0,F1nat,0.0,0.3023013080009991
wso,NPL,no fossil; regional (Asia) mix used for 0.11 TWh,2022.0,F1nat,,
wso,NPL,,2022.0,F1nat,0.10852715529254248,0.0
wso,NZL,,2022.0,F1nat,0.07911106656888635,0.0
wso,OMN,,2022.0,F1nat,0.053661826702680035,0.0
wso,PER,,2022.0,F1nat,0.017564341663558372,0.0
wso,PRI,,2022.0,F1nat,0.2593689354388478,0.0
wso,PRK,,2022.0,F1nat,0.008724489795918366,0.0
wso,PSE,no fossil; regional (Middle East) mix used for 0.34 TWh,2022.0,F1nat,,
wso,PSE,,2022.0,F1nat,0.0,0.33999999999999997
wso,RUS,,2022.0,F1nat,0.13016975329548994,0.0
wso,RWA,,2022.0,F1nat,0.007091243036298635,0.0
wso,SAU,,2022.0,F1nat,0.7885145771522447,0.0
wso,SEN,,2022.0,F1nat,0.8829042826558767,0.0
wso,SGP,,2022.0,F1nat,0.007023525353658301,0.0
wso,SOM,,2022.0,F1nat,0.0,0.016932087049186015
wso,SUR,,2022.0,F1nat,0.00017094017094017097,0.0
wso,SWZ,,2022.0,F1nat,0.03,0.0
wso,SYR,,2022.0,F1nat,0.05989583333333334,0.0
wso,TGO,,2022.0,F1nat,0.09878877801264048,0.0
wso,THA,,2022.0,F1nat,0.09134636908288894,0.0
wso,TTO,,2022.0,F1nat,2.9429692569687156e-05,0.0
wso,TUN,,2022.0,F1nat,0.0014879850500661646,0.0
wso,TUR,,2022.0,F1nat,2.8733050126201434,0.0
wso,UKR,,2022.0,F1nat,0.05368540578552195,0.0
wso,URY,,2022.0,F1nat,5.28,0.0
wso,UZB,,2022.0,F1nat,0.007710642670192092,0.0
wso,COD,no fossil; regional (Africa) mix used for 2.11 TWh,2022.0,F1nocap,,
wso,CRI,no fossil; regional (Latin America and Caribbean) mix used for 1.58 TWh,2022.0,F1nocap,,
wso,ETH,no fossil; regional (Africa) mix used for 0.63 TWh,2022.0,F1nocap,,
wso,FRO,no fossil; regional (Europe) mix used for 0.08 TWh,2022.0,F1nocap,,
wso,GUM,no fossil; regional (Oceania) mix used for 0.14 TWh,2022.0,F1nocap,,
wso,ISL,no fossil; regional (Europe) mix used for 4.27 TWh,2022.0,F1nocap,,
wso,NPL,no fossil; regional (Asia) mix used for 0.11 TWh,2022.0,F1nocap,,
wso,PSE,no fossil; regional (Middle East) mix used for 0.34 TWh,2022.0,F1nocap,,
wso,EUROPE_POOL,,2022.0,F1marg,13.479889183592068,0.0
wso,AFG,,2022.0,F1marg,0.020769230769230766,0.0
wso,ATG,,2022.0,F1marg,0.0,0.02
wso,AZE,,2022.0,F1marg,0.00043239318046379955,0.0
wso,BLR,,2022.0,F1marg,0.02297055057618438,0.0
wso,BRA,,2022.0,F1marg,17.434501252173533,0.0
wso,BRB,,2022.0,F1marg,0.009481388595906878,0.0
wso,CHL,,2022.0,F1marg,4.619754393284856,0.0
wso,CIV,,2022.0,F1marg,0.019956331877729258,0.0
wso,CMR,,2022.0,F1marg,0.0,0.019999999999999667
wso,COD,no fossil; regional (Africa) mix used for 2.11 TWh,2022.0,F1marg,,
wso,COD,,2022.0,F1marg,0.2678520710817734,1.6895199999999997
wso,CRI,no fossil; regional (Latin America and Caribbean) mix used for 1.58 TWh,2022.0,F1marg,,
wso,CRI,,2022.0,F1marg,1.3151077148733643,0.0
wso,DOM,,2022.0,F1marg,0.7374228023622291,0.0
wso,EGY,,2022.0,F1marg,0.43710742504316885,0.0
wso,ETH,no fossil; regional (Africa) mix used for 0.63 TWh,2022.0,F1marg,,
wso,ETH,,2022.0,F1marg,0.48002862785853895,0.10440000000000016
wso,FRO,no fossil; regional (Europe) mix used for 0.08 TWh,2022.0,F1marg,,
wso,FRO,,2022.0,F1marg,0.07735509414219616,0.0
wso,GTM,,2022.0,F1marg,0.0035820244846495224,0.0
wso,GUF,,2022.0,F1marg,0.05,0.0
wso,GUM,no fossil; regional (Oceania) mix used for 0.14 TWh,2022.0,F1marg,,
wso,GUM,,2022.0,F1marg,0.13483523356830224,0.0
wso,GUY,,2022.0,F1marg,8e-05,0.0
wso,HND,,2022.0,F1marg,0.0,1.5907468492986594
wso,IRN,,2022.0,F1marg,0.15254119285216985,0.0
wso,ISL,no fossil; regional (Europe) mix used for 4.27 TWh,2022.0,F1marg,,
wso,ISL,,2022.0,F1marg,0.5421081498397187,3.58672
wso,ISR,,2022.0,F1marg,0.042247838616714696,0.0
wso,JPN,,2022.0,F1marg,22.00689805547497,0.0
wso,KAZ,,2022.0,F1marg,0.057436102236421725,0.0
wso,KEN,,2022.0,F1marg,0.0,5.29616
wso,LKA,,2022.0,F1marg,0.5942671776867421,0.0
wso,MAR,,2022.0,F1marg,4.79527064935065,0.0
wso,MDA,,2022.0,F1marg,0.0074896265560165974,0.0
wso,MMR,,2022.0,F1marg,0.026530909090909088,0.0
wso,MNG,,2022.0,F1marg,0.0,0.7
wso,MOZ,,2022.0,F1marg,0.0028526645768025085,0.0
wso,NER,,2022.0,F1marg,0.005061026542803956,0.0
wso,NIC,,2022.0,F1marg,0.0,0.3023013080009991
wso,NPL,no fossil; regional (Asia) mix used for 0.11 TWh,2022.0,F1marg,,
wso,NPL,,2022.0,F1marg,0.10852715529254248,0.0
wso,NZL,,2022.0,F1marg,0.0835756390579473,0.0
wso,OMN,,2022.0,F1marg,0.053661826702680035,0.0
wso,PER,,2022.0,F1marg,0.017564341663558372,0.0
wso,PRI,,2022.0,F1marg,0.2593689354388478,0.0
wso,PRK,,2022.0,F1marg,0.008724489795918366,0.0
wso,PSE,no fossil; regional (Middle East) mix used for 0.34 TWh,2022.0,F1marg,,
wso,PSE,,2022.0,F1marg,0.0,0.33999999999999997
wso,RUS,,2022.0,F1marg,0.13016975329548994,0.0
wso,RWA,,2022.0,F1marg,0.007091243036298635,0.0
wso,SAU,,2022.0,F1marg,0.7885145771522447,0.0
wso,SEN,,2022.0,F1marg,0.8829042826558767,0.0
wso,SGP,,2022.0,F1marg,0.007023525353658301,0.0
wso,SOM,,2022.0,F1marg,0.0,0.016932087049186015
wso,SUR,,2022.0,F1marg,0.00017094017094017097,0.0
wso,SWZ,,2022.0,F1marg,0.03,0.0
wso,SYR,,2022.0,F1marg,0.05989583333333334,0.0
wso,TGO,,2022.0,F1marg,0.09878877801264048,0.0
wso,THA,,2022.0,F1marg,0.09134636908288894,0.0
wso,TTO,,2022.0,F1marg,2.9429692569687156e-05,0.0
wso,TUN,,2022.0,F1marg,0.0014879850500661646,0.0
wso,UKR,,2022.0,F1marg,0.05368540578552195,0.0
wso,URY,,2022.0,F1marg,5.28,0.0
wso,UZB,,2022.0,F1marg,0.007710642670192092,0.0
wso,EUROPE_POOL,,2023.0,F1,33.56407276260497,0.0
wso,AFG,,2023.0,F1,0.020769230769230766,0.0
wso,ATG,,2023.0,F1,0.0,0.02
wso,AUS,,2023.0,F1,19.137060937127423,0.0
wso,AZE,,2023.0,F1,0.0004793656549485779,0.0
wso,BLR,,2023.0,F1,0.02461109173351936,0.0
wso,BRA,,2023.0,F1,15.944527247279773,10.246301147945516
wso,BRB,,2023.0,F1,0.010307765978479743,0.0
wso,CAN,,2023.0,F1,2.3732802969329594,0.0
wso,COD,no fossil; regional (Africa) mix used for 2.20 TWh,2023.0,F1,,
wso,COD,,2023.0,F1,0.25208974137640494,1.7795200000000002
wso,DOM,,2023.0,F1,1.0001212623058036,0.0
wso,EGY,,2023.0,F1,0.8808257208471548,0.0
wso,ETH,no fossil; regional (Africa) mix used for 0.63 TWh,2023.0,F1,,
wso,ETH,,2023.0,F1,0.4773791532123341,0.1044000000000001
wso,FRO,no fossil; regional (Europe) mix used for 0.08 TWh,2023.0,F1,,
wso,FRO,,2023.0,F1,0.07733788649035538,0.0
wso,GUF,,2023.0,F1,0.06,0.0
wso,GUM,no fossil; regional (Oceania) mix used for 0.14 TWh,2023.0,F1,,
wso,GUM,,2023.0,F1,0.13431060113770368,0.0
wso,GUY,,2023.0,F1,0.00014925373134328358,0.0
wso,HND,,2023.0,F1,0.0,1.9595530968562944
wso,IRN,,2023.0,F1,0.14891145016398116,0.0
wso,IRQ,,2023.0,F1,0.17924328097731237,0.0
wso,ISL,no fossil; regional (Europe) mix used for 4.05 TWh,2023.0,F1,,
wso,ISL,,2023.0,F1,0.2331505035742411,3.6820799999999996
wso,ISR,,2023.0,F1,0.06176550563303928,0.0
wso,KAZ,,2023.0,F1,1.9310198728941794,0.0
wso,KEN,,2023.0,F1,0.0,5.93408
wso,LKA,,2023.0,F1,0.32593645235287605,0.0
wso,MAR,,2023.0,F1,4.260816975297805,0.0
wso,MDA,,2023.0,F1,0.002624851891530471,0.0
wso,MMR,,2023.0,F1,0.001186998492219592,0.0
wso,MNG,,2023.0,F1,0.0,0.7
wso,MOZ,,2023.0,F1,0.0028575054015772725,0.0
wso,NIC,,2023.0,F1,0.0,0.4045020619054518
wso,NPL,no fossil; regional (Asia) mix used for 0.11 TWh,2023.0,F1,,
wso,NPL,,2023.0,F1,0.1087052012465355,0.0
wso,NZL,,2023.0,F1,0.01727245221551815,0.0
wso,OMN,,2023.0,F1,0.058998488189530955,0.0
wso,PAN,,2023.0,F1,0.033611151324473676,0.0
wso,PER,,2023.0,F1,0.003989917176809507,0.0
wso,PRI,,2023.0,F1,0.2561724302773832,0.0
wso,PRK,,2023.0,F1,0.011133400200601804,0.0
wso,PSE,no fossil; regional (Middle East) mix used for 0.34 TWh,2023.0,F1,,
wso,PSE,,2023.0,F1,0.07860993715017744,0.0
wso,REU,,2023.0,F1,0.21676691729323308,0.0
wso,RUS,,2023.0,F1,0.1407786956116897,0.0
wso,RWA,,2023.0,F1,0.02142857142857143,0.0
wso,SAU,,2023.0,F1,1.7681238075047698,0.0
wso,SEN,,2023.0,F1,0.9430141981240289,0.0
wso,SGP,,2023.0,F1,0.009908840730636899,0.0
wso,SOM,,2023.0,F1,0.0,0.012282660548716393
wso,SUR,,2023.0,F1,0.0002469135802469136,0.0
wso,SWZ,,2023.0,F1,0.03,0.0
wso,SYR,,2023.0,F1,0.04635459817729909,0.0
wso,TGO,,2023.0,F1,0.10878,0.0
wso,THA,,2023.0,F1,0.044816031752055584,0.0
wso,TTO,,2023.0,F1,2.956581641845351e-05,0.0
wso,TUN,,2023.0,F1,0.001888381361991648,0.0
wso,TUR,,2023.0,F1,10.457135631173195,0.0
wso,URY,,2023.0,F1,5.25,0.0
wso,UZB,,2023.0,F1,0.016999747532118373,0.0
wso,BGR,,2023.0,F1nat,0.07354001441961067,0.0
wso,BIH,,2023.0,F1nat,0.0036293583175608926,0.0
wso,CHE,,2023.0,F1nat,2.7895110779455328,0.0
wso,DNK,,2023.0,F1nat,1.5234968385645462,0.6593324995469978
wso,HRV,,2023.0,F1nat,2.230057581573897,0.0
wso,LTU,,2023.0,F1nat,0.4086469888686034,0.0
wso,LUX,,2023.0,F1nat,0.052559999999999996,0.66744
wso,MNE,,2023.0,F1nat,0.0,0.22999999999999998
wso,NOR,,2023.0,F1nat,0.08927474598407237,12.123027267490732
wso,POL,,2023.0,F1nat,0.5636474466393951,0.0
wso,SRB,,2023.0,F1nat,0.0030648944487881168,0.0
wso,SVK,,2023.0,F1nat,0.04998642940916581,0.0
wso,SVN,,2023.0,F1nat,0.0027123287671232876,0.0
wso,SWE,,2023.0,F1nat,0.0,14.228521750640462
wso,AFG,,2023.0,F1nat,0.020769230769230766,0.0
wso,ATG,,2023.0,F1nat,0.0,0.02
wso,AUS,,2023.0,F1nat,19.137060937127423,0.0
wso,AZE,,2023.0,F1nat,0.0004793656549485779,0.0
wso,BLR,,2023.0,F1nat,0.02461109173351936,0.0
wso,BRA,,2023.0,F1nat,15.944527247279773,10.246301147945516
wso,BRB,,2023.0,F1nat,0.010307765978479743,0.0
wso,CAN,,2023.0,F1nat,2.3732802969329594,0.0
wso,COD,no fossil; regional (Africa) mix used for 2.20 TWh,2023.0,F1nat,,
wso,COD,,2023.0,F1nat,0.25208974137640494,1.7795200000000002
wso,DOM,,2023.0,F1nat,1.0001212623058036,0.0
wso,EGY,,2023.0,F1nat,0.8808257208471548,0.0
wso,ETH,no fossil; regional (Africa) mix used for 0.63 TWh,2023.0,F1nat,,
wso,ETH,,2023.0,F1nat,0.4773791532123341,0.1044000000000001
wso,FRO,no fossil; regional (Europe) mix used for 0.08 TWh,2023.0,F1nat,,
wso,FRO,,2023.0,F1nat,0.07733788649035538,0.0
wso,GUF,,2023.0,F1nat,0.06,0.0
wso,GUM,no fossil; regional (Oceania) mix used for 0.14 TWh,2023.0,F1nat,,
wso,GUM,,2023.0,F1nat,0.13431060113770368,0.0
wso,GUY,,2023.0,F1nat,0.00014925373134328358,0.0
wso,HND,,2023.0,F1nat,0.0,1.9595530968562944
wso,IRN,,2023.0,F1nat,0.14891145016398116,0.0
wso,IRQ,,2023.0,F1nat,0.17924328097731237,0.0
wso,ISL,no fossil; regional (Europe) mix used for 4.05 TWh,2023.0,F1nat,,
wso,ISL,,2023.0,F1nat,0.2331505035742411,3.6820799999999996
wso,ISR,,2023.0,F1nat,0.06176550563303928,0.0
wso,KAZ,,2023.0,F1nat,1.9310198728941794,0.0
wso,KEN,,2023.0,F1nat,0.0,5.93408
wso,LKA,,2023.0,F1nat,0.32593645235287605,0.0
wso,MAR,,2023.0,F1nat,4.260816975297805,0.0
wso,MDA,,2023.0,F1nat,0.002624851891530471,0.0
wso,MMR,,2023.0,F1nat,0.001186998492219592,0.0
wso,MNG,,2023.0,F1nat,0.0,0.7
wso,MOZ,,2023.0,F1nat,0.0028575054015772725,0.0
wso,NIC,,2023.0,F1nat,0.0,0.4045020619054518
wso,NPL,no fossil; regional (Asia) mix used for 0.11 TWh,2023.0,F1nat,,
wso,NPL,,2023.0,F1nat,0.1087052012465355,0.0
wso,NZL,,2023.0,F1nat,0.01727245221551815,0.0
wso,OMN,,2023.0,F1nat,0.058998488189530955,0.0
wso,PAN,,2023.0,F1nat,0.033611151324473676,0.0
wso,PER,,2023.0,F1nat,0.003989917176809507,0.0
wso,PRI,,2023.0,F1nat,0.2561724302773832,0.0
wso,PRK,,2023.0,F1nat,0.011133400200601804,0.0
wso,PSE,no fossil; regional (Middle East) mix used for 0.34 TWh,2023.0,F1nat,,
wso,PSE,,2023.0,F1nat,0.07860993715017744,0.0
wso,REU,,2023.0,F1nat,0.21676691729323308,0.0
wso,RUS,,2023.0,F1nat,0.1407786956116897,0.0
wso,RWA,,2023.0,F1nat,0.02142857142857143,0.0
wso,SAU,,2023.0,F1nat,1.7681238075047698,0.0
wso,SEN,,2023.0,F1nat,0.9430141981240289,0.0
wso,SGP,,2023.0,F1nat,0.009908840730636899,0.0
wso,SOM,,2023.0,F1nat,0.0,0.012282660548716393
wso,SUR,,2023.0,F1nat,0.0002469135802469136,0.0
wso,SWZ,,2023.0,F1nat,0.03,0.0
wso,SYR,,2023.0,F1nat,0.04635459817729909,0.0
wso,TGO,,2023.0,F1nat,0.10878,0.0
wso,THA,,2023.0,F1nat,0.044816031752055584,0.0
wso,TTO,,2023.0,F1nat,2.956581641845351e-05,0.0
wso,TUN,,2023.0,F1nat,0.001888381361991648,0.0
wso,TUR,,2023.0,F1nat,10.457135631173195,0.0
wso,URY,,2023.0,F1nat,5.25,0.0
wso,UZB,,2023.0,F1nat,0.016999747532118373,0.0
wso,COD,no fossil; regional (Africa) mix used for 2.20 TWh,2023.0,F1nocap,,
wso,ETH,no fossil; regional (Africa) mix used for 0.63 TWh,2023.0,F1nocap,,
wso,FRO,no fossil; regional (Europe) mix used for 0.08 TWh,2023.0,F1nocap,,
wso,GUM,no fossil; regional (Oceania) mix used for 0.14 TWh,2023.0,F1nocap,,
wso,ISL,no fossil; regional (Europe) mix used for 4.05 TWh,2023.0,F1nocap,,
wso,NPL,no fossil; regional (Asia) mix used for 0.11 TWh,2023.0,F1nocap,,
wso,PSE,no fossil; regional (Middle East) mix used for 0.34 TWh,2023.0,F1nocap,,
wso,EUROPE_POOL,,2023.0,F1marg,28.598628744900715,0.0
wso,AFG,,2023.0,F1marg,0.020769230769230766,0.0
wso,ATG,,2023.0,F1marg,0.0,0.02
wso,AUS,,2023.0,F1marg,13.609504021495255,0.0
wso,AZE,,2023.0,F1marg,0.0004793656549485779,0.0
wso,BLR,,2023.0,F1marg,0.02461109173351936,0.0
wso,BRA,,2023.0,F1marg,15.944527247279773,10.246301147945516
wso,BRB,,2023.0,F1marg,0.010307765978479743,0.0
wso,COD,no fossil; regional (Africa) mix used for 2.20 TWh,2023.0,F1marg,,
wso,COD,,2023.0,F1marg,0.25208974137640494,1.7795200000000002
wso,DOM,,2023.0,F1marg,1.0001212623058036,0.0
wso,EGY,,2023.0,F1marg,0.8808257208471548,0.0
wso,ETH,no fossil; regional (Africa) mix used for 0.63 TWh,2023.0,F1marg,,
wso,ETH,,2023.0,F1marg,0.4773791532123341,0.1044000000000001
wso,FRO,no fossil; regional (Europe) mix used for 0.08 TWh,2023.0,F1marg,,
wso,FRO,,2023.0,F1marg,0.07733788649035538,0.0
wso,GUF,,2023.0,F1marg,0.06,0.0
wso,GUM,no fossil; regional (Oceania) mix used for 0.14 TWh,2023.0,F1marg,,
wso,GUM,,2023.0,F1marg,0.13431060113770368,0.0
wso,GUY,,2023.0,F1marg,0.00014925373134328358,0.0
wso,HND,,2023.0,F1marg,0.0,1.9595530968562944
wso,IRN,,2023.0,F1marg,0.14891145016398116,0.0
wso,IRQ,,2023.0,F1marg,0.17924328097731237,0.0
wso,ISL,no fossil; regional (Europe) mix used for 4.05 TWh,2023.0,F1marg,,
wso,ISL,,2023.0,F1marg,0.2331505035742411,3.6820799999999996
wso,ISR,,2023.0,F1marg,0.06176550563303928,0.0
wso,KAZ,,2023.0,F1marg,1.9310198728941794,0.0
wso,KEN,,2023.0,F1marg,0.0,5.93408
wso,LKA,,2023.0,F1marg,0.32593645235287605,0.0
wso,MAR,,2023.0,F1marg,4.260816975297805,0.0
wso,MDA,,2023.0,F1marg,0.002624851891530471,0.0
wso,MMR,,2023.0,F1marg,0.001186998492219592,0.0
wso,MNG,,2023.0,F1marg,0.0,0.7
wso,MOZ,,2023.0,F1marg,0.0028575054015772725,0.0
wso,NIC,,2023.0,F1marg,0.0,0.4045020619054518
wso,NPL,no fossil; regional (Asia) mix used for 0.11 TWh,2023.0,F1marg,,
wso,NPL,,2023.0,F1marg,0.1087052012465355,0.0
wso,NZL,,2023.0,F1marg,0.017284018029384125,0.0
wso,OMN,,2023.0,F1marg,0.058998488189530955,0.0
wso,PAN,,2023.0,F1marg,0.033611151324473676,0.0
wso,PER,,2023.0,F1marg,0.003989917176809507,0.0
wso,PRI,,2023.0,F1marg,0.2561724302773832,0.0
wso,PRK,,2023.0,F1marg,0.011133400200601804,0.0
wso,PSE,no fossil; regional (Middle East) mix used for 0.34 TWh,2023.0,F1marg,,
wso,PSE,,2023.0,F1marg,0.07860993715017744,0.0
wso,REU,,2023.0,F1marg,0.21676691729323308,0.0
wso,RUS,,2023.0,F1marg,0.1407786956116897,0.0
wso,RWA,,2023.0,F1marg,0.02142857142857143,0.0
wso,SAU,,2023.0,F1marg,1.7681238075047698,0.0
wso,SEN,,2023.0,F1marg,0.9430141981240289,0.0
wso,SGP,,2023.0,F1marg,0.009908840730636899,0.0
wso,SOM,,2023.0,F1marg,0.0,0.012282660548716393
wso,SUR,,2023.0,F1marg,0.0002469135802469136,0.0
wso,SWZ,,2023.0,F1marg,0.03,0.0
wso,SYR,,2023.0,F1marg,0.04635459817729909,0.0
wso,TGO,,2023.0,F1marg,0.10878,0.0
wso,THA,,2023.0,F1marg,0.044816031752055584,0.0
wso,TTO,,2023.0,F1marg,2.956581641845351e-05,0.0
wso,TUN,,2023.0,F1marg,0.001888381361991648,0.0
wso,URY,,2023.0,F1marg,5.25,0.0
wso,UZB,,2023.0,F1marg,0.016999747532118373,0.0
wso,EUROPE_POOL,,2024.0,F1,37.84884931097517,0.0
wso,AFG,,2024.0,F1,0.025384615384615384,0.0
wso,ATG,,2024.0,F1,0.0,0.03
wso,AUS,,2024.0,F1,24.84503234567945,0.0
wso,AZE,,2024.0,F1,0.0004843304843304843,0.0
wso,BLR,,2024.0,F1,0.027548746518105852,0.0
wso,BOL,,2024.0,F1,0.009468846584546504,0.0
wso,BRA,,2024.0,F1,17.536555759987102,55.5750211479455
wso,BRB,,2024.0,F1,0.011453073309421939,0.0
wso,CAN,,2024.0,F1,9.781920316382198,0.0
wso,CHL,,2024.0,F1,2.582772429378526,0.0
wso,COD,no fossil; regional (Africa) mix used for 2.51 TWh,2024.0,F1,,
wso,COD,,2024.0,F1,2.0267527197298394,0.3024800000000001
wso,COG,,2024.0,F1,0.009328703703703704,0.0
wso,COL,,2024.0,F1,1.0975095721124006,0.0
wso,DOM,,2024.0,F1,0.8548953551692351,0.0
wso,EGY,,2024.0,F1,0.9895688060338692,0.0
wso,ETH,no fossil; regional (Africa) mix used for 0.77 TWh,2024.0,F1,,
wso,ETH,,2024.0,F1,0.47014549569401454,0.24440000000000017
wso,GTM,,2024.0,F1,0.04628005790782663,0.0
wso,GUM,no fossil; regional (Oceania) mix used for 0.16 TWh,2024.0,F1,,
wso,GUM,,2024.0,F1,0.1537314420238237,0.0
wso,GUY,,2024.0,F1,0.00014925373134328358,0.0
wso,HND,,2024.0,F1,1.34028,0.819273096856294
wso,IND,,2024.0,F1,35.75515646205389,0.0
wso,IRN,,2024.0,F1,0.15478701107814585,0.0
wso,IRQ,,2024.0,F1,0.19850644942294635,0.0
wso,ISL,no fossil; regional (Europe) mix used for 3.93 TWh,2024.0,F1,,
wso,ISL,,2024.0,F1,0.23664212395193238,3.5620800000000004
wso,ISR,,2024.0,F1,0.0633189033189033,0.0
wso,KAZ,,2024.0,F1,2.459504378980892,0.0
wso,KEN,,2024.0,F1,0.0,5.96408
wso,KHM,,2024.0,F1,0.2302231391238343,0.0
wso,LKA,,2024.0,F1,0.9573599999999988,0.0
wso,MAR,,2024.0,F1,4.333694849338052,0.7746889076648582
wso,MDA,,2024.0,F1,0.003038898236269857,0.0
wso,MMR,,2024.0,F1,0.0012720848056537103,0.0
wso,MNG,,2024.0,F1,0.0,0.13079999999999914
wso,MOZ,,2024.0,F1,0.0032557114576195734,0.0
wso,MUS,,2024.0,F1,0.09691523942741126,0.0
wso,NCL,,2024.0,F1,0.16900525175021502,0.0
wso,NIC,,2024.0,F1,0.0,0.4045020619054518
wso,NPL,no fossil; regional (Asia) mix used for 0.13 TWh,2024.0,F1,,
wso,NPL,,2024.0,F1,0.12866579459347324,0.0
wso,NRU,no fossil; regional (Oceania) mix used for 0.01 TWh,2024.0,F1,,
wso,NRU,,2024.0,F1,0.00960821512648898,0.0
wso,NZL,,2024.0,F1,1.5777859356778952,0.0
wso,OMN,,2024.0,F1,0.059317870383641925,0.0
wso,PRI,,2024.0,F1,0.2862476740378558,0.0
wso,PRK,,2024.0,F1,0.011983887210473313,0.0
wso,PSE,no fossil; regional (Middle East) mix used for 0.39 TWh,2024.0,F1,,
wso,PSE,,2024.0,F1,0.08556370557669779,0.0
wso,RUS,,2024.0,F1,0.1331404083950745,0.0
wso,SAU,,2024.0,F1,3.4624540263477357,0.0
wso,SEN,,2024.0,F1,0.0054995911165274265,0.0
wso,SGP,,2024.0,F1,0.013041863688590088,0.0
wso,SOM,,2024.0,F1,0.0,0.022282660548716388
wso,SUR,,2024.0,F1,0.00024390243902439022,0.0
wso,SWZ,,2024.0,F1,0.03,0.0
wso,SYR,,2024.0,F1,0.04583333333333334,0.0
wso,TGO,,2024.0,F1,0.10877999999999999,0.0
wso,THA,,2024.0,F1,0.014518274380554412,0.0
wso,TTO,,2024.0,F1,2.9472725856669565e-05,0.0
wso,TUN,,2024.0,F1,0.0021305689440061725,0.0
wso,TUR,,2024.0,F1,21.385166316970434,0.0
wso,URY,,2024.0,F1,5.50208,0.0
wso,UZB,,2024.0,F1,0.08243667128683135,0.0
wso,BGR,,2024.0,F1nat,0.16338155515370706,0.0
wso,BIH,,2024.0,F1nat,0.003979514605137653,0.0
wso,CHE,,2024.0,F1nat,3.664363308775756,0.0
wso,DNK,,2024.0,F1nat,2.5435465226595433,6.4979724995469965
wso,ESP,,2024.0,F1nat,1.3872837773114295,0.0
wso,EST,,2024.0,F1nat,0.18005660649819522,0.0
wso,FIN,,2024.0,F1nat,3.10269320338889,0.0
wso,FRA,,2024.0,F1nat,2.486112320739318,0.0
wso,GBR,,2024.0,F1nat,2.032990965437117,0.0
wso,HRV,,2024.0,F1nat,2.7937192118226606,0.0
wso,LTU,,2024.0,F1nat,0.437308958695042,0.0
wso,LUX,,2024.0,F1nat,0.052559999999999996,0.6974400000000001
wso,MNE,,2024.0,F1nat,0.0,0.11823999999999993
wso,NOR,,2024.0,F1nat,0.07762615891839175,12.894927267490731
wso,POL,,2024.0,F1nat,0.7043932457690734,0.0
wso,PRT,,2024.0,F1nat,1.025982472805769,0.0
wso,SRB,,2024.0,F1nat,0.007299880525686977,0.0
wso,SVK,,2024.0,F1nat,0.05817495400521486,0.0
wso,SVN,,2024.0,F1nat,0.0064,0.0
wso,SWE,,2024.0,F1nat,0.0,15.436681750640467
wso,AFG,,2024.0,F1nat,0.025384615384615384,0.0
wso,ATG,,2024.0,F1nat,0.0,0.03
wso,AUS,,2024.0,F1nat,24.84503234567945,0.0
wso,AZE,,2024.0,F1nat,0.0004843304843304843,0.0
wso,BLR,,2024.0,F1nat,0.027548746518105852,0.0
wso,BOL,,2024.0,F1nat,0.009468846584546504,0.0
wso,BRA,,2024.0,F1nat,17.536555759987102,55.5750211479455
wso,BRB,,2024.0,F1nat,0.011453073309421939,0.0
wso,CAN,,2024.0,F1nat,9.781920316382198,0.0
wso,CHL,,2024.0,F1nat,2.582772429378526,0.0
wso,COD,no fossil; regional (Africa) mix used for 2.51 TWh,2024.0,F1nat,,
wso,COD,,2024.0,F1nat,2.0267527197298394,0.3024800000000001
wso,COG,,2024.0,F1nat,0.009328703703703704,0.0
wso,COL,,2024.0,F1nat,1.0975095721124006,0.0
wso,DOM,,2024.0,F1nat,0.8548953551692351,0.0
wso,EGY,,2024.0,F1nat,0.9895688060338692,0.0
wso,ETH,no fossil; regional (Africa) mix used for 0.77 TWh,2024.0,F1nat,,
wso,ETH,,2024.0,F1nat,0.47014549569401454,0.24440000000000017
wso,GTM,,2024.0,F1nat,0.04628005790782663,0.0
wso,GUM,no fossil; regional (Oceania) mix used for 0.16 TWh,2024.0,F1nat,,
wso,GUM,,2024.0,F1nat,0.1537314420238237,0.0
wso,GUY,,2024.0,F1nat,0.00014925373134328358,0.0
wso,HND,,2024.0,F1nat,1.34028,0.819273096856294
wso,IND,,2024.0,F1nat,35.75515646205389,0.0
wso,IRN,,2024.0,F1nat,0.15478701107814585,0.0
wso,IRQ,,2024.0,F1nat,0.19850644942294635,0.0
wso,ISL,no fossil; regional (Europe) mix used for 3.93 TWh,2024.0,F1nat,,
wso,ISL,,2024.0,F1nat,0.23664212395193238,3.5620800000000004
wso,ISR,,2024.0,F1nat,0.0633189033189033,0.0
wso,KAZ,,2024.0,F1nat,2.459504378980892,0.0
wso,KEN,,2024.0,F1nat,0.0,5.96408
wso,KHM,,2024.0,F1nat,0.2302231391238343,0.0
wso,LKA,,2024.0,F1nat,0.9573599999999988,0.0
wso,MAR,,2024.0,F1nat,4.333694849338052,0.7746889076648582
wso,MDA,,2024.0,F1nat,0.003038898236269857,0.0
wso,MMR,,2024.0,F1nat,0.0012720848056537103,0.0
wso,MNG,,2024.0,F1nat,0.0,0.13079999999999914
wso,MOZ,,2024.0,F1nat,0.0032557114576195734,0.0
wso,MUS,,2024.0,F1nat,0.09691523942741126,0.0
wso,NCL,,2024.0,F1nat,0.16900525175021502,0.0
wso,NIC,,2024.0,F1nat,0.0,0.4045020619054518
wso,NPL,no fossil; regional (Asia) mix used for 0.13 TWh,2024.0,F1nat,,
wso,NPL,,2024.0,F1nat,0.12866579459347324,0.0
wso,NRU,no fossil; regional (Oceania) mix used for 0.01 TWh,2024.0,F1nat,,
wso,NRU,,2024.0,F1nat,0.00960821512648898,0.0
wso,NZL,,2024.0,F1nat,1.5777859356778952,0.0
wso,OMN,,2024.0,F1nat,0.059317870383641925,0.0
wso,PRI,,2024.0,F1nat,0.2862476740378558,0.0
wso,PRK,,2024.0,F1nat,0.011983887210473313,0.0
wso,PSE,no fossil; regional (Middle East) mix used for 0.39 TWh,2024.0,F1nat,,
wso,PSE,,2024.0,F1nat,0.08556370557669779,0.0
wso,RUS,,2024.0,F1nat,0.1331404083950745,0.0
wso,SAU,,2024.0,F1nat,3.4624540263477357,0.0
wso,SEN,,2024.0,F1nat,0.0054995911165274265,0.0
wso,SGP,,2024.0,F1nat,0.013041863688590088,0.0
wso,SOM,,2024.0,F1nat,0.0,0.022282660548716388
wso,SUR,,2024.0,F1nat,0.00024390243902439022,0.0
wso,SWZ,,2024.0,F1nat,0.03,0.0
wso,SYR,,2024.0,F1nat,0.04583333333333334,0.0
wso,TGO,,2024.0,F1nat,0.10877999999999999,0.0
wso,THA,,2024.0,F1nat,0.014518274380554412,0.0
wso,TTO,,2024.0,F1nat,2.9472725856669565e-05,0.0
wso,TUN,,2024.0,F1nat,0.0021305689440061725,0.0
wso,TUR,,2024.0,F1nat,21.385166316970434,0.0
wso,URY,,2024.0,F1nat,5.50208,0.0
wso,UZB,,2024.0,F1nat,0.08243667128683135,0.0
wso,COD,no fossil; regional (Africa) mix used for 2.51 TWh,2024.0,F1nocap,,
wso,ETH,no fossil; regional (Africa) mix used for 0.77 TWh,2024.0,F1nocap,,
wso,GUM,no fossil; regional (Oceania) mix used for 0.16 TWh,2024.0,F1nocap,,
wso,ISL,no fossil; regional (Europe) mix used for 3.93 TWh,2024.0,F1nocap,,
wso,NPL,no fossil; regional (Asia) mix used for 0.13 TWh,2024.0,F1nocap,,
wso,NRU,no fossil; regional (Oceania) mix used for 0.01 TWh,2024.0,F1nocap,,
wso,PSE,no fossil; regional (Middle East) mix used for 0.39 TWh,2024.0,F1nocap,,
wso,EUROPE_POOL,,2024.0,F1marg,33.164277801554384,0.0
wso,AFG,,2024.0,F1marg,0.025384615384615384,0.0
wso,ATG,,2024.0,F1marg,0.0,0.03
wso,AUS,,2024.0,F1marg,18.803278123253513,0.0
wso,AZE,,2024.0,F1marg,0.0004843304843304843,0.0
wso,BLR,,2024.0,F1marg,0.027548746518105852,0.0
wso,BOL,,2024.0,F1marg,0.009468846584546504,0.0
wso,BRA,,2024.0,F1marg,17.536555759987102,55.5750211479455
wso,BRB,,2024.0,F1marg,0.011453073309421939,0.0
wso,CAN,,2024.0,F1marg,6.270848309781415,0.0
wso,CHL,,2024.0,F1marg,2.582772429378526,0.0
wso,COD,no fossil; regional (Africa) mix used for 2.51 TWh,2024.0,F1marg,,
wso,COD,,2024.0,F1marg,2.0267527197298394,0.3024800000000001
wso,COG,,2024.0,F1marg,0.009328703703703704,0.0
wso,COL,,2024.0,F1marg,1.0975095721124006,0.0
wso,DOM,,2024.0,F1marg,0.8548953551692351,0.0
wso,EGY,,2024.0,F1marg,0.9895688060338692,0.0
wso,ETH,no fossil; regional (Africa) mix used for 0.77 TWh,2024.0,F1marg,,
wso,ETH,,2024.0,F1marg,0.47014549569401454,0.24440000000000017
wso,GTM,,2024.0,F1marg,0.04628005790782663,0.0
wso,GUM,no fossil; regional (Oceania) mix used for 0.16 TWh,2024.0,F1marg,,
wso,GUM,,2024.0,F1marg,0.1537314420238237,0.0
wso,GUY,,2024.0,F1marg,0.00014925373134328358,0.0
wso,HND,,2024.0,F1marg,1.34028,0.819273096856294
wso,IND,,2024.0,F1marg,35.75515646205389,0.0
wso,IRN,,2024.0,F1marg,0.15478701107814585,0.0
wso,IRQ,,2024.0,F1marg,0.19850644942294635,0.0
wso,ISL,no fossil; regional (Europe) mix used for 3.93 TWh,2024.0,F1marg,,
wso,ISL,,2024.0,F1marg,0.23664212395193238,3.5620800000000004
wso,ISR,,2024.0,F1marg,0.0633189033189033,0.0
wso,KAZ,,2024.0,F1marg,2.459504378980892,0.0
wso,KEN,,2024.0,F1marg,0.0,5.96408
wso,KHM,,2024.0,F1marg,0.2302231391238343,0.0
wso,LKA,,2024.0,F1marg,0.9573599999999988,0.0
wso,MAR,,2024.0,F1marg,4.333694849338052,0.7746889076648582
wso,MDA,,2024.0,F1marg,0.003038898236269857,0.0
wso,MMR,,2024.0,F1marg,0.0012720848056537103,0.0
wso,MNG,,2024.0,F1marg,0.0,0.13079999999999914
wso,MOZ,,2024.0,F1marg,0.0032557114576195734,0.0
wso,MUS,,2024.0,F1marg,0.09691523942741126,0.0
wso,NCL,,2024.0,F1marg,0.16900525175021502,0.0
wso,NIC,,2024.0,F1marg,0.0,0.4045020619054518
wso,NPL,no fossil; regional (Asia) mix used for 0.13 TWh,2024.0,F1marg,,
wso,NPL,,2024.0,F1marg,0.12866579459347324,0.0
wso,NRU,no fossil; regional (Oceania) mix used for 0.01 TWh,2024.0,F1marg,,
wso,NRU,,2024.0,F1marg,0.00960821512648898,0.0
wso,NZL,,2024.0,F1marg,1.586187348999901,0.0
wso,OMN,,2024.0,F1marg,0.059317870383641925,0.0
wso,PRI,,2024.0,F1marg,0.2862476740378558,0.0
wso,PRK,,2024.0,F1marg,0.011983887210473313,0.0
wso,PSE,no fossil; regional (Middle East) mix used for 0.39 TWh,2024.0,F1marg,,
wso,PSE,,2024.0,F1marg,0.08556370557669779,0.0
wso,RUS,,2024.0,F1marg,0.1331404083950745,0.0
wso,SAU,,2024.0,F1marg,3.4624540263477357,0.0
wso,SEN,,2024.0,F1marg,0.0054995911165274265,0.0
wso,SGP,,2024.0,F1marg,0.013041863688590088,0.0
wso,SOM,,2024.0,F1marg,0.0,0.022282660548716388
wso,SUR,,2024.0,F1marg,0.00024390243902439022,0.0
wso,SWZ,,2024.0,F1marg,0.03,0.0
wso,SYR,,2024.0,F1marg,0.04583333333333334,0.0
wso,TGO,,2024.0,F1marg,0.10877999999999999,0.0
wso,THA,,2024.0,F1marg,0.014518274380554412,0.0
wso,TTO,,2024.0,F1marg,2.9472725856669565e-05,0.0
wso,TUN,,2024.0,F1marg,0.0021305689440061725,0.0
wso,TUR,,2024.0,F1marg,9.152777675909078,0.0
wso,URY,,2024.0,F1marg,5.50208,0.0
wso,UZB,,2024.0,F1marg,0.08243667128683135,0.0
wso,EUROPE_POOL,,2025.0,F1,44.272813007962846,0.0
wso,AFG,,2025.0,F1,0.025384615384615384,0.0
wso,ATG,,2025.0,F1,0.0,0.03
wso,AUS,,2025.0,F1,30.214825899663566,0.0
wso,AZE,,2025.0,F1,0.0003160011804019,0.0
wso,BLR,,2025.0,F1,0.027570120216017173,0.0
wso,BOL,,2025.0,F1,0.0053742365097589305,0.0
wso,BRA,,2025.0,F1,16.758010402037186,77.24654114794552
wso,BRB,,2025.0,F1,0.011453073309421939,0.0
wso,CAN,,2025.0,F1,10.542962813036672,0.0
wso,CHL,,2025.0,F1,11.825281935483877,0.0
wso,COD,no fossil; regional (Africa) mix used for 2.51 TWh,2025.0,F1,,
wso,COD,,2025.0,F1,2.0243653977663665,0.3024800000000001
wso,COG,,2025.0,F1,0.009328703703703704,0.0
wso,CRI,no fossil; regional (Latin America and Caribbean) mix used for 1.82 TWh,2025.0,F1,,
wso,CRI,,2025.0,F1,1.5508155085150346,0.0
wso,DOM,,2025.0,F1,0.5611322685185178,0.0
wso,EGY,,2025.0,F1,1.381456915603812,0.0
wso,ETH,no fossil; regional (Africa) mix used for 1.17 TWh,2025.0,F1,,
wso,ETH,,2025.0,F1,0.4402251455723701,0.6444000000000003
wso,GTM,,2025.0,F1,0.04628005790782663,0.0
wso,GUM,no fossil; regional (Oceania) mix used for 0.16 TWh,2025.0,F1,,
wso,GUM,,2025.0,F1,0.15344957437659715,0.0
wso,GUY,,2025.0,F1,0.00014925373134328358,0.0
wso,HND,,2025.0,F1,1.34028,0.819273096856294
wso,IND,,2025.0,F1,1.4197752749233246,0.0
wso,IRN,,2025.0,F1,0.10494185734955254,0.0
wso,IRQ,,2025.0,F1,0.19850644942294635,0.0
wso,ISL,no fossil; regional (Europe) mix used for 3.93 TWh,2025.0,F1,,
wso,ISL,,2025.0,F1,0.24523431942125856,3.56208
wso,JPN,,2025.0,F1,0.18823686647911586,0.0
wso,KAZ,,2025.0,F1,2.589685317633655,0.0
wso,KEN,,2025.0,F1,0.0,6.804080000000001
wso,KHM,,2025.0,F1,1.6450398024825532,0.0
wso,LKA,,2025.0,F1,1.5373599999999996,0.0
wso,MAR,,2025.0,F1,3.8835814522732335,2.3846889076648585
wso,MDA,,2025.0,F1,0.01245381156076986,0.0
wso,MMR,,2025.0,F1,0.0012720848056537103,0.0
wso,MOZ,,2025.0,F1,0.0032557114576195734,0.0
wso,MUS,,2025.0,F1,0.09691523942741126,0.0
wso,NCL,,2025.0,F1,0.16900525175021502,0.0
wso,NIC,,2025.0,F1,0.0,0.4045020619054518
wso,NPL,no fossil; regional (Asia) mix used for 0.13 TWh,2025.0,F1,,
wso,NPL,,2025.0,F1,0.12866949247207635,0.0
wso,NRU,no fossil; regional (Oceania) mix used for 0.01 TWh,2025.0,F1,,
wso,NRU,,2025.0,F1,0.009590598398537322,0.0
wso,NZL,,2025.0,F1,2.5275344917555227,0.0
wso,OMN,,2025.0,F1,0.054851894077571,0.0
wso,PER,,2025.0,F1,0.0017933545744196631,0.0
wso,PRI,,2025.0,F1,0.2787356741643899,0.0
wso,PRK,,2025.0,F1,0.011983887210473313,0.0
wso,PSE,no fossil; regional (Middle East) mix used for 0.39 TWh,2025.0,F1,,
wso,PSE,,2025.0,F1,0.08038112238146103,0.0
wso,RUS,,2025.0,F1,0.12203569007768916,0.0
wso,SAU,,2025.0,F1,3.4624540263477357,0.0
wso,SEN,,2025.0,F1,0.0054995911165274265,0.0
wso,SGP,,2025.0,F1,0.016745808336150015,0.0
wso,SOM,,2025.0,F1,0.0,0.022282660548716388
wso,SUR,,2025.0,F1,0.00024390243902439022,0.0
wso,SWZ,,2025.0,F1,0.03,0.0
wso,SYR,,2025.0,F1,0.04583333333333334,0.0
wso,TGO,,2025.0,F1,0.10877999999999999,0.0
wso,THA,,2025.0,F1,0.011937086092715234,0.0
wso,TTO,,2025.0,F1,2.9472725856669565e-05,0.0
wso,TUN,,2025.0,F1,0.001940877085525866,0.0
wso,TUR,,2025.0,F1,26.954460888032607,0.0
wso,TWN,,2025.0,F1,0.3167577602332816,0.0
wso,URY,,2025.0,F1,5.35208,0.0
wso,UZB,,2025.0,F1,0.1767013632777976,0.0
wso,BGR,,2025.0,F1nat,0.20073170731707318,0.0
wso,BIH,,2025.0,F1nat,0.005676122327517987,0.0
wso,CHE,,2025.0,F1nat,5.496814726054664,0.0
wso,DNK,,2025.0,F1nat,4.413540279635277,4.627972499547
wso,ESP,,2025.0,F1nat,0.1302568698773019,0.0
wso,EST,,2025.0,F1nat,0.6825528455284546,0.0
wso,FIN,,2025.0,F1nat,5.158553129519886,1.281724250895099
wso,FRA,,2025.0,F1nat,4.206338064880125,0.0
wso,GBR,,2025.0,F1nat,0.36686609726026986,0.0
wso,HRV,,2025.0,F1nat,3.4954727793696274,0.0
wso,IRL,,2025.0,F1nat,0.09072988147223954,0.0
wso,LTU,,2025.0,F1nat,0.30347885779501904,0.0
wso,LUX,,2025.0,F1nat,0.052559999999999996,0.8174399999999999
wso,MKD,,2025.0,F1nat,0.2637854231862079,0.0
wso,NOR,,2025.0,F1nat,0.0,11.40492726749073
wso,POL,,2025.0,F1nat,0.7186576382095755,0.0
wso,PRT,,2025.0,F1nat,0.3381394074335933,0.0
wso,SRB,,2025.0,F1nat,0.006773706082357386,0.0
wso,SVK,,2025.0,F1nat,0.05697449754197384,0.0
wso,SWE,,2025.0,F1nat,0.0,15.943721750640462
wso,AFG,,2025.0,F1nat,0.025384615384615384,0.0
wso,ATG,,2025.0,F1nat,0.0,0.03
wso,AUS,,2025.0,F1nat,30.214825899663566,0.0
wso,AZE,,2025.0,F1nat,0.0003160011804019,0.0
wso,BLR,,2025.0,F1nat,0.027570120216017173,0.0
wso,BOL,,2025.0,F1nat,0.0053742365097589305,0.0
wso,BRA,,2025.0,F1nat,16.758010402037186,77.24654114794552
wso,BRB,,2025.0,F1nat,0.011453073309421939,0.0
wso,CAN,,2025.0,F1nat,10.542962813036672,0.0
wso,CHL,,2025.0,F1nat,11.825281935483877,0.0
wso,COD,no fossil; regional (Africa) mix used for 2.51 TWh,2025.0,F1nat,,
wso,COD,,2025.0,F1nat,2.0243653977663665,0.3024800000000001
wso,COG,,2025.0,F1nat,0.009328703703703704,0.0
wso,CRI,no fossil; regional (Latin America and Caribbean) mix used for 1.82 TWh,2025.0,F1nat,,
wso,CRI,,2025.0,F1nat,1.5508155085150346,0.0
wso,DOM,,2025.0,F1nat,0.5611322685185178,0.0
wso,EGY,,2025.0,F1nat,1.381456915603812,0.0
wso,ETH,no fossil; regional (Africa) mix used for 1.17 TWh,2025.0,F1nat,,
wso,ETH,,2025.0,F1nat,0.4402251455723701,0.6444000000000003
wso,GTM,,2025.0,F1nat,0.04628005790782663,0.0
wso,GUM,no fossil; regional (Oceania) mix used for 0.16 TWh,2025.0,F1nat,,
wso,GUM,,2025.0,F1nat,0.15344957437659715,0.0
wso,GUY,,2025.0,F1nat,0.00014925373134328358,0.0
wso,HND,,2025.0,F1nat,1.34028,0.819273096856294
wso,IND,,2025.0,F1nat,1.4197752749233246,0.0
wso,IRN,,2025.0,F1nat,0.10494185734955254,0.0
wso,IRQ,,2025.0,F1nat,0.19850644942294635,0.0
wso,ISL,no fossil; regional (Europe) mix used for 3.93 TWh,2025.0,F1nat,,
wso,ISL,,2025.0,F1nat,0.24523431942125856,3.56208
wso,JPN,,2025.0,F1nat,0.18823686647911586,0.0
wso,KAZ,,2025.0,F1nat,2.589685317633655,0.0
wso,KEN,,2025.0,F1nat,0.0,6.804080000000001
wso,KHM,,2025.0,F1nat,1.6450398024825532,0.0
wso,LKA,,2025.0,F1nat,1.5373599999999996,0.0
wso,MAR,,2025.0,F1nat,3.8835814522732335,2.3846889076648585
wso,MDA,,2025.0,F1nat,0.01245381156076986,0.0
wso,MMR,,2025.0,F1nat,0.0012720848056537103,0.0
wso,MOZ,,2025.0,F1nat,0.0032557114576195734,0.0
wso,MUS,,2025.0,F1nat,0.09691523942741126,0.0
wso,NCL,,2025.0,F1nat,0.16900525175021502,0.0
wso,NIC,,2025.0,F1nat,0.0,0.4045020619054518
wso,NPL,no fossil; regional (Asia) mix used for 0.13 TWh,2025.0,F1nat,,
wso,NPL,,2025.0,F1nat,0.12866949247207635,0.0
wso,NRU,no fossil; regional (Oceania) mix used for 0.01 TWh,2025.0,F1nat,,
wso,NRU,,2025.0,F1nat,0.009590598398537322,0.0
wso,NZL,,2025.0,F1nat,2.5275344917555227,0.0
wso,OMN,,2025.0,F1nat,0.054851894077571,0.0
wso,PER,,2025.0,F1nat,0.0017933545744196631,0.0
wso,PRI,,2025.0,F1nat,0.2787356741643899,0.0
wso,PRK,,2025.0,F1nat,0.011983887210473313,0.0
wso,PSE,no fossil; regional (Middle East) mix used for 0.39 TWh,2025.0,F1nat,,
wso,PSE,,2025.0,F1nat,0.08038112238146103,0.0
wso,RUS,,2025.0,F1nat,0.12203569007768916,0.0
wso,SAU,,2025.0,F1nat,3.4624540263477357,0.0
wso,SEN,,2025.0,F1nat,0.0054995911165274265,0.0
wso,SGP,,2025.0,F1nat,0.016745808336150015,0.0
wso,SOM,,2025.0,F1nat,0.0,0.022282660548716388
wso,SUR,,2025.0,F1nat,0.00024390243902439022,0.0
wso,SWZ,,2025.0,F1nat,0.03,0.0
wso,SYR,,2025.0,F1nat,0.04583333333333334,0.0
wso,TGO,,2025.0,F1nat,0.10877999999999999,0.0
wso,THA,,2025.0,F1nat,0.011937086092715234,0.0
wso,TTO,,2025.0,F1nat,2.9472725856669565e-05,0.0
wso,TUN,,2025.0,F1nat,0.001940877085525866,0.0
wso,TUR,,2025.0,F1nat,26.954460888032607,0.0
wso,TWN,,2025.0,F1nat,0.3167577602332816,0.0
wso,URY,,2025.0,F1nat,5.35208,0.0
wso,UZB,,2025.0,F1nat,0.1767013632777976,0.0
wso,COD,no fossil; regional (Africa) mix used for 2.51 TWh,2025.0,F1nocap,,
wso,CRI,no fossil; regional (Latin America and Caribbean) mix used for 1.82 TWh,2025.0,F1nocap,,
wso,ETH,no fossil; regional (Africa) mix used for 1.17 TWh,2025.0,F1nocap,,
wso,GUM,no fossil; regional (Oceania) mix used for 0.16 TWh,2025.0,F1nocap,,
wso,ISL,no fossil; regional (Europe) mix used for 3.93 TWh,2025.0,F1nocap,,
wso,NPL,no fossil; regional (Asia) mix used for 0.13 TWh,2025.0,F1nocap,,
wso,NRU,no fossil; regional (Oceania) mix used for 0.01 TWh,2025.0,F1nocap,,
wso,PSE,no fossil; regional (Middle East) mix used for 0.39 TWh,2025.0,F1nocap,,
wso,EUROPE_POOL,,2025.0,F1marg,34.60764324557735,0.0
wso,AFG,,2025.0,F1marg,0.025384615384615384,0.0
wso,ATG,,2025.0,F1marg,0.0,0.03
wso,AUS,,2025.0,F1marg,23.225839055221698,0.0
wso,AZE,,2025.0,F1marg,0.0003160011804019,0.0
wso,BLR,,2025.0,F1marg,0.027570120216017173,0.0
wso,BOL,,2025.0,F1marg,0.0053742365097589305,0.0
wso,BRA,,2025.0,F1marg,16.758010402037186,77.24654114794552
wso,BRB,,2025.0,F1marg,0.011453073309421939,0.0
wso,CAN,,2025.0,F1marg,6.748639380209492,0.0
wso,CHL,,2025.0,F1marg,11.825281935483877,0.0
wso,COD,no fossil; regional (Africa) mix used for 2.51 TWh,2025.0,F1marg,,
wso,COD,,2025.0,F1marg,2.0243653977663665,0.3024800000000001
wso,COG,,2025.0,F1marg,0.009328703703703704,0.0
wso,CRI,no fossil; regional (Latin America and Caribbean) mix used for 1.82 TWh,2025.0,F1marg,,
wso,CRI,,2025.0,F1marg,1.5508155085150346,0.0
wso,DOM,,2025.0,F1marg,0.5611322685185178,0.0
wso,EGY,,2025.0,F1marg,1.381456915603812,0.0
wso,ETH,no fossil; regional (Africa) mix used for 1.17 TWh,2025.0,F1marg,,
wso,ETH,,2025.0,F1marg,0.4402251455723701,0.6444000000000003
wso,GTM,,2025.0,F1marg,0.04628005790782663,0.0
wso,GUM,no fossil; regional (Oceania) mix used for 0.16 TWh,2025.0,F1marg,,
wso,GUM,,2025.0,F1marg,0.15344957437659715,0.0
wso,GUY,,2025.0,F1marg,0.00014925373134328358,0.0
wso,HND,,2025.0,F1marg,1.34028,0.819273096856294
wso,IND,,2025.0,F1marg,1.4197752749233246,0.0
wso,IRN,,2025.0,F1marg,0.10494185734955254,0.0
wso,IRQ,,2025.0,F1marg,0.19850644942294635,0.0
wso,ISL,no fossil; regional (Europe) mix used for 3.93 TWh,2025.0,F1marg,,
wso,ISL,,2025.0,F1marg,0.24523431942125856,3.56208
wso,JPN,,2025.0,F1marg,0.18823686647911586,0.0
wso,KAZ,,2025.0,F1marg,2.589685317633655,0.0
wso,KEN,,2025.0,F1marg,0.0,6.804080000000001
wso,KHM,,2025.0,F1marg,1.6450398024825532,0.0
wso,LKA,,2025.0,F1marg,1.5373599999999996,0.0
wso,MAR,,2025.0,F1marg,3.8835814522732335,2.3846889076648585
wso,MDA,,2025.0,F1marg,0.01245381156076986,0.0
wso,MMR,,2025.0,F1marg,0.0012720848056537103,0.0
wso,MOZ,,2025.0,F1marg,0.0032557114576195734,0.0
wso,MUS,,2025.0,F1marg,0.09691523942741126,0.0
wso,NCL,,2025.0,F1marg,0.16900525175021502,0.0
wso,NIC,,2025.0,F1marg,0.0,0.4045020619054518
wso,NPL,no fossil; regional (Asia) mix used for 0.13 TWh,2025.0,F1marg,,
wso,NPL,,2025.0,F1marg,0.12866949247207635,0.0
wso,NRU,no fossil; regional (Oceania) mix used for 0.01 TWh,2025.0,F1marg,,
wso,NRU,,2025.0,F1marg,0.009590598398537322,0.0
wso,NZL,,2025.0,F1marg,2.5326856040457666,0.0
wso,OMN,,2025.0,F1marg,0.054851894077571,0.0
wso,PER,,2025.0,F1marg,0.0017933545744196631,0.0
wso,PRI,,2025.0,F1marg,0.2787356741643899,0.0
wso,PRK,,2025.0,F1marg,0.011983887210473313,0.0
wso,PSE,no fossil; regional (Middle East) mix used for 0.39 TWh,2025.0,F1marg,,
wso,PSE,,2025.0,F1marg,0.08038112238146103,0.0
wso,RUS,,2025.0,F1marg,0.12203569007768916,0.0
wso,SAU,,2025.0,F1marg,3.4624540263477357,0.0
wso,SEN,,2025.0,F1marg,0.0054995911165274265,0.0
wso,SGP,,2025.0,F1marg,0.016745808336150015,0.0
wso,SOM,,2025.0,F1marg,0.0,0.022282660548716388
wso,SUR,,2025.0,F1marg,0.00024390243902439022,0.0
wso,SWZ,,2025.0,F1marg,0.03,0.0
wso,SYR,,2025.0,F1marg,0.04583333333333334,0.0
wso,TGO,,2025.0,F1marg,0.10877999999999999,0.0
wso,THA,,2025.0,F1marg,0.011937086092715234,0.0
wso,TTO,,2025.0,F1marg,2.9472725856669565e-05,0.0
wso,TUN,,2025.0,F1marg,0.001940877085525866,0.0
wso,TUR,,2025.0,F1marg,11.907825787883972,0.0
wso,TWN,,2025.0,F1marg,0.3167577602332816,0.0
wso,URY,,2025.0,F1marg,5.35208,0.0
wso,UZB,,2025.0,F1marg,0.1767013632777976,0.0
ws,ARG,negative gap set to 0 in 5 yrs (min -0.04 TWh),,,,
ws,COL,negative gap set to 0 in 4 yrs (min -0.05 TWh),,,,
ws,CPV,negative gap set to 0 in 1 yrs (min -0.01 TWh),,,,
ws,DNK,negative gap set to 0 in 1 yrs (min -0.51 TWh),,,,
ws,FIN,negative gap set to 0 in 1 yrs (min -0.01 TWh),,,,
ws,MAR,negative gap set to 0 in 1 yrs (min -0.03 TWh),,,,
ws,RUS,negative gap set to 0 in 2 yrs (min -0.01 TWh),,,,
ws,EUROPE_POOL,,2006.0,F1,1.3941172818131335,0.0
ws,BGD,,2006.0,F1,0.009902676399026764,0.0
ws,BRA,,2006.0,F1,0.03977823692457774,0.0
ws,CHN,,2006.0,F1,0.028389956686518676,0.0
ws,EGY,,2006.0,F1,0.015477765340388722,0.0
ws,IND,,2006.0,F1,2.8172959081503235,0.0
ws,IRN,,2006.0,F1,0.015731941631662836,0.0
ws,JPN,,2006.0,F1,0.2724476679576908,0.0
ws,KOR,,2006.0,F1,0.07999160872692399,0.0
ws,NCL,,2006.0,F1,0.0016311058457153188,0.0
ws,NZL,,2006.0,F1,0.0066331376782007324,0.0
ws,THA,,2006.0,F1,0.03226495218006651,0.0
ws,TUR,,2006.0,F1,0.002277384276328993,0.0
ws,TWN,,2006.0,F1,0.12860764917680284,0.0
ws,BEL,,2006.0,F1nat,0.0061093110719793306,0.0
ws,BGR,,2006.0,F1nat,0.0004053370659779429,0.0
ws,CZE,,2006.0,F1nat,0.00040613809400051143,0.0
ws,ESP,,2006.0,F1nat,0.22860174324971966,0.0
ws,GRC,,2006.0,F1nat,0.0688535411746969,0.0
ws,HRV,,2006.0,F1nat,0.0032907348242811503,0.0
ws,ITA,,2006.0,F1nat,0.12538927976096576,0.0
ws,LTU,,2006.0,F1nat,0.0017725752508361203,0.0
ws,LUX,,2006.0,F1nat,0.0,0.009999999999999995
ws,NLD,,2006.0,F1nat,0.4691030420496027,0.0
ws,NOR,,2006.0,F1nat,0.009012468491325034,0.0
ws,POL,,2006.0,F1nat,0.0020021684140306708,0.0
ws,PRT,,2006.0,F1nat,0.7104505529972012,0.0
ws,BGD,,2006.0,F1nat,0.009902676399026764,0.0
ws,BRA,,2006.0,F1nat,0.03977823692457774,0.0
ws,CHN,,2006.0,F1nat,0.028389956686518676,0.0
ws,EGY,,2006.0,F1nat,0.015477765340388722,0.0
ws,IND,,2006.0,F1nat,2.8172959081503235,0.0
ws,IRN,,2006.0,F1nat,0.015731941631662836,0.0
ws,JPN,,2006.0,F1nat,0.2724476679576908,0.0
ws,KOR,,2006.0,F1nat,0.07999160872692399,0.0
ws,NCL,,2006.0,F1nat,0.0016311058457153188,0.0
ws,NZL,,2006.0,F1nat,0.0066331376782007324,0.0
ws,THA,,2006.0,F1nat,0.03226495218006651,0.0
ws,TUR,,2006.0,F1nat,0.002277384276328993,0.0
ws,TWN,,2006.0,F1nat,0.12860764917680284,0.0
ws,EUROPE_POOL,,2006.0,F1marg,1.3941172818131335,0.0
ws,BGD,,2006.0,F1marg,0.009902676399026764,0.0
ws,BRA,,2006.0,F1marg,0.03977823692457774,0.0
ws,CHN,,2006.0,F1marg,0.028389956686518676,0.0
ws,EGY,,2006.0,F1marg,0.015477765340388722,0.0
ws,IND,,2006.0,F1marg,2.8172959081503235,0.0
ws,IRN,,2006.0,F1marg,0.015731941631662836,0.0
ws,JPN,,2006.0,F1marg,0.2724476679576908,0.0
ws,KOR,,2006.0,F1marg,0.07999160872692399,0.0
ws,NCL,,2006.0,F1marg,0.0016311058457153188,0.0
ws,NZL,,2006.0,F1marg,0.0066331376782007324,0.0
ws,THA,,2006.0,F1marg,0.03226495218006651,0.0
ws,TUR,,2006.0,F1marg,0.002277384276328993,0.0
ws,TWN,,2006.0,F1marg,0.12860764917680284,0.0
ws,EUROPE_POOL,,2007.0,F1,2.8920806338020344,0.0
ws,BGD,,2007.0,F1,0.019510420112471057,0.0
ws,BRA,,2007.0,F1,0.15502413104618035,0.0
ws,EGY,,2007.0,F1,0.022532863402552873,0.0
ws,FRO,no fossil; regional (Europe) mix used for 0.01 TWh,2007.0,F1,,
ws,FRO,,2007.0,F1,0.009452531262483375,0.0
ws,IRN,,2007.0,F1,0.01750567506215545,0.0
ws,JPN,,2007.0,F1,0.6577736000900692,0.0
ws,KOR,,2007.0,F1,0.19055393690874428,0.0
ws,MAR,,2007.0,F1,0.012815265486725671,0.0
ws,NZL,,2007.0,F1,0.2549512534818942,0.0
ws,REU,,2007.0,F1,0.008064516129032258,0.0
ws,THA,,2007.0,F1,0.030650215729316477,0.0
ws,TUR,,2007.0,F1,0.19609648013647688,0.0
ws,TWN,,2007.0,F1,0.23638746608893688,0.0
ws,UGA,,2007.0,F1,0.0,0.01
ws,UKR,,2007.0,F1,8.043758043758043e-05,0.0
ws,BEL,,2007.0,F1nat,0.006355368787470628,0.0
ws,BGR,,2007.0,F1nat,0.0011660079051383399,0.0
ws,CZE,,2007.0,F1nat,0.0009928982272227028,0.0
ws,DNK,,2007.0,F1nat,0.13999793753214065,0.0
ws,FIN,,2007.0,F1nat,0.008029048752320939,0.0
ws,GRC,,2007.0,F1nat,0.08384642781642404,0.0
ws,HRV,,2007.0,F1nat,0.014076923076923072,0.0
ws,ITA,,2007.0,F1nat,0.2664574780411807,0.0
ws,LTU,,2007.0,F1nat,0.02176675991051806,0.0
ws,LUX,,2007.0,F1nat,0.0,0.009999999999999995
ws,NLD,,2007.0,F1nat,0.964888951244887,0.0
ws,NOR,,2007.0,F1nat,0.017041422660850878,0.0
ws,POL,,2007.0,F1nat,0.005661525728116634,0.0
ws,PRT,,2007.0,F1nat,0.32285353142209655,0.0
ws,BGD,,2007.0,F1nat,0.019510420112471057,0.0
ws,BRA,,2007.0,F1nat,0.15502413104618035,0.0
ws,EGY,,2007.0,F1nat,0.022532863402552873,0.0
ws,FRO,no fossil; regional (Europe) mix used for 0.01 TWh,2007.0,F1nat,,
ws,FRO,,2007.0,F1nat,0.009452531262483375,0.0
ws,IRN,,2007.0,F1nat,0.01750567506215545,0.0
ws,JPN,,2007.0,F1nat,0.6577736000900692,0.0
ws,KOR,,2007.0,F1nat,0.19055393690874428,0.0
ws,MAR,,2007.0,F1nat,0.012815265486725671,0.0
ws,NZL,,2007.0,F1nat,0.2549512534818942,0.0
ws,REU,,2007.0,F1nat,0.008064516129032258,0.0
ws,THA,,2007.0,F1nat,0.030650215729316477,0.0
ws,TUR,,2007.0,F1nat,0.19609648013647688,0.0
ws,TWN,,2007.0,F1nat,0.23638746608893688,0.0
ws,UGA,,2007.0,F1nat,0.0,0.01
ws,UKR,,2007.0,F1nat,8.043758043758043e-05,0.0
ws,FRO,no fossil; regional (Europe) mix used for 0.01 TWh,2007.0,F1nocap,,
ws,EUROPE_POOL,,2007.0,F1marg,2.8920806338020344,0.0
ws,BGD,,2007.0,F1marg,0.019510420112471057,0.0
ws,BRA,,2007.0,F1marg,0.15502413104618035,0.0
ws,EGY,,2007.0,F1marg,0.022532863402552873,0.0
ws,FRO,no fossil; regional (Europe) mix used for 0.01 TWh,2007.0,F1marg,,
ws,FRO,,2007.0,F1marg,0.009452531262483375,0.0
ws,IRN,,2007.0,F1marg,0.01750567506215545,0.0
ws,JPN,,2007.0,F1marg,0.6577736000900692,0.0
ws,KOR,,2007.0,F1marg,0.19055393690874428,0.0
ws,MAR,,2007.0,F1marg,0.012815265486725671,0.0
ws,NZL,,2007.0,F1marg,0.2549512534818942,0.0
ws,REU,,2007.0,F1marg,0.008064516129032258,0.0
ws,THA,,2007.0,F1marg,0.030650215729316477,0.0
ws,TUR,,2007.0,F1marg,0.19609648013647688,0.0
ws,TWN,,2007.0,F1marg,0.23638746608893688,0.0
ws,UGA,,2007.0,F1marg,0.0,0.01
ws,UKR,,2007.0,F1marg,8.043758043758043e-05,0.0
ws,EUROPE_POOL,,2008.0,F1,8.646745229341311,0.0
ws,BGD,,2008.0,F1,0.019338743612864442,0.0
ws,BRA,,2008.0,F1,0.23811507675305715,0.0
ws,CHL,,2008.0,F1,0.027705222163397453,0.0
ws,EGY,,2008.0,F1,0.06670391061452514,0.0
ws,IND,,2008.0,F1,3.316741227104937,0.0
ws,IRN,,2008.0,F1,0.03418155011716916,0.0
ws,JPN,,2008.0,F1,0.8795675581493553,0.0
ws,KOR,,2008.0,F1,0.38560983252672265,0.0
ws,MAR,,2008.0,F1,0.02235546038543897,0.0
ws,MTQ,,2008.0,F1,0.01,0.0
ws,NZL,,2008.0,F1,0.31512270971594436,0.0
ws,REU,,2008.0,F1,0.007914110429447853,0.0
ws,THA,,2008.0,F1,0.0002963832440760033,0.0
ws,TUR,,2008.0,F1,0.5109706026542294,0.0
ws,TWN,,2008.0,F1,0.32894736842103844,0.0
ws,UKR,,2008.0,F1,0.00010778706555213377,0.0
ws,ZAF,,2008.0,F1,3.6957118256561728e-06,0.0
ws,BGR,,2008.0,F1nat,0.0011632415664986429,0.0
ws,CZE,,2008.0,F1nat,0.0025819296472200043,0.0
ws,DNK,,2008.0,F1nat,0.08834109941090267,0.0
ws,FIN,,2008.0,F1nat,0.04693176274851243,0.0
ws,GBR,,2008.0,F1nat,1.3717625878728694,0.0
ws,GRC,,2008.0,F1nat,0.1531879747718772,0.0
ws,HRV,,2008.0,F1nat,0.021397694524495678,0.0
ws,ITA,,2008.0,F1nat,0.3861379549499555,0.0
ws,LTU,,2008.0,F1nat,0.02737790534500493,0.0
ws,LUX,,2008.0,F1nat,0.0,0.009999999999999995
ws,NLD,,2008.0,F1nat,1.5859524678147947,0.0
ws,NOR,,2008.0,F1nat,0.028114854802933572,0.0
ws,POL,,2008.0,F1nat,0.010651724327925488,0.0
ws,PRT,,2008.0,F1nat,0.494679065171018,0.0
ws,BGD,,2008.0,F1nat,0.019338743612864442,0.0
ws,BRA,,2008.0,F1nat,0.23811507675305715,0.0
ws,CHL,,2008.0,F1nat,0.027705222163397453,0.0
ws,EGY,,2008.0,F1nat,0.06670391061452514,0.0
ws,IND,,2008.0,F1nat,3.316741227104937,0.0
ws,IRN,,2008.0,F1nat,0.03418155011716916,0.0
ws,JPN,,2008.0,F1nat,0.8795675581493553,0.0
ws,KOR,,2008.0,F1nat,0.38560983252672265,0.0
ws,MAR,,2008.0,F1nat,0.02235546038543897,0.0
ws,MTQ,,2008.0,F1nat,0.01,0.0
ws,NZL,,2008.0,F1nat,0.31512270971594436,0.0
ws,REU,,2008.0,F1nat,0.007914110429447853,0.0
ws,THA,,2008.0,F1nat,0.0002963832440760033,0.0
ws,TUR,,2008.0,F1nat,0.5109706026542294,0.0
ws,TWN,,2008.0,F1nat,0.32894736842103844,0.0
ws,UKR,,2008.0,F1nat,0.00010778706555213377,0.0
ws,ZAF,,2008.0,F1nat,3.6957118256561728e-06,0.0
ws,EUROPE_POOL,,2008.0,F1marg,8.646745229341311,0.0
ws,BGD,,2008.0,F1marg,0.019338743612864442,0.0
ws,BRA,,2008.0,F1marg,0.23811507675305715,0.0
ws,CHL,,2008.0,F1marg,0.027705222163397453,0.0
ws,EGY,,2008.0,F1marg,0.06670391061452514,0.0
ws,IND,,2008.0,F1marg,3.316741227104937,0.0
ws,IRN,,2008.0,F1marg,0.03418155011716916,0.0
ws,JPN,,2008.0,F1marg,0.8795675581493553,0.0
ws,KOR,,2008.0,F1marg,0.38560983252672265,0.0
ws,MAR,,2008.0,F1marg,0.02235546038543897,0.0
ws,MTQ,,2008.0,F1marg,0.01,0.0
ws,NZL,,2008.0,F1marg,0.31512270971594436,0.0
ws,REU,,2008.0,F1marg,0.007914110429447853,0.0
ws,THA,,2008.0,F1marg,0.0002963832440760033,0.0
ws,TUR,,2008.0,F1marg,0.5109706026542294,0.0
ws,TWN,,2008.0,F1marg,0.32894736842103844,0.0
ws,UKR,,2008.0,F1marg,0.00010778706555213377,0.0
ws,ZAF,,2008.0,F1marg,3.6957118256561728e-06,0.0
ws,EUROPE_POOL,,2009.0,F1,5.571551119459296,0.0
ws,BGD,,2009.0,F1,0.029110446137105547,0.0
ws,BRA,,2009.0,F1,0.13345206397930992,0.0
ws,CHL,,2009.0,F1,0.0333519463966185,0.0
ws,EGY,,2009.0,F1,0.09192700485518165,0.0
ws,IND,,2009.0,F1,4.550785029098437,0.0
ws,IRN,,2009.0,F1,0.0414959714398736,0.0
ws,ISR,,2009.0,F1,0.013404099560761345,0.0
ws,JPN,,2009.0,F1,1.315707080663586,0.0
ws,KEN,,2009.0,F1,0.0,0.01
ws,KOR,,2009.0,F1,0.781445987576384,0.0
ws,MAR,,2009.0,F1,0.04336916122610605,0.0
ws,MTQ,,2009.0,F1,0.01,0.0
ws,NIC,,2009.0,F1,0.0,0.11
ws,NZL,,2009.0,F1,0.6499218737536825,0.0
ws,PAK,,2009.0,F1,0.005504199981046589,0.0
ws,REU,,2009.0,F1,0.028248587570621472,0.0
ws,THA,,2009.0,F1,0.00014344262295081967,0.0
ws,TUN,,2009.0,F1,0.001911616056525271,0.0
ws,TUR,,2009.0,F1,0.9281041746457296,0.0
ws,TWN,,2009.0,F1,0.48306345372708315,0.0
ws,UGA,,2009.0,F1,0.0,0.02
ws,URY,,2009.0,F1,0.03971014492753623,0.0
ws,VNM,,2009.0,F1,0.0003518481913421625,0.0
ws,ZAF,,2009.0,F1,8.517966764091128e-07,0.0
ws,BGR,,2009.0,F1nat,0.0031835686777920407,0.0
ws,CZE,,2009.0,F1nat,0.004344319537236652,0.0
ws,DNK,,2009.0,F1nat,0.03119159971165175,0.0
ws,GRC,,2009.0,F1nat,0.16896968480374697,0.0
ws,HRV,,2009.0,F1nat,0.015059625212947193,0.0
ws,ITA,,2009.0,F1nat,0.6374506725719002,0.0
ws,LTU,,2009.0,F1nat,0.03926111437257855,0.0
ws,LUX,,2009.0,F1nat,0.0,0.009999999999999995
ws,NLD,,2009.0,F1nat,1.8523862283585595,0.0
ws,NOR,,2009.0,F1nat,0.004248672169952145,0.0
ws,POL,,2009.0,F1nat,0.014078661375440334,0.0
ws,PRT,,2009.0,F1nat,2.1240526015297667,0.0
ws,BGD,,2009.0,F1nat,0.029110446137105547,0.0
ws,BRA,,2009.0,F1nat,0.13345206397930992,0.0
ws,CHL,,2009.0,F1nat,0.0333519463966185,0.0
ws,EGY,,2009.0,F1nat,0.09192700485518165,0.0
ws,IND,,2009.0,F1nat,4.550785029098437,0.0
ws,IRN,,2009.0,F1nat,0.0414959714398736,0.0
ws,ISR,,2009.0,F1nat,0.013404099560761345,0.0
ws,JPN,,2009.0,F1nat,1.315707080663586,0.0
ws,KEN,,2009.0,F1nat,0.0,0.01
ws,KOR,,2009.0,F1nat,0.781445987576384,0.0
ws,MAR,,2009.0,F1nat,0.04336916122610605,0.0
ws,MTQ,,2009.0,F1nat,0.01,0.0
ws,NIC,,2009.0,F1nat,0.0,0.11
ws,NZL,,2009.0,F1nat,0.6499218737536825,0.0
ws,PAK,,2009.0,F1nat,0.005504199981046589,0.0
ws,REU,,2009.0,F1nat,0.028248587570621472,0.0
ws,THA,,2009.0,F1nat,0.00014344262295081967,0.0
ws,TUN,,2009.0,F1nat,0.001911616056525271,0.0
ws,TUR,,2009.0,F1nat,0.9281041746457296,0.0
ws,TWN,,2009.0,F1nat,0.48306345372708315,0.0
ws,UGA,,2009.0,F1nat,0.0,0.02
ws,URY,,2009.0,F1nat,0.03971014492753623,0.0
ws,VNM,,2009.0,F1nat,0.0003518481913421625,0.0
ws,ZAF,,2009.0,F1nat,8.517966764091128e-07,0.0
ws,EUROPE_POOL,,2009.0,F1marg,5.571551119459296,0.0
ws,BGD,,2009.0,F1marg,0.029110446137105547,0.0
ws,BRA,,2009.0,F1marg,0.13345206397930992,0.0
ws,CHL,,2009.0,F1marg,0.0333519463966185,0.0
ws,EGY,,2009.0,F1marg,0.09192700485518165,0.0
ws,IND,,2009.0,F1marg,4.550785029098437,0.0
ws,IRN,,2009.0,F1marg,0.0414959714398736,0.0
ws,ISR,,2009.0,F1marg,0.013404099560761345,0.0
ws,JPN,,2009.0,F1marg,1.315707080663586,0.0
ws,KEN,,2009.0,F1marg,0.0,0.01
ws,KOR,,2009.0,F1marg,0.781445987576384,0.0
ws,MAR,,2009.0,F1marg,0.04336916122610605,0.0
ws,MTQ,,2009.0,F1marg,0.01,0.0
ws,NIC,,2009.0,F1marg,0.0,0.11
ws,NZL,,2009.0,F1marg,0.6499218737536825,0.0
ws,PAK,,2009.0,F1marg,0.005504199981046589,0.0
ws,REU,,2009.0,F1marg,0.028248587570621472,0.0
ws,THA,,2009.0,F1marg,0.00014344262295081967,0.0
ws,TUN,,2009.0,F1marg,0.001911616056525271,0.0
ws,TUR,,2009.0,F1marg,0.9281041746457296,0.0
ws,TWN,,2009.0,F1marg,0.48306345372708315,0.0
ws,UGA,,2009.0,F1marg,0.0,0.02
ws,URY,,2009.0,F1marg,0.03971014492753623,0.0
ws,VNM,,2009.0,F1marg,0.0003518481913421625,0.0
ws,ZAF,,2009.0,F1marg,8.517966764091128e-07,0.0
ws,EUROPE_POOL,,2010.0,F1,8.12455955130678,0.0
ws,BGD,,2010.0,F1,0.06865350986759931,0.0
ws,BRA,,2010.0,F1,0.3840616170361138,0.0
ws,EGY,,2010.0,F1,0.142603814211012,0.0
ws,IRN,,2010.0,F1,0.02281908990011099,0.0
ws,ISR,,2010.0,F1,0.00262589928057554,0.0
ws,JPN,,2010.0,F1,1.9514550320329522,0.0
ws,KOR,,2010.0,F1,0.9294315313728942,0.0
ws,LBY,,2010.0,F1,0.005287250384024579,0.0
ws,LKA,,2010.0,F1,0.05,0.0
ws,MAR,,2010.0,F1,0.12940456510174408,0.0
ws,MTQ,,2010.0,F1,0.02,0.0
ws,NIC,,2010.0,F1,0.0,0.16
ws,NPL,no fossil; regional (Asia) mix used for 0.01 TWh,2010.0,F1,,
ws,NPL,,2010.0,F1,0.009632008024171966,0.0
ws,NZL,,2010.0,F1,0.8826738331341858,0.0
ws,PAK,,2010.0,F1,0.011020238251780216,0.0
ws,REU,,2010.0,F1,0.07359550561797754,0.0
ws,THA,,2010.0,F1,0.00024193548387096771,0.0
ws,TUR,,2010.0,F1,0.041761224752347864,0.0
ws,TWN,,2010.0,F1,0.6062979581547769,0.0
ws,UGA,,2010.0,F1,0.0,0.02
ws,UKR,,2010.0,F1,9.503940658321745e-05,0.0
ws,URY,,2010.0,F1,0.0649962406913714,0.0
ws,VNM,,2010.0,F1,0.002004754358161648,0.0
ws,ZAF,,2010.0,F1,6.708738568898854e-05,0.0
ws,BGR,,2010.0,F1nat,0.009414125200642057,0.0
ws,CZE,,2010.0,F1nat,0.006829396248305288,0.0
ws,DNK,,2010.0,F1nat,0.3684894437899765,0.0
ws,FIN,,2010.0,F1nat,0.04898667255167733,0.0
ws,HRV,,2010.0,F1nat,0.11401952641165705,0.0
ws,ITA,,2010.0,F1nat,1.0675821372151422,0.0
ws,LTU,,2010.0,F1nat,0.034466557153977534,0.0
ws,LUX,,2010.0,F1nat,0.009999999999999995,0.0
ws,NLD,,2010.0,F1nat,1.4898672704790017,0.0
ws,NOR,,2010.0,F1nat,0.026736838448889265,0.0
ws,POL,,2010.0,F1nat,0.02349428559006929,0.0
ws,PRT,,2010.0,F1nat,0.736043439370696,0.0
ws,SVK,,2010.0,F1nat,0.0033717579250720463,0.0
ws,SVN,,2010.0,F1nat,1.7094017094017095e-05,0.0
ws,BGD,,2010.0,F1nat,0.06865350986759931,0.0
ws,BRA,,2010.0,F1nat,0.3840616170361138,0.0
ws,EGY,,2010.0,F1nat,0.142603814211012,0.0
ws,IRN,,2010.0,F1nat,0.02281908990011099,0.0
ws,ISR,,2010.0,F1nat,0.00262589928057554,0.0
ws,JPN,,2010.0,F1nat,1.9514550320329522,0.0
ws,KOR,,2010.0,F1nat,0.9294315313728942,0.0
ws,LBY,,2010.0,F1nat,0.005287250384024579,0.0
ws,LKA,,2010.0,F1nat,0.05,0.0
ws,MAR,,2010.0,F1nat,0.12940456510174408,0.0
ws,MTQ,,2010.0,F1nat,0.02,0.0
ws,NIC,,2010.0,F1nat,0.0,0.16
ws,NPL,no fossil; regional (Asia) mix used for 0.01 TWh,2010.0,F1nat,,
ws,NPL,,2010.0,F1nat,0.009632008024171966,0.0
ws,NZL,,2010.0,F1nat,0.8826738331341858,0.0
ws,PAK,,2010.0,F1nat,0.011020238251780216,0.0
ws,REU,,2010.0,F1nat,0.07359550561797754,0.0
ws,THA,,2010.0,F1nat,0.00024193548387096771,0.0
ws,TUR,,2010.0,F1nat,0.041761224752347864,0.0
ws,TWN,,2010.0,F1nat,0.6062979581547769,0.0
ws,UGA,,2010.0,F1nat,0.0,0.02
ws,UKR,,2010.0,F1nat,9.503940658321745e-05,0.0
ws,URY,,2010.0,F1nat,0.0649962406913714,0.0
ws,VNM,,2010.0,F1nat,0.002004754358161648,0.0
ws,ZAF,,2010.0,F1nat,6.708738568898854e-05,0.0
ws,NPL,no fossil; regional (Asia) mix used for 0.01 TWh,2010.0,F1nocap,,
ws,EUROPE_POOL,,2010.0,F1marg,9.631719270512798,0.0
ws,BGD,,2010.0,F1marg,0.06865350986759931,0.0
ws,BRA,,2010.0,F1marg,0.3840616170361138,0.0
ws,EGY,,2010.0,F1marg,0.142603814211012,0.0
ws,IRN,,2010.0,F1marg,0.02281908990011099,0.0
ws,ISR,,2010.0,F1marg,0.00262589928057554,0.0
ws,JPN,,2010.0,F1marg,1.9514550320329522,0.0
ws,KOR,,2010.0,F1marg,0.9294315313728942,0.0
ws,LBY,,2010.0,F1marg,0.005287250384024579,0.0
ws,LKA,,2010.0,F1marg,0.05,0.0
ws,MAR,,2010.0,F1marg,0.12940456510174408,0.0
ws,MTQ,,2010.0,F1marg,0.02,0.0
ws,NIC,,2010.0,F1marg,0.0,0.16
ws,NPL,no fossil; regional (Asia) mix used for 0.01 TWh,2010.0,F1marg,,
ws,NPL,,2010.0,F1marg,0.009632008024171966,0.0
ws,NZL,,2010.0,F1marg,0.8846601827435271,0.0
ws,PAK,,2010.0,F1marg,0.011020238251780216,0.0
ws,REU,,2010.0,F1marg,0.07359550561797754,0.0
ws,THA,,2010.0,F1marg,0.00024193548387096771,0.0
ws,TUR,,2010.0,F1marg,0.056163929424639165,0.0
ws,TWN,,2010.0,F1marg,0.6062979581547769,0.0
ws,UGA,,2010.0,F1marg,0.0,0.02
ws,UKR,,2010.0,F1marg,9.503940658321745e-05,0.0
ws,URY,,2010.0,F1marg,0.0649962406913714,0.0
ws,VNM,,2010.0,F1marg,0.002004754358161648,0.0
ws,ZAF,,2010.0,F1marg,6.708738568898854e-05,0.0
ws,EUROPE_POOL,,2011.0,F1,4.713395412538231,0.0
ws,BGD,,2011.0,F1,0.053034227567067535,0.0
ws,CHN,,2011.0,F1,0.4885154712027716,0.0
ws,DOM,,2011.0,F1,0.002719108236464707,0.0
ws,EGY,,2011.0,F1,0.1572500741619697,0.0
ws,GUF,,2011.0,F1,0.04,0.0
ws,HND,,2011.0,F1,0.0035263236964325293,0.0
ws,IRN,,2011.0,F1,0.04897430087778003,0.0
ws,ISR,,2011.0,F1,0.12672006745362566,0.0
ws,KEN,,2011.0,F1,0.0,0.022240000000000232
ws,KOR,,2011.0,F1,1.0367689023705202,0.0
ws,LBY,,2011.0,F1,0.004019230769230769,0.0
ws,LKA,,2011.0,F1,0.07440566219684373,0.0
ws,MAR,,2011.0,F1,0.14156990246168047,0.0
ws,MTQ,,2011.0,F1,0.04,0.0
ws,NIC,,2011.0,F1,0.0,0.21
ws,NPL,no fossil; regional (Asia) mix used for 0.01 TWh,2011.0,F1,,
ws,NPL,,2011.0,F1,0.009593551291239713,0.0
ws,NZL,,2011.0,F1,0.38089004016064365,0.0
ws,PAK,,2011.0,F1,0.02586785214211132,0.0
ws,REU,,2011.0,F1,0.10234375000000002,0.0
ws,SAU,,2011.0,F1,0.005539090838928764,0.0
ws,THA,,2011.0,F1,0.0008471337579617833,0.0
ws,TUN,,2011.0,F1,4.337050805452293e-05,0.0
ws,TWN,,2011.0,F1,0.9170658771280534,0.0
ws,UGA,,2011.0,F1,0.0,0.02
ws,UKR,,2011.0,F1,0.0004790931451181691,0.0
ws,URY,,2011.0,F1,0.10619671950867514,0.0
ws,BGR,,2011.0,F1nat,0.004838709677419354,0.0
ws,CZE,,2011.0,F1nat,0.01907752324756734,0.0
ws,DNK,,2011.0,F1nat,0.9084982790600026,0.0
ws,HRV,,2011.0,F1nat,0.16605042016806723,0.0
ws,ITA,,2011.0,F1nat,2.0161903110164427,0.0
ws,LTU,,2011.0,F1nat,0.03925813238826332,0.0
ws,LUX,,2011.0,F1nat,0.019999999999999993,0.0
ws,NOR,,2011.0,F1nat,0.008042982715007611,0.0
ws,POL,,2011.0,F1nat,0.036463202614578,0.0
ws,PRT,,2011.0,F1nat,0.42134687745868304,0.0
ws,SVK,,2011.0,F1nat,0.05461602973310722,0.0
ws,SVN,,2011.0,F1nat,0.00024054982817869422,0.0
ws,BGD,,2011.0,F1nat,0.053034227567067535,0.0
ws,CHN,,2011.0,F1nat,0.4885154712027716,0.0
ws,DOM,,2011.0,F1nat,0.002719108236464707,0.0
ws,EGY,,2011.0,F1nat,0.1572500741619697,0.0
ws,GUF,,2011.0,F1nat,0.04,0.0
ws,HND,,2011.0,F1nat,0.0035263236964325293,0.0
ws,IRN,,2011.0,F1nat,0.04897430087778003,0.0
ws,ISR,,2011.0,F1nat,0.12672006745362566,0.0
ws,KEN,,2011.0,F1nat,0.0,0.022240000000000232
ws,KOR,,2011.0,F1nat,1.0367689023705202,0.0
ws,LBY,,2011.0,F1nat,0.004019230769230769,0.0
ws,LKA,,2011.0,F1nat,0.07440566219684373,0.0
ws,MAR,,2011.0,F1nat,0.14156990246168047,0.0
ws,MTQ,,2011.0,F1nat,0.04,0.0
ws,NIC,,2011.0,F1nat,0.0,0.21
ws,NPL,no fossil; regional (Asia) mix used for 0.01 TWh,2011.0,F1nat,,
ws,NPL,,2011.0,F1nat,0.009593551291239713,0.0
ws,NZL,,2011.0,F1nat,0.38089004016064365,0.0
ws,PAK,,2011.0,F1nat,0.02586785214211132,0.0
ws,REU,,2011.0,F1nat,0.10234375000000002,0.0
ws,SAU,,2011.0,F1nat,0.005539090838928764,0.0
ws,THA,,2011.0,F1nat,0.0008471337579617833,0.0
ws,TUN,,2011.0,F1nat,4.337050805452293e-05,0.0
ws,TWN,,2011.0,F1nat,0.9170658771280534,0.0
ws,UGA,,2011.0,F1nat,0.0,0.02
ws,UKR,,2011.0,F1nat,0.0004790931451181691,0.0
ws,URY,,2011.0,F1nat,0.10619671950867514,0.0
ws,NPL,no fossil; regional (Asia) mix used for 0.01 TWh,2011.0,F1nocap,,
ws,EUROPE_POOL,,2011.0,F1marg,6.795928080020316,0.0
ws,BGD,,2011.0,F1marg,0.053034227567067535,0.0
ws,CHN,,2011.0,F1marg,0.4885154712027716,0.0
ws,DOM,,2011.0,F1marg,0.002719108236464707,0.0
ws,EGY,,2011.0,F1marg,0.1572500741619697,0.0
ws,GUF,,2011.0,F1marg,0.04,0.0
ws,HND,,2011.0,F1marg,0.0035263236964325293,0.0
ws,IRN,,2011.0,F1marg,0.04897430087778003,0.0
ws,ISR,,2011.0,F1marg,0.12672006745362566,0.0
ws,KEN,,2011.0,F1marg,0.0,0.022240000000000232
ws,KOR,,2011.0,F1marg,1.0367689023705202,0.0
ws,LBY,,2011.0,F1marg,0.004019230769230769,0.0
ws,LKA,,2011.0,F1marg,0.07440566219684373,0.0
ws,MAR,,2011.0,F1marg,0.14156990246168047,0.0
ws,MTQ,,2011.0,F1marg,0.04,0.0
ws,NIC,,2011.0,F1marg,0.0,0.21
ws,NPL,no fossil; regional (Asia) mix used for 0.01 TWh,2011.0,F1marg,,
ws,NPL,,2011.0,F1marg,0.009593551291239713,0.0
ws,NZL,,2011.0,F1marg,0.38360622577035297,0.0
ws,PAK,,2011.0,F1marg,0.02586785214211132,0.0
ws,REU,,2011.0,F1marg,0.10234375000000002,0.0
ws,SAU,,2011.0,F1marg,0.005539090838928764,0.0
ws,THA,,2011.0,F1marg,0.0008471337579617833,0.0
ws,TUN,,2011.0,F1marg,4.337050805452293e-05,0.0
ws,TWN,,2011.0,F1marg,0.9170658771280534,0.0
ws,UGA,,2011.0,F1marg,0.0,0.02
ws,UKR,,2011.0,F1marg,0.0004790931451181691,0.0
ws,URY,,2011.0,F1marg,0.10619671950867514,0.0
ws,EUROPE_POOL,,2012.0,F1,5.943570932724201,0.0
ws,AFG,,2012.0,F1,0.015,0.0
ws,BGD,,2012.0,F1,0.07692726891636972,0.0
ws,BLR,,2012.0,F1,0.0002647058823529412,0.0
ws,DOM,,2012.0,F1,0.014599522162924483,0.0
ws,EGY,,2012.0,F1,0.19243968371967293,0.0
ws,GUF,,2012.0,F1,0.05,0.0
ws,HND,,2012.0,F1,0.009979741940960475,0.0
ws,IRN,,2012.0,F1,0.06997910358650689,0.0
ws,ISR,,2012.0,F1,0.3074456174024312,0.0
ws,JPN,,2012.0,F1,3.146481567851291,0.0
ws,KOR,,2012.0,F1,1.139000831745833,0.0
ws,LBY,,2012.0,F1,0.003952742123687281,0.0
ws,LKA,,2012.0,F1,0.11279963333362747,0.0
ws,MAR,,2012.0,F1,0.13938928624832914,0.0
ws,MLT,,2012.0,F1,0.0,0.02
ws,MNG,,2012.0,F1,0.0005263157894736842,0.0
ws,MTQ,,2012.0,F1,0.08,0.0
ws,MYS,,2012.0,F1,0.0045563499589567616,0.0
ws,NIC,,2012.0,F1,0.0,0.33
ws,NZL,,2012.0,F1,0.8131944856022765,0.0
ws,PAK,,2012.0,F1,0.04220740991563459,0.0
ws,PER,,2012.0,F1,0.004328859060402684,0.0
ws,PRI,,2012.0,F1,0.007753522631741544,0.0
ws,REU,,2012.0,F1,0.15407608695652175,0.0
ws,SAU,,2012.0,F1,0.015991832386363636,0.0
ws,SDN,,2012.0,F1,0.01,0.0
ws,THA,,2012.0,F1,0.004553473697765759,0.0
ws,TWN,,2012.0,F1,0.9228634010354438,0.0
ws,UKR,,2012.0,F1,0.00577417555258888,0.0
ws,URY,,2012.0,F1,0.1097001295680846,0.0
ws,BGR,,2012.0,F1nat,0.0157294534014943,0.0
ws,CZE,,2012.0,F1nat,0.012488092089832486,0.0
ws,HRV,,2012.0,F1nat,0.15126177024482107,0.0
ws,ITA,,2012.0,F1nat,3.0951704686394335,0.0
ws,LTU,,2012.0,F1nat,0.07156626506024097,0.0
ws,LUX,,2012.0,F1nat,0.05,0.0
ws,NOR,,2012.0,F1nat,0.017397485119549094,0.0
ws,POL,,2012.0,F1nat,0.1107936310871306,0.0
ws,PRT,,2012.0,F1nat,3.837184161275413,0.0
ws,SVK,,2012.0,F1nat,0.05808431493389969,0.0
ws,SVN,,2012.0,F1nat,0.000562390158172232,0.0
ws,AFG,,2012.0,F1nat,0.015,0.0
ws,BGD,,2012.0,F1nat,0.07692726891636972,0.0
ws,BLR,,2012.0,F1nat,0.0002647058823529412,0.0
ws,DOM,,2012.0,F1nat,0.014599522162924483,0.0
ws,EGY,,2012.0,F1nat,0.19243968371967293,0.0
ws,GUF,,2012.0,F1nat,0.05,0.0
ws,HND,,2012.0,F1nat,0.009979741940960475,0.0
ws,IRN,,2012.0,F1nat,0.06997910358650689,0.0
ws,ISR,,2012.0,F1nat,0.3074456174024312,0.0
ws,JPN,,2012.0,F1nat,3.146481567851291,0.0
ws,KOR,,2012.0,F1nat,1.139000831745833,0.0
ws,LBY,,2012.0,F1nat,0.003952742123687281,0.0
ws,LKA,,2012.0,F1nat,0.11279963333362747,0.0
ws,MAR,,2012.0,F1nat,0.13938928624832914,0.0
ws,MLT,,2012.0,F1nat,0.0,0.02
ws,MNG,,2012.0,F1nat,0.0005263157894736842,0.0
ws,MTQ,,2012.0,F1nat,0.08,0.0
ws,MYS,,2012.0,F1nat,0.0045563499589567616,0.0
ws,NIC,,2012.0,F1nat,0.0,0.33
ws,NZL,,2012.0,F1nat,0.8131944856022765,0.0
ws,PAK,,2012.0,F1nat,0.04220740991563459,0.0
ws,PER,,2012.0,F1nat,0.004328859060402684,0.0
ws,PRI,,2012.0,F1nat,0.007753522631741544,0.0
ws,REU,,2012.0,F1nat,0.15407608695652175,0.0
ws,SAU,,2012.0,F1nat,0.015991832386363636,0.0
ws,SDN,,2012.0,F1nat,0.01,0.0
ws,THA,,2012.0,F1nat,0.004553473697765759,0.0
ws,TWN,,2012.0,F1nat,0.9228634010354438,0.0
ws,UKR,,2012.0,F1nat,0.00577417555258888,0.0
ws,URY,,2012.0,F1nat,0.1097001295680846,0.0
ws,EUROPE_POOL,,2012.0,F1marg,6.296524461066621,0.0
ws,AFG,,2012.0,F1marg,0.015,0.0
ws,BGD,,2012.0,F1marg,0.07692726891636972,0.0
ws,BLR,,2012.0,F1marg,0.0002647058823529412,0.0
ws,DOM,,2012.0,F1marg,0.014599522162924483,0.0
ws,EGY,,2012.0,F1marg,0.19243968371967293,0.0
ws,GUF,,2012.0,F1marg,0.05,0.0
ws,HND,,2012.0,F1marg,0.009979741940960475,0.0
ws,IRN,,2012.0,F1marg,0.06997910358650689,0.0
ws,ISR,,2012.0,F1marg,0.3074456174024312,0.0
ws,JPN,,2012.0,F1marg,3.146481567851291,0.0
ws,KOR,,2012.0,F1marg,1.139000831745833,0.0
ws,LBY,,2012.0,F1marg,0.003952742123687281,0.0
ws,LKA,,2012.0,F1marg,0.11279963333362747,0.0
ws,MAR,,2012.0,F1marg,0.13938928624832914,0.0
ws,MLT,,2012.0,F1marg,0.0,0.02
ws,MNG,,2012.0,F1marg,0.0005263157894736842,0.0
ws,MTQ,,2012.0,F1marg,0.08,0.0
ws,MYS,,2012.0,F1marg,0.0045563499589567616,0.0
ws,NIC,,2012.0,F1marg,0.0,0.33
ws,NZL,,2012.0,F1marg,0.8151215706179188,0.0
ws,PAK,,2012.0,F1marg,0.04220740991563459,0.0
ws,PER,,2012.0,F1marg,0.004328859060402684,0.0
ws,PRI,,2012.0,F1marg,0.007753522631741544,0.0
ws,REU,,2012.0,F1marg,0.15407608695652175,0.0
ws,SAU,,2012.0,F1marg,0.015991832386363636,0.0
ws,SDN,,2012.0,F1marg,0.01,0.0
ws,THA,,2012.0,F1marg,0.004553473697765759,0.0
ws,TWN,,2012.0,F1marg,0.9228634010354438,0.0
ws,UKR,,2012.0,F1marg,0.00577417555258888,0.0
ws,URY,,2012.0,F1marg,0.1097001295680846,0.0
ws,EUROPE_POOL,,2013.0,F1,5.298984346852247,0.0
ws,AFG,,2013.0,F1,0.01636363636363636,0.0
ws,BGD,,2013.0,F1,0.11030227664052039,0.0
ws,BLR,,2013.0,F1,6.408202499198975e-05,0.0
ws,CAN,,2013.0,F1,4.382393774092675,0.0
ws,DOM,,2013.0,F1,0.12893554705412932,0.0
ws,ECU,,2013.0,F1,0.014849768932562098,0.0
ws,EGY,,2013.0,F1,0.19813619117353393,0.0
ws,FRO,no fossil; regional (Europe) mix used for 0.01 TWh,2013.0,F1,,
ws,FRO,,2013.0,F1,0.0096538411475416,0.0
ws,GUF,,2013.0,F1,0.04,0.0
ws,HND,,2013.0,F1,0.0,0.09426620355507737
ws,IRN,,2013.0,F1,0.06257876955894638,0.0
ws,ISR,,2013.0,F1,0.018470781893004117,0.0
ws,JPN,,2013.0,F1,5.844912719670327,0.0
ws,KOR,,2013.0,F1,1.544892438490274,0.0
ws,LBY,,2013.0,F1,0.004161392405063291,0.0
ws,LKA,,2013.0,F1,0.15385386942749038,0.0
ws,MAR,,2013.0,F1,0.0034568216024781773,0.0
ws,MLT,,2013.0,F1,0.0,0.03
ws,MMR,,2013.0,F1,0.00017478080025651633,0.0
ws,MNG,,2013.0,F1,0.003306122448979592,0.0
ws,MTQ,,2013.0,F1,0.08,0.0
ws,NIC,,2013.0,F1,0.0,0.56
ws,NZL,,2013.0,F1,0.0005372339976700888,0.0
ws,PAK,,2013.0,F1,0.30676677917494116,0.0
ws,PER,,2013.0,F1,0.012175648702594811,0.0
ws,PRI,,2013.0,F1,0.05130827070679087,0.0
ws,PRK,,2013.0,F1,0.0006951219512195123,0.0
ws,REU,,2013.0,F1,0.1741714285714286,0.0
ws,SAU,,2013.0,F1,0.021159223564544593,0.0
ws,THA,,2013.0,F1,0.014656067696647219,0.0
ws,TUN,,2013.0,F1,0.0016770186335403727,0.0
ws,TUR,,2013.0,F1,0.07328571650355474,0.0
ws,TWN,,2013.0,F1,1.1548962573215527,0.0
ws,UGA,no fossil; regional (Africa) mix used for 0.03 TWh,2013.0,F1,,
ws,UGA,,2013.0,F1,0.02624748702795791,0.0
ws,UKR,,2013.0,F1,0.012912024986985944,0.0
ws,URY,,2013.0,F1,0.14,0.0
ws,ZAF,,2013.0,F1,0.0007550983189253272,0.0
ws,BGR,,2013.0,F1nat,0.02641750227894257,0.0
ws,CZE,,2013.0,F1nat,0.0076762709569084655,0.0
ws,EST,,2013.0,F1nat,0.0003983402489626557,0.0
ws,HRV,,2013.0,F1nat,0.49545064377682413,0.0
ws,ITA,,2013.0,F1nat,0.4575547574365051,0.0
ws,LTU,,2013.0,F1nat,0.07877144351761342,0.0
ws,LUX,,2013.0,F1nat,0.052559999999999996,0.027440000000000006
ws,NOR,,2013.0,F1nat,0.02485198886280077,0.0
ws,POL,,2013.0,F1nat,0.05501745499997579,0.0
ws,PRT,,2013.0,F1nat,4.231322139152482,0.0
ws,SVK,,2013.0,F1nat,0.08151055734646918,0.0
ws,SVN,,2013.0,F1nat,0.0004081632653061225,0.0
ws,SWE,,2013.0,F1nat,1.283757469109688,0.0
ws,AFG,,2013.0,F1nat,0.01636363636363636,0.0
ws,BGD,,2013.0,F1nat,0.11030227664052039,0.0
ws,BLR,,2013.0,F1nat,6.408202499198975e-05,0.0
ws,CAN,,2013.0,F1nat,4.382393774092675,0.0
ws,DOM,,2013.0,F1nat,0.12893554705412932,0.0
ws,ECU,,2013.0,F1nat,0.014849768932562098,0.0
ws,EGY,,2013.0,F1nat,0.19813619117353393,0.0
ws,FRO,no fossil; regional (Europe) mix used for 0.01 TWh,2013.0,F1nat,,
ws,FRO,,2013.0,F1nat,0.0096538411475416,0.0
ws,GUF,,2013.0,F1nat,0.04,0.0
ws,HND,,2013.0,F1nat,0.0,0.09426620355507737
ws,IRN,,2013.0,F1nat,0.06257876955894638,0.0
ws,ISR,,2013.0,F1nat,0.018470781893004117,0.0
ws,JPN,,2013.0,F1nat,5.844912719670327,0.0
ws,KOR,,2013.0,F1nat,1.544892438490274,0.0
ws,LBY,,2013.0,F1nat,0.004161392405063291,0.0
ws,LKA,,2013.0,F1nat,0.15385386942749038,0.0
ws,MAR,,2013.0,F1nat,0.0034568216024781773,0.0
ws,MLT,,2013.0,F1nat,0.0,0.03
ws,MMR,,2013.0,F1nat,0.00017478080025651633,0.0
ws,MNG,,2013.0,F1nat,0.003306122448979592,0.0
ws,MTQ,,2013.0,F1nat,0.08,0.0
ws,NIC,,2013.0,F1nat,0.0,0.56
ws,NZL,,2013.0,F1nat,0.0005372339976700888,0.0
ws,PAK,,2013.0,F1nat,0.30676677917494116,0.0
ws,PER,,2013.0,F1nat,0.012175648702594811,0.0
ws,PRI,,2013.0,F1nat,0.05130827070679087,0.0
ws,PRK,,2013.0,F1nat,0.0006951219512195123,0.0
ws,REU,,2013.0,F1nat,0.1741714285714286,0.0
ws,SAU,,2013.0,F1nat,0.021159223564544593,0.0
ws,THA,,2013.0,F1nat,0.014656067696647219,0.0
ws,TUN,,2013.0,F1nat,0.0016770186335403727,0.0
ws,TUR,,2013.0,F1nat,0.07328571650355474,0.0
ws,TWN,,2013.0,F1nat,1.1548962573215527,0.0
ws,UGA,no fossil; regional (Africa) mix used for 0.03 TWh,2013.0,F1nat,,
ws,UGA,,2013.0,F1nat,0.02624748702795791,0.0
ws,UKR,,2013.0,F1nat,0.012912024986985944,0.0
ws,URY,,2013.0,F1nat,0.14,0.0
ws,ZAF,,2013.0,F1nat,0.0007550983189253272,0.0
ws,FRO,no fossil; regional (Europe) mix used for 0.01 TWh,2013.0,F1nocap,,
ws,UGA,no fossil; regional (Africa) mix used for 0.03 TWh,2013.0,F1nocap,,
ws,EUROPE_POOL,,2013.0,F1marg,5.80530903209116,0.0
ws,AFG,,2013.0,F1marg,0.01636363636363636,0.0
ws,BGD,,2013.0,F1marg,0.11030227664052039,0.0
ws,BLR,,2013.0,F1marg,6.408202499198975e-05,0.0
ws,CAN,,2013.0,F1marg,3.794581035884888,0.0
ws,DOM,,2013.0,F1marg,0.12893554705412932,0.0
ws,ECU,,2013.0,F1marg,0.014849768932562098,0.0
ws,EGY,,2013.0,F1marg,0.19813619117353393,0.0
ws,FRO,no fossil; regional (Europe) mix used for 0.01 TWh,2013.0,F1marg,,
ws,FRO,,2013.0,F1marg,0.0096538411475416,0.0
ws,GUF,,2013.0,F1marg,0.04,0.0
ws,HND,,2013.0,F1marg,0.0,0.09426620355507737
ws,IRN,,2013.0,F1marg,0.06257876955894638,0.0
ws,ISR,,2013.0,F1marg,0.018470781893004117,0.0
ws,JPN,,2013.0,F1marg,5.844912719670327,0.0
ws,KOR,,2013.0,F1marg,1.544892438490274,0.0
ws,LBY,,2013.0,F1marg,0.004161392405063291,0.0
ws,LKA,,2013.0,F1marg,0.15385386942749038,0.0
ws,MAR,,2013.0,F1marg,0.0034568216024781773,0.0
ws,MLT,,2013.0,F1marg,0.0,0.03
ws,MMR,,2013.0,F1marg,0.00017478080025651633,0.0
ws,MNG,,2013.0,F1marg,0.003306122448979592,0.0
ws,MTQ,,2013.0,F1marg,0.08,0.0
ws,NIC,,2013.0,F1marg,0.0,0.56
ws,NZL,,2013.0,F1marg,0.0005383700071375926,0.0
ws,PAK,,2013.0,F1marg,0.30676677917494116,0.0
ws,PER,,2013.0,F1marg,0.012175648702594811,0.0
ws,PRI,,2013.0,F1marg,0.05130827070679087,0.0
ws,PRK,,2013.0,F1marg,0.0006951219512195123,0.0
ws,REU,,2013.0,F1marg,0.1741714285714286,0.0
ws,SAU,,2013.0,F1marg,0.021159223564544593,0.0
ws,THA,,2013.0,F1marg,0.014656067696647219,0.0
ws,TUN,,2013.0,F1marg,0.0016770186335403727,0.0
ws,TUR,,2013.0,F1marg,0.09329204984595882,0.0
ws,TWN,,2013.0,F1marg,1.1548962573215527,0.0
ws,UGA,no fossil; regional (Africa) mix used for 0.03 TWh,2013.0,F1marg,,
ws,UGA,,2013.0,F1marg,0.02624748702795791,0.0
ws,UKR,,2013.0,F1marg,0.012912024986985944,0.0
ws,URY,,2013.0,F1marg,0.14,0.0
ws,ZAF,,2013.0,F1marg,0.0007550983189253272,0.0
ws,EUROPE_POOL,,2014.0,F1,8.834773429944995,0.0
ws,AFG,,2014.0,F1,0.020624999999999998,0.0
ws,BGD,,2014.0,F1,0.13304867016464628,0.0
ws,BLR,,2014.0,F1,0.00011901306240928882,0.0
ws,BRA,,2014.0,F1,2.3535193147420546,0.0
ws,BRB,,2014.0,F1,0.000865102463482015,0.0
ws,CAN,,2014.0,F1,6.094538906530633,0.0
ws,CMR,,2014.0,F1,0.004406804054025853,0.0
ws,DOM,,2014.0,F1,0.12725525695763434,0.0
ws,ECU,,2014.0,F1,0.02418879407128972,0.0
ws,EGY,,2014.0,F1,0.13429447852760737,0.0
ws,ETH,no fossil; regional (Africa) mix used for 0.52 TWh,2014.0,F1,,
ws,ETH,,2014.0,F1,0.452365727409923,0.0
ws,FRO,no fossil; regional (Europe) mix used for 0.03 TWh,2014.0,F1,,
ws,FRO,,2014.0,F1,0.028915405899202683,0.0
ws,GTM,,2014.0,F1,0.006336055439832432,0.0
ws,GUF,,2014.0,F1,0.05,0.0
ws,HND,,2014.0,F1,0.0,0.41000000000000003
ws,IRN,,2014.0,F1,0.03280752307153148,0.0
ws,IRQ,,2014.0,F1,0.04623561477892186,0.0
ws,ISL,no fossil; regional (Europe) mix used for 0.01 TWh,2014.0,F1,,
ws,ISL,,2014.0,F1,0.009638468633067561,0.0
ws,ISR,,2014.0,F1,0.004994991652754591,0.0
ws,JPN,,2014.0,F1,10.037925339939974,0.0
ws,KAZ,,2014.0,F1,0.00011809656130600905,0.0
ws,KOR,,2014.0,F1,2.2541204053034387,0.0
ws,LBN,,2014.0,F1,0.02,0.0
ws,LBY,,2014.0,F1,0.004411919233648845,0.0
ws,LKA,,2014.0,F1,0.15473603564567778,0.0
ws,MLT,,2014.0,F1,0.0,0.07
ws,MMR,,2014.0,F1,0.0001125703564727955,0.0
ws,MNG,,2014.0,F1,0.006499032882011606,0.0
ws,MYS,,2014.0,F1,0.09643211174526883,0.0
ws,NER,,2014.0,F1,0.005769703475641984,0.0
ws,NIC,,2014.0,F1,0.0,0.8499999999999998
ws,NPL,no fossil; regional (Asia) mix used for 0.03 TWh,2014.0,F1,,
ws,NPL,,2014.0,F1,0.02916380973088644,0.0
ws,NZL,,2014.0,F1,0.0007640925676974286,0.0
ws,PAK,,2014.0,F1,0.5753419462419297,0.0
ws,PRI,,2014.0,F1,0.06913214615331871,0.0
ws,PRK,,2014.0,F1,0.000686046511627907,0.0
ws,REU,,2014.0,F1,0.16471204188481678,0.0
ws,RUS,,2014.0,F1,0.0055271209621684655,0.0
ws,SAU,,2014.0,F1,0.026766722535425877,0.0
ws,THA,,2014.0,F1,0.022912517134053807,0.0
ws,TUN,,2014.0,F1,0.009521218715995646,0.0
ws,TWN,,2014.0,F1,1.1708958004873153,0.0
ws,UKR,,2014.0,F1,0.013227708733143738,0.0
ws,URY,,2014.0,F1,0.4639200000000001,0.0
ws,ZAF,,2014.0,F1,0.028152808601653707,0.0
ws,BGR,,2014.0,F1nat,0.022988165680473373,0.0
ws,BIH,,2014.0,F1nat,7.21370604147881e-05,0.0
ws,CZE,,2014.0,F1nat,0.007361461336641295,0.0
ws,EST,,2014.0,F1nat,0.0004972875226039782,0.0
ws,HRV,,2014.0,F1nat,0.5033831518624639,0.0
ws,LTU,,2014.0,F1nat,0.0690093769029198,0.0
ws,LUX,,2014.0,F1nat,0.052559999999999996,0.047439999999999996
ws,NLD,,2014.0,F1nat,1.2336252830767844,0.0
ws,NOR,,2014.0,F1nat,0.02945926351668138,0.0
ws,POL,,2014.0,F1nat,0.06757188082587905,0.0
ws,PRT,,2014.0,F1nat,4.701000732310406,0.0
ws,SRB,,2014.0,F1nat,2.2311468094600628e-05,0.0
ws,SVK,,2014.0,F1nat,0.07401393170630156,0.0
ws,SVN,,2014.0,F1nat,0.0031100478468899526,0.0
ws,SWE,,2014.0,F1nat,2.444597370944636,0.0
ws,AFG,,2014.0,F1nat,0.020624999999999998,0.0
ws,BGD,,2014.0,F1nat,0.13304867016464628,0.0
ws,BLR,,2014.0,F1nat,0.00011901306240928882,0.0
ws,BRA,,2014.0,F1nat,2.3535193147420546,0.0
ws,BRB,,2014.0,F1nat,0.000865102463482015,0.0
ws,CAN,,2014.0,F1nat,6.094538906530633,0.0
ws,CMR,,2014.0,F1nat,0.004406804054025853,0.0
ws,DOM,,2014.0,F1nat,0.12725525695763434,0.0
ws,ECU,,2014.0,F1nat,0.02418879407128972,0.0
ws,EGY,,2014.0,F1nat,0.13429447852760737,0.0
ws,ETH,no fossil; regional (Africa) mix used for 0.52 TWh,2014.0,F1nat,,
ws,ETH,,2014.0,F1nat,0.452365727409923,0.0
ws,FRO,no fossil; regional (Europe) mix used for 0.03 TWh,2014.0,F1nat,,
ws,FRO,,2014.0,F1nat,0.028915405899202683,0.0
ws,GTM,,2014.0,F1nat,0.006336055439832432,0.0
ws,GUF,,2014.0,F1nat,0.05,0.0
ws,HND,,2014.0,F1nat,0.0,0.41000000000000003
ws,IRN,,2014.0,F1nat,0.03280752307153148,0.0
ws,IRQ,,2014.0,F1nat,0.04623561477892186,0.0
ws,ISL,no fossil; regional (Europe) mix used for 0.01 TWh,2014.0,F1nat,,
ws,ISL,,2014.0,F1nat,0.009638468633067561,0.0
ws,ISR,,2014.0,F1nat,0.004994991652754591,0.0
ws,JPN,,2014.0,F1nat,10.037925339939974,0.0
ws,KAZ,,2014.0,F1nat,0.00011809656130600905,0.0
ws,KOR,,2014.0,F1nat,2.2541204053034387,0.0
ws,LBN,,2014.0,F1nat,0.02,0.0
ws,LBY,,2014.0,F1nat,0.004411919233648845,0.0
ws,LKA,,2014.0,F1nat,0.15473603564567778,0.0
ws,MLT,,2014.0,F1nat,0.0,0.07
ws,MMR,,2014.0,F1nat,0.0001125703564727955,0.0
ws,MNG,,2014.0,F1nat,0.006499032882011606,0.0
ws,MYS,,2014.0,F1nat,0.09643211174526883,0.0
ws,NER,,2014.0,F1nat,0.005769703475641984,0.0
ws,NIC,,2014.0,F1nat,0.0,0.8499999999999998
ws,NPL,no fossil; regional (Asia) mix used for 0.03 TWh,2014.0,F1nat,,
ws,NPL,,2014.0,F1nat,0.02916380973088644,0.0
ws,NZL,,2014.0,F1nat,0.0007640925676974286,0.0
ws,PAK,,2014.0,F1nat,0.5753419462419297,0.0
ws,PRI,,2014.0,F1nat,0.06913214615331871,0.0
ws,PRK,,2014.0,F1nat,0.000686046511627907,0.0
ws,REU,,2014.0,F1nat,0.16471204188481678,0.0
ws,RUS,,2014.0,F1nat,0.0055271209621684655,0.0
ws,SAU,,2014.0,F1nat,0.026766722535425877,0.0
ws,THA,,2014.0,F1nat,0.022912517134053807,0.0
ws,TUN,,2014.0,F1nat,0.009521218715995646,0.0
ws,TWN,,2014.0,F1nat,1.1708958004873153,0.0
ws,UKR,,2014.0,F1nat,0.013227708733143738,0.0
ws,URY,,2014.0,F1nat,0.4639200000000001,0.0
ws,ZAF,,2014.0,F1nat,0.028152808601653707,0.0
ws,ETH,no fossil; regional (Africa) mix used for 0.52 TWh,2014.0,F1nocap,,
ws,FRO,no fossil; regional (Europe) mix used for 0.03 TWh,2014.0,F1nocap,,
ws,ISL,no fossil; regional (Europe) mix used for 0.01 TWh,2014.0,F1nocap,,
ws,NPL,no fossil; regional (Asia) mix used for 0.03 TWh,2014.0,F1nocap,,
ws,EUROPE_POOL,,2014.0,F1marg,8.111443830504438,0.0
ws,AFG,,2014.0,F1marg,0.020624999999999998,0.0
ws,BGD,,2014.0,F1marg,0.13304867016464628,0.0
ws,BLR,,2014.0,F1marg,0.00011901306240928882,0.0
ws,BRA,,2014.0,F1marg,2.3535193147420546,0.0
ws,BRB,,2014.0,F1marg,0.000865102463482015,0.0
ws,CAN,,2014.0,F1marg,5.474222643796606,0.0
ws,CMR,,2014.0,F1marg,0.004406804054025853,0.0
ws,DOM,,2014.0,F1marg,0.12725525695763434,0.0
ws,ECU,,2014.0,F1marg,0.02418879407128972,0.0
ws,EGY,,2014.0,F1marg,0.13429447852760737,0.0
ws,ETH,no fossil; regional (Africa) mix used for 0.52 TWh,2014.0,F1marg,,
ws,ETH,,2014.0,F1marg,0.452365727409923,0.0
ws,FRO,no fossil; regional (Europe) mix used for 0.03 TWh,2014.0,F1marg,,
ws,FRO,,2014.0,F1marg,0.028915405899202683,0.0
ws,GTM,,2014.0,F1marg,0.006336055439832432,0.0
ws,GUF,,2014.0,F1marg,0.05,0.0
ws,HND,,2014.0,F1marg,0.0,0.41000000000000003
ws,IRN,,2014.0,F1marg,0.03280752307153148,0.0
ws,IRQ,,2014.0,F1marg,0.04623561477892186,0.0
ws,ISL,no fossil; regional (Europe) mix used for 0.01 TWh,2014.0,F1marg,,
ws,ISL,,2014.0,F1marg,0.009638468633067561,0.0
ws,ISR,,2014.0,F1marg,0.004994991652754591,0.0
ws,JPN,,2014.0,F1marg,10.037925339939974,0.0
ws,KAZ,,2014.0,F1marg,0.00011809656130600905,0.0
ws,KOR,,2014.0,F1marg,2.2541204053034387,0.0
ws,LBN,,2014.0,F1marg,0.02,0.0
ws,LBY,,2014.0,F1marg,0.004411919233648845,0.0
ws,LKA,,2014.0,F1marg,0.15473603564567778,0.0
ws,MLT,,2014.0,F1marg,0.0,0.07
ws,MMR,,2014.0,F1marg,0.0001125703564727955,0.0
ws,MNG,,2014.0,F1marg,0.006499032882011606,0.0
ws,MYS,,2014.0,F1marg,0.09643211174526883,0.0
ws,NER,,2014.0,F1marg,0.005769703475641984,0.0
ws,NIC,,2014.0,F1marg,0.0,0.8499999999999998
ws,NPL,no fossil; regional (Asia) mix used for 0.03 TWh,2014.0,F1marg,,
ws,NPL,,2014.0,F1marg,0.02916380973088644,0.0
ws,NZL,,2014.0,F1marg,0.000766393520831588,0.0
ws,PAK,,2014.0,F1marg,0.5753419462419297,0.0
ws,PRI,,2014.0,F1marg,0.06913214615331871,0.0
ws,PRK,,2014.0,F1marg,0.000686046511627907,0.0
ws,REU,,2014.0,F1marg,0.16471204188481678,0.0
ws,RUS,,2014.0,F1marg,0.0055271209621684655,0.0
ws,SAU,,2014.0,F1marg,0.026766722535425877,0.0
ws,THA,,2014.0,F1marg,0.022912517134053807,0.0
ws,TUN,,2014.0,F1marg,0.009521218715995646,0.0
ws,TWN,,2014.0,F1marg,1.1708958004873153,0.0
ws,UKR,,2014.0,F1marg,0.013227708733143738,0.0
ws,URY,,2014.0,F1marg,0.4639200000000001,0.0
ws,ZAF,,2014.0,F1marg,0.028152808601653707,0.0
ws,EUROPE_POOL,,2015.0,F1,20.95480219901328,0.0
ws,AFG,,2015.0,F1,0.019999999999999997,0.0
ws,ATG,,2015.0,F1,0.0,0.01
ws,BGD,,2015.0,F1,0.17169088733116775,0.0
ws,BLR,,2015.0,F1,0.0004740740740740741,0.0
ws,BRA,,2015.0,F1,4.414520993607391,0.0
ws,BRB,,2015.0,F1,0.0008516110497872186,0.0
ws,CAN,,2015.0,F1,8.333333843700148,0.0
ws,CMR,,2015.0,F1,0.004554710200741461,0.0
ws,DOM,,2015.0,F1,0.14344299658334056,0.0
ws,ECU,,2015.0,F1,0.03247981996837614,0.0
ws,EGY,,2015.0,F1,0.3110468054385754,0.0
ws,ETH,no fossil; regional (Africa) mix used for 0.78 TWh,2015.0,F1,,
ws,ETH,,2015.0,F1,0.6286051796001314,0.04416000000000009
ws,FRO,no fossil; regional (Europe) mix used for 0.05 TWh,2015.0,F1,,
ws,FRO,,2015.0,F1,0.04816143773336083,0.0
ws,GTM,,2015.0,F1,0.18986589685006164,0.0
ws,GUF,,2015.0,F1,0.05,0.0
ws,GUM,no fossil; regional (Oceania) mix used for 0.03 TWh,2015.0,F1,,
ws,GUM,,2015.0,F1,0.02883951263803903,0.0
ws,HND,,2015.0,F1,0.3766618834802658,0.7094400000000001
ws,IRN,,2015.0,F1,0.012892710002185663,0.0
ws,IRQ,,2015.0,F1,0.04141702190210201,0.0
ws,ISL,no fossil; regional (Europe) mix used for 0.01 TWh,2015.0,F1,,
ws,ISL,,2015.0,F1,0.009632287546672167,0.0
ws,ISR,,2015.0,F1,0.012442469449293763,0.0
ws,JOR,,2015.0,F1,0.08061557809641462,0.0
ws,JPN,,2015.0,F1,15.202380976664964,0.0
ws,KAZ,,2015.0,F1,0.0030218978102189774,0.0
ws,KOR,,2015.0,F1,3.628611080904741,0.0
ws,LBN,,2015.0,F1,0.03,0.0
ws,LBY,,2015.0,F1,0.004411919233648845,0.0
ws,MAR,,2015.0,F1,1.0245053386454164,0.0
ws,MLT,,2015.0,F1,0.0,0.09
ws,MMR,,2015.0,F1,0.00022865853658536584,0.0
ws,MNG,,2015.0,F1,0.006956521739130435,0.0
ws,MWI,,2015.0,F1,0.0,0.0023200000000000165
ws,MYS,,2015.0,F1,0.1268222757515029,0.0
ws,NER,,2015.0,F1,0.004150943396226415,0.0
ws,NIC,,2015.0,F1,0.0,0.87
ws,NPL,no fossil; regional (Asia) mix used for 0.03 TWh,2015.0,F1,,
ws,NPL,,2015.0,F1,0.029239907071177185,0.0
ws,PAK,,2015.0,F1,0.5428213863913284,0.0
ws,PRI,,2015.0,F1,0.07987313322225374,0.0
ws,PRK,,2015.0,F1,0.0027,0.0
ws,PSE,no fossil; regional (Middle East) mix used for 0.01 TWh,2015.0,F1,,
ws,PSE,,2015.0,F1,0.0,0.01
ws,REU,,2015.0,F1,0.14307243243243217,0.0
ws,RUS,,2015.0,F1,0.010110365229263854,0.0
ws,SAU,,2015.0,F1,0.02642117573233692,0.0
ws,SDN,,2015.0,F1,0.01,0.0
ws,SUR,,2015.0,F1,7.2992700729927e-05,0.0
ws,THA,,2015.0,F1,0.015200585294476283,0.0
ws,TTO,,2015.0,F1,2.092050209205021e-05,0.0
ws,TUN,,2015.0,F1,0.022629629629629635,0.0
ws,TWN,,2015.0,F1,1.2905041086071751,0.0
ws,TZA,,2015.0,F1,0.006820276497695853,0.0
ws,UKR,,2015.0,F1,0.03882935955474894,0.0
ws,URY,,2015.0,F1,2.1199999999999997,0.0
ws,BGR,,2015.0,F1nat,0.021875508543531326,0.0
ws,BIH,,2015.0,F1nat,7.352941176470588e-05,0.0
ws,ESP,,2015.0,F1nat,0.6055930316081763,0.0
ws,HRV,,2015.0,F1nat,0.45510258064516096,0.0
ws,ITA,,2015.0,F1nat,0.6677247051253277,0.0
ws,LTU,,2015.0,F1nat,0.08933851361111986,0.0
ws,LUX,,2015.0,F1nat,0.052559999999999996,0.07744000000000001
ws,NLD,,2015.0,F1nat,3.025533297582363,0.0
ws,NOR,,2015.0,F1nat,0.03489741143554782,0.0
ws,POL,,2015.0,F1nat,0.24195040936461565,0.0
ws,PRT,,2015.0,F1nat,5.950987726054947,0.0
ws,SRB,,2015.0,F1nat,3.63901018922853e-05,0.0
ws,SVK,,2015.0,F1nat,0.07773279724103209,0.0
ws,SVN,,2015.0,F1nat,0.0011666666666666668,0.0
ws,SWE,,2015.0,F1nat,5.246137460782997,0.0
ws,AFG,,2015.0,F1nat,0.019999999999999997,0.0
ws,ATG,,2015.0,F1nat,0.0,0.01
ws,BGD,,2015.0,F1nat,0.17169088733116775,0.0
ws,BLR,,2015.0,F1nat,0.0004740740740740741,0.0
ws,BRA,,2015.0,F1nat,4.414520993607391,0.0
ws,BRB,,2015.0,F1nat,0.0008516110497872186,0.0
ws,CAN,,2015.0,F1nat,8.333333843700148,0.0
ws,CMR,,2015.0,F1nat,0.004554710200741461,0.0
ws,DOM,,2015.0,F1nat,0.14344299658334056,0.0
ws,ECU,,2015.0,F1nat,0.03247981996837614,0.0
ws,EGY,,2015.0,F1nat,0.3110468054385754,0.0
ws,ETH,no fossil; regional (Africa) mix used for 0.78 TWh,2015.0,F1nat,,
ws,ETH,,2015.0,F1nat,0.6286051796001314,0.04416000000000009
ws,FRO,no fossil; regional (Europe) mix used for 0.05 TWh,2015.0,F1nat,,
ws,FRO,,2015.0,F1nat,0.04816143773336083,0.0
ws,GTM,,2015.0,F1nat,0.18986589685006164,0.0
ws,GUF,,2015.0,F1nat,0.05,0.0
ws,GUM,no fossil; regional (Oceania) mix used for 0.03 TWh,2015.0,F1nat,,
ws,GUM,,2015.0,F1nat,0.02883951263803903,0.0
ws,HND,,2015.0,F1nat,0.3766618834802658,0.7094400000000001
ws,IRN,,2015.0,F1nat,0.012892710002185663,0.0
ws,IRQ,,2015.0,F1nat,0.04141702190210201,0.0
ws,ISL,no fossil; regional (Europe) mix used for 0.01 TWh,2015.0,F1nat,,
ws,ISL,,2015.0,F1nat,0.009632287546672167,0.0
ws,ISR,,2015.0,F1nat,0.012442469449293763,0.0
ws,JOR,,2015.0,F1nat,0.08061557809641462,0.0
ws,JPN,,2015.0,F1nat,15.202380976664964,0.0
ws,KAZ,,2015.0,F1nat,0.0030218978102189774,0.0
ws,KOR,,2015.0,F1nat,3.628611080904741,0.0
ws,LBN,,2015.0,F1nat,0.03,0.0
ws,LBY,,2015.0,F1nat,0.004411919233648845,0.0
ws,MAR,,2015.0,F1nat,1.0245053386454164,0.0
ws,MLT,,2015.0,F1nat,0.0,0.09
ws,MMR,,2015.0,F1nat,0.00022865853658536584,0.0
ws,MNG,,2015.0,F1nat,0.006956521739130435,0.0
ws,MWI,,2015.0,F1nat,0.0,0.0023200000000000165
ws,MYS,,2015.0,F1nat,0.1268222757515029,0.0
ws,NER,,2015.0,F1nat,0.004150943396226415,0.0
ws,NIC,,2015.0,F1nat,0.0,0.87
ws,NPL,no fossil; regional (Asia) mix used for 0.03 TWh,2015.0,F1nat,,
ws,NPL,,2015.0,F1nat,0.029239907071177185,0.0
ws,PAK,,2015.0,F1nat,0.5428213863913284,0.0
ws,PRI,,2015.0,F1nat,0.07987313322225374,0.0
ws,PRK,,2015.0,F1nat,0.0027,0.0
ws,PSE,no fossil; regional (Middle East) mix used for 0.01 TWh,2015.0,F1nat,,
ws,PSE,,2015.0,F1nat,0.0,0.01
ws,REU,,2015.0,F1nat,0.14307243243243217,0.0
ws,RUS,,2015.0,F1nat,0.010110365229263854,0.0
ws,SAU,,2015.0,F1nat,0.02642117573233692,0.0
ws,SDN,,2015.0,F1nat,0.01,0.0
ws,SUR,,2015.0,F1nat,7.2992700729927e-05,0.0
ws,THA,,2015.0,F1nat,0.015200585294476283,0.0
ws,TTO,,2015.0,F1nat,2.092050209205021e-05,0.0
ws,TUN,,2015.0,F1nat,0.022629629629629635,0.0
ws,TWN,,2015.0,F1nat,1.2905041086071751,0.0
ws,TZA,,2015.0,F1nat,0.006820276497695853,0.0
ws,UKR,,2015.0,F1nat,0.03882935955474894,0.0
ws,URY,,2015.0,F1nat,2.1199999999999997,0.0
ws,ETH,no fossil; regional (Africa) mix used for 0.78 TWh,2015.0,F1nocap,,
ws,FRO,no fossil; regional (Europe) mix used for 0.05 TWh,2015.0,F1nocap,,
ws,GUM,no fossil; regional (Oceania) mix used for 0.03 TWh,2015.0,F1nocap,,
ws,ISL,no fossil; regional (Europe) mix used for 0.01 TWh,2015.0,F1nocap,,
ws,NPL,no fossil; regional (Asia) mix used for 0.03 TWh,2015.0,F1nocap,,
ws,PSE,no fossil; regional (Middle East) mix used for 0.01 TWh,2015.0,F1nocap,,
ws,EUROPE_POOL,,2015.0,F1marg,18.70325404198232,0.0
ws,AFG,,2015.0,F1marg,0.019999999999999997,0.0
ws,ATG,,2015.0,F1marg,0.0,0.01
ws,BGD,,2015.0,F1marg,0.17169088733116775,0.0
ws,BLR,,2015.0,F1marg,0.0004740740740740741,0.0
ws,BRA,,2015.0,F1marg,4.414520993607391,0.0
ws,BRB,,2015.0,F1marg,0.0008516110497872186,0.0
ws,CAN,,2015.0,F1marg,6.634794104664136,0.0
ws,CMR,,2015.0,F1marg,0.004554710200741461,0.0
ws,DOM,,2015.0,F1marg,0.14344299658334056,0.0
ws,ECU,,2015.0,F1marg,0.03247981996837614,0.0
ws,EGY,,2015.0,F1marg,0.3110468054385754,0.0
ws,ETH,no fossil; regional (Africa) mix used for 0.78 TWh,2015.0,F1marg,,
ws,ETH,,2015.0,F1marg,0.6286051796001314,0.04416000000000009
ws,FRO,no fossil; regional (Europe) mix used for 0.05 TWh,2015.0,F1marg,,
ws,FRO,,2015.0,F1marg,0.04816143773336083,0.0
ws,GTM,,2015.0,F1marg,0.18986589685006164,0.0
ws,GUF,,2015.0,F1marg,0.05,0.0
ws,GUM,no fossil; regional (Oceania) mix used for 0.03 TWh,2015.0,F1marg,,
ws,GUM,,2015.0,F1marg,0.02883951263803903,0.0
ws,HND,,2015.0,F1marg,0.3766618834802658,0.7094400000000001
ws,IRN,,2015.0,F1marg,0.012892710002185663,0.0
ws,IRQ,,2015.0,F1marg,0.04141702190210201,0.0
ws,ISL,no fossil; regional (Europe) mix used for 0.01 TWh,2015.0,F1marg,,
ws,ISL,,2015.0,F1marg,0.009632287546672167,0.0
ws,ISR,,2015.0,F1marg,0.012442469449293763,0.0
ws,JOR,,2015.0,F1marg,0.08061557809641462,0.0
ws,JPN,,2015.0,F1marg,15.202380976664964,0.0
ws,KAZ,,2015.0,F1marg,0.0030218978102189774,0.0
ws,KOR,,2015.0,F1marg,3.628611080904741,0.0
ws,LBN,,2015.0,F1marg,0.03,0.0
ws,LBY,,2015.0,F1marg,0.004411919233648845,0.0
ws,MAR,,2015.0,F1marg,1.0245053386454164,0.0
ws,MLT,,2015.0,F1marg,0.0,0.09
ws,MMR,,2015.0,F1marg,0.00022865853658536584,0.0
ws,MNG,,2015.0,F1marg,0.006956521739130435,0.0
ws,MWI,,2015.0,F1marg,0.0,0.0023200000000000165
ws,MYS,,2015.0,F1marg,0.1268222757515029,0.0
ws,NER,,2015.0,F1marg,0.004150943396226415,0.0
ws,NIC,,2015.0,F1marg,0.0,0.87
ws,NPL,no fossil; regional (Asia) mix used for 0.03 TWh,2015.0,F1marg,,
ws,NPL,,2015.0,F1marg,0.029239907071177185,0.0
ws,PAK,,2015.0,F1marg,0.5428213863913284,0.0
ws,PRI,,2015.0,F1marg,0.07987313322225374,0.0
ws,PRK,,2015.0,F1marg,0.0027,0.0
ws,PSE,no fossil; regional (Middle East) mix used for 0.01 TWh,2015.0,F1marg,,
ws,PSE,,2015.0,F1marg,0.0,0.01
ws,REU,,2015.0,F1marg,0.14307243243243217,0.0
ws,RUS,,2015.0,F1marg,0.010110365229263854,0.0
ws,SAU,,2015.0,F1marg,0.02642117573233692,0.0
ws,SDN,,2015.0,F1marg,0.01,0.0
ws,SUR,,2015.0,F1marg,7.2992700729927e-05,0.0
ws,THA,,2015.0,F1marg,0.015200585294476283,0.0
ws,TTO,,2015.0,F1marg,2.092050209205021e-05,0.0
ws,TUN,,2015.0,F1marg,0.022629629629629635,0.0
ws,TWN,,2015.0,F1marg,1.2905041086071751,0.0
ws,TZA,,2015.0,F1marg,0.006820276497695853,0.0
ws,UKR,,2015.0,F1marg,0.03882935955474894,0.0
ws,URY,,2015.0,F1marg,2.1199999999999997,0.0
ws,EUROPE_POOL,,2016.0,F1,15.08824743101307,0.0
ws,AFG,,2016.0,F1,0.024,0.0
ws,AZE,,2016.0,F1,0.006544230138432436,0.0
ws,BGD,,2016.0,F1,0.18793220338983052,0.0
ws,BLR,,2016.0,F1,0.002024743512371756,0.0
ws,BRA,,2016.0,F1,9.105420823166154,0.0
ws,BRB,,2016.0,F1,0.0016993840211526627,0.0
ws,CAN,,2016.0,F1,10.582791191037732,0.0
ws,CMR,,2016.0,F1,0.004175824175824175,0.0
ws,DOM,,2016.0,F1,0.06512640403843156,0.0
ws,EGY,,2016.0,F1,0.38550692950131304,0.0
ws,ETH,no fossil; regional (Africa) mix used for 0.80 TWh,2016.0,F1,,
ws,ETH,,2016.0,F1,0.43464607984747494,0.2744000000000002
ws,FRO,no fossil; regional (Europe) mix used for 0.04 TWh,2016.0,F1,,
ws,FRO,,2016.0,F1,0.03853803009745413,0.0
ws,GEO,,2016.0,F1,8.928571428571429e-05,0.0
ws,GTM,,2016.0,F1,0.21614641000355445,0.0
ws,GUF,,2016.0,F1,0.05,0.0
ws,GUM,no fossil; regional (Oceania) mix used for 0.07 TWh,2016.0,F1,,
ws,GUM,,2016.0,F1,0.06742312079233921,0.0
ws,HND,,2016.0,F1,0.4352017454172985,0.9711200543585059
ws,IRN,,2016.0,F1,0.012640710110398261,0.0
ws,IRQ,,2016.0,F1,0.04281304084707559,0.0
ws,ISL,no fossil; regional (Europe) mix used for 0.01 TWh,2016.0,F1,,
ws,ISL,,2016.0,F1,0.009634507524363532,0.0
ws,ISR,,2016.0,F1,0.007983463481855765,0.0
ws,JOR,,2016.0,F1,0.09257467751422961,0.0
ws,JPN,,2016.0,F1,17.96002024877726,0.0
ws,KAZ,,2016.0,F1,0.008493647912885661,0.0
ws,KOR,,2016.0,F1,4.317451557002572,0.0
ws,LBN,,2016.0,F1,0.05,0.0
ws,LKA,,2016.0,F1,0.166040198836086,0.0
ws,MAR,,2016.0,F1,1.6132164313421231,0.0
ws,MMR,,2016.0,F1,0.0003680586036770096,0.0
ws,MNG,,2016.0,F1,0.005608856088560885,0.0
ws,MYS,,2016.0,F1,0.15813293006786663,0.0
ws,NER,,2016.0,F1,0.0031884057971014496,0.0
ws,NIC,,2016.0,F1,0.0,0.73
ws,NPL,no fossil; regional (Asia) mix used for 0.03 TWh,2016.0,F1,,
ws,NPL,,2016.0,F1,0.02928404964649279,0.0
ws,NZL,,2016.0,F1,0.0011460837248021428,0.0
ws,PAK,,2016.0,F1,0.8901402135944924,0.0
ws,PER,,2016.0,F1,0.050253807106599,0.0
ws,PRI,,2016.0,F1,0.07550214077304969,0.0
ws,PRK,,2016.0,F1,0.0033873873873873873,0.0
ws,PSE,no fossil; regional (Middle East) mix used for 0.04 TWh,2016.0,F1,,
ws,PSE,,2016.0,F1,0.0,0.039999999999999994
ws,REU,,2016.0,F1,0.1131760824742265,0.0
ws,RUS,,2016.0,F1,0.013272845289834623,0.0
ws,SAU,,2016.0,F1,0.023636084002125222,0.0
ws,SEN,,2016.0,F1,0.009769810497117365,0.0
ws,SGP,,2016.0,F1,0.0011146273596130834,0.0
ws,SUR,,2016.0,F1,9.80392156862745e-05,0.0
ws,THA,,2016.0,F1,0.011759999999999998,0.0
ws,TTO,,2016.0,F1,3.188097768331562e-05,0.0
ws,TUN,,2016.0,F1,0.0011368421052631579,0.0
ws,TWN,,2016.0,F1,1.3915517674732618,0.0
ws,UKR,,2016.0,F1,0.05085391401885981,0.0
ws,URY,,2016.0,F1,3.14,0.0
ws,BEL,,2016.0,F1nat,0.14377236702229387,0.0
ws,BGR,,2016.0,F1nat,0.037535697835099024,0.0
ws,BIH,,2016.0,F1nat,0.0001322314049586777,0.0
ws,CHE,,2016.0,F1nat,0.4950873219576054,0.0
ws,ESP,,2016.0,F1nat,0.6583428791693411,0.0
ws,EST,,2016.0,F1nat,0.5463610586011342,0.0
ws,HRV,,2016.0,F1nat,1.0573820754716983,0.0
ws,LTU,,2016.0,F1nat,0.15480354443597233,0.0
ws,LUX,,2016.0,F1nat,0.052559999999999996,0.07744000000000001
ws,NOR,,2016.0,F1nat,0.0274618614361935,0.0
ws,POL,,2016.0,F1nat,0.8602657939218511,0.0
ws,PRT,,2016.0,F1nat,4.322443817417288,0.0
ws,SRB,,2016.0,F1nat,0.00018738738738738743,0.0
ws,SVK,,2016.0,F1nat,0.09389017862032502,0.0
ws,SVN,,2016.0,F1nat,0.0010275229357798168,0.0
ws,SWE,,2016.0,F1nat,3.4223399619588033,0.0
ws,AFG,,2016.0,F1nat,0.024,0.0
ws,AZE,,2016.0,F1nat,0.006544230138432436,0.0
ws,BGD,,2016.0,F1nat,0.18793220338983052,0.0
ws,BLR,,2016.0,F1nat,0.002024743512371756,0.0
ws,BRA,,2016.0,F1nat,9.105420823166154,0.0
ws,BRB,,2016.0,F1nat,0.0016993840211526627,0.0
ws,CAN,,2016.0,F1nat,10.582791191037732,0.0
ws,CMR,,2016.0,F1nat,0.004175824175824175,0.0
ws,DOM,,2016.0,F1nat,0.06512640403843156,0.0
ws,EGY,,2016.0,F1nat,0.38550692950131304,0.0
ws,ETH,no fossil; regional (Africa) mix used for 0.80 TWh,2016.0,F1nat,,
ws,ETH,,2016.0,F1nat,0.43464607984747494,0.2744000000000002
ws,FRO,no fossil; regional (Europe) mix used for 0.04 TWh,2016.0,F1nat,,
ws,FRO,,2016.0,F1nat,0.03853803009745413,0.0
ws,GEO,,2016.0,F1nat,8.928571428571429e-05,0.0
ws,GTM,,2016.0,F1nat,0.21614641000355445,0.0
ws,GUF,,2016.0,F1nat,0.05,0.0
ws,GUM,no fossil; regional (Oceania) mix used for 0.07 TWh,2016.0,F1nat,,
ws,GUM,,2016.0,F1nat,0.06742312079233921,0.0
ws,HND,,2016.0,F1nat,0.4352017454172985,0.9711200543585059
ws,IRN,,2016.0,F1nat,0.012640710110398261,0.0
ws,IRQ,,2016.0,F1nat,0.04281304084707559,0.0
ws,ISL,no fossil; regional (Europe) mix used for 0.01 TWh,2016.0,F1nat,,
ws,ISL,,2016.0,F1nat,0.009634507524363532,0.0
ws,ISR,,2016.0,F1nat,0.007983463481855765,0.0
ws,JOR,,2016.0,F1nat,0.09257467751422961,0.0
ws,JPN,,2016.0,F1nat,17.96002024877726,0.0
ws,KAZ,,2016.0,F1nat,0.008493647912885661,0.0
ws,KOR,,2016.0,F1nat,4.317451557002572,0.0
ws,LBN,,2016.0,F1nat,0.05,0.0
ws,LKA,,2016.0,F1nat,0.166040198836086,0.0
ws,MAR,,2016.0,F1nat,1.6132164313421231,0.0
ws,MMR,,2016.0,F1nat,0.0003680586036770096,0.0
ws,MNG,,2016.0,F1nat,0.005608856088560885,0.0
ws,MYS,,2016.0,F1nat,0.15813293006786663,0.0
ws,NER,,2016.0,F1nat,0.0031884057971014496,0.0
ws,NIC,,2016.0,F1nat,0.0,0.73
ws,NPL,no fossil; regional (Asia) mix used for 0.03 TWh,2016.0,F1nat,,
ws,NPL,,2016.0,F1nat,0.02928404964649279,0.0
ws,NZL,,2016.0,F1nat,0.0011460837248021428,0.0
ws,PAK,,2016.0,F1nat,0.8901402135944924,0.0
ws,PER,,2016.0,F1nat,0.050253807106599,0.0
ws,PRI,,2016.0,F1nat,0.07550214077304969,0.0
ws,PRK,,2016.0,F1nat,0.0033873873873873873,0.0
ws,PSE,no fossil; regional (Middle East) mix used for 0.04 TWh,2016.0,F1nat,,
ws,PSE,,2016.0,F1nat,0.0,0.039999999999999994
ws,REU,,2016.0,F1nat,0.1131760824742265,0.0
ws,RUS,,2016.0,F1nat,0.013272845289834623,0.0
ws,SAU,,2016.0,F1nat,0.023636084002125222,0.0
ws,SEN,,2016.0,F1nat,0.009769810497117365,0.0
ws,SGP,,2016.0,F1nat,0.0011146273596130834,0.0
ws,SUR,,2016.0,F1nat,9.80392156862745e-05,0.0
ws,THA,,2016.0,F1nat,0.011759999999999998,0.0
ws,TTO,,2016.0,F1nat,3.188097768331562e-05,0.0
ws,TUN,,2016.0,F1nat,0.0011368421052631579,0.0
ws,TWN,,2016.0,F1nat,1.3915517674732618,0.0
ws,UKR,,2016.0,F1nat,0.05085391401885981,0.0
ws,URY,,2016.0,F1nat,3.14,0.0
ws,ETH,no fossil; regional (Africa) mix used for 0.80 TWh,2016.0,F1nocap,,
ws,FRO,no fossil; regional (Europe) mix used for 0.04 TWh,2016.0,F1nocap,,
ws,GUM,no fossil; regional (Oceania) mix used for 0.07 TWh,2016.0,F1nocap,,
ws,ISL,no fossil; regional (Europe) mix used for 0.01 TWh,2016.0,F1nocap,,
ws,NPL,no fossil; regional (Asia) mix used for 0.03 TWh,2016.0,F1nocap,,
ws,PSE,no fossil; regional (Middle East) mix used for 0.04 TWh,2016.0,F1nocap,,
ws,EUROPE_POOL,,2016.0,F1marg,12.605496140259199,0.0
ws,AFG,,2016.0,F1marg,0.024,0.0
ws,AZE,,2016.0,F1marg,0.006544230138432436,0.0
ws,BGD,,2016.0,F1marg,0.18793220338983052,0.0
ws,BLR,,2016.0,F1marg,0.002024743512371756,0.0
ws,BRA,,2016.0,F1marg,9.105420823166154,0.0
ws,BRB,,2016.0,F1marg,0.0016993840211526627,0.0
ws,CAN,,2016.0,F1marg,8.619594244593452,0.0
ws,CMR,,2016.0,F1marg,0.004175824175824175,0.0
ws,DOM,,2016.0,F1marg,0.06512640403843156,0.0
ws,EGY,,2016.0,F1marg,0.38550692950131304,0.0
ws,ETH,no fossil; regional (Africa) mix used for 0.80 TWh,2016.0,F1marg,,
ws,ETH,,2016.0,F1marg,0.43464607984747494,0.2744000000000002
ws,FRO,no fossil; regional (Europe) mix used for 0.04 TWh,2016.0,F1marg,,
ws,FRO,,2016.0,F1marg,0.03853803009745413,0.0
ws,GEO,,2016.0,F1marg,8.928571428571429e-05,0.0
ws,GTM,,2016.0,F1marg,0.21614641000355445,0.0
ws,GUF,,2016.0,F1marg,0.05,0.0
ws,GUM,no fossil; regional (Oceania) mix used for 0.07 TWh,2016.0,F1marg,,
ws,GUM,,2016.0,F1marg,0.06742312079233921,0.0
ws,HND,,2016.0,F1marg,0.4352017454172985,0.9711200543585059
ws,IRN,,2016.0,F1marg,0.012640710110398261,0.0
ws,IRQ,,2016.0,F1marg,0.04281304084707559,0.0
ws,ISL,no fossil; regional (Europe) mix used for 0.01 TWh,2016.0,F1marg,,
ws,ISL,,2016.0,F1marg,0.009634507524363532,0.0
ws,ISR,,2016.0,F1marg,0.007983463481855765,0.0
ws,JOR,,2016.0,F1marg,0.09257467751422961,0.0
ws,JPN,,2016.0,F1marg,17.96002024877726,0.0
ws,KAZ,,2016.0,F1marg,0.008493647912885661,0.0
ws,KOR,,2016.0,F1marg,4.317451557002572,0.0
ws,LBN,,2016.0,F1marg,0.05,0.0
ws,LKA,,2016.0,F1marg,0.166040198836086,0.0
ws,MAR,,2016.0,F1marg,1.6132164313421231,0.0
ws,MMR,,2016.0,F1marg,0.0003680586036770096,0.0
ws,MNG,,2016.0,F1marg,0.005608856088560885,0.0
ws,MYS,,2016.0,F1marg,0.15813293006786663,0.0
ws,NER,,2016.0,F1marg,0.0031884057971014496,0.0
ws,NIC,,2016.0,F1marg,0.0,0.73
ws,NPL,no fossil; regional (Asia) mix used for 0.03 TWh,2016.0,F1marg,,
ws,NPL,,2016.0,F1marg,0.02928404964649279,0.0
ws,NZL,,2016.0,F1marg,0.001148700594754347,0.0
ws,PAK,,2016.0,F1marg,0.8901402135944924,0.0
ws,PER,,2016.0,F1marg,0.050253807106599,0.0
ws,PRI,,2016.0,F1marg,0.07550214077304969,0.0
ws,PRK,,2016.0,F1marg,0.0033873873873873873,0.0
ws,PSE,no fossil; regional (Middle East) mix used for 0.04 TWh,2016.0,F1marg,,
ws,PSE,,2016.0,F1marg,0.0,0.039999999999999994
ws,REU,,2016.0,F1marg,0.1131760824742265,0.0
ws,RUS,,2016.0,F1marg,0.013272845289834623,0.0
ws,SAU,,2016.0,F1marg,0.023636084002125222,0.0
ws,SEN,,2016.0,F1marg,0.009769810497117365,0.0
ws,SGP,,2016.0,F1marg,0.0011146273596130834,0.0
ws,SUR,,2016.0,F1marg,9.80392156862745e-05,0.0
ws,THA,,2016.0,F1marg,0.011759999999999998,0.0
ws,TTO,,2016.0,F1marg,3.188097768331562e-05,0.0
ws,TUN,,2016.0,F1marg,0.0011368421052631579,0.0
ws,TWN,,2016.0,F1marg,1.3915517674732618,0.0
ws,UKR,,2016.0,F1marg,0.05085391401885981,0.0
ws,URY,,2016.0,F1marg,3.14,0.0
ws,EUROPE_POOL,,2017.0,F1,21.21490284305212,0.0
ws,AFG,,2017.0,F1,0.02588235294117647,0.0
ws,ATG,,2017.0,F1,0.0,0.01
ws,AZE,,2017.0,F1,0.0034039022969733967,0.0
ws,BLR,,2017.0,F1,0.0012392528906018383,0.0
ws,BRA,,2017.0,F1,9.763466388084867,0.0
ws,BRB,,2017.0,F1,0.003743612214267332,0.0
ws,CAN,,2017.0,F1,9.152056403775646,0.0
ws,CIV,,2017.0,F1,0.009899623588455825,0.0
ws,CMR,,2017.0,F1,0.0,0.02
ws,DOM,,2017.0,F1,0.08794205894384134,0.0
ws,EGY,,2017.0,F1,0.29056500477062747,0.0
ws,ETH,no fossil; regional (Africa) mix used for 0.55 TWh,2017.0,F1,,
ws,ETH,,2017.0,F1,0.4682279908549879,0.02440000000000009
ws,FRO,no fossil; regional (Europe) mix used for 0.05 TWh,2017.0,F1,,
ws,FRO,,2017.0,F1,0.048333722444436414,0.0
ws,GEO,,2017.0,F1,0.0008071748878923766,0.0
ws,GTM,,2017.0,F1,0.16154592088019903,0.0
ws,GUF,,2017.0,F1,0.05,0.0
ws,GUM,no fossil; regional (Oceania) mix used for 0.06 TWh,2017.0,F1,,
ws,GUM,,2017.0,F1,0.057897146806660166,0.0
ws,HND,,2017.0,F1,0.0,0.9779056896927829
ws,IRN,,2017.0,F1,0.033993940474068784,0.0
ws,IRQ,,2017.0,F1,0.03660037751476923,0.0
ws,ISL,no fossil; regional (Europe) mix used for 0.01 TWh,2017.0,F1,,
ws,ISL,,2017.0,F1,0.009666744488887283,0.0
ws,ISR,,2017.0,F1,0.02350722433460076,0.0
ws,JOR,,2017.0,F1,0.18586765053121726,0.0
ws,JPN,,2017.0,F1,23.732672391814933,0.0
ws,KAZ,,2017.0,F1,0.003572365544381286,0.0
ws,KOR,,2017.0,F1,3.710435557746857,0.0
ws,LBN,,2017.0,F1,0.06999999999999999,0.0
ws,LBY,,2017.0,F1,0.0029815119531051543,0.0
ws,LKA,,2017.0,F1,0.23782544862412133,0.0
ws,MAR,,2017.0,F1,0.06798873272284622,0.0
ws,MDA,,2017.0,F1,4.3010752688172054e-05,0.0
ws,MMR,,2017.0,F1,0.009042769857433807,0.0
ws,MNG,,2017.0,F1,0.00823529411764706,0.0
ws,MUS,,2017.0,F1,0.007516244452186318,0.0
ws,MWI,no fossil; regional (Africa) mix used for 0.04 TWh,2017.0,F1,,
ws,MWI,,2017.0,F1,0.03582749024399913,0.0
ws,NER,,2017.0,F1,0.003818181818181818,0.0
ws,NIC,,2017.0,F1,0.0,0.002328466888678604
ws,NPL,no fossil; regional (Asia) mix used for 0.09 TWh,2017.0,F1,,
ws,NPL,,2017.0,F1,0.08828221521976672,0.0
ws,NZL,,2017.0,F1,0.0008112777601900886,0.0
ws,OMN,,2017.0,F1,0.0005456691193311409,0.0
ws,PAK,,2017.0,F1,0.8866201111327816,0.0
ws,PRI,,2017.0,F1,0.06331244490428103,0.0
ws,PRK,,2017.0,F1,0.003362068965517242,0.0
ws,PSE,no fossil; regional (Middle East) mix used for 0.05 TWh,2017.0,F1,,
ws,PSE,,2017.0,F1,0.0,0.05
ws,REU,,2017.0,F1,0.10101623762376208,0.0
ws,RUS,,2017.0,F1,0.010875910328216968,0.0
ws,SAU,,2017.0,F1,0.0291714497910542,0.0
ws,SEN,,2017.0,F1,0.08871121718377088,0.0
ws,SGP,,2017.0,F1,0.001607248375024621,0.0
ws,SUR,,2017.0,F1,0.00011494252873563218,0.0
ws,THA,,2017.0,F1,0.011868236791852322,0.0
ws,TTO,,2017.0,F1,3.22234156820623e-05,0.0
ws,TUN,,2017.0,F1,0.002036719932413928,0.0
ws,TWN,,2017.0,F1,1.8240316669259597,0.0
ws,UKR,,2017.0,F1,0.06693328316506501,0.0
ws,URY,,2017.0,F1,3.2586109090909092,0.0
ws,UZB,,2017.0,F1,3.0245746691871463e-05,0.0
ws,BGR,,2017.0,F1nat,0.03881692573402418,0.0
ws,BIH,,2017.0,F1nat,0.00012882447665056362,0.0
ws,CHE,,2017.0,F1nat,0.6854303207021417,0.0
ws,EST,,2017.0,F1nat,0.6763893805309733,0.0
ws,HRV,,2017.0,F1nat,0.8439354838709676,0.0
ws,LTU,,2017.0,F1nat,0.19408630772359717,0.0
ws,LUX,,2017.0,F1nat,0.052559999999999996,0.21744000000000002
ws,NLD,,2017.0,F1nat,1.6338230595268977,0.0
ws,NOR,,2017.0,F1nat,0.043372983890297645,0.0
ws,POL,,2017.0,F1nat,0.17265377341098195,0.0
ws,PRT,,2017.0,F1nat,4.871852969452279,0.0
ws,SRB,,2017.0,F1nat,0.00030939226519337016,0.0
ws,SVK,,2017.0,F1nat,0.07818768961984666,0.0
ws,SVN,,2017.0,F1nat,0.0010902255639097746,0.0
ws,SWE,,2017.0,F1nat,4.857700958283198,0.0
ws,AFG,,2017.0,F1nat,0.02588235294117647,0.0
ws,ATG,,2017.0,F1nat,0.0,0.01
ws,AZE,,2017.0,F1nat,0.0034039022969733967,0.0
ws,BLR,,2017.0,F1nat,0.0012392528906018383,0.0
ws,BRA,,2017.0,F1nat,9.763466388084867,0.0
ws,BRB,,2017.0,F1nat,0.003743612214267332,0.0
ws,CAN,,2017.0,F1nat,9.152056403775646,0.0
ws,CIV,,2017.0,F1nat,0.009899623588455825,0.0
ws,CMR,,2017.0,F1nat,0.0,0.02
ws,DOM,,2017.0,F1nat,0.08794205894384134,0.0
ws,EGY,,2017.0,F1nat,0.29056500477062747,0.0
ws,ETH,no fossil; regional (Africa) mix used for 0.55 TWh,2017.0,F1nat,,
ws,ETH,,2017.0,F1nat,0.4682279908549879,0.02440000000000009
ws,FRO,no fossil; regional (Europe) mix used for 0.05 TWh,2017.0,F1nat,,
ws,FRO,,2017.0,F1nat,0.048333722444436414,0.0
ws,GEO,,2017.0,F1nat,0.0008071748878923766,0.0
ws,GTM,,2017.0,F1nat,0.16154592088019903,0.0
ws,GUF,,2017.0,F1nat,0.05,0.0
ws,GUM,no fossil; regional (Oceania) mix used for 0.06 TWh,2017.0,F1nat,,
ws,GUM,,2017.0,F1nat,0.057897146806660166,0.0
ws,HND,,2017.0,F1nat,0.0,0.9779056896927829
ws,IRN,,2017.0,F1nat,0.033993940474068784,0.0
ws,IRQ,,2017.0,F1nat,0.03660037751476923,0.0
ws,ISL,no fossil; regional (Europe) mix used for 0.01 TWh,2017.0,F1nat,,
ws,ISL,,2017.0,F1nat,0.009666744488887283,0.0
ws,ISR,,2017.0,F1nat,0.02350722433460076,0.0
ws,JOR,,2017.0,F1nat,0.18586765053121726,0.0
ws,JPN,,2017.0,F1nat,23.732672391814933,0.0
ws,KAZ,,2017.0,F1nat,0.003572365544381286,0.0
ws,KOR,,2017.0,F1nat,3.710435557746857,0.0
ws,LBN,,2017.0,F1nat,0.06999999999999999,0.0
ws,LBY,,2017.0,F1nat,0.0029815119531051543,0.0
ws,LKA,,2017.0,F1nat,0.23782544862412133,0.0
ws,MAR,,2017.0,F1nat,0.06798873272284622,0.0
ws,MDA,,2017.0,F1nat,4.3010752688172054e-05,0.0
ws,MMR,,2017.0,F1nat,0.009042769857433807,0.0
ws,MNG,,2017.0,F1nat,0.00823529411764706,0.0
ws,MUS,,2017.0,F1nat,0.007516244452186318,0.0
ws,MWI,no fossil; regional (Africa) mix used for 0.04 TWh,2017.0,F1nat,,
ws,MWI,,2017.0,F1nat,0.03582749024399913,0.0
ws,NER,,2017.0,F1nat,0.003818181818181818,0.0
ws,NIC,,2017.0,F1nat,0.0,0.002328466888678604
ws,NPL,no fossil; regional (Asia) mix used for 0.09 TWh,2017.0,F1nat,,
ws,NPL,,2017.0,F1nat,0.08828221521976672,0.0
ws,NZL,,2017.0,F1nat,0.0008112777601900886,0.0
ws,OMN,,2017.0,F1nat,0.0005456691193311409,0.0
ws,PAK,,2017.0,F1nat,0.8866201111327816,0.0
ws,PRI,,2017.0,F1nat,0.06331244490428103,0.0
ws,PRK,,2017.0,F1nat,0.003362068965517242,0.0
ws,PSE,no fossil; regional (Middle East) mix used for 0.05 TWh,2017.0,F1nat,,
ws,PSE,,2017.0,F1nat,0.0,0.05
ws,REU,,2017.0,F1nat,0.10101623762376208,0.0
ws,RUS,,2017.0,F1nat,0.010875910328216968,0.0
ws,SAU,,2017.0,F1nat,0.0291714497910542,0.0
ws,SEN,,2017.0,F1nat,0.08871121718377088,0.0
ws,SGP,,2017.0,F1nat,0.001607248375024621,0.0
ws,SUR,,2017.0,F1nat,0.00011494252873563218,0.0
ws,THA,,2017.0,F1nat,0.011868236791852322,0.0
ws,TTO,,2017.0,F1nat,3.22234156820623e-05,0.0
ws,TUN,,2017.0,F1nat,0.002036719932413928,0.0
ws,TWN,,2017.0,F1nat,1.8240316669259597,0.0
ws,UKR,,2017.0,F1nat,0.06693328316506501,0.0
ws,URY,,2017.0,F1nat,3.2586109090909092,0.0
ws,UZB,,2017.0,F1nat,3.0245746691871463e-05,0.0
ws,ETH,no fossil; regional (Africa) mix used for 0.55 TWh,2017.0,F1nocap,,
ws,FRO,no fossil; regional (Europe) mix used for 0.05 TWh,2017.0,F1nocap,,
ws,GUM,no fossil; regional (Oceania) mix used for 0.06 TWh,2017.0,F1nocap,,
ws,ISL,no fossil; regional (Europe) mix used for 0.01 TWh,2017.0,F1nocap,,
ws,MWI,no fossil; regional (Africa) mix used for 0.04 TWh,2017.0,F1nocap,,
ws,NPL,no fossil; regional (Asia) mix used for 0.09 TWh,2017.0,F1nocap,,
ws,PSE,no fossil; regional (Middle East) mix used for 0.05 TWh,2017.0,F1nocap,,
ws,EUROPE_POOL,,2017.0,F1marg,18.313796830674526,0.0
ws,AFG,,2017.0,F1marg,0.02588235294117647,0.0
ws,ATG,,2017.0,F1marg,0.0,0.01
ws,AZE,,2017.0,F1marg,0.0034039022969733967,0.0
ws,BLR,,2017.0,F1marg,0.0012392528906018383,0.0
ws,BRA,,2017.0,F1marg,9.763466388084867,0.0
ws,BRB,,2017.0,F1marg,0.003743612214267332,0.0
ws,CAN,,2017.0,F1marg,7.121500650380714,0.0
ws,CIV,,2017.0,F1marg,0.009899623588455825,0.0
ws,CMR,,2017.0,F1marg,0.0,0.02
ws,DOM,,2017.0,F1marg,0.08794205894384134,0.0
ws,EGY,,2017.0,F1marg,0.29056500477062747,0.0
ws,ETH,no fossil; regional (Africa) mix used for 0.55 TWh,2017.0,F1marg,,
ws,ETH,,2017.0,F1marg,0.4682279908549879,0.02440000000000009
ws,FRO,no fossil; regional (Europe) mix used for 0.05 TWh,2017.0,F1marg,,
ws,FRO,,2017.0,F1marg,0.048333722444436414,0.0
ws,GEO,,2017.0,F1marg,0.0008071748878923766,0.0
ws,GTM,,2017.0,F1marg,0.16154592088019903,0.0
ws,GUF,,2017.0,F1marg,0.05,0.0
ws,GUM,no fossil; regional (Oceania) mix used for 0.06 TWh,2017.0,F1marg,,
ws,GUM,,2017.0,F1marg,0.057897146806660166,0.0
ws,HND,,2017.0,F1marg,0.0,0.9779056896927829
ws,IRN,,2017.0,F1marg,0.033993940474068784,0.0
ws,IRQ,,2017.0,F1marg,0.03660037751476923,0.0
ws,ISL,no fossil; regional (Europe) mix used for 0.01 TWh,2017.0,F1marg,,
ws,ISL,,2017.0,F1marg,0.009666744488887283,0.0
ws,ISR,,2017.0,F1marg,0.02350722433460076,0.0
ws,JOR,,2017.0,F1marg,0.18586765053121726,0.0
ws,JPN,,2017.0,F1marg,23.732672391814933,0.0
ws,KAZ,,2017.0,F1marg,0.003572365544381286,0.0
ws,KOR,,2017.0,F1marg,3.710435557746857,0.0
ws,LBN,,2017.0,F1marg,0.06999999999999999,0.0
ws,LBY,,2017.0,F1marg,0.0029815119531051543,0.0
ws,LKA,,2017.0,F1marg,0.23782544862412133,0.0
ws,MAR,,2017.0,F1marg,0.06798873272284622,0.0
ws,MDA,,2017.0,F1marg,4.3010752688172054e-05,0.0
ws,MMR,,2017.0,F1marg,0.009042769857433807,0.0
ws,MNG,,2017.0,F1marg,0.00823529411764706,0.0
ws,MUS,,2017.0,F1marg,0.007516244452186318,0.0
ws,MWI,no fossil; regional (Africa) mix used for 0.04 TWh,2017.0,F1marg,,
ws,MWI,,2017.0,F1marg,0.03582749024399913,0.0
ws,NER,,2017.0,F1marg,0.003818181818181818,0.0
ws,NIC,,2017.0,F1marg,0.0,0.002328466888678604
ws,NPL,no fossil; regional (Asia) mix used for 0.09 TWh,2017.0,F1marg,,
ws,NPL,,2017.0,F1marg,0.08828221521976672,0.0
ws,NZL,,2017.0,F1marg,0.0008140836647603025,0.0
ws,OMN,,2017.0,F1marg,0.0005456691193311409,0.0
ws,PAK,,2017.0,F1marg,0.8866201111327816,0.0
ws,PRI,,2017.0,F1marg,0.06331244490428103,0.0
ws,PRK,,2017.0,F1marg,0.003362068965517242,0.0
ws,PSE,no fossil; regional (Middle East) mix used for 0.05 TWh,2017.0,F1marg,,
ws,PSE,,2017.0,F1marg,0.0,0.05
ws,REU,,2017.0,F1marg,0.10101623762376208,0.0
ws,RUS,,2017.0,F1marg,0.010875910328216968,0.0
ws,SAU,,2017.0,F1marg,0.0291714497910542,0.0
ws,SEN,,2017.0,F1marg,0.08871121718377088,0.0
ws,SGP,,2017.0,F1marg,0.001607248375024621,0.0
ws,SUR,,2017.0,F1marg,0.00011494252873563218,0.0
ws,THA,,2017.0,F1marg,0.011868236791852322,0.0
ws,TTO,,2017.0,F1marg,3.22234156820623e-05,0.0
ws,TUN,,2017.0,F1marg,0.002036719932413928,0.0
ws,TWN,,2017.0,F1marg,1.8240316669259597,0.0
ws,UKR,,2017.0,F1marg,0.06693328316506501,0.0
ws,URY,,2017.0,F1marg,3.2586109090909092,0.0
ws,UZB,,2017.0,F1marg,3.0245746691871463e-05,0.0
ws,EUROPE_POOL,,2018.0,F1,13.07687078503961,0.0
ws,AFG,,2018.0,F1,0.024,0.0
ws,ATG,,2018.0,F1,0.0,0.01
ws,AUS,,2018.0,F1,0.707633368191523,0.0
ws,AZE,,2018.0,F1,0.0002588438308886972,0.0
ws,BLR,,2018.0,F1,0.00212676794133054,0.0
ws,BRA,,2018.0,F1,12.597520680826769,0.0
ws,BRB,,2018.0,F1,0.0036736634405447645,0.0
ws,CAN,,2018.0,F1,2.3815818062294465,0.0
ws,CIV,,2018.0,F1,0.009985795454545456,0.0
ws,CMR,,2018.0,F1,0.0,0.020000000000000004
ws,DOM,,2018.0,F1,0.10961874888030534,0.0
ws,EGY,,2018.0,F1,0.16565760872311608,0.0
ws,ETH,no fossil; regional (Africa) mix used for 0.55 TWh,2018.0,F1,,
ws,ETH,,2018.0,F1,0.4291545105899618,0.07696000000000003
ws,FRO,no fossil; regional (Europe) mix used for 0.05 TWh,2018.0,F1,,
ws,FRO,,2018.0,F1,0.04842167864732444,0.0
ws,GEO,,2018.0,F1,0.00037914691943127966,0.0
ws,GTM,,2018.0,F1,0.45167037861915366,0.0
ws,GUF,,2018.0,F1,0.05,0.0
ws,GUM,no fossil; regional (Oceania) mix used for 0.07 TWh,2018.0,F1,,
ws,GUM,,2018.0,F1,0.06743059566457903,0.0
ws,HND,,2018.0,F1,0.0,1.2614346537272771
ws,IRN,,2018.0,F1,0.08656959576417879,0.0
ws,IRQ,,2018.0,F1,0.007577167719881945,0.0
ws,ISR,,2018.0,F1,0.012957998212689902,0.0
ws,JOR,,2018.0,F1,0.14807248764415154,0.0
ws,JPN,,2018.0,F1,28.0567559924483,0.0
ws,KAZ,,2018.0,F1,0.004014734875998755,0.0
ws,KOR,,2018.0,F1,1.766028906394837,0.0
ws,LBN,,2018.0,F1,0.09999999999999999,0.0
ws,LBY,,2018.0,F1,0.003280936834805481,0.0
ws,LKA,,2018.0,F1,0.19954963823782326,0.0
ws,MDA,,2018.0,F1,3.952569169960475e-05,0.0
ws,MMR,,2018.0,F1,0.01252844800589856,0.0
ws,MNG,,2018.0,F1,0.0,0.0930399999999999
ws,MYS,,2018.0,F1,0.34225557039432064,0.0
ws,NER,,2018.0,F1,0.003653846153846154,0.0
ws,NIC,,2018.0,F1,0.0,0.11966094466738997
ws,NPL,no fossil; regional (Asia) mix used for 0.09 TWh,2018.0,F1,,
ws,NPL,,2018.0,F1,0.08867862757465952,0.0
ws,NZL,,2018.0,F1,0.0027675292420511507,0.0
ws,OMN,,2018.0,F1,0.001418284741875434,0.0
ws,PRI,,2018.0,F1,0.08385750074889559,0.0
ws,PRK,,2018.0,F1,0.0038181818181818187,0.0
ws,PSE,no fossil; regional (Middle East) mix used for 0.06 TWh,2018.0,F1,,
ws,PSE,,2018.0,F1,0.0,0.06
ws,REU,,2018.0,F1,0.015235744680850954,0.0
ws,RUS,,2018.0,F1,0.01464756318322785,0.0
ws,RWA,,2018.0,F1,0.0007437383733110339,0.0
ws,SAU,,2018.0,F1,0.061957811164664714,0.0
ws,SEN,,2018.0,F1,0.24764150943396226,0.0
ws,SGP,,2018.0,F1,0.00187866301252489,0.0
ws,SUR,,2018.0,F1,0.00022471910112359551,0.0
ws,TGO,,2018.0,F1,0.005384615384615384,0.0
ws,THA,,2018.0,F1,0.007306883867577508,0.0
ws,TTO,,2018.0,F1,3.0259786816293762e-05,0.0
ws,TUN,,2018.0,F1,0.0019115712455825737,0.0
ws,TWN,,2018.0,F1,2.4492099962929483,0.0
ws,UKR,,2018.0,F1,0.049350044997263504,0.0
ws,URY,,2018.0,F1,4.926742222222223,0.0
ws,UZB,,2018.0,F1,8.036338225017471e-05,0.0
ws,BGR,,2018.0,F1nat,0.03488562900044937,0.0
ws,BIH,,2018.0,F1nat,0.0007667731629392973,0.0
ws,CHE,,2018.0,F1nat,0.9221206981536874,0.0
ws,HRV,,2018.0,F1nat,0.8422459893048129,0.0
ws,LTU,,2018.0,F1nat,0.2731924331910835,0.0
ws,LUX,,2018.0,F1nat,0.052559999999999996,0.24744
ws,LVA,,2018.0,F1nat,0.0001715137871159475,0.0
ws,MNE,,2018.0,F1nat,0.0,0.04000000000000001
ws,NOR,,2018.0,F1nat,0.05873442863153397,0.0
ws,POL,,2018.0,F1nat,0.12894193441894883,0.0
ws,PRT,,2018.0,F1nat,3.1278790271761006,0.0
ws,SRB,,2018.0,F1nat,0.000931315483119907,0.0
ws,SVK,,2018.0,F1nat,0.032638961935159125,0.0
ws,SVN,,2018.0,F1nat,0.0010156250000000003,0.0
ws,SWE,,2018.0,F1nat,4.044029106908627,0.0
ws,AFG,,2018.0,F1nat,0.024,0.0
ws,ATG,,2018.0,F1nat,0.0,0.01
ws,AUS,,2018.0,F1nat,0.707633368191523,0.0
ws,AZE,,2018.0,F1nat,0.0002588438308886972,0.0
ws,BLR,,2018.0,F1nat,0.00212676794133054,0.0
ws,BRA,,2018.0,F1nat,12.597520680826769,0.0
ws,BRB,,2018.0,F1nat,0.0036736634405447645,0.0
ws,CAN,,2018.0,F1nat,2.3815818062294465,0.0
ws,CIV,,2018.0,F1nat,0.009985795454545456,0.0
ws,CMR,,2018.0,F1nat,0.0,0.020000000000000004
ws,DOM,,2018.0,F1nat,0.10961874888030534,0.0
ws,EGY,,2018.0,F1nat,0.16565760872311608,0.0
ws,ETH,no fossil; regional (Africa) mix used for 0.55 TWh,2018.0,F1nat,,
ws,ETH,,2018.0,F1nat,0.4291545105899618,0.07696000000000003
ws,FRO,no fossil; regional (Europe) mix used for 0.05 TWh,2018.0,F1nat,,
ws,FRO,,2018.0,F1nat,0.04842167864732444,0.0
ws,GEO,,2018.0,F1nat,0.00037914691943127966,0.0
ws,GTM,,2018.0,F1nat,0.45167037861915366,0.0
ws,GUF,,2018.0,F1nat,0.05,0.0
ws,GUM,no fossil; regional (Oceania) mix used for 0.07 TWh,2018.0,F1nat,,
ws,GUM,,2018.0,F1nat,0.06743059566457903,0.0
ws,HND,,2018.0,F1nat,0.0,1.2614346537272771
ws,IRN,,2018.0,F1nat,0.08656959576417879,0.0
ws,IRQ,,2018.0,F1nat,0.007577167719881945,0.0
ws,ISR,,2018.0,F1nat,0.012957998212689902,0.0
ws,JOR,,2018.0,F1nat,0.14807248764415154,0.0
ws,JPN,,2018.0,F1nat,28.0567559924483,0.0
ws,KAZ,,2018.0,F1nat,0.004014734875998755,0.0
ws,KOR,,2018.0,F1nat,1.766028906394837,0.0
ws,LBN,,2018.0,F1nat,0.09999999999999999,0.0
ws,LBY,,2018.0,F1nat,0.003280936834805481,0.0
ws,LKA,,2018.0,F1nat,0.19954963823782326,0.0
ws,MDA,,2018.0,F1nat,3.952569169960475e-05,0.0
ws,MMR,,2018.0,F1nat,0.01252844800589856,0.0
ws,MNG,,2018.0,F1nat,0.0,0.0930399999999999
ws,MYS,,2018.0,F1nat,0.34225557039432064,0.0
ws,NER,,2018.0,F1nat,0.003653846153846154,0.0
ws,NIC,,2018.0,F1nat,0.0,0.11966094466738997
ws,NPL,no fossil; regional (Asia) mix used for 0.09 TWh,2018.0,F1nat,,
ws,NPL,,2018.0,F1nat,0.08867862757465952,0.0
ws,NZL,,2018.0,F1nat,0.0027675292420511507,0.0
ws,OMN,,2018.0,F1nat,0.001418284741875434,0.0
ws,PRI,,2018.0,F1nat,0.08385750074889559,0.0
ws,PRK,,2018.0,F1nat,0.0038181818181818187,0.0
ws,PSE,no fossil; regional (Middle East) mix used for 0.06 TWh,2018.0,F1nat,,
ws,PSE,,2018.0,F1nat,0.0,0.06
ws,REU,,2018.0,F1nat,0.015235744680850954,0.0
ws,RUS,,2018.0,F1nat,0.01464756318322785,0.0
ws,RWA,,2018.0,F1nat,0.0007437383733110339,0.0
ws,SAU,,2018.0,F1nat,0.061957811164664714,0.0
ws,SEN,,2018.0,F1nat,0.24764150943396226,0.0
ws,SGP,,2018.0,F1nat,0.00187866301252489,0.0
ws,SUR,,2018.0,F1nat,0.00022471910112359551,0.0
ws,TGO,,2018.0,F1nat,0.005384615384615384,0.0
ws,THA,,2018.0,F1nat,0.007306883867577508,0.0
ws,TTO,,2018.0,F1nat,3.0259786816293762e-05,0.0
ws,TUN,,2018.0,F1nat,0.0019115712455825737,0.0
ws,TWN,,2018.0,F1nat,2.4492099962929483,0.0
ws,UKR,,2018.0,F1nat,0.049350044997263504,0.0
ws,URY,,2018.0,F1nat,4.926742222222223,0.0
ws,UZB,,2018.0,F1nat,8.036338225017471e-05,0.0
ws,ETH,no fossil; regional (Africa) mix used for 0.55 TWh,2018.0,F1nocap,,
ws,FRO,no fossil; regional (Europe) mix used for 0.05 TWh,2018.0,F1nocap,,
ws,GUM,no fossil; regional (Oceania) mix used for 0.07 TWh,2018.0,F1nocap,,
ws,NPL,no fossil; regional (Asia) mix used for 0.09 TWh,2018.0,F1nocap,,
ws,PSE,no fossil; regional (Middle East) mix used for 0.06 TWh,2018.0,F1nocap,,
ws,EUROPE_POOL,,2018.0,F1marg,10.462377883370529,0.0
ws,AFG,,2018.0,F1marg,0.024,0.0
ws,ATG,,2018.0,F1marg,0.0,0.01
ws,AZE,,2018.0,F1marg,0.0002588438308886972,0.0
ws,BLR,,2018.0,F1marg,0.00212676794133054,0.0
ws,BRA,,2018.0,F1marg,12.597520680826769,0.0
ws,BRB,,2018.0,F1marg,0.0036736634405447645,0.0
ws,CIV,,2018.0,F1marg,0.009985795454545456,0.0
ws,CMR,,2018.0,F1marg,0.0,0.020000000000000004
ws,DOM,,2018.0,F1marg,0.10961874888030534,0.0
ws,EGY,,2018.0,F1marg,0.16565760872311608,0.0
ws,ETH,no fossil; regional (Africa) mix used for 0.55 TWh,2018.0,F1marg,,
ws,ETH,,2018.0,F1marg,0.4291545105899618,0.07696000000000003
ws,FRO,no fossil; regional (Europe) mix used for 0.05 TWh,2018.0,F1marg,,
ws,FRO,,2018.0,F1marg,0.04842167864732444,0.0
ws,GEO,,2018.0,F1marg,0.00037914691943127966,0.0
ws,GTM,,2018.0,F1marg,0.45167037861915366,0.0
ws,GUF,,2018.0,F1marg,0.05,0.0
ws,GUM,no fossil; regional (Oceania) mix used for 0.07 TWh,2018.0,F1marg,,
ws,GUM,,2018.0,F1marg,0.06743059566457903,0.0
ws,HND,,2018.0,F1marg,0.0,1.2614346537272771
ws,IRN,,2018.0,F1marg,0.08656959576417879,0.0
ws,IRQ,,2018.0,F1marg,0.007577167719881945,0.0
ws,ISR,,2018.0,F1marg,0.012957998212689902,0.0
ws,JOR,,2018.0,F1marg,0.14807248764415154,0.0
ws,JPN,,2018.0,F1marg,28.0567559924483,0.0
ws,KAZ,,2018.0,F1marg,0.004014734875998755,0.0
ws,KOR,,2018.0,F1marg,1.766028906394837,0.0
ws,LBN,,2018.0,F1marg,0.09999999999999999,0.0
ws,LBY,,2018.0,F1marg,0.003280936834805481,0.0
ws,LKA,,2018.0,F1marg,0.19954963823782326,0.0
ws,MDA,,2018.0,F1marg,3.952569169960475e-05,0.0
ws,MMR,,2018.0,F1marg,0.01252844800589856,0.0
ws,MNG,,2018.0,F1marg,0.0,0.0930399999999999
ws,MYS,,2018.0,F1marg,0.34225557039432064,0.0
ws,NER,,2018.0,F1marg,0.003653846153846154,0.0
ws,NIC,,2018.0,F1marg,0.0,0.11966094466738997
ws,NPL,no fossil; regional (Asia) mix used for 0.09 TWh,2018.0,F1marg,,
ws,NPL,,2018.0,F1marg,0.08867862757465952,0.0
ws,NZL,,2018.0,F1marg,0.0027793900402642148,0.0
ws,OMN,,2018.0,F1marg,0.001418284741875434,0.0
ws,PRI,,2018.0,F1marg,0.08385750074889559,0.0
ws,PRK,,2018.0,F1marg,0.0038181818181818187,0.0
ws,PSE,no fossil; regional (Middle East) mix used for 0.06 TWh,2018.0,F1marg,,
ws,PSE,,2018.0,F1marg,0.0,0.06
ws,REU,,2018.0,F1marg,0.015235744680850954,0.0
ws,RUS,,2018.0,F1marg,0.01464756318322785,0.0
ws,RWA,,2018.0,F1marg,0.0007437383733110339,0.0
ws,SAU,,2018.0,F1marg,0.061957811164664714,0.0
ws,SEN,,2018.0,F1marg,0.24764150943396226,0.0
ws,SGP,,2018.0,F1marg,0.00187866301252489,0.0
ws,SUR,,2018.0,F1marg,0.00022471910112359551,0.0
ws,TGO,,2018.0,F1marg,0.005384615384615384,0.0
ws,THA,,2018.0,F1marg,0.007306883867577508,0.0
ws,TTO,,2018.0,F1marg,3.0259786816293762e-05,0.0
ws,TUN,,2018.0,F1marg,0.0019115712455825737,0.0
ws,TWN,,2018.0,F1marg,2.4492099962929483,0.0
ws,UKR,,2018.0,F1marg,0.049350044997263504,0.0
ws,URY,,2018.0,F1marg,4.926742222222223,0.0
ws,UZB,,2018.0,F1marg,8.036338225017471e-05,0.0
ws,EUROPE_POOL,,2019.0,F1,12.148439346641204,0.0
ws,AFG,,2019.0,F1,0.02666666666666667,0.0
ws,ATG,,2019.0,F1,0.0,0.01
ws,AZE,,2019.0,F1,0.00028973509933774837,0.0
ws,BLR,,2019.0,F1,0.002100456621004566,0.0
ws,BRA,,2019.0,F1,16.826786346454746,0.0
ws,BRB,,2019.0,F1,0.004852661204077466,0.0
ws,CIV,,2019.0,F1,0.00998881943738086,0.0
ws,CMR,,2019.0,F1,0.0,0.02
ws,EGY,,2019.0,F1,0.24554516594748477,0.0
ws,ETH,,2019.0,F1,0.0,0.3483847354508368
ws,FRO,no fossil; regional (Europe) mix used for 0.04 TWh,2019.0,F1,,
ws,FRO,,2019.0,F1,0.03882344873116125,0.0
ws,GTM,,2019.0,F1,0.49533769063180827,0.0
ws,GUF,,2019.0,F1,0.05,0.0
ws,GUM,no fossil; regional (Oceania) mix used for 0.08 TWh,2019.0,F1,,
ws,GUM,,2019.0,F1,0.0770838664488521,0.0
ws,HND,,2019.0,F1,0.0,1.9142807818138141
ws,IRN,,2019.0,F1,0.13738823190077876,0.0
ws,IRQ,,2019.0,F1,0.023822488429077048,0.0
ws,ISL,no fossil; regional (Europe) mix used for 0.01 TWh,2019.0,F1,,
ws,ISL,,2019.0,F1,0.009705862182790313,0.0
ws,ISR,,2019.0,F1,0.058786127167630056,0.0
ws,JOR,,2019.0,F1,0.15227091633466136,0.0
ws,JPN,,2019.0,F1,31.567000419291226,0.0
ws,KAZ,,2019.0,F1,0.007149596393751965,0.0
ws,KHM,,2019.0,F1,0.07577718534068668,0.0
ws,LBN,,2019.0,F1,0.13,0.0
ws,LBY,,2019.0,F1,0.0031298952471582437,0.0
ws,LKA,,2019.0,F1,0.29279999999999823,0.0
ws,MAR,,2019.0,F1,2.1036847422043827,0.0
ws,MMR,,2019.0,F1,0.025242603550295856,0.0
ws,MNG,,2019.0,F1,0.0,0.10271999999999915
ws,MOZ,,2019.0,F1,0.0009650460906957772,0.0
ws,NER,,2019.0,F1,0.0065978203598601945,0.0
ws,NIC,,2019.0,F1,0.0,0.1339803829656132
ws,NPL,no fossil; regional (Asia) mix used for 0.09 TWh,2019.0,F1,,
ws,NPL,,2019.0,F1,0.08887255666408696,0.0
ws,NZL,,2019.0,F1,0.0009941976354352687,0.0
ws,OMN,,2019.0,F1,0.0016403527682119672,0.0
ws,PRI,,2019.0,F1,0.1545459662324389,0.0
ws,PRK,,2019.0,F1,0.005812500000000001,0.0
ws,PSE,no fossil; regional (Middle East) mix used for 0.12 TWh,2019.0,F1,,
ws,PSE,,2019.0,F1,0.0,0.12
ws,REU,,2019.0,F1,0.038782857142857036,0.0
ws,RUS,,2019.0,F1,0.02364864296233957,0.0
ws,RWA,,2019.0,F1,0.002527933497558421,0.0
ws,SAU,,2019.0,F1,0.08798990990687029,0.0
ws,SEN,,2019.0,F1,0.3421199776367974,0.0
ws,SGP,,2019.0,F1,0.0023465703971119137,0.0
ws,SUR,,2019.0,F1,0.00018691588785046728,0.0
ws,TGO,,2019.0,F1,0.009583333333333333,0.0
ws,THA,,2019.0,F1,0.011296154045102208,0.0
ws,TTO,,2019.0,F1,3.039166800657488e-05,0.0
ws,TUN,,2019.0,F1,0.0015127093943500998,0.0
ws,UKR,,2019.0,F1,0.06490646241375161,0.0
ws,URY,,2019.0,F1,2.7354927347424263,0.0
ws,UZB,,2019.0,F1,0.00012436503765983533,0.0
ws,AUT,,2019.0,F1nat,0.6157307802139648,0.0
ws,BGR,,2019.0,F1nat,0.04457549567869853,0.0
ws,BIH,,2019.0,F1nat,0.0017769718948322756,0.0
ws,CHE,,2019.0,F1nat,1.1441685929631844,0.0
ws,DNK,,2019.0,F1nat,0.38713569293368133,0.0
ws,HRV,,2019.0,F1nat,0.9419069767441861,0.0
ws,LTU,,2019.0,F1nat,0.13213809377932537,0.0
ws,LUX,,2019.0,F1nat,0.052559999999999996,0.28744000000000003
ws,MNE,,2019.0,F1nat,0.0,0.15823999999999996
ws,NOR,,2019.0,F1nat,0.09267828429823315,0.0
ws,POL,,2019.0,F1nat,0.16750611995516748,0.0
ws,SRB,,2019.0,F1nat,0.0034535104364326378,0.0
ws,SVK,,2019.0,F1nat,0.029670754112252607,0.0
ws,SVN,,2019.0,F1nat,0.0006163021868787275,0.0
ws,SWE,,2019.0,F1nat,5.439655259291751,0.0
ws,AFG,,2019.0,F1nat,0.02666666666666667,0.0
ws,ATG,,2019.0,F1nat,0.0,0.01
ws,AZE,,2019.0,F1nat,0.00028973509933774837,0.0
ws,BLR,,2019.0,F1nat,0.002100456621004566,0.0
ws,BRA,,2019.0,F1nat,16.826786346454746,0.0
ws,BRB,,2019.0,F1nat,0.004852661204077466,0.0
ws,CIV,,2019.0,F1nat,0.00998881943738086,0.0
ws,CMR,,2019.0,F1nat,0.0,0.02
ws,EGY,,2019.0,F1nat,0.24554516594748477,0.0
ws,ETH,,2019.0,F1nat,0.0,0.3483847354508368
ws,FRO,no fossil; regional (Europe) mix used for 0.04 TWh,2019.0,F1nat,,
ws,FRO,,2019.0,F1nat,0.03882344873116125,0.0
ws,GTM,,2019.0,F1nat,0.49533769063180827,0.0
ws,GUF,,2019.0,F1nat,0.05,0.0
ws,GUM,no fossil; regional (Oceania) mix used for 0.08 TWh,2019.0,F1nat,,
ws,GUM,,2019.0,F1nat,0.0770838664488521,0.0
ws,HND,,2019.0,F1nat,0.0,1.9142807818138141
ws,IRN,,2019.0,F1nat,0.13738823190077876,0.0
ws,IRQ,,2019.0,F1nat,0.023822488429077048,0.0
ws,ISL,no fossil; regional (Europe) mix used for 0.01 TWh,2019.0,F1nat,,
ws,ISL,,2019.0,F1nat,0.009705862182790313,0.0
ws,ISR,,2019.0,F1nat,0.058786127167630056,0.0
ws,JOR,,2019.0,F1nat,0.15227091633466136,0.0
ws,JPN,,2019.0,F1nat,31.567000419291226,0.0
ws,KAZ,,2019.0,F1nat,0.007149596393751965,0.0
ws,KHM,,2019.0,F1nat,0.07577718534068668,0.0
ws,LBN,,2019.0,F1nat,0.13,0.0
ws,LBY,,2019.0,F1nat,0.0031298952471582437,0.0
ws,LKA,,2019.0,F1nat,0.29279999999999823,0.0
ws,MAR,,2019.0,F1nat,2.1036847422043827,0.0
ws,MMR,,2019.0,F1nat,0.025242603550295856,0.0
ws,MNG,,2019.0,F1nat,0.0,0.10271999999999915
ws,MOZ,,2019.0,F1nat,0.0009650460906957772,0.0
ws,NER,,2019.0,F1nat,0.0065978203598601945,0.0
ws,NIC,,2019.0,F1nat,0.0,0.1339803829656132
ws,NPL,no fossil; regional (Asia) mix used for 0.09 TWh,2019.0,F1nat,,
ws,NPL,,2019.0,F1nat,0.08887255666408696,0.0
ws,NZL,,2019.0,F1nat,0.0009941976354352687,0.0
ws,OMN,,2019.0,F1nat,0.0016403527682119672,0.0
ws,PRI,,2019.0,F1nat,0.1545459662324389,0.0
ws,PRK,,2019.0,F1nat,0.005812500000000001,0.0
ws,PSE,no fossil; regional (Middle East) mix used for 0.12 TWh,2019.0,F1nat,,
ws,PSE,,2019.0,F1nat,0.0,0.12
ws,REU,,2019.0,F1nat,0.038782857142857036,0.0
ws,RUS,,2019.0,F1nat,0.02364864296233957,0.0
ws,RWA,,2019.0,F1nat,0.002527933497558421,0.0
ws,SAU,,2019.0,F1nat,0.08798990990687029,0.0
ws,SEN,,2019.0,F1nat,0.3421199776367974,0.0
ws,SGP,,2019.0,F1nat,0.0023465703971119137,0.0
ws,SUR,,2019.0,F1nat,0.00018691588785046728,0.0
ws,TGO,,2019.0,F1nat,0.009583333333333333,0.0
ws,THA,,2019.0,F1nat,0.011296154045102208,0.0
ws,TTO,,2019.0,F1nat,3.039166800657488e-05,0.0
ws,TUN,,2019.0,F1nat,0.0015127093943500998,0.0
ws,UKR,,2019.0,F1nat,0.06490646241375161,0.0
ws,URY,,2019.0,F1nat,2.7354927347424263,0.0
ws,UZB,,2019.0,F1nat,0.00012436503765983533,0.0
ws,FRO,no fossil; regional (Europe) mix used for 0.04 TWh,2019.0,F1nocap,,
ws,GUM,no fossil; regional (Oceania) mix used for 0.08 TWh,2019.0,F1nocap,,
ws,ISL,no fossil; regional (Europe) mix used for 0.01 TWh,2019.0,F1nocap,,
ws,NPL,no fossil; regional (Asia) mix used for 0.09 TWh,2019.0,F1nocap,,
ws,PSE,no fossil; regional (Middle East) mix used for 0.12 TWh,2019.0,F1nocap,,
ws,EUROPE_POOL,,2019.0,F1marg,9.68163488327029,0.0
ws,AFG,,2019.0,F1marg,0.02666666666666667,0.0
ws,ATG,,2019.0,F1marg,0.0,0.01
ws,AZE,,2019.0,F1marg,0.00028973509933774837,0.0
ws,BLR,,2019.0,F1marg,0.002100456621004566,0.0
ws,BRA,,2019.0,F1marg,16.826786346454746,0.0
ws,BRB,,2019.0,F1marg,0.004852661204077466,0.0
ws,CIV,,2019.0,F1marg,0.00998881943738086,0.0
ws,CMR,,2019.0,F1marg,0.0,0.02
ws,EGY,,2019.0,F1marg,0.24554516594748477,0.0
ws,ETH,,2019.0,F1marg,0.0,0.3483847354508368
ws,FRO,no fossil; regional (Europe) mix used for 0.04 TWh,2019.0,F1marg,,
ws,FRO,,2019.0,F1marg,0.03882344873116125,0.0
ws,GTM,,2019.0,F1marg,0.49533769063180827,0.0
ws,GUF,,2019.0,F1marg,0.05,0.0
ws,GUM,no fossil; regional (Oceania) mix used for 0.08 TWh,2019.0,F1marg,,
ws,GUM,,2019.0,F1marg,0.0770838664488521,0.0
ws,HND,,2019.0,F1marg,0.0,1.9142807818138141
ws,IRN,,2019.0,F1marg,0.13738823190077876,0.0
ws,IRQ,,2019.0,F1marg,0.023822488429077048,0.0
ws,ISL,no fossil; regional (Europe) mix used for 0.01 TWh,2019.0,F1marg,,
ws,ISL,,2019.0,F1marg,0.009705862182790313,0.0
ws,ISR,,2019.0,F1marg,0.058786127167630056,0.0
ws,JOR,,2019.0,F1marg,0.15227091633466136,0.0
ws,JPN,,2019.0,F1marg,31.567000419291226,0.0
ws,KAZ,,2019.0,F1marg,0.007149596393751965,0.0
ws,KHM,,2019.0,F1marg,0.07577718534068668,0.0
ws,LBN,,2019.0,F1marg,0.13,0.0
ws,LBY,,2019.0,F1marg,0.0031298952471582437,0.0
ws,LKA,,2019.0,F1marg,0.29279999999999823,0.0
ws,MAR,,2019.0,F1marg,2.1036847422043827,0.0
ws,MMR,,2019.0,F1marg,0.025242603550295856,0.0
ws,MNG,,2019.0,F1marg,0.0,0.10271999999999915
ws,MOZ,,2019.0,F1marg,0.0009650460906957772,0.0
ws,NER,,2019.0,F1marg,0.0065978203598601945,0.0
ws,NIC,,2019.0,F1marg,0.0,0.1339803829656132
ws,NPL,no fossil; regional (Asia) mix used for 0.09 TWh,2019.0,F1marg,,
ws,NPL,,2019.0,F1marg,0.08887255666408696,0.0
ws,NZL,,2019.0,F1marg,0.0009983803590313273,0.0
ws,OMN,,2019.0,F1marg,0.0016403527682119672,0.0
ws,PRI,,2019.0,F1marg,0.1545459662324389,0.0
ws,PRK,,2019.0,F1marg,0.005812500000000001,0.0
ws,PSE,no fossil; regional (Middle East) mix used for 0.12 TWh,2019.0,F1marg,,
ws,PSE,,2019.0,F1marg,0.0,0.12
ws,REU,,2019.0,F1marg,0.038782857142857036,0.0
ws,RUS,,2019.0,F1marg,0.02364864296233957,0.0
ws,RWA,,2019.0,F1marg,0.002527933497558421,0.0
ws,SAU,,2019.0,F1marg,0.08798990990687029,0.0
ws,SEN,,2019.0,F1marg,0.3421199776367974,0.0
ws,SGP,,2019.0,F1marg,0.0023465703971119137,0.0
ws,SUR,,2019.0,F1marg,0.00018691588785046728,0.0
ws,TGO,,2019.0,F1marg,0.009583333333333333,0.0
ws,THA,,2019.0,F1marg,0.011296154045102208,0.0
ws,TTO,,2019.0,F1marg,3.039166800657488e-05,0.0
ws,TUN,,2019.0,F1marg,0.0015127093943500998,0.0
ws,UKR,,2019.0,F1marg,0.06490646241375161,0.0
ws,URY,,2019.0,F1marg,2.7354927347424263,0.0
ws,UZB,,2019.0,F1marg,0.00012436503765983533,0.0
ws,EUROPE_POOL,,2020.0,F1,22.25162271203311,0.0
ws,AFG,,2020.0,F1,0.011666666666666667,0.0
ws,ATG,,2020.0,F1,0.0,0.02
ws,AZE,,2020.0,F1,0.00030699959066721253,0.0
ws,BLR,,2020.0,F1,0.020767662282087394,0.0
ws,BRA,,2020.0,F1,9.44381193673844,0.0
ws,BRB,,2020.0,F1,0.006144644087242993,0.0
ws,CIV,,2020.0,F1,0.019979586316438043,0.0
ws,CMR,,2020.0,F1,0.0,0.02
ws,ETH,no fossil; regional (Africa) mix used for 0.64 TWh,2020.0,F1,,
ws,ETH,,2020.0,F1,0.48864367411300785,0.1144
ws,FRO,no fossil; regional (Europe) mix used for 0.04 TWh,2020.0,F1,,
ws,FRO,,2020.0,F1,0.03882296795226899,0.0
ws,GTM,,2020.0,F1,0.0017607973421926914,0.0
ws,GUF,,2020.0,F1,0.06,0.0
ws,GUM,no fossil; regional (Oceania) mix used for 0.08 TWh,2020.0,F1,,
ws,GUM,,2020.0,F1,0.07721569679215698,0.0
ws,HND,,2020.0,F1,0.0,1.2870567030423705
ws,IRN,,2020.0,F1,0.2021925151168491,0.0
ws,ISL,no fossil; regional (Europe) mix used for 0.01 TWh,2020.0,F1,,
ws,ISL,,2020.0,F1,0.009705741988067248,0.0
ws,ISR,,2020.0,F1,0.03140556368960468,0.0
ws,JOR,,2020.0,F1,0.1929082240762813,0.0
ws,JPN,,2020.0,F1,34.24613719193496,0.0
ws,KAZ,,2020.0,F1,0.015023784901758014,0.0
ws,LBN,,2020.0,F1,0.15000000000000002,0.0
ws,LKA,,2020.0,F1,0.78,0.0
ws,MAR,,2020.0,F1,2.478845286223831,0.0
ws,MMR,,2020.0,F1,0.02199170124481328,0.0
ws,MNG,,2020.0,F1,0.03523489932885906,0.0
ws,MOZ,,2020.0,F1,0.0026445712576671472,0.0
ws,NER,,2020.0,F1,0.006727090149949403,0.0
ws,NPL,no fossil; regional (Asia) mix used for 0.09 TWh,2020.0,F1,,
ws,NPL,,2020.0,F1,0.08895899462575982,0.0
ws,NZL,,2020.0,F1,0.030964201167894338,0.0
ws,OMN,,2020.0,F1,0.002362204724409449,0.0
ws,PRI,,2020.0,F1,0.17283062043571026,0.0
ws,PRK,,2020.0,F1,0.007589285714285715,0.0
ws,PSE,no fossil; regional (Middle East) mix used for 0.18 TWh,2020.0,F1,,
ws,PSE,,2020.0,F1,0.0,0.18
ws,REU,,2020.0,F1,0.1803146853146853,0.0
ws,RUS,,2020.0,F1,0.05684689097755871,0.0
ws,RWA,,2020.0,F1,0.006624825363964932,0.0
ws,SAU,,2020.0,F1,0.35932733301752723,0.0
ws,SEN,,2020.0,F1,0.5700950252946463,0.0
ws,SGP,,2020.0,F1,0.0030825901512214035,0.0
ws,SUR,,2020.0,F1,0.00018867924528301886,0.0
ws,SYR,,2020.0,F1,0.01125061789421651,0.0
ws,TGO,,2020.0,F1,0.008999552565153451,0.0
ws,THA,,2020.0,F1,0.015375396583486302,0.0
ws,TTO,,2020.0,F1,3.029264969418495e-05,0.0
ws,TUN,,2020.0,F1,0.0018926169879254983,0.0
ws,UKR,,2020.0,F1,0.039302708638360176,0.0
ws,URY,,2020.0,F1,5.94,0.0
ws,UZB,,2020.0,F1,7.802340702210663e-05,0.0
ws,AUT,,2020.0,F1nat,0.37227590380326203,0.0
ws,BGR,,2020.0,F1nat,0.04413965087281796,0.0
ws,BIH,,2020.0,F1nat,0.0010428931875525653,0.0
ws,CHE,,2020.0,F1nat,1.584778340258909,0.0
ws,HRV,,2020.0,F1nat,1.3304273504273505,0.0
ws,LTU,,2020.0,F1nat,0.07062491380212442,0.0
ws,LUX,,2020.0,F1nat,0.052559999999999996,0.38744
ws,MNE,,2020.0,F1nat,0.0,0.22
ws,NOR,,2020.0,F1nat,0.13334419108684567,4.468360094999539
ws,POL,,2020.0,F1nat,0.21243370738032952,0.0
ws,SRB,,2020.0,F1nat,0.0018319763138415987,0.0
ws,SVK,,2020.0,F1nat,0.027014030475746947,0.0
ws,SVN,,2020.0,F1nat,0.0015103178935415552,0.0
ws,SWE,,2020.0,F1nat,2.799963151174497,0.0
ws,AFG,,2020.0,F1nat,0.011666666666666667,0.0
ws,ATG,,2020.0,F1nat,0.0,0.02
ws,AZE,,2020.0,F1nat,0.00030699959066721253,0.0
ws,BLR,,2020.0,F1nat,0.020767662282087394,0.0
ws,BRA,,2020.0,F1nat,9.44381193673844,0.0
ws,BRB,,2020.0,F1nat,0.006144644087242993,0.0
ws,CIV,,2020.0,F1nat,0.019979586316438043,0.0
ws,CMR,,2020.0,F1nat,0.0,0.02
ws,ETH,no fossil; regional (Africa) mix used for 0.64 TWh,2020.0,F1nat,,
ws,ETH,,2020.0,F1nat,0.48864367411300785,0.1144
ws,FRO,no fossil; regional (Europe) mix used for 0.04 TWh,2020.0,F1nat,,
ws,FRO,,2020.0,F1nat,0.03882296795226899,0.0
ws,GTM,,2020.0,F1nat,0.0017607973421926914,0.0
ws,GUF,,2020.0,F1nat,0.06,0.0
ws,GUM,no fossil; regional (Oceania) mix used for 0.08 TWh,2020.0,F1nat,,
ws,GUM,,2020.0,F1nat,0.07721569679215698,0.0
ws,HND,,2020.0,F1nat,0.0,1.2870567030423705
ws,IRN,,2020.0,F1nat,0.2021925151168491,0.0
ws,ISL,no fossil; regional (Europe) mix used for 0.01 TWh,2020.0,F1nat,,
ws,ISL,,2020.0,F1nat,0.009705741988067248,0.0
ws,ISR,,2020.0,F1nat,0.03140556368960468,0.0
ws,JOR,,2020.0,F1nat,0.1929082240762813,0.0
ws,JPN,,2020.0,F1nat,34.24613719193496,0.0
ws,KAZ,,2020.0,F1nat,0.015023784901758014,0.0
ws,LBN,,2020.0,F1nat,0.15000000000000002,0.0
ws,LKA,,2020.0,F1nat,0.78,0.0
ws,MAR,,2020.0,F1nat,2.478845286223831,0.0
ws,MMR,,2020.0,F1nat,0.02199170124481328,0.0
ws,MNG,,2020.0,F1nat,0.03523489932885906,0.0
ws,MOZ,,2020.0,F1nat,0.0026445712576671472,0.0
ws,NER,,2020.0,F1nat,0.006727090149949403,0.0
ws,NPL,no fossil; regional (Asia) mix used for 0.09 TWh,2020.0,F1nat,,
ws,NPL,,2020.0,F1nat,0.08895899462575982,0.0
ws,NZL,,2020.0,F1nat,0.030964201167894338,0.0
ws,OMN,,2020.0,F1nat,0.002362204724409449,0.0
ws,PRI,,2020.0,F1nat,0.17283062043571026,0.0
ws,PRK,,2020.0,F1nat,0.007589285714285715,0.0
ws,PSE,no fossil; regional (Middle East) mix used for 0.18 TWh,2020.0,F1nat,,
ws,PSE,,2020.0,F1nat,0.0,0.18
ws,REU,,2020.0,F1nat,0.1803146853146853,0.0
ws,RUS,,2020.0,F1nat,0.05684689097755871,0.0
ws,RWA,,2020.0,F1nat,0.006624825363964932,0.0
ws,SAU,,2020.0,F1nat,0.35932733301752723,0.0
ws,SEN,,2020.0,F1nat,0.5700950252946463,0.0
ws,SGP,,2020.0,F1nat,0.0030825901512214035,0.0
ws,SUR,,2020.0,F1nat,0.00018867924528301886,0.0
ws,SYR,,2020.0,F1nat,0.01125061789421651,0.0
ws,TGO,,2020.0,F1nat,0.008999552565153451,0.0
ws,THA,,2020.0,F1nat,0.015375396583486302,0.0
ws,TTO,,2020.0,F1nat,3.029264969418495e-05,0.0
ws,TUN,,2020.0,F1nat,0.0018926169879254983,0.0
ws,UKR,,2020.0,F1nat,0.039302708638360176,0.0
ws,URY,,2020.0,F1nat,5.94,0.0
ws,UZB,,2020.0,F1nat,7.802340702210663e-05,0.0
ws,ETH,no fossil; regional (Africa) mix used for 0.64 TWh,2020.0,F1nocap,,
ws,FRO,no fossil; regional (Europe) mix used for 0.04 TWh,2020.0,F1nocap,,
ws,GUM,no fossil; regional (Oceania) mix used for 0.08 TWh,2020.0,F1nocap,,
ws,ISL,no fossil; regional (Europe) mix used for 0.01 TWh,2020.0,F1nocap,,
ws,NPL,no fossil; regional (Asia) mix used for 0.09 TWh,2020.0,F1nocap,,
ws,PSE,no fossil; regional (Middle East) mix used for 0.18 TWh,2020.0,F1nocap,,
ws,EUROPE_POOL,,2020.0,F1marg,22.83190181351176,0.0
ws,AFG,,2020.0,F1marg,0.011666666666666667,0.0
ws,ATG,,2020.0,F1marg,0.0,0.02
ws,AZE,,2020.0,F1marg,0.00030699959066721253,0.0
ws,BLR,,2020.0,F1marg,0.020767662282087394,0.0
ws,BRA,,2020.0,F1marg,9.44381193673844,0.0
ws,BRB,,2020.0,F1marg,0.006144644087242993,0.0
ws,CIV,,2020.0,F1marg,0.019979586316438043,0.0
ws,CMR,,2020.0,F1marg,0.0,0.02
ws,ETH,no fossil; regional (Africa) mix used for 0.64 TWh,2020.0,F1marg,,
ws,ETH,,2020.0,F1marg,0.48864367411300785,0.1144
ws,FRO,no fossil; regional (Europe) mix used for 0.04 TWh,2020.0,F1marg,,
ws,FRO,,2020.0,F1marg,0.03882296795226899,0.0
ws,GTM,,2020.0,F1marg,0.0017607973421926914,0.0
ws,GUF,,2020.0,F1marg,0.06,0.0
ws,GUM,no fossil; regional (Oceania) mix used for 0.08 TWh,2020.0,F1marg,,
ws,GUM,,2020.0,F1marg,0.07721569679215698,0.0
ws,HND,,2020.0,F1marg,0.0,1.2870567030423705
ws,IRN,,2020.0,F1marg,0.2021925151168491,0.0
ws,ISL,no fossil; regional (Europe) mix used for 0.01 TWh,2020.0,F1marg,,
ws,ISL,,2020.0,F1marg,0.009705741988067248,0.0
ws,ISR,,2020.0,F1marg,0.03140556368960468,0.0
ws,JOR,,2020.0,F1marg,0.1929082240762813,0.0
ws,JPN,,2020.0,F1marg,34.24613719193496,0.0
ws,KAZ,,2020.0,F1marg,0.015023784901758014,0.0
ws,LBN,,2020.0,F1marg,0.15000000000000002,0.0
ws,LKA,,2020.0,F1marg,0.78,0.0
ws,MAR,,2020.0,F1marg,2.478845286223831,0.0
ws,MMR,,2020.0,F1marg,0.02199170124481328,0.0
ws,MNG,,2020.0,F1marg,0.03523489932885906,0.0
ws,MOZ,,2020.0,F1marg,0.0026445712576671472,0.0
ws,NER,,2020.0,F1marg,0.006727090149949403,0.0
ws,NPL,no fossil; regional (Asia) mix used for 0.09 TWh,2020.0,F1marg,,
ws,NPL,,2020.0,F1marg,0.08895899462575982,0.0
ws,NZL,,2020.0,F1marg,0.031018351845632893,0.0
ws,OMN,,2020.0,F1marg,0.002362204724409449,0.0
ws,PRI,,2020.0,F1marg,0.17283062043571026,0.0
ws,PRK,,2020.0,F1marg,0.007589285714285715,0.0
ws,PSE,no fossil; regional (Middle East) mix used for 0.18 TWh,2020.0,F1marg,,
ws,PSE,,2020.0,F1marg,0.0,0.18
ws,REU,,2020.0,F1marg,0.1803146853146853,0.0
ws,RUS,,2020.0,F1marg,0.05684689097755871,0.0
ws,RWA,,2020.0,F1marg,0.006624825363964932,0.0
ws,SAU,,2020.0,F1marg,0.35932733301752723,0.0
ws,SEN,,2020.0,F1marg,0.5700950252946463,0.0
ws,SGP,,2020.0,F1marg,0.0030825901512214035,0.0
ws,SUR,,2020.0,F1marg,0.00018867924528301886,0.0
ws,SYR,,2020.0,F1marg,0.01125061789421651,0.0
ws,TGO,,2020.0,F1marg,0.008999552565153451,0.0
ws,THA,,2020.0,F1marg,0.015375396583486302,0.0
ws,TTO,,2020.0,F1marg,3.029264969418495e-05,0.0
ws,TUN,,2020.0,F1marg,0.0018926169879254983,0.0
ws,UKR,,2020.0,F1marg,0.039302708638360176,0.0
ws,URY,,2020.0,F1marg,5.94,0.0
ws,UZB,,2020.0,F1marg,7.802340702210663e-05,0.0
ws,EUROPE_POOL,,2021.0,F1,10.460936573034758,0.0
ws,AFG,,2021.0,F1,0.01846153846153846,0.0
ws,ATG,,2021.0,F1,0.0,0.02
ws,AUS,,2021.0,F1,2.603141342293391,0.0
ws,AZE,,2021.0,F1,0.00318859370233184,0.0
ws,BLR,,2021.0,F1,0.02047486529177708,0.0
ws,BRA,,2021.0,F1,23.733643568635223,13.877646038223276
ws,BRB,,2021.0,F1,0.006887237921513384,0.0
ws,CAN,,2021.0,F1,9.152943106066845,0.0
ws,CHL,,2021.0,F1,2.0602393855092664,0.0
ws,CIV,,2021.0,F1,0.019953703703703706,0.0
ws,CMR,,2021.0,F1,0.0,0.019999999999999997
ws,COD,no fossil; regional (Africa) mix used for 1.05 TWh,2021.0,F1,,
ws,COD,,2021.0,F1,0.0905621262502114,0.89232
ws,CRI,no fossil; regional (Latin America and Caribbean) mix used for 1.45 TWh,2021.0,F1,,
ws,CRI,,2021.0,F1,1.2113566654555477,0.0
ws,EGY,,2021.0,F1,0.2618421052631579,0.0
ws,ETH,no fossil; regional (Africa) mix used for 0.85 TWh,2021.0,F1,,
ws,ETH,,2021.0,F1,0.471266483154933,0.3243999999999999
ws,FRO,no fossil; regional (Europe) mix used for 0.04 TWh,2021.0,F1,,
ws,FRO,,2021.0,F1,0.03884829322602153,0.0
ws,GTM,,2021.0,F1,0.4493902439024391,0.0
ws,GUF,,2021.0,F1,0.06,0.0
ws,GUM,no fossil; regional (Oceania) mix used for 0.08 TWh,2021.0,F1,,
ws,GUM,,2021.0,F1,0.07701090131122128,0.0
ws,HND,,2021.0,F1,0.0,1.0816277714976088
ws,IRN,,2021.0,F1,0.17478933791917453,0.0
ws,IRQ,,2021.0,F1,0.1492915274565236,0.0
ws,ISL,no fossil; regional (Europe) mix used for 0.01 TWh,2021.0,F1,,
ws,ISL,,2021.0,F1,0.009712073306505382,0.0
ws,ISR,,2021.0,F1,0.03332357247437774,0.0
ws,JPN,,2021.0,F1,35.056684522083984,0.0
ws,KAZ,,2021.0,F1,0.0883832569031125,0.0
ws,KEN,,2021.0,F1,0.0,0.05616000000000021
ws,LKA,,2021.0,F1,0.8456075417299458,0.0
ws,MAR,,2021.0,F1,4.163891014492755,0.0
ws,MDA,,2021.0,F1,0.0005787781350482316,0.0
ws,MMR,,2021.0,F1,0.019917777351186484,0.0
ws,MNG,,2021.0,F1,0.0,0.43248000000000003
ws,MOZ,,2021.0,F1,0.0031098305677344676,0.0
ws,MUS,,2021.0,F1,0.01241690565530204,0.0
ws,NER,,2021.0,F1,0.005778919449053451,0.0
ws,NPL,no fossil; regional (Asia) mix used for 0.10 TWh,2021.0,F1,,
ws,NPL,,2021.0,F1,0.09868209139124703,0.0
ws,NZL,,2021.0,F1,0.008508339933747642,0.0
ws,OMN,,2021.0,F1,0.024020251591886862,0.0
ws,PRI,,2021.0,F1,0.21799378818757909,0.0
ws,PRK,,2021.0,F1,0.0070531914893617025,0.0
ws,PSE,no fossil; regional (Middle East) mix used for 0.22 TWh,2021.0,F1,,
ws,PSE,,2021.0,F1,0.0,0.22000000000000003
ws,RUS,,2021.0,F1,0.09487598678685406,0.0
ws,RWA,,2021.0,F1,0.01848426949296705,0.0
ws,SAU,,2021.0,F1,0.3823446868222988,0.0
ws,SEN,,2021.0,F1,0.8475022118699934,0.0
ws,SGP,,2021.0,F1,0.004947387853055197,0.0
ws,SUR,,2021.0,F1,0.00018518518518518518,0.0
ws,SWZ,,2021.0,F1,0.03,0.0
ws,SYR,,2021.0,F1,0.03291806420699569,0.0
ws,TGO,,2021.0,F1,0.027636766670082177,0.0
ws,THA,,2021.0,F1,0.0409260124091,0.0
ws,TTO,,2021.0,F1,3.0161624608973075e-05,0.0
ws,TUN,,2021.0,F1,0.0015939797756896606,0.0
ws,UKR,,2021.0,F1,0.08303037048620186,0.0
ws,URY,,2021.0,F1,5.439600683359502,0.0
ws,UZB,,2021.0,F1,0.0010538994278831676,0.0
ws,BGR,,2021.0,F1nat,0.03406407064028582,0.0
ws,BIH,,2021.0,F1nat,0.0012021371326803205,0.0
ws,CHE,,2021.0,F1nat,1.4996542120536653,0.0
ws,DNK,,2021.0,F1nat,1.0987914461085166,0.0
ws,HRV,,2021.0,F1nat,1.4890829694323147,0.0
ws,LTU,,2021.0,F1nat,0.09825607285633703,0.0
ws,LUX,,2021.0,F1nat,0.052559999999999996,0.36744000000000004
ws,MNE,,2021.0,F1nat,0.0,0.11823999999999993
ws,NOR,,2021.0,F1nat,0.0,5.350189791007143
ws,POL,,2021.0,F1nat,0.24477575412933938,0.0
ws,PRT,,2021.0,F1nat,0.6351592831945345,0.0
ws,SRB,,2021.0,F1nat,0.0030630268968285836,0.0
ws,SVK,,2021.0,F1nat,0.026229356254545554,0.0
ws,SVN,,2021.0,F1nat,0.007252252252252252,0.0
ws,SWE,,2021.0,F1nat,2.936229008314754,5.0234746149236
ws,AFG,,2021.0,F1nat,0.01846153846153846,0.0
ws,ATG,,2021.0,F1nat,0.0,0.02
ws,AUS,,2021.0,F1nat,2.603141342293391,0.0
ws,AZE,,2021.0,F1nat,0.00318859370233184,0.0
ws,BLR,,2021.0,F1nat,0.02047486529177708,0.0
ws,BRA,,2021.0,F1nat,23.733643568635223,13.877646038223276
ws,BRB,,2021.0,F1nat,0.006887237921513384,0.0
ws,CAN,,2021.0,F1nat,9.152943106066845,0.0
ws,CHL,,2021.0,F1nat,2.0602393855092664,0.0
ws,CIV,,2021.0,F1nat,0.019953703703703706,0.0
ws,CMR,,2021.0,F1nat,0.0,0.019999999999999997
ws,COD,no fossil; regional (Africa) mix used for 1.05 TWh,2021.0,F1nat,,
ws,COD,,2021.0,F1nat,0.0905621262502114,0.89232
ws,CRI,no fossil; regional (Latin America and Caribbean) mix used for 1.45 TWh,2021.0,F1nat,,
ws,CRI,,2021.0,F1nat,1.2113566654555477,0.0
ws,EGY,,2021.0,F1nat,0.2618421052631579,0.0
ws,ETH,no fossil; regional (Africa) mix used for 0.85 TWh,2021.0,F1nat,,
ws,ETH,,2021.0,F1nat,0.471266483154933,0.3243999999999999
ws,FRO,no fossil; regional (Europe) mix used for 0.04 TWh,2021.0,F1nat,,
ws,FRO,,2021.0,F1nat,0.03884829322602153,0.0
ws,GTM,,2021.0,F1nat,0.4493902439024391,0.0
ws,GUF,,2021.0,F1nat,0.06,0.0
ws,GUM,no fossil; regional (Oceania) mix used for 0.08 TWh,2021.0,F1nat,,
ws,GUM,,2021.0,F1nat,0.07701090131122128,0.0
ws,HND,,2021.0,F1nat,0.0,1.0816277714976088
ws,IRN,,2021.0,F1nat,0.17478933791917453,0.0
ws,IRQ,,2021.0,F1nat,0.1492915274565236,0.0
ws,ISL,no fossil; regional (Europe) mix used for 0.01 TWh,2021.0,F1nat,,
ws,ISL,,2021.0,F1nat,0.009712073306505382,0.0
ws,ISR,,2021.0,F1nat,0.03332357247437774,0.0
ws,JPN,,2021.0,F1nat,35.056684522083984,0.0
ws,KAZ,,2021.0,F1nat,0.0883832569031125,0.0
ws,KEN,,2021.0,F1nat,0.0,0.05616000000000021
ws,LKA,,2021.0,F1nat,0.8456075417299458,0.0
ws,MAR,,2021.0,F1nat,4.163891014492755,0.0
ws,MDA,,2021.0,F1nat,0.0005787781350482316,0.0
ws,MMR,,2021.0,F1nat,0.019917777351186484,0.0
ws,MNG,,2021.0,F1nat,0.0,0.43248000000000003
ws,MOZ,,2021.0,F1nat,0.0031098305677344676,0.0
ws,MUS,,2021.0,F1nat,0.01241690565530204,0.0
ws,NER,,2021.0,F1nat,0.005778919449053451,0.0
ws,NPL,no fossil; regional (Asia) mix used for 0.10 TWh,2021.0,F1nat,,
ws,NPL,,2021.0,F1nat,0.09868209139124703,0.0
ws,NZL,,2021.0,F1nat,0.008508339933747642,0.0
ws,OMN,,2021.0,F1nat,0.024020251591886862,0.0
ws,PRI,,2021.0,F1nat,0.21799378818757909,0.0
ws,PRK,,2021.0,F1nat,0.0070531914893617025,0.0
ws,PSE,no fossil; regional (Middle East) mix used for 0.22 TWh,2021.0,F1nat,,
ws,PSE,,2021.0,F1nat,0.0,0.22000000000000003
ws,RUS,,2021.0,F1nat,0.09487598678685406,0.0
ws,RWA,,2021.0,F1nat,0.01848426949296705,0.0
ws,SAU,,2021.0,F1nat,0.3823446868222988,0.0
ws,SEN,,2021.0,F1nat,0.8475022118699934,0.0
ws,SGP,,2021.0,F1nat,0.004947387853055197,0.0
ws,SUR,,2021.0,F1nat,0.00018518518518518518,0.0
ws,SWZ,,2021.0,F1nat,0.03,0.0
ws,SYR,,2021.0,F1nat,0.03291806420699569,0.0
ws,TGO,,2021.0,F1nat,0.027636766670082177,0.0
ws,THA,,2021.0,F1nat,0.0409260124091,0.0
ws,TTO,,2021.0,F1nat,3.0161624608973075e-05,0.0
ws,TUN,,2021.0,F1nat,0.0015939797756896606,0.0
ws,UKR,,2021.0,F1nat,0.08303037048620186,0.0
ws,URY,,2021.0,F1nat,5.439600683359502,0.0
ws,UZB,,2021.0,F1nat,0.0010538994278831676,0.0
ws,COD,no fossil; regional (Africa) mix used for 1.05 TWh,2021.0,F1nocap,,
ws,CRI,no fossil; regional (Latin America and Caribbean) mix used for 1.45 TWh,2021.0,F1nocap,,
ws,ETH,no fossil; regional (Africa) mix used for 0.85 TWh,2021.0,F1nocap,,
ws,FRO,no fossil; regional (Europe) mix used for 0.04 TWh,2021.0,F1nocap,,
ws,GUM,no fossil; regional (Oceania) mix used for 0.08 TWh,2021.0,F1nocap,,
ws,ISL,no fossil; regional (Europe) mix used for 0.01 TWh,2021.0,F1nocap,,
ws,NPL,no fossil; regional (Asia) mix used for 0.10 TWh,2021.0,F1nocap,,
ws,PSE,no fossil; regional (Middle East) mix used for 0.22 TWh,2021.0,F1nocap,,
ws,EUROPE_POOL,,2021.0,F1marg,6.837931579281081,0.0
ws,AFG,,2021.0,F1marg,0.01846153846153846,0.0
ws,ATG,,2021.0,F1marg,0.0,0.02
ws,AZE,,2021.0,F1marg,0.00318859370233184,0.0
ws,BLR,,2021.0,F1marg,0.02047486529177708,0.0
ws,BRA,,2021.0,F1marg,23.733643568635223,13.877646038223276
ws,BRB,,2021.0,F1marg,0.006887237921513384,0.0
ws,CAN,,2021.0,F1marg,5.929486135335608,0.0
ws,CHL,,2021.0,F1marg,2.0602393855092664,0.0
ws,CIV,,2021.0,F1marg,0.019953703703703706,0.0
ws,CMR,,2021.0,F1marg,0.0,0.019999999999999997
ws,COD,no fossil; regional (Africa) mix used for 1.05 TWh,2021.0,F1marg,,
ws,COD,,2021.0,F1marg,0.0905621262502114,0.89232
ws,CRI,no fossil; regional (Latin America and Caribbean) mix used for 1.45 TWh,2021.0,F1marg,,
ws,CRI,,2021.0,F1marg,1.2113566654555477,0.0
ws,EGY,,2021.0,F1marg,0.2618421052631579,0.0
ws,ETH,no fossil; regional (Africa) mix used for 0.85 TWh,2021.0,F1marg,,
ws,ETH,,2021.0,F1marg,0.471266483154933,0.3243999999999999
ws,FRO,no fossil; regional (Europe) mix used for 0.04 TWh,2021.0,F1marg,,
ws,FRO,,2021.0,F1marg,0.03884829322602153,0.0
ws,GTM,,2021.0,F1marg,0.4493902439024391,0.0
ws,GUF,,2021.0,F1marg,0.06,0.0
ws,GUM,no fossil; regional (Oceania) mix used for 0.08 TWh,2021.0,F1marg,,
ws,GUM,,2021.0,F1marg,0.07701090131122128,0.0
ws,HND,,2021.0,F1marg,0.0,1.0816277714976088
ws,IRN,,2021.0,F1marg,0.17478933791917453,0.0
ws,IRQ,,2021.0,F1marg,0.1492915274565236,0.0
ws,ISL,no fossil; regional (Europe) mix used for 0.01 TWh,2021.0,F1marg,,
ws,ISL,,2021.0,F1marg,0.009712073306505382,0.0
ws,ISR,,2021.0,F1marg,0.03332357247437774,0.0
ws,JPN,,2021.0,F1marg,35.056684522083984,0.0
ws,KAZ,,2021.0,F1marg,0.0883832569031125,0.0
ws,KEN,,2021.0,F1marg,0.0,0.05616000000000021
ws,LKA,,2021.0,F1marg,0.8456075417299458,0.0
ws,MAR,,2021.0,F1marg,4.163891014492755,0.0
ws,MDA,,2021.0,F1marg,0.0005787781350482316,0.0
ws,MMR,,2021.0,F1marg,0.019917777351186484,0.0
ws,MNG,,2021.0,F1marg,0.0,0.43248000000000003
ws,MOZ,,2021.0,F1marg,0.0031098305677344676,0.0
ws,MUS,,2021.0,F1marg,0.01241690565530204,0.0
ws,NER,,2021.0,F1marg,0.005778919449053451,0.0
ws,NPL,no fossil; regional (Asia) mix used for 0.10 TWh,2021.0,F1marg,,
ws,NPL,,2021.0,F1marg,0.09868209139124703,0.0
ws,NZL,,2021.0,F1marg,0.008515286014159724,0.0
ws,OMN,,2021.0,F1marg,0.024020251591886862,0.0
ws,PRI,,2021.0,F1marg,0.21799378818757909,0.0
ws,PRK,,2021.0,F1marg,0.0070531914893617025,0.0
ws,PSE,no fossil; regional (Middle East) mix used for 0.22 TWh,2021.0,F1marg,,
ws,PSE,,2021.0,F1marg,0.0,0.22000000000000003
ws,RUS,,2021.0,F1marg,0.09487598678685406,0.0
ws,RWA,,2021.0,F1marg,0.01848426949296705,0.0
ws,SAU,,2021.0,F1marg,0.3823446868222988,0.0
ws,SEN,,2021.0,F1marg,0.8475022118699934,0.0
ws,SGP,,2021.0,F1marg,0.004947387853055197,0.0
ws,SUR,,2021.0,F1marg,0.00018518518518518518,0.0
ws,SWZ,,2021.0,F1marg,0.03,0.0
ws,SYR,,2021.0,F1marg,0.03291806420699569,0.0
ws,TGO,,2021.0,F1marg,0.027636766670082177,0.0
ws,THA,,2021.0,F1marg,0.0409260124091,0.0
ws,TTO,,2021.0,F1marg,3.0161624608973075e-05,0.0
ws,TUN,,2021.0,F1marg,0.0015939797756896606,0.0
ws,UKR,,2021.0,F1marg,0.08303037048620186,0.0
ws,URY,,2021.0,F1marg,5.439600683359502,0.0
ws,UZB,,2021.0,F1marg,0.0010538994278831676,0.0
ws,EUROPE_POOL,,2022.0,F1,26.833041294778674,0.0
ws,AFG,,2022.0,F1,0.020769230769230766,0.0
ws,ATG,,2022.0,F1,0.0,0.02
ws,AUS,,2022.0,F1,4.710569189720481,0.0
ws,AZE,,2022.0,F1,0.00043239318046379955,0.0
ws,BLR,,2022.0,F1,0.02297055057618438,0.0
ws,BRA,,2022.0,F1,17.434501252173533,0.0
ws,BRB,,2022.0,F1,0.009481388595906878,0.0
ws,CAN,,2022.0,F1,1.6678770463359847,0.0
ws,CHL,,2022.0,F1,4.374060119286812,0.0
ws,CIV,,2022.0,F1,0.019956331877729258,0.0
ws,CMR,,2022.0,F1,0.0,0.019999999999999667
ws,COD,no fossil; regional (Africa) mix used for 2.11 TWh,2022.0,F1,,
ws,COD,,2022.0,F1,0.2678520710817734,1.6895199999999997
ws,CRI,no fossil; regional (Latin America and Caribbean) mix used for 1.25 TWh,2022.0,F1,,
ws,CRI,,2022.0,F1,1.0404333187289274,0.0
ws,DOM,,2022.0,F1,0.7374228023622291,0.0
ws,EGY,,2022.0,F1,0.43710742504316885,0.0
ws,ETH,no fossil; regional (Africa) mix used for 0.60 TWh,2022.0,F1,,
ws,ETH,,2022.0,F1,0.48219869319860853,0.07440000000000002
ws,FRO,no fossil; regional (Europe) mix used for 0.08 TWh,2022.0,F1,,
ws,FRO,,2022.0,F1,0.07735509414219616,0.0
ws,GTM,,2022.0,F1,0.0026865183634871416,0.0
ws,GUF,,2022.0,F1,0.05,0.0
ws,GUM,no fossil; regional (Oceania) mix used for 0.14 TWh,2022.0,F1,,
ws,GUM,,2022.0,F1,0.13483523356830224,0.0
ws,GUY,,2022.0,F1,8e-05,0.0
ws,HND,,2022.0,F1,0.0,1.2507468492986598
ws,IRN,,2022.0,F1,0.15254119285216985,0.0
ws,ISL,no fossil; regional (Europe) mix used for 0.01 TWh,2022.0,F1,,
ws,ISL,,2022.0,F1,0.00966938676777452,0.0
ws,ISR,,2022.0,F1,0.042247838616714696,0.0
ws,JPN,,2022.0,F1,22.00689805547497,0.0
ws,KAZ,,2022.0,F1,0.057436102236421725,0.0
ws,KEN,,2022.0,F1,0.0,0.7761600000000004
ws,LKA,,2022.0,F1,0.5723021681051155,0.0
ws,MAR,,2022.0,F1,4.79527064935065,0.0
ws,MDA,,2022.0,F1,0.0074896265560165974,0.0
ws,MMR,,2022.0,F1,0.026530909090909088,0.0
ws,MNG,,2022.0,F1,0.0,0.7
ws,MOZ,,2022.0,F1,0.0028526645768025085,0.0
ws,NER,,2022.0,F1,0.005061026542803956,0.0
ws,NPL,no fossil; regional (Asia) mix used for 0.11 TWh,2022.0,F1,,
ws,NPL,,2022.0,F1,0.10852715529254248,0.0
ws,NZL,,2022.0,F1,0.004049616740657356,0.0
ws,OMN,,2022.0,F1,0.053661826702680035,0.0
ws,PER,,2022.0,F1,0.017564341663558372,0.0
ws,PRI,,2022.0,F1,0.2593689354388478,0.0
ws,PRK,,2022.0,F1,0.008724489795918366,0.0
ws,PSE,no fossil; regional (Middle East) mix used for 0.34 TWh,2022.0,F1,,
ws,PSE,,2022.0,F1,0.0,0.33999999999999997
ws,RUS,,2022.0,F1,0.13016975329548994,0.0
ws,RWA,,2022.0,F1,0.007091243036298635,0.0
ws,SAU,,2022.0,F1,0.7885145771522447,0.0
ws,SEN,,2022.0,F1,0.8829042826558767,0.0
ws,SGP,,2022.0,F1,0.007023525353658301,0.0
ws,SOM,,2022.0,F1,0.0,0.016932087049186015
ws,SUR,,2022.0,F1,0.00017094017094017097,0.0
ws,SWZ,,2022.0,F1,0.03,0.0
ws,SYR,,2022.0,F1,0.05989583333333334,0.0
ws,TGO,,2022.0,F1,0.09878877801264048,0.0
ws,THA,,2022.0,F1,0.09134636908288894,0.0
ws,TTO,,2022.0,F1,2.9429692569687156e-05,0.0
ws,TUN,,2022.0,F1,0.0014879850500661646,0.0
ws,UKR,,2022.0,F1,0.05368540578552195,0.0
ws,URY,,2022.0,F1,5.28,0.0
ws,UZB,,2022.0,F1,0.007710642670192092,0.0
ws,BGR,,2022.0,F1nat,0.04204975454510715,0.0
ws,BIH,,2022.0,F1nat,0.0027002700270027003,0.0
ws,CHE,,2022.0,F1nat,2.1159624959800087,0.0
ws,DEU,,2022.0,F1nat,11.810945539932263,0.0
ws,DNK,,2022.0,F1nat,3.7204544889423694,0.9461602742985598
ws,HRV,,2022.0,F1nat,1.5539417475728154,0.0
ws,LTU,,2022.0,F1nat,0.6361113966714012,0.0
ws,LUX,,2022.0,F1nat,0.052559999999999996,0.46744
ws,MNE,,2022.0,F1nat,0.0,0.22
ws,NOR,,2022.0,F1nat,0.0,10.43609337326179
ws,POL,,2022.0,F1nat,0.4013395881083597,0.0
ws,PRT,,2022.0,F1nat,0.44125973054622847,0.0
ws,SRB,,2022.0,F1nat,0.0031015187849720224,0.0
ws,SVK,,2022.0,F1nat,0.05324173720019909,0.0
ws,SVN,,2022.0,F1nat,0.010760869565217391,0.0
ws,SWE,,2022.0,F1nat,0.0,11.704096670612898
ws,AFG,,2022.0,F1nat,0.020769230769230766,0.0
ws,ATG,,2022.0,F1nat,0.0,0.02
ws,AUS,,2022.0,F1nat,4.710569189720481,0.0
ws,AZE,,2022.0,F1nat,0.00043239318046379955,0.0
ws,BLR,,2022.0,F1nat,0.02297055057618438,0.0
ws,BRA,,2022.0,F1nat,17.434501252173533,0.0
ws,BRB,,2022.0,F1nat,0.009481388595906878,0.0
ws,CAN,,2022.0,F1nat,1.6678770463359847,0.0
ws,CHL,,2022.0,F1nat,4.374060119286812,0.0
ws,CIV,,2022.0,F1nat,0.019956331877729258,0.0
ws,CMR,,2022.0,F1nat,0.0,0.019999999999999667
ws,COD,no fossil; regional (Africa) mix used for 2.11 TWh,2022.0,F1nat,,
ws,COD,,2022.0,F1nat,0.2678520710817734,1.6895199999999997
ws,CRI,no fossil; regional (Latin America and Caribbean) mix used for 1.25 TWh,2022.0,F1nat,,
ws,CRI,,2022.0,F1nat,1.0404333187289274,0.0
ws,DOM,,2022.0,F1nat,0.7374228023622291,0.0
ws,EGY,,2022.0,F1nat,0.43710742504316885,0.0
ws,ETH,no fossil; regional (Africa) mix used for 0.60 TWh,2022.0,F1nat,,
ws,ETH,,2022.0,F1nat,0.48219869319860853,0.07440000000000002
ws,FRO,no fossil; regional (Europe) mix used for 0.08 TWh,2022.0,F1nat,,
ws,FRO,,2022.0,F1nat,0.07735509414219616,0.0
ws,GTM,,2022.0,F1nat,0.0026865183634871416,0.0
ws,GUF,,2022.0,F1nat,0.05,0.0
ws,GUM,no fossil; regional (Oceania) mix used for 0.14 TWh,2022.0,F1nat,,
ws,GUM,,2022.0,F1nat,0.13483523356830224,0.0
ws,GUY,,2022.0,F1nat,8e-05,0.0
ws,HND,,2022.0,F1nat,0.0,1.2507468492986598
ws,IRN,,2022.0,F1nat,0.15254119285216985,0.0
ws,ISL,no fossil; regional (Europe) mix used for 0.01 TWh,2022.0,F1nat,,
ws,ISL,,2022.0,F1nat,0.00966938676777452,0.0
ws,ISR,,2022.0,F1nat,0.042247838616714696,0.0
ws,JPN,,2022.0,F1nat,22.00689805547497,0.0
ws,KAZ,,2022.0,F1nat,0.057436102236421725,0.0
ws,KEN,,2022.0,F1nat,0.0,0.7761600000000004
ws,LKA,,2022.0,F1nat,0.5723021681051155,0.0
ws,MAR,,2022.0,F1nat,4.79527064935065,0.0
ws,MDA,,2022.0,F1nat,0.0074896265560165974,0.0
ws,MMR,,2022.0,F1nat,0.026530909090909088,0.0
ws,MNG,,2022.0,F1nat,0.0,0.7
ws,MOZ,,2022.0,F1nat,0.0028526645768025085,0.0
ws,NER,,2022.0,F1nat,0.005061026542803956,0.0
ws,NPL,no fossil; regional (Asia) mix used for 0.11 TWh,2022.0,F1nat,,
ws,NPL,,2022.0,F1nat,0.10852715529254248,0.0
ws,NZL,,2022.0,F1nat,0.004049616740657356,0.0
ws,OMN,,2022.0,F1nat,0.053661826702680035,0.0
ws,PER,,2022.0,F1nat,0.017564341663558372,0.0
ws,PRI,,2022.0,F1nat,0.2593689354388478,0.0
ws,PRK,,2022.0,F1nat,0.008724489795918366,0.0
ws,PSE,no fossil; regional (Middle East) mix used for 0.34 TWh,2022.0,F1nat,,
ws,PSE,,2022.0,F1nat,0.0,0.33999999999999997
ws,RUS,,2022.0,F1nat,0.13016975329548994,0.0
ws,RWA,,2022.0,F1nat,0.007091243036298635,0.0
ws,SAU,,2022.0,F1nat,0.7885145771522447,0.0
ws,SEN,,2022.0,F1nat,0.8829042826558767,0.0
ws,SGP,,2022.0,F1nat,0.007023525353658301,0.0
ws,SOM,,2022.0,F1nat,0.0,0.016932087049186015
ws,SUR,,2022.0,F1nat,0.00017094017094017097,0.0
ws,SWZ,,2022.0,F1nat,0.03,0.0
ws,SYR,,2022.0,F1nat,0.05989583333333334,0.0
ws,TGO,,2022.0,F1nat,0.09878877801264048,0.0
ws,THA,,2022.0,F1nat,0.09134636908288894,0.0
ws,TTO,,2022.0,F1nat,2.9429692569687156e-05,0.0
ws,TUN,,2022.0,F1nat,0.0014879850500661646,0.0
ws,UKR,,2022.0,F1nat,0.05368540578552195,0.0
ws,URY,,2022.0,F1nat,5.28,0.0
ws,UZB,,2022.0,F1nat,0.007710642670192092,0.0
ws,COD,no fossil; regional (Africa) mix used for 2.11 TWh,2022.0,F1nocap,,
ws,CRI,no fossil; regional (Latin America and Caribbean) mix used for 1.25 TWh,2022.0,F1nocap,,
ws,ETH,no fossil; regional (Africa) mix used for 0.60 TWh,2022.0,F1nocap,,
ws,FRO,no fossil; regional (Europe) mix used for 0.08 TWh,2022.0,F1nocap,,
ws,GUM,no fossil; regional (Oceania) mix used for 0.14 TWh,2022.0,F1nocap,,
ws,ISL,no fossil; regional (Europe) mix used for 0.01 TWh,2022.0,F1nocap,,
ws,NPL,no fossil; regional (Asia) mix used for 0.11 TWh,2022.0,F1nocap,,
ws,PSE,no fossil; regional (Middle East) mix used for 0.34 TWh,2022.0,F1nocap,,
ws,EUROPE_POOL,,2022.0,F1marg,13.41569979455946,0.0
ws,AFG,,2022.0,F1marg,0.020769230769230766,0.0
ws,ATG,,2022.0,F1marg,0.0,0.02
ws,AZE,,2022.0,F1marg,0.00043239318046379955,0.0
ws,BLR,,2022.0,F1marg,0.02297055057618438,0.0
ws,BRA,,2022.0,F1marg,17.434501252173533,0.0
ws,BRB,,2022.0,F1marg,0.009481388595906878,0.0
ws,CHL,,2022.0,F1marg,4.374060119286812,0.0
ws,CIV,,2022.0,F1marg,0.019956331877729258,0.0
ws,CMR,,2022.0,F1marg,0.0,0.019999999999999667
ws,COD,no fossil; regional (Africa) mix used for 2.11 TWh,2022.0,F1marg,,
ws,COD,,2022.0,F1marg,0.2678520710817734,1.6895199999999997
ws,CRI,no fossil; regional (Latin America and Caribbean) mix used for 1.25 TWh,2022.0,F1marg,,
ws,CRI,,2022.0,F1marg,1.0404333187289274,0.0
ws,DOM,,2022.0,F1marg,0.7374228023622291,0.0
ws,EGY,,2022.0,F1marg,0.43710742504316885,0.0
ws,ETH,no fossil; regional (Africa) mix used for 0.60 TWh,2022.0,F1marg,,
ws,ETH,,2022.0,F1marg,0.48219869319860853,0.07440000000000002
ws,FRO,no fossil; regional (Europe) mix used for 0.08 TWh,2022.0,F1marg,,
ws,FRO,,2022.0,F1marg,0.07735509414219616,0.0
ws,GTM,,2022.0,F1marg,0.0026865183634871416,0.0
ws,GUF,,2022.0,F1marg,0.05,0.0
ws,GUM,no fossil; regional (Oceania) mix used for 0.14 TWh,2022.0,F1marg,,
ws,GUM,,2022.0,F1marg,0.13483523356830224,0.0
ws,GUY,,2022.0,F1marg,8e-05,0.0
ws,HND,,2022.0,F1marg,0.0,1.2507468492986598
ws,IRN,,2022.0,F1marg,0.15254119285216985,0.0
ws,ISL,no fossil; regional (Europe) mix used for 0.01 TWh,2022.0,F1marg,,
ws,ISL,,2022.0,F1marg,0.00966938676777452,0.0
ws,ISR,,2022.0,F1marg,0.042247838616714696,0.0
ws,JPN,,2022.0,F1marg,22.00689805547497,0.0
ws,KAZ,,2022.0,F1marg,0.057436102236421725,0.0
ws,KEN,,2022.0,F1marg,0.0,0.7761600000000004
ws,LKA,,2022.0,F1marg,0.5723021681051155,0.0
ws,MAR,,2022.0,F1marg,4.79527064935065,0.0
ws,MDA,,2022.0,F1marg,0.0074896265560165974,0.0
ws,MMR,,2022.0,F1marg,0.026530909090909088,0.0
ws,MNG,,2022.0,F1marg,0.0,0.7
ws,MOZ,,2022.0,F1marg,0.0028526645768025085,0.0
ws,NER,,2022.0,F1marg,0.005061026542803956,0.0
ws,NPL,no fossil; regional (Asia) mix used for 0.11 TWh,2022.0,F1marg,,
ws,NPL,,2022.0,F1marg,0.10852715529254248,0.0
ws,NZL,,2022.0,F1marg,0.004052467352244904,0.0
ws,OMN,,2022.0,F1marg,0.053661826702680035,0.0
ws,PER,,2022.0,F1marg,0.017564341663558372,0.0
ws,PRI,,2022.0,F1marg,0.2593689354388478,0.0
ws,PRK,,2022.0,F1marg,0.008724489795918366,0.0
ws,PSE,no fossil; regional (Middle East) mix used for 0.34 TWh,2022.0,F1marg,,
ws,PSE,,2022.0,F1marg,0.0,0.33999999999999997
ws,RUS,,2022.0,F1marg,0.13016975329548994,0.0
ws,RWA,,2022.0,F1marg,0.007091243036298635,0.0
ws,SAU,,2022.0,F1marg,0.7885145771522447,0.0
ws,SEN,,2022.0,F1marg,0.8829042826558767,0.0
ws,SGP,,2022.0,F1marg,0.007023525353658301,0.0
ws,SOM,,2022.0,F1marg,0.0,0.016932087049186015
ws,SUR,,2022.0,F1marg,0.00017094017094017097,0.0
ws,SWZ,,2022.0,F1marg,0.03,0.0
ws,SYR,,2022.0,F1marg,0.05989583333333334,0.0
ws,TGO,,2022.0,F1marg,0.09878877801264048,0.0
ws,THA,,2022.0,F1marg,0.09134636908288894,0.0
ws,TTO,,2022.0,F1marg,2.9429692569687156e-05,0.0
ws,TUN,,2022.0,F1marg,0.0014879850500661646,0.0
ws,UKR,,2022.0,F1marg,0.05368540578552195,0.0
ws,URY,,2022.0,F1marg,5.28,0.0
ws,UZB,,2022.0,F1marg,0.007710642670192092,0.0
ws,EUROPE_POOL,,2023.0,F1,33.44157676418908,0.0
ws,AFG,,2023.0,F1,0.020769230769230766,0.0
ws,ATG,,2023.0,F1,0.0,0.02
ws,AUS,,2023.0,F1,19.137060937127423,0.0
ws,AZE,,2023.0,F1,0.0004793656549485779,0.0
ws,BLR,,2023.0,F1,0.02461109173351936,0.0
ws,BRA,,2023.0,F1,15.944527247279773,10.246301147945516
ws,BRB,,2023.0,F1,0.010307765978479743,0.0
ws,CAN,,2023.0,F1,2.3732802969329594,0.0
ws,COD,no fossil; regional (Africa) mix used for 2.20 TWh,2023.0,F1,,
ws,COD,,2023.0,F1,0.25208974137640494,1.7795200000000002
ws,DOM,,2023.0,F1,1.0001212623058036,0.0
ws,EGY,,2023.0,F1,0.8808257208471548,0.0
ws,ETH,no fossil; regional (Africa) mix used for 0.60 TWh,2023.0,F1,,
ws,ETH,,2023.0,F1,0.47967538401174675,0.07440000000000019
ws,FRO,no fossil; regional (Europe) mix used for 0.08 TWh,2023.0,F1,,
ws,FRO,,2023.0,F1,0.07733788649035538,0.0
ws,GUF,,2023.0,F1,0.06,0.0
ws,GUM,no fossil; regional (Oceania) mix used for 0.14 TWh,2023.0,F1,,
ws,GUM,,2023.0,F1,0.13431060113770368,0.0
ws,GUY,,2023.0,F1,0.00014925373134328358,0.0
ws,HND,,2023.0,F1,0.0,1.609553096856294
ws,IRN,,2023.0,F1,0.14891145016398116,0.0
ws,IRQ,,2023.0,F1,0.17924328097731237,0.0
ws,ISL,no fossil; regional (Europe) mix used for 0.01 TWh,2023.0,F1,,
ws,ISL,,2023.0,F1,0.009667235811294422,0.0
ws,ISR,,2023.0,F1,0.06176550563303928,0.0
ws,KAZ,,2023.0,F1,1.9310198728941794,0.0
ws,KEN,,2023.0,F1,0.0,0.90408
ws,LKA,,2023.0,F1,0.2859364523528761,0.0
ws,MAR,,2023.0,F1,4.260816975297805,0.0
ws,MDA,,2023.0,F1,0.002624851891530471,0.0
ws,MMR,,2023.0,F1,0.001186998492219592,0.0
ws,MNG,,2023.0,F1,0.0,0.7
ws,MOZ,,2023.0,F1,0.0028575054015772725,0.0
ws,NPL,no fossil; regional (Asia) mix used for 0.11 TWh,2023.0,F1,,
ws,NPL,,2023.0,F1,0.1087052012465355,0.0
ws,NZL,,2023.0,F1,0.007042508571663884,0.0
ws,OMN,,2023.0,F1,0.058998488189530955,0.0
ws,PAN,,2023.0,F1,0.033611151324473676,0.0
ws,PER,,2023.0,F1,0.003989917176809507,0.0
ws,PRI,,2023.0,F1,0.2561724302773832,0.0
ws,PRK,,2023.0,F1,0.011133400200601804,0.0
ws,PSE,no fossil; regional (Middle East) mix used for 0.34 TWh,2023.0,F1,,
ws,PSE,,2023.0,F1,0.07860993715017744,0.0
ws,REU,,2023.0,F1,0.21676691729323308,0.0
ws,RUS,,2023.0,F1,0.1407786956116897,0.0
ws,RWA,,2023.0,F1,0.02142857142857143,0.0
ws,SAU,,2023.0,F1,1.7681238075047698,0.0
ws,SEN,,2023.0,F1,0.9430141981240289,0.0
ws,SGP,,2023.0,F1,0.009908840730636899,0.0
ws,SOM,,2023.0,F1,0.0,0.012282660548716393
ws,SUR,,2023.0,F1,0.0002469135802469136,0.0
ws,SWZ,,2023.0,F1,0.03,0.0
ws,SYR,,2023.0,F1,0.04635459817729909,0.0
ws,TGO,,2023.0,F1,0.10878,0.0
ws,THA,,2023.0,F1,0.044816031752055584,0.0
ws,TTO,,2023.0,F1,2.956581641845351e-05,0.0
ws,TUN,,2023.0,F1,0.001888381361991648,0.0
ws,TUR,,2023.0,F1,4.049452236746937,0.0
ws,URY,,2023.0,F1,5.25,0.0
ws,UZB,,2023.0,F1,0.016999747532118373,0.0
ws,BGR,,2023.0,F1nat,0.07354001441961067,0.0
ws,BIH,,2023.0,F1nat,0.0036293583175608926,0.0
ws,CHE,,2023.0,F1nat,2.5978767797636753,0.0
ws,DNK,,2023.0,F1nat,1.5234968385645462,0.6593324995469978
ws,HRV,,2023.0,F1nat,2.2152399232245688,0.0
ws,LTU,,2023.0,F1nat,0.4086469888686034,0.0
ws,LUX,,2023.0,F1nat,0.052559999999999996,0.66744
ws,MNE,,2023.0,F1nat,0.0,0.22999999999999998
ws,NOR,,2023.0,F1nat,0.08927474598407237,12.123027267490732
ws,POL,,2023.0,F1nat,0.5636474466393951,0.0
ws,SRB,,2023.0,F1nat,0.0030648944487881168,0.0
ws,SVK,,2023.0,F1nat,0.04998642940916581,0.0
ws,SVN,,2023.0,F1nat,0.0027123287671232876,0.0
ws,SWE,,2023.0,F1nat,0.0,14.228521750640462
ws,AFG,,2023.0,F1nat,0.020769230769230766,0.0
ws,ATG,,2023.0,F1nat,0.0,0.02
ws,AUS,,2023.0,F1nat,19.137060937127423,0.0
ws,AZE,,2023.0,F1nat,0.0004793656549485779,0.0
ws,BLR,,2023.0,F1nat,0.02461109173351936,0.0
ws,BRA,,2023.0,F1nat,15.944527247279773,10.246301147945516
ws,BRB,,2023.0,F1nat,0.010307765978479743,0.0
ws,CAN,,2023.0,F1nat,2.3732802969329594,0.0
ws,COD,no fossil; regional (Africa) mix used for 2.20 TWh,2023.0,F1nat,,
ws,COD,,2023.0,F1nat,0.25208974137640494,1.7795200000000002
ws,DOM,,2023.0,F1nat,1.0001212623058036,0.0
ws,EGY,,2023.0,F1nat,0.8808257208471548,0.0
ws,ETH,no fossil; regional (Africa) mix used for 0.60 TWh,2023.0,F1nat,,
ws,ETH,,2023.0,F1nat,0.47967538401174675,0.07440000000000019
ws,FRO,no fossil; regional (Europe) mix used for 0.08 TWh,2023.0,F1nat,,
ws,FRO,,2023.0,F1nat,0.07733788649035538,0.0
ws,GUF,,2023.0,F1nat,0.06,0.0
ws,GUM,no fossil; regional (Oceania) mix used for 0.14 TWh,2023.0,F1nat,,
ws,GUM,,2023.0,F1nat,0.13431060113770368,0.0
ws,GUY,,2023.0,F1nat,0.00014925373134328358,0.0
ws,HND,,2023.0,F1nat,0.0,1.609553096856294
ws,IRN,,2023.0,F1nat,0.14891145016398116,0.0
ws,IRQ,,2023.0,F1nat,0.17924328097731237,0.0
ws,ISL,no fossil; regional (Europe) mix used for 0.01 TWh,2023.0,F1nat,,
ws,ISL,,2023.0,F1nat,0.009667235811294422,0.0
ws,ISR,,2023.0,F1nat,0.06176550563303928,0.0
ws,KAZ,,2023.0,F1nat,1.9310198728941794,0.0
ws,KEN,,2023.0,F1nat,0.0,0.90408
ws,LKA,,2023.0,F1nat,0.2859364523528761,0.0
ws,MAR,,2023.0,F1nat,4.260816975297805,0.0
ws,MDA,,2023.0,F1nat,0.002624851891530471,0.0
ws,MMR,,2023.0,F1nat,0.001186998492219592,0.0
ws,MNG,,2023.0,F1nat,0.0,0.7
ws,MOZ,,2023.0,F1nat,0.0028575054015772725,0.0
ws,NPL,no fossil; regional (Asia) mix used for 0.11 TWh,2023.0,F1nat,,
ws,NPL,,2023.0,F1nat,0.1087052012465355,0.0
ws,NZL,,2023.0,F1nat,0.007042508571663884,0.0
ws,OMN,,2023.0,F1nat,0.058998488189530955,0.0
ws,PAN,,2023.0,F1nat,0.033611151324473676,0.0
ws,PER,,2023.0,F1nat,0.003989917176809507,0.0
ws,PRI,,2023.0,F1nat,0.2561724302773832,0.0
ws,PRK,,2023.0,F1nat,0.011133400200601804,0.0
ws,PSE,no fossil; regional (Middle East) mix used for 0.34 TWh,2023.0,F1nat,,
ws,PSE,,2023.0,F1nat,0.07860993715017744,0.0
ws,REU,,2023.0,F1nat,0.21676691729323308,0.0
ws,RUS,,2023.0,F1nat,0.1407786956116897,0.0
ws,RWA,,2023.0,F1nat,0.02142857142857143,0.0
ws,SAU,,2023.0,F1nat,1.7681238075047698,0.0
ws,SEN,,2023.0,F1nat,0.9430141981240289,0.0
ws,SGP,,2023.0,F1nat,0.009908840730636899,0.0
ws,SOM,,2023.0,F1nat,0.0,0.012282660548716393
ws,SUR,,2023.0,F1nat,0.0002469135802469136,0.0
ws,SWZ,,2023.0,F1nat,0.03,0.0
ws,SYR,,2023.0,F1nat,0.04635459817729909,0.0
ws,TGO,,2023.0,F1nat,0.10878,0.0
ws,THA,,2023.0,F1nat,0.044816031752055584,0.0
ws,TTO,,2023.0,F1nat,2.956581641845351e-05,0.0
ws,TUN,,2023.0,F1nat,0.001888381361991648,0.0
ws,TUR,,2023.0,F1nat,4.049452236746937,0.0
ws,URY,,2023.0,F1nat,5.25,0.0
ws,UZB,,2023.0,F1nat,0.016999747532118373,0.0
ws,COD,no fossil; regional (Africa) mix used for 2.20 TWh,2023.0,F1nocap,,
ws,ETH,no fossil; regional (Africa) mix used for 0.60 TWh,2023.0,F1nocap,,
ws,FRO,no fossil; regional (Europe) mix used for 0.08 TWh,2023.0,F1nocap,,
ws,GUM,no fossil; regional (Oceania) mix used for 0.14 TWh,2023.0,F1nocap,,
ws,ISL,no fossil; regional (Europe) mix used for 0.01 TWh,2023.0,F1nocap,,
ws,NPL,no fossil; regional (Asia) mix used for 0.11 TWh,2023.0,F1nocap,,
ws,PSE,no fossil; regional (Middle East) mix used for 0.34 TWh,2023.0,F1nocap,,
ws,EUROPE_POOL,,2023.0,F1marg,28.51583323252785,0.0
ws,AFG,,2023.0,F1marg,0.020769230769230766,0.0
ws,ATG,,2023.0,F1marg,0.0,0.02
ws,AUS,,2023.0,F1marg,13.609504021495255,0.0
ws,AZE,,2023.0,F1marg,0.0004793656549485779,0.0
ws,BLR,,2023.0,F1marg,0.02461109173351936,0.0
ws,BRA,,2023.0,F1marg,15.944527247279773,10.246301147945516
ws,BRB,,2023.0,F1marg,0.010307765978479743,0.0
ws,COD,no fossil; regional (Africa) mix used for 2.20 TWh,2023.0,F1marg,,
ws,COD,,2023.0,F1marg,0.25208974137640494,1.7795200000000002
ws,DOM,,2023.0,F1marg,1.0001212623058036,0.0
ws,EGY,,2023.0,F1marg,0.8808257208471548,0.0
ws,ETH,no fossil; regional (Africa) mix used for 0.60 TWh,2023.0,F1marg,,
ws,ETH,,2023.0,F1marg,0.47967538401174675,0.07440000000000019
ws,FRO,no fossil; regional (Europe) mix used for 0.08 TWh,2023.0,F1marg,,
ws,FRO,,2023.0,F1marg,0.07733788649035538,0.0
ws,GUF,,2023.0,F1marg,0.06,0.0
ws,GUM,no fossil; regional (Oceania) mix used for 0.14 TWh,2023.0,F1marg,,
ws,GUM,,2023.0,F1marg,0.13431060113770368,0.0
ws,GUY,,2023.0,F1marg,0.00014925373134328358,0.0
ws,HND,,2023.0,F1marg,0.0,1.609553096856294
ws,IRN,,2023.0,F1marg,0.14891145016398116,0.0
ws,IRQ,,2023.0,F1marg,0.17924328097731237,0.0
ws,ISL,no fossil; regional (Europe) mix used for 0.01 TWh,2023.0,F1marg,,
ws,ISL,,2023.0,F1marg,0.009667235811294422,0.0
ws,ISR,,2023.0,F1marg,0.06176550563303928,0.0
ws,KAZ,,2023.0,F1marg,1.9310198728941794,0.0
ws,KEN,,2023.0,F1marg,0.0,0.90408
ws,LKA,,2023.0,F1marg,0.2859364523528761,0.0
ws,MAR,,2023.0,F1marg,4.260816975297805,0.0
ws,MDA,,2023.0,F1marg,0.002624851891530471,0.0
ws,MMR,,2023.0,F1marg,0.001186998492219592,0.0
ws,MNG,,2023.0,F1marg,0.0,0.7
ws,MOZ,,2023.0,F1marg,0.0028575054015772725,0.0
ws,NPL,no fossil; regional (Asia) mix used for 0.11 TWh,2023.0,F1marg,,
ws,NPL,,2023.0,F1marg,0.1087052012465355,0.0
ws,NZL,,2023.0,F1marg,0.007047224308738914,0.0
ws,OMN,,2023.0,F1marg,0.058998488189530955,0.0
ws,PAN,,2023.0,F1marg,0.033611151324473676,0.0
ws,PER,,2023.0,F1marg,0.003989917176809507,0.0
ws,PRI,,2023.0,F1marg,0.2561724302773832,0.0
ws,PRK,,2023.0,F1marg,0.011133400200601804,0.0
ws,PSE,no fossil; regional (Middle East) mix used for 0.34 TWh,2023.0,F1marg,,
ws,PSE,,2023.0,F1marg,0.07860993715017744,0.0
ws,REU,,2023.0,F1marg,0.21676691729323308,0.0
ws,RUS,,2023.0,F1marg,0.1407786956116897,0.0
ws,RWA,,2023.0,F1marg,0.02142857142857143,0.0
ws,SAU,,2023.0,F1marg,1.7681238075047698,0.0
ws,SEN,,2023.0,F1marg,0.9430141981240289,0.0
ws,SGP,,2023.0,F1marg,0.009908840730636899,0.0
ws,SOM,,2023.0,F1marg,0.0,0.012282660548716393
ws,SUR,,2023.0,F1marg,0.0002469135802469136,0.0
ws,SWZ,,2023.0,F1marg,0.03,0.0
ws,SYR,,2023.0,F1marg,0.04635459817729909,0.0
ws,TGO,,2023.0,F1marg,0.10878,0.0
ws,THA,,2023.0,F1marg,0.044816031752055584,0.0
ws,TTO,,2023.0,F1marg,2.956581641845351e-05,0.0
ws,TUN,,2023.0,F1marg,0.001888381361991648,0.0
ws,URY,,2023.0,F1marg,5.25,0.0
ws,UZB,,2023.0,F1marg,0.016999747532118373,0.0
ws,EUROPE_POOL,,2024.0,F1,37.742021425896255,0.0
ws,AFG,,2024.0,F1,0.025384615384615384,0.0
ws,ATG,,2024.0,F1,0.0,0.03
ws,AUS,,2024.0,F1,24.84503234567945,0.0
ws,AZE,,2024.0,F1,0.0004843304843304843,0.0
ws,BLR,,2024.0,F1,0.027548746518105852,0.0
ws,BOL,,2024.0,F1,0.009468846584546504,0.0
ws,BRA,,2024.0,F1,17.536555759987102,55.5750211479455
ws,BRB,,2024.0,F1,0.011453073309421939,0.0
ws,CAN,,2024.0,F1,9.781920316382198,0.0
ws,CHL,,2024.0,F1,2.35294192090395,0.0
ws,COD,no fossil; regional (Africa) mix used for 2.51 TWh,2024.0,F1,,
ws,COD,,2024.0,F1,2.0267527197298394,0.3024800000000001
ws,COG,,2024.0,F1,0.009328703703703704,0.0
ws,COL,,2024.0,F1,1.0975095721124006,0.0
ws,DOM,,2024.0,F1,0.8548953551692351,0.0
ws,EGY,,2024.0,F1,0.9895688060338692,0.0
ws,ETH,no fossil; regional (Africa) mix used for 0.74 TWh,2024.0,F1,,
ws,ETH,,2024.0,F1,0.4723060607968451,0.21440000000000003
ws,GUM,no fossil; regional (Oceania) mix used for 0.16 TWh,2024.0,F1,,
ws,GUM,,2024.0,F1,0.1537314420238237,0.0
ws,GUY,,2024.0,F1,0.00014925373134328358,0.0
ws,HND,,2024.0,F1,1.34028,0.46927309685629437
ws,IND,,2024.0,F1,35.75515646205389,0.0
ws,IRN,,2024.0,F1,0.15478701107814585,0.0
ws,IRQ,,2024.0,F1,0.19850644942294635,0.0
ws,ISL,no fossil; regional (Europe) mix used for 0.02 TWh,2024.0,F1,,
ws,ISL,,2024.0,F1,0.019331919205862254,0.0
ws,ISR,,2024.0,F1,0.0633189033189033,0.0
ws,KAZ,,2024.0,F1,2.459504378980892,0.0
ws,KEN,,2024.0,F1,0.0,0.96408
ws,KHM,,2024.0,F1,0.2302231391238343,0.0
ws,LKA,,2024.0,F1,0.9173599999999986,0.0
ws,MAR,,2024.0,F1,4.333694849338052,0.7746889076648582
ws,MDA,,2024.0,F1,0.003038898236269857,0.0
ws,MMR,,2024.0,F1,0.0012720848056537103,0.0
ws,MNG,,2024.0,F1,0.0,0.13079999999999914
ws,MOZ,,2024.0,F1,0.0032557114576195734,0.0
ws,MUS,,2024.0,F1,0.09691523942741126,0.0
ws,NCL,,2024.0,F1,0.16900525175021502,0.0
ws,NPL,no fossil; regional (Asia) mix used for 0.13 TWh,2024.0,F1,,
ws,NPL,,2024.0,F1,0.12866579459347324,0.0
ws,NRU,no fossil; regional (Oceania) mix used for 0.01 TWh,2024.0,F1,,
ws,NRU,,2024.0,F1,0.00960821512648898,0.0
ws,NZL,,2024.0,F1,0.006192230682948831,0.0
ws,OMN,,2024.0,F1,0.059317870383641925,0.0
ws,PRI,,2024.0,F1,0.2862476740378558,0.0
ws,PRK,,2024.0,F1,0.011983887210473313,0.0
ws,PSE,no fossil; regional (Middle East) mix used for 0.39 TWh,2024.0,F1,,
ws,PSE,,2024.0,F1,0.08556370557669779,0.0
ws,RUS,,2024.0,F1,0.1331404083950745,0.0
ws,SAU,,2024.0,F1,3.4624540263477357,0.0
ws,SEN,,2024.0,F1,0.0054995911165274265,0.0
ws,SGP,,2024.0,F1,0.013041863688590088,0.0
ws,SOM,,2024.0,F1,0.0,0.022282660548716388
ws,SUR,,2024.0,F1,0.00024390243902439022,0.0
ws,SWZ,,2024.0,F1,0.03,0.0
ws,SYR,,2024.0,F1,0.04583333333333334,0.0
ws,TGO,,2024.0,F1,0.10877999999999999,0.0
ws,THA,,2024.0,F1,0.014518274380554412,0.0
ws,TTO,,2024.0,F1,2.9472725856669565e-05,0.0
ws,TUN,,2024.0,F1,0.0021305689440061725,0.0
ws,TUR,,2024.0,F1,14.75617906348156,0.0
ws,URY,,2024.0,F1,5.50208,0.0
ws,UZB,,2024.0,F1,0.08243667128683135,0.0
ws,BGR,,2024.0,F1nat,0.16338155515370706,0.0
ws,BIH,,2024.0,F1nat,0.003979514605137653,0.0
ws,CHE,,2024.0,F1nat,3.4727290105938966,0.0
ws,DNK,,2024.0,F1nat,2.5435465226595433,6.4979724995469965
ws,ESP,,2024.0,F1nat,1.3860613677446931,0.0
ws,EST,,2024.0,F1nat,0.18005660649819522,0.0
ws,FIN,,2024.0,F1nat,3.10269320338889,0.0
ws,FRA,,2024.0,F1nat,2.4677517326695124,0.0
ws,GBR,,2024.0,F1nat,2.032990965437117,0.0
ws,HRV,,2024.0,F1nat,2.7937192118226606,0.0
ws,LTU,,2024.0,F1nat,0.437308958695042,0.0
ws,LUX,,2024.0,F1nat,0.052559999999999996,0.6974400000000001
ws,MNE,,2024.0,F1nat,0.0,0.11823999999999993
ws,NOR,,2024.0,F1nat,0.07762615891839175,12.894927267490731
ws,POL,,2024.0,F1nat,0.7043932457690734,0.0
ws,PRT,,2024.0,F1nat,1.0086897270459378,0.0
ws,SRB,,2024.0,F1nat,0.007299880525686977,0.0
ws,SVK,,2024.0,F1nat,0.05817495400521486,0.0
ws,SVN,,2024.0,F1nat,0.0064,0.0
ws,SWE,,2024.0,F1nat,0.0,15.436681750640467
ws,AFG,,2024.0,F1nat,0.025384615384615384,0.0
ws,ATG,,2024.0,F1nat,0.0,0.03
ws,AUS,,2024.0,F1nat,24.84503234567945,0.0
ws,AZE,,2024.0,F1nat,0.0004843304843304843,0.0
ws,BLR,,2024.0,F1nat,0.027548746518105852,0.0
ws,BOL,,2024.0,F1nat,0.009468846584546504,0.0
ws,BRA,,2024.0,F1nat,17.536555759987102,55.5750211479455
ws,BRB,,2024.0,F1nat,0.011453073309421939,0.0
ws,CAN,,2024.0,F1nat,9.781920316382198,0.0
ws,CHL,,2024.0,F1nat,2.35294192090395,0.0
ws,COD,no fossil; regional (Africa) mix used for 2.51 TWh,2024.0,F1nat,,
ws,COD,,2024.0,F1nat,2.0267527197298394,0.3024800000000001
ws,COG,,2024.0,F1nat,0.009328703703703704,0.0
ws,COL,,2024.0,F1nat,1.0975095721124006,0.0
ws,DOM,,2024.0,F1nat,0.8548953551692351,0.0
ws,EGY,,2024.0,F1nat,0.9895688060338692,0.0
ws,ETH,no fossil; regional (Africa) mix used for 0.74 TWh,2024.0,F1nat,,
ws,ETH,,2024.0,F1nat,0.4723060607968451,0.21440000000000003
ws,GUM,no fossil; regional (Oceania) mix used for 0.16 TWh,2024.0,F1nat,,
ws,GUM,,2024.0,F1nat,0.1537314420238237,0.0
ws,GUY,,2024.0,F1nat,0.00014925373134328358,0.0
ws,HND,,2024.0,F1nat,1.34028,0.46927309685629437
ws,IND,,2024.0,F1nat,35.75515646205389,0.0
ws,IRN,,2024.0,F1nat,0.15478701107814585,0.0
ws,IRQ,,2024.0,F1nat,0.19850644942294635,0.0
ws,ISL,no fossil; regional (Europe) mix used for 0.02 TWh,2024.0,F1nat,,
ws,ISL,,2024.0,F1nat,0.019331919205862254,0.0
ws,ISR,,2024.0,F1nat,0.0633189033189033,0.0
ws,KAZ,,2024.0,F1nat,2.459504378980892,0.0
ws,KEN,,2024.0,F1nat,0.0,0.96408
ws,KHM,,2024.0,F1nat,0.2302231391238343,0.0
ws,LKA,,2024.0,F1nat,0.9173599999999986,0.0
ws,MAR,,2024.0,F1nat,4.333694849338052,0.7746889076648582
ws,MDA,,2024.0,F1nat,0.003038898236269857,0.0
ws,MMR,,2024.0,F1nat,0.0012720848056537103,0.0
ws,MNG,,2024.0,F1nat,0.0,0.13079999999999914
ws,MOZ,,2024.0,F1nat,0.0032557114576195734,0.0
ws,MUS,,2024.0,F1nat,0.09691523942741126,0.0
ws,NCL,,2024.0,F1nat,0.16900525175021502,0.0
ws,NPL,no fossil; regional (Asia) mix used for 0.13 TWh,2024.0,F1nat,,
ws,NPL,,2024.0,F1nat,0.12866579459347324,0.0
ws,NRU,no fossil; regional (Oceania) mix used for 0.01 TWh,2024.0,F1nat,,
ws,NRU,,2024.0,F1nat,0.00960821512648898,0.0
ws,NZL,,2024.0,F1nat,0.006192230682948831,0.0
ws,OMN,,2024.0,F1nat,0.059317870383641925,0.0
ws,PRI,,2024.0,F1nat,0.2862476740378558,0.0
ws,PRK,,2024.0,F1nat,0.011983887210473313,0.0
ws,PSE,no fossil; regional (Middle East) mix used for 0.39 TWh,2024.0,F1nat,,
ws,PSE,,2024.0,F1nat,0.08556370557669779,0.0
ws,RUS,,2024.0,F1nat,0.1331404083950745,0.0
ws,SAU,,2024.0,F1nat,3.4624540263477357,0.0
ws,SEN,,2024.0,F1nat,0.0054995911165274265,0.0
ws,SGP,,2024.0,F1nat,0.013041863688590088,0.0
ws,SOM,,2024.0,F1nat,0.0,0.022282660548716388
ws,SUR,,2024.0,F1nat,0.00024390243902439022,0.0
ws,SWZ,,2024.0,F1nat,0.03,0.0
ws,SYR,,2024.0,F1nat,0.04583333333333334,0.0
ws,TGO,,2024.0,F1nat,0.10877999999999999,0.0
ws,THA,,2024.0,F1nat,0.014518274380554412,0.0
ws,TTO,,2024.0,F1nat,2.9472725856669565e-05,0.0
ws,TUN,,2024.0,F1nat,0.0021305689440061725,0.0
ws,TUR,,2024.0,F1nat,14.75617906348156,0.0
ws,URY,,2024.0,F1nat,5.50208,0.0
ws,UZB,,2024.0,F1nat,0.08243667128683135,0.0
ws,COD,no fossil; regional (Africa) mix used for 2.51 TWh,2024.0,F1nocap,,
ws,ETH,no fossil; regional (Africa) mix used for 0.74 TWh,2024.0,F1nocap,,
ws,GUM,no fossil; regional (Oceania) mix used for 0.16 TWh,2024.0,F1nocap,,
ws,ISL,no fossil; regional (Europe) mix used for 0.02 TWh,2024.0,F1nocap,,
ws,NPL,no fossil; regional (Asia) mix used for 0.13 TWh,2024.0,F1nocap,,
ws,NRU,no fossil; regional (Oceania) mix used for 0.01 TWh,2024.0,F1nocap,,
ws,PSE,no fossil; regional (Middle East) mix used for 0.39 TWh,2024.0,F1nocap,,
ws,EUROPE_POOL,,2024.0,F1marg,33.03397559930912,0.0
ws,AFG,,2024.0,F1marg,0.025384615384615384,0.0
ws,ATG,,2024.0,F1marg,0.0,0.03
ws,AUS,,2024.0,F1marg,18.803278123253513,0.0
ws,AZE,,2024.0,F1marg,0.0004843304843304843,0.0
ws,BLR,,2024.0,F1marg,0.027548746518105852,0.0
ws,BOL,,2024.0,F1marg,0.009468846584546504,0.0
ws,BRA,,2024.0,F1marg,17.536555759987102,55.5750211479455
ws,BRB,,2024.0,F1marg,0.011453073309421939,0.0
ws,CAN,,2024.0,F1marg,6.270848309781415,0.0
ws,CHL,,2024.0,F1marg,2.35294192090395,0.0
ws,COD,no fossil; regional (Africa) mix used for 2.51 TWh,2024.0,F1marg,,
ws,COD,,2024.0,F1marg,2.0267527197298394,0.3024800000000001
ws,COG,,2024.0,F1marg,0.009328703703703704,0.0
ws,COL,,2024.0,F1marg,1.0975095721124006,0.0
ws,DOM,,2024.0,F1marg,0.8548953551692351,0.0
ws,EGY,,2024.0,F1marg,0.9895688060338692,0.0
ws,ETH,no fossil; regional (Africa) mix used for 0.74 TWh,2024.0,F1marg,,
ws,ETH,,2024.0,F1marg,0.4723060607968451,0.21440000000000003
ws,GUM,no fossil; regional (Oceania) mix used for 0.16 TWh,2024.0,F1marg,,
ws,GUM,,2024.0,F1marg,0.1537314420238237,0.0
ws,GUY,,2024.0,F1marg,0.00014925373134328358,0.0
ws,HND,,2024.0,F1marg,1.34028,0.46927309685629437
ws,IND,,2024.0,F1marg,35.75515646205389,0.0
ws,IRN,,2024.0,F1marg,0.15478701107814585,0.0
ws,IRQ,,2024.0,F1marg,0.19850644942294635,0.0
ws,ISL,no fossil; regional (Europe) mix used for 0.02 TWh,2024.0,F1marg,,
ws,ISL,,2024.0,F1marg,0.019331919205862254,0.0
ws,ISR,,2024.0,F1marg,0.0633189033189033,0.0
ws,KAZ,,2024.0,F1marg,2.459504378980892,0.0
ws,KEN,,2024.0,F1marg,0.0,0.96408
ws,KHM,,2024.0,F1marg,0.2302231391238343,0.0
ws,LKA,,2024.0,F1marg,0.9173599999999986,0.0
ws,MAR,,2024.0,F1marg,4.333694849338052,0.7746889076648582
ws,MDA,,2024.0,F1marg,0.003038898236269857,0.0
ws,MMR,,2024.0,F1marg,0.0012720848056537103,0.0
ws,MNG,,2024.0,F1marg,0.0,0.13079999999999914
ws,MOZ,,2024.0,F1marg,0.0032557114576195734,0.0
ws,MUS,,2024.0,F1marg,0.09691523942741126,0.0
ws,NCL,,2024.0,F1marg,0.16900525175021502,0.0
ws,NPL,no fossil; regional (Asia) mix used for 0.13 TWh,2024.0,F1marg,,
ws,NPL,,2024.0,F1marg,0.12866579459347324,0.0
ws,NRU,no fossil; regional (Oceania) mix used for 0.01 TWh,2024.0,F1marg,,
ws,NRU,,2024.0,F1marg,0.00960821512648898,0.0
ws,NZL,,2024.0,F1marg,0.006198865396186915,0.0
ws,OMN,,2024.0,F1marg,0.059317870383641925,0.0
ws,PRI,,2024.0,F1marg,0.2862476740378558,0.0
ws,PRK,,2024.0,F1marg,0.011983887210473313,0.0
ws,PSE,no fossil; regional (Middle East) mix used for 0.39 TWh,2024.0,F1marg,,
ws,PSE,,2024.0,F1marg,0.08556370557669779,0.0
ws,RUS,,2024.0,F1marg,0.1331404083950745,0.0
ws,SAU,,2024.0,F1marg,3.4624540263477357,0.0
ws,SEN,,2024.0,F1marg,0.0054995911165274265,0.0
ws,SGP,,2024.0,F1marg,0.013041863688590088,0.0
ws,SOM,,2024.0,F1marg,0.0,0.022282660548716388
ws,SUR,,2024.0,F1marg,0.00024390243902439022,0.0
ws,SWZ,,2024.0,F1marg,0.03,0.0
ws,SYR,,2024.0,F1marg,0.04583333333333334,0.0
ws,TGO,,2024.0,F1marg,0.10877999999999999,0.0
ws,THA,,2024.0,F1marg,0.014518274380554412,0.0
ws,TTO,,2024.0,F1marg,2.9472725856669565e-05,0.0
ws,TUN,,2024.0,F1marg,0.0021305689440061725,0.0
ws,TUR,,2024.0,F1marg,4.235478300082903,0.0
ws,URY,,2024.0,F1marg,5.50208,0.0
ws,UZB,,2024.0,F1marg,0.08243667128683135,0.0
ws,EUROPE_POOL,,2025.0,F1,44.12076691297779,0.0
ws,AFG,,2025.0,F1,0.025384615384615384,0.0
ws,ATG,,2025.0,F1,0.0,0.03
ws,AUS,,2025.0,F1,30.214825899663566,0.0
ws,AZE,,2025.0,F1,0.0003160011804019,0.0
ws,BLR,,2025.0,F1,0.027570120216017173,0.0
ws,BOL,,2025.0,F1,0.0053742365097589305,0.0
ws,BRA,,2025.0,F1,16.758010402037186,77.24654114794552
ws,BRB,,2025.0,F1,0.011453073309421939,0.0
ws,CAN,,2025.0,F1,10.542962813036672,0.0
ws,CHL,,2025.0,F1,11.68266096774194,0.0
ws,COD,no fossil; regional (Africa) mix used for 2.51 TWh,2025.0,F1,,
ws,COD,,2025.0,F1,2.0243653977663665,0.3024800000000001
ws,COG,,2025.0,F1,0.009328703703703704,0.0
ws,CRI,no fossil; regional (Latin America and Caribbean) mix used for 1.44 TWh,2025.0,F1,,
ws,CRI,,2025.0,F1,1.2270188638800272,0.0
ws,DOM,,2025.0,F1,0.5611322685185178,0.0
ws,EGY,,2025.0,F1,1.381456915603812,0.0
ws,ETH,no fossil; regional (Africa) mix used for 1.14 TWh,2025.0,F1,,
ws,ETH,,2025.0,F1,0.4424142444038478,0.6144000000000002
ws,GUM,no fossil; regional (Oceania) mix used for 0.16 TWh,2025.0,F1,,
ws,GUM,,2025.0,F1,0.15344957437659715,0.0
ws,GUY,,2025.0,F1,0.00014925373134328358,0.0
ws,HND,,2025.0,F1,1.34028,0.46927309685629437
ws,IND,,2025.0,F1,1.4197752749233246,0.0
ws,IRN,,2025.0,F1,0.10494185734955254,0.0
ws,IRQ,,2025.0,F1,0.19850644942294635,0.0
ws,ISL,no fossil; regional (Europe) mix used for 0.02 TWh,2025.0,F1,,
ws,ISL,,2025.0,F1,0.019375645391456787,0.0
ws,JPN,,2025.0,F1,0.18823686647911586,0.0
ws,KAZ,,2025.0,F1,2.589685317633655,0.0
ws,KEN,,2025.0,F1,0.0,1.3540799999999997
ws,KHM,,2025.0,F1,1.6450398024825532,0.0
ws,LKA,,2025.0,F1,1.4973599999999996,0.0
ws,MAR,,2025.0,F1,3.8835814522732335,2.3846889076648585
ws,MDA,,2025.0,F1,0.01245381156076986,0.0
ws,MMR,,2025.0,F1,0.0012720848056537103,0.0
ws,MOZ,,2025.0,F1,0.0032557114576195734,0.0
ws,MUS,,2025.0,F1,0.09691523942741126,0.0
ws,NCL,,2025.0,F1,0.16900525175021502,0.0
ws,NPL,no fossil; regional (Asia) mix used for 0.13 TWh,2025.0,F1,,
ws,NPL,,2025.0,F1,0.12866949247207635,0.0
ws,NRU,no fossil; regional (Oceania) mix used for 0.01 TWh,2025.0,F1,,
ws,NRU,,2025.0,F1,0.009590598398537322,0.0
ws,NZL,,2025.0,F1,0.007702282864106828,0.0
ws,OMN,,2025.0,F1,0.054851894077571,0.0
ws,PER,,2025.0,F1,0.0017933545744196631,0.0
ws,PRI,,2025.0,F1,0.2787356741643899,0.0
ws,PRK,,2025.0,F1,0.011983887210473313,0.0
ws,PSE,no fossil; regional (Middle East) mix used for 0.39 TWh,2025.0,F1,,
ws,PSE,,2025.0,F1,0.08038112238146103,0.0
ws,RUS,,2025.0,F1,0.12203569007768916,0.0
ws,SAU,,2025.0,F1,3.4624540263477357,0.0
ws,SEN,,2025.0,F1,0.0054995911165274265,0.0
ws,SGP,,2025.0,F1,0.016745808336150015,0.0
ws,SOM,,2025.0,F1,0.0,0.022282660548716388
ws,SUR,,2025.0,F1,0.00024390243902439022,0.0
ws,SWZ,,2025.0,F1,0.03,0.0
ws,SYR,,2025.0,F1,0.04583333333333334,0.0
ws,TGO,,2025.0,F1,0.10877999999999999,0.0
ws,THA,,2025.0,F1,0.011937086092715234,0.0
ws,TTO,,2025.0,F1,2.9472725856669565e-05,0.0
ws,TUN,,2025.0,F1,0.001940877085525866,0.0
ws,TUR,,2025.0,F1,20.55054581888468,0.0
ws,TWN,,2025.0,F1,0.3167577602332816,0.0
ws,URY,,2025.0,F1,5.35208,0.0
ws,UZB,,2025.0,F1,0.1767013632777976,0.0
ws,BGR,,2025.0,F1nat,0.20073170731707318,0.0
ws,BIH,,2025.0,F1nat,0.005676122327517987,0.0
ws,CHE,,2025.0,F1nat,5.297420806325503,0.0
ws,DNK,,2025.0,F1nat,4.413540279635277,4.627972499547
ws,ESP,,2025.0,F1nat,0.1302568698773019,0.0
ws,EST,,2025.0,F1nat,0.6825528455284546,0.0
ws,FIN,,2025.0,F1nat,5.217619264433253,1.1517242508951
ws,FRA,,2025.0,F1nat,4.187877566943925,0.0
ws,GBR,,2025.0,F1nat,0.36686609726026986,0.0
ws,HRV,,2025.0,F1nat,3.4954727793696274,0.0
ws,IRL,,2025.0,F1nat,0.09072988147223954,0.0
ws,LTU,,2025.0,F1nat,0.30347885779501904,0.0
ws,LUX,,2025.0,F1nat,0.052559999999999996,0.8174399999999999
ws,MKD,,2025.0,F1nat,0.2637854231862079,0.0
ws,NOR,,2025.0,F1nat,0.0,11.304927267490731
ws,POL,,2025.0,F1nat,0.7148682925702311,0.0
ws,PRT,,2025.0,F1nat,0.32604352991738894,0.0
ws,SRB,,2025.0,F1nat,0.006773706082357386,0.0
ws,SVK,,2025.0,F1nat,0.05616057614851707,0.0
ws,SWE,,2025.0,F1nat,0.0,15.943721750640462
ws,AFG,,2025.0,F1nat,0.025384615384615384,0.0
ws,ATG,,2025.0,F1nat,0.0,0.03
ws,AUS,,2025.0,F1nat,30.214825899663566,0.0
ws,AZE,,2025.0,F1nat,0.0003160011804019,0.0
ws,BLR,,2025.0,F1nat,0.027570120216017173,0.0
ws,BOL,,2025.0,F1nat,0.0053742365097589305,0.0
ws,BRA,,2025.0,F1nat,16.758010402037186,77.24654114794552
ws,BRB,,2025.0,F1nat,0.011453073309421939,0.0
ws,CAN,,2025.0,F1nat,10.542962813036672,0.0
ws,CHL,,2025.0,F1nat,11.68266096774194,0.0
ws,COD,no fossil; regional (Africa) mix used for 2.51 TWh,2025.0,F1nat,,
ws,COD,,2025.0,F1nat,2.0243653977663665,0.3024800000000001
ws,COG,,2025.0,F1nat,0.009328703703703704,0.0
ws,CRI,no fossil; regional (Latin America and Caribbean) mix used for 1.44 TWh,2025.0,F1nat,,
ws,CRI,,2025.0,F1nat,1.2270188638800272,0.0
ws,DOM,,2025.0,F1nat,0.5611322685185178,0.0
ws,EGY,,2025.0,F1nat,1.381456915603812,0.0
ws,ETH,no fossil; regional (Africa) mix used for 1.14 TWh,2025.0,F1nat,,
ws,ETH,,2025.0,F1nat,0.4424142444038478,0.6144000000000002
ws,GUM,no fossil; regional (Oceania) mix used for 0.16 TWh,2025.0,F1nat,,
ws,GUM,,2025.0,F1nat,0.15344957437659715,0.0
ws,GUY,,2025.0,F1nat,0.00014925373134328358,0.0
ws,HND,,2025.0,F1nat,1.34028,0.46927309685629437
ws,IND,,2025.0,F1nat,1.4197752749233246,0.0
ws,IRN,,2025.0,F1nat,0.10494185734955254,0.0
ws,IRQ,,2025.0,F1nat,0.19850644942294635,0.0
ws,ISL,no fossil; regional (Europe) mix used for 0.02 TWh,2025.0,F1nat,,
ws,ISL,,2025.0,F1nat,0.019375645391456787,0.0
ws,JPN,,2025.0,F1nat,0.18823686647911586,0.0
ws,KAZ,,2025.0,F1nat,2.589685317633655,0.0
ws,KEN,,2025.0,F1nat,0.0,1.3540799999999997
ws,KHM,,2025.0,F1nat,1.6450398024825532,0.0
ws,LKA,,2025.0,F1nat,1.4973599999999996,0.0
ws,MAR,,2025.0,F1nat,3.8835814522732335,2.3846889076648585
ws,MDA,,2025.0,F1nat,0.01245381156076986,0.0
ws,MMR,,2025.0,F1nat,0.0012720848056537103,0.0
ws,MOZ,,2025.0,F1nat,0.0032557114576195734,0.0
ws,MUS,,2025.0,F1nat,0.09691523942741126,0.0
ws,NCL,,2025.0,F1nat,0.16900525175021502,0.0
ws,NPL,no fossil; regional (Asia) mix used for 0.13 TWh,2025.0,F1nat,,
ws,NPL,,2025.0,F1nat,0.12866949247207635,0.0
ws,NRU,no fossil; regional (Oceania) mix used for 0.01 TWh,2025.0,F1nat,,
ws,NRU,,2025.0,F1nat,0.009590598398537322,0.0
ws,NZL,,2025.0,F1nat,0.007702282864106828,0.0
ws,OMN,,2025.0,F1nat,0.054851894077571,0.0
ws,PER,,2025.0,F1nat,0.0017933545744196631,0.0
ws,PRI,,2025.0,F1nat,0.2787356741643899,0.0
ws,PRK,,2025.0,F1nat,0.011983887210473313,0.0
ws,PSE,no fossil; regional (Middle East) mix used for 0.39 TWh,2025.0,F1nat,,
ws,PSE,,2025.0,F1nat,0.08038112238146103,0.0
ws,RUS,,2025.0,F1nat,0.12203569007768916,0.0
ws,SAU,,2025.0,F1nat,3.4624540263477357,0.0
ws,SEN,,2025.0,F1nat,0.0054995911165274265,0.0
ws,SGP,,2025.0,F1nat,0.016745808336150015,0.0
ws,SOM,,2025.0,F1nat,0.0,0.022282660548716388
ws,SUR,,2025.0,F1nat,0.00024390243902439022,0.0
ws,SWZ,,2025.0,F1nat,0.03,0.0
ws,SYR,,2025.0,F1nat,0.04583333333333334,0.0
ws,TGO,,2025.0,F1nat,0.10877999999999999,0.0
ws,THA,,2025.0,F1nat,0.011937086092715234,0.0
ws,TTO,,2025.0,F1nat,2.9472725856669565e-05,0.0
ws,TUN,,2025.0,F1nat,0.001940877085525866,0.0
ws,TUR,,2025.0,F1nat,20.55054581888468,0.0
ws,TWN,,2025.0,F1nat,0.3167577602332816,0.0
ws,URY,,2025.0,F1nat,5.35208,0.0
ws,UZB,,2025.0,F1nat,0.1767013632777976,0.0
ws,COD,no fossil; regional (Africa) mix used for 2.51 TWh,2025.0,F1nocap,,
ws,CRI,no fossil; regional (Latin America and Caribbean) mix used for 1.44 TWh,2025.0,F1nocap,,
ws,ETH,no fossil; regional (Africa) mix used for 1.14 TWh,2025.0,F1nocap,,
ws,GUM,no fossil; regional (Oceania) mix used for 0.16 TWh,2025.0,F1nocap,,
ws,ISL,no fossil; regional (Europe) mix used for 0.02 TWh,2025.0,F1nocap,,
ws,NPL,no fossil; regional (Asia) mix used for 0.13 TWh,2025.0,F1nocap,,
ws,NRU,no fossil; regional (Oceania) mix used for 0.01 TWh,2025.0,F1nocap,,
ws,PSE,no fossil; regional (Middle East) mix used for 0.39 TWh,2025.0,F1nocap,,
ws,EUROPE_POOL,,2025.0,F1marg,34.51566194883634,0.0
ws,AFG,,2025.0,F1marg,0.025384615384615384,0.0
ws,ATG,,2025.0,F1marg,0.0,0.03
ws,AUS,,2025.0,F1marg,23.225839055221698,0.0
ws,AZE,,2025.0,F1marg,0.0003160011804019,0.0
ws,BLR,,2025.0,F1marg,0.027570120216017173,0.0
ws,BOL,,2025.0,F1marg,0.0053742365097589305,0.0
ws,BRA,,2025.0,F1marg,16.758010402037186,77.24654114794552
ws,BRB,,2025.0,F1marg,0.011453073309421939,0.0
ws,CAN,,2025.0,F1marg,6.748639380209492,0.0
ws,CHL,,2025.0,F1marg,11.68266096774194,0.0
ws,COD,no fossil; regional (Africa) mix used for 2.51 TWh,2025.0,F1marg,,
ws,COD,,2025.0,F1marg,2.0243653977663665,0.3024800000000001
ws,COG,,2025.0,F1marg,0.009328703703703704,0.0
ws,CRI,no fossil; regional (Latin America and Caribbean) mix used for 1.44 TWh,2025.0,F1marg,,
ws,CRI,,2025.0,F1marg,1.2270188638800272,0.0
ws,DOM,,2025.0,F1marg,0.5611322685185178,0.0
ws,EGY,,2025.0,F1marg,1.381456915603812,0.0
ws,ETH,no fossil; regional (Africa) mix used for 1.14 TWh,2025.0,F1marg,,
ws,ETH,,2025.0,F1marg,0.4424142444038478,0.6144000000000002
ws,GUM,no fossil; regional (Oceania) mix used for 0.16 TWh,2025.0,F1marg,,
ws,GUM,,2025.0,F1marg,0.15344957437659715,0.0
ws,GUY,,2025.0,F1marg,0.00014925373134328358,0.0
ws,HND,,2025.0,F1marg,1.34028,0.46927309685629437
ws,IND,,2025.0,F1marg,1.4197752749233246,0.0
ws,IRN,,2025.0,F1marg,0.10494185734955254,0.0
ws,IRQ,,2025.0,F1marg,0.19850644942294635,0.0
ws,ISL,no fossil; regional (Europe) mix used for 0.02 TWh,2025.0,F1marg,,
ws,ISL,,2025.0,F1marg,0.019375645391456787,0.0
ws,JPN,,2025.0,F1marg,0.18823686647911586,0.0
ws,KAZ,,2025.0,F1marg,2.589685317633655,0.0
ws,KEN,,2025.0,F1marg,0.0,1.3540799999999997
ws,KHM,,2025.0,F1marg,1.6450398024825532,0.0
ws,LKA,,2025.0,F1marg,1.4973599999999996,0.0
ws,MAR,,2025.0,F1marg,3.8835814522732335,2.3846889076648585
ws,MDA,,2025.0,F1marg,0.01245381156076986,0.0
ws,MMR,,2025.0,F1marg,0.0012720848056537103,0.0
ws,MOZ,,2025.0,F1marg,0.0032557114576195734,0.0
ws,MUS,,2025.0,F1marg,0.09691523942741126,0.0
ws,NCL,,2025.0,F1marg,0.16900525175021502,0.0
ws,NPL,no fossil; regional (Asia) mix used for 0.13 TWh,2025.0,F1marg,,
ws,NPL,,2025.0,F1marg,0.12866949247207635,0.0
ws,NRU,no fossil; regional (Oceania) mix used for 0.01 TWh,2025.0,F1marg,,
ws,NRU,,2025.0,F1marg,0.009590598398537322,0.0
ws,NZL,,2025.0,F1marg,0.007706567060987316,0.0
ws,OMN,,2025.0,F1marg,0.054851894077571,0.0
ws,PER,,2025.0,F1marg,0.0017933545744196631,0.0
ws,PRI,,2025.0,F1marg,0.2787356741643899,0.0
ws,PRK,,2025.0,F1marg,0.011983887210473313,0.0
ws,PSE,no fossil; regional (Middle East) mix used for 0.39 TWh,2025.0,F1marg,,
ws,PSE,,2025.0,F1marg,0.08038112238146103,0.0
ws,RUS,,2025.0,F1marg,0.12203569007768916,0.0
ws,SAU,,2025.0,F1marg,3.4624540263477357,0.0
ws,SEN,,2025.0,F1marg,0.0054995911165274265,0.0
ws,SGP,,2025.0,F1marg,0.016745808336150015,0.0
ws,SOM,,2025.0,F1marg,0.0,0.022282660548716388
ws,SUR,,2025.0,F1marg,0.00024390243902439022,0.0
ws,SWZ,,2025.0,F1marg,0.03,0.0
ws,SYR,,2025.0,F1marg,0.04583333333333334,0.0
ws,TGO,,2025.0,F1marg,0.10877999999999999,0.0
ws,THA,,2025.0,F1marg,0.011937086092715234,0.0
ws,TTO,,2025.0,F1marg,2.9472725856669565e-05,0.0
ws,TUN,,2025.0,F1marg,0.001940877085525866,0.0
ws,TUR,,2025.0,F1marg,7.326699139724575,0.0
ws,TWN,,2025.0,F1marg,0.3167577602332816,0.0
ws,URY,,2025.0,F1marg,5.35208,0.0
ws,UZB,,2025.0,F1marg,0.1767013632777976,0.0
wsob,BOL,negative gap set to 0 in 2 yrs (min -0.02 TWh),,,,
wsob,CHL,negative gap set to 0 in 1 yrs (min -0.36 TWh),,,,
wsob,CIV,negative gap set to 0 in 14 yrs (min -0.05 TWh),,,,
wsob,CPV,negative gap set to 0 in 1 yrs (min -0.01 TWh),,,,
wsob,CRI,negative gap set to 0 in 1 yrs (min -0.01 TWh),,,,
wsob,CUB,negative gap set to 0 in 2 yrs (min -0.01 TWh),,,,
wsob,DNK,negative gap set to 0 in 1 yrs (min -0.61 TWh),,,,
wsob,ECU,negative gap set to 0 in 1 yrs (min -0.01 TWh),,,,
wsob,ETH,negative gap set to 0 in 1 yrs (min -0.02 TWh),,,,
wsob,FIN,negative gap set to 0 in 1 yrs (min -0.67 TWh),,,,
wsob,FJI,negative gap set to 0 in 19 yrs (min -0.11 TWh),,,,
wsob,GLP,negative gap set to 0 in 4 yrs (min -0.06 TWh),,,,
wsob,GTM,negative gap set to 0 in 1 yrs (min -0.05 TWh),,,,
wsob,HUN,negative gap set to 0 in 1 yrs (min -0.37 TWh),,,,
wsob,IDN,negative gap set to 0 in 1 yrs (min -0.37 TWh),,,,
wsob,JAM,negative gap set to 0 in 1 yrs (min -0.02 TWh),,,,
wsob,MAR,negative gap set to 0 in 1 yrs (min -0.03 TWh),,,,
wsob,MEX,negative gap set to 0 in 2 yrs (min -0.62 TWh),,,,
wsob,PHL,negative gap set to 0 in 1 yrs (min -0.07 TWh),,,,
wsob,PNG,negative gap set to 0 in 8 yrs (min -0.19 TWh),,,,
wsob,REU,negative gap set to 0 in 1 yrs (min -0.01 TWh),,,,
wsob,ROU,negative gap set to 0 in 1 yrs (min -0.01 TWh),,,,
wsob,SDN,negative gap set to 0 in 9 yrs (min -0.02 TWh),,,,
wsob,SEN,negative gap set to 0 in 2 yrs (min -0.01 TWh),,,,
wsob,SGP,negative gap set to 0 in 1 yrs (min -0.01 TWh),,,,
wsob,SWZ,negative gap set to 0 in 15 yrs (min -0.24 TWh),,,,
wsob,TTO,negative gap set to 0 in 16 yrs (min -0.02 TWh),,,,
wsob,ZAF,negative gap set to 0 in 2 yrs (min -0.02 TWh),,,,
wsob,EUROPE_POOL,,2006.0,F1,2.402736149196593,0.0
wsob,BGD,,2006.0,F1,0.009902676399026764,0.0
wsob,BRA,,2006.0,F1,0.36065601478283793,0.0
wsob,CHN,,2006.0,F1,0.05742149431510556,0.0
wsob,CMR,,2006.0,F1,0.0,0.64
wsob,EGY,,2006.0,F1,0.015477765340388722,0.0
wsob,IND,,2006.0,F1,4.124723649956611,0.0
wsob,IRN,,2006.0,F1,0.015731941631662836,0.0
wsob,ISL,no fossil; regional (Europe) mix used for 0.97 TWh,2006.0,F1,,
wsob,ISL,,2006.0,F1,0.6735521417875111,0.23416000000000003
wsob,JOR,,2006.0,F1,0.0,0.010000000000000002
wsob,JPN,,2006.0,F1,0.19856355461323225,0.0
wsob,KEN,,2006.0,F1,0.0,0.010000000000000009
wsob,KOR,,2006.0,F1,0.06768520738432028,0.0
wsob,NCL,,2006.0,F1,0.0016311058457153188,0.0
wsob,NIC,,2006.0,F1,0.0,0.03999999999999998
wsob,NZL,,2006.0,F1,0.17909471731141974,0.0
wsob,PAK,,2006.0,F1,0.0253990786477418,0.0
wsob,RUS,,2006.0,F1,0.0026153172073065706,0.0
wsob,SLV,,2006.0,F1,0.11126742491882274,0.0
wsob,SWZ,,2006.0,F1,0.052559999999999996,0.02744000000000002
wsob,THA,,2006.0,F1,0.1371260467652826,0.0
wsob,TTO,,2006.0,F1,0.0,0.009999999999999998
wsob,TUR,,2006.0,F1,0.0032534061090414186,0.0
wsob,TWN,,2006.0,F1,0.12860764917680284,0.0
wsob,TZA,,2006.0,F1,9.950248756218902e-05,0.0
wsob,URY,,2006.0,F1,0.010000000000000002,0.0
wsob,VNM,,2006.0,F1,0.0035746131654864916,0.0
wsob,ZWE,,2006.0,F1,0.0006260535766053007,0.0
wsob,BEL,,2006.0,F1nat,0.034037590258170554,0.0
wsob,BGR,,2006.0,F1nat,0.0004053370659779429,0.0
wsob,CZE,,2006.0,F1nat,0.0029783460226704174,0.0
wsob,ESP,,2006.0,F1nat,0.24112786616751253,0.0
wsob,FIN,,2006.0,F1nat,0.5200035812780832,0.0
wsob,GRC,,2006.0,F1nat,0.06725229603109929,0.0
wsob,HRV,,2006.0,F1nat,0.0032907348242811503,0.0
wsob,ITA,,2006.0,F1nat,0.2527377670181966,0.0
wsob,LTU,,2006.0,F1nat,0.0035451505016722406,0.0
wsob,LUX,,2006.0,F1nat,0.0,0.01999999999999999
wsob,NLD,,2006.0,F1nat,0.4060892005802532,0.0
wsob,NOR,,2006.0,F1nat,0.012874954987607191,0.0
wsob,POL,,2006.0,F1nat,0.010010842070153354,0.0
wsob,PRT,,2006.0,F1nat,0.7349488479281392,0.0
wsob,SVK,,2006.0,F1nat,0.021052586643339217,0.0
wsob,BGD,,2006.0,F1nat,0.009902676399026764,0.0
wsob,BRA,,2006.0,F1nat,0.36065601478283793,0.0
wsob,CHN,,2006.0,F1nat,0.05742149431510556,0.0
wsob,CMR,,2006.0,F1nat,0.0,0.64
wsob,EGY,,2006.0,F1nat,0.015477765340388722,0.0
wsob,IND,,2006.0,F1nat,4.124723649956611,0.0
wsob,IRN,,2006.0,F1nat,0.015731941631662836,0.0
wsob,ISL,no fossil; regional (Europe) mix used for 0.97 TWh,2006.0,F1nat,,
wsob,ISL,,2006.0,F1nat,0.6735521417875111,0.23416000000000003
wsob,JOR,,2006.0,F1nat,0.0,0.010000000000000002
wsob,JPN,,2006.0,F1nat,0.19856355461323225,0.0
wsob,KEN,,2006.0,F1nat,0.0,0.010000000000000009
wsob,KOR,,2006.0,F1nat,0.06768520738432028,0.0
wsob,NCL,,2006.0,F1nat,0.0016311058457153188,0.0
wsob,NIC,,2006.0,F1nat,0.0,0.03999999999999998
wsob,NZL,,2006.0,F1nat,0.17909471731141974,0.0
wsob,PAK,,2006.0,F1nat,0.0253990786477418,0.0
wsob,RUS,,2006.0,F1nat,0.0026153172073065706,0.0
wsob,SLV,,2006.0,F1nat,0.11126742491882274,0.0
wsob,SWZ,,2006.0,F1nat,0.052559999999999996,0.02744000000000002
wsob,THA,,2006.0,F1nat,0.1371260467652826,0.0
wsob,TTO,,2006.0,F1nat,0.0,0.009999999999999998
wsob,TUR,,2006.0,F1nat,0.0032534061090414186,0.0
wsob,TWN,,2006.0,F1nat,0.12860764917680284,0.0
wsob,TZA,,2006.0,F1nat,9.950248756218902e-05,0.0
wsob,URY,,2006.0,F1nat,0.010000000000000002,0.0
wsob,VNM,,2006.0,F1nat,0.0035746131654864916,0.0
wsob,ZWE,,2006.0,F1nat,0.0006260535766053007,0.0
wsob,ISL,no fossil; regional (Europe) mix used for 0.97 TWh,2006.0,F1nocap,,
wsob,EUROPE_POOL,,2006.0,F1marg,2.402736149196593,0.0
wsob,BGD,,2006.0,F1marg,0.009902676399026764,0.0
wsob,BRA,,2006.0,F1marg,0.36065601478283793,0.0
wsob,CHN,,2006.0,F1marg,0.05742149431510556,0.0
wsob,CMR,,2006.0,F1marg,0.0,0.64
wsob,EGY,,2006.0,F1marg,0.015477765340388722,0.0
wsob,IND,,2006.0,F1marg,4.124723649956611,0.0
wsob,IRN,,2006.0,F1marg,0.015731941631662836,0.0
wsob,ISL,no fossil; regional (Europe) mix used for 0.97 TWh,2006.0,F1marg,,
wsob,ISL,,2006.0,F1marg,0.6735521417875111,0.23416000000000003
wsob,JOR,,2006.0,F1marg,0.0,0.010000000000000002
wsob,JPN,,2006.0,F1marg,0.19856355461323225,0.0
wsob,KEN,,2006.0,F1marg,0.0,0.010000000000000009
wsob,KOR,,2006.0,F1marg,0.06768520738432028,0.0
wsob,NCL,,2006.0,F1marg,0.0016311058457153188,0.0
wsob,NIC,,2006.0,F1marg,0.0,0.03999999999999998
wsob,NZL,,2006.0,F1marg,0.17909471731141974,0.0
wsob,PAK,,2006.0,F1marg,0.0253990786477418,0.0
wsob,RUS,,2006.0,F1marg,0.0026153172073065706,0.0
wsob,SLV,,2006.0,F1marg,0.11126742491882274,0.0
wsob,SWZ,,2006.0,F1marg,0.052559999999999996,0.02744000000000002
wsob,THA,,2006.0,F1marg,0.1371260467652826,0.0
wsob,TTO,,2006.0,F1marg,0.0,0.009999999999999998
wsob,TUR,,2006.0,F1marg,0.0032534061090414186,0.0
wsob,TWN,,2006.0,F1marg,0.12860764917680284,0.0
wsob,TZA,,2006.0,F1marg,9.950248756218902e-05,0.0
wsob,URY,,2006.0,F1marg,0.010000000000000002,0.0
wsob,VNM,,2006.0,F1marg,0.0035746131654864916,0.0
wsob,ZWE,,2006.0,F1marg,0.0006260535766053007,0.0
wsob,EUROPE_POOL,,2007.0,F1,4.317787230724994,0.0
wsob,BGD,,2007.0,F1,0.019510420112471057,0.0
wsob,BLR,,2007.0,F1,8.18124606670862e-05,0.0
wsob,BRA,,2007.0,F1,1.357141077053403,0.0
wsob,CHL,,2007.0,F1,0.37605286426249634,0.0
wsob,CIV,,2007.0,F1,0.0,0.009999999999999995
wsob,CMR,,2007.0,F1,0.0,0.08000000000000002
wsob,EGY,,2007.0,F1,0.022532863402552873,0.0
wsob,FRO,no fossil; regional (Europe) mix used for 0.01 TWh,2007.0,F1,,
wsob,FRO,,2007.0,F1,0.009452531262483375,0.0
wsob,GTM,,2007.0,F1,0.13427380139682338,0.0
wsob,IDN,,2007.0,F1,0.30528321650149065,0.0
wsob,IND,,2007.0,F1,0.35655599798961024,0.0
wsob,IRN,,2007.0,F1,0.01750567506215545,0.0
wsob,ISL,no fossil; regional (Europe) mix used for 1.92 TWh,2007.0,F1,,
wsob,ISL,,2007.0,F1,0.5256060023968077,1.2892800000000004
wsob,JAM,,2007.0,F1,0.01999999999999999,0.0
wsob,JOR,,2007.0,F1,0.0,0.01
wsob,JPN,,2007.0,F1,0.8799355444913501,0.0
wsob,KEN,,2007.0,F1,0.0,0.020000000000000018
wsob,KOR,,2007.0,F1,0.2643167511960001,0.0
wsob,MAR,,2007.0,F1,0.012815265486725671,0.0
wsob,MTQ,,2007.0,F1,0.01,0.0
wsob,NIC,,2007.0,F1,0.0,0.02999999999999997
wsob,NZL,,2007.0,F1,0.6085933147632313,0.0
wsob,PAK,,2007.0,F1,0.11406818240690303,0.0
wsob,PNG,,2007.0,F1,0.0,0.10000000000000003
wsob,RUS,,2007.0,F1,0.0009359721630867251,0.0
wsob,SDN,,2007.0,F1,0.009999999999999981,0.0
wsob,SLV,,2007.0,F1,0.4199999999999998,0.0
wsob,SWZ,,2007.0,F1,0.052559999999999996,0.02744000000000002
wsob,THA,,2007.0,F1,0.45975323593974704,0.0
wsob,TUR,,2007.0,F1,0.28107162152895016,0.0
wsob,TWN,,2007.0,F1,0.25664924889655993,0.0
wsob,TZA,,2007.0,F1,0.00024096385542168663,0.0
wsob,UGA,,2007.0,F1,0.0,0.01
wsob,UKR,,2007.0,F1,0.0023326898326898327,0.0
wsob,URY,,2007.0,F1,0.1,0.0
wsob,VNM,,2007.0,F1,0.0019164265129682997,0.0
wsob,ZWE,,2007.0,F1,0.0008333333333333334,0.0
wsob,BEL,,2007.0,F1nat,0.030129155733194083,0.0
wsob,BGR,,2007.0,F1nat,0.0011660079051383399,0.0
wsob,CZE,,2007.0,F1nat,0.005235281561719705,0.0
wsob,DNK,,2007.0,F1nat,0.1224981953406231,0.0
wsob,FIN,,2007.0,F1nat,0.18466812130338148,0.0
wsob,GRC,,2007.0,F1nat,0.09299331085094303,0.0
wsob,HRV,,2007.0,F1nat,0.014076923076923072,0.0
wsob,ITA,,2007.0,F1nat,0.3981188201321169,0.0
wsob,LTU,,2007.0,F1nat,0.029681945332524627,0.0
wsob,LUX,,2007.0,F1nat,0.0,0.01999999999999999
wsob,NLD,,2007.0,F1nat,0.07747283550141451,0.0
wsob,NOR,,2007.0,F1nat,0.019663179993289474,0.0
wsob,POL,,2007.0,F1nat,0.021305215240017862,0.0
wsob,PRT,,2007.0,F1nat,0.3665585946277079,0.0
wsob,SVK,,2007.0,F1nat,0.027248175503243866,0.0
wsob,BGD,,2007.0,F1nat,0.019510420112471057,0.0
wsob,BLR,,2007.0,F1nat,8.18124606670862e-05,0.0
wsob,BRA,,2007.0,F1nat,1.357141077053403,0.0
wsob,CHL,,2007.0,F1nat,0.37605286426249634,0.0
wsob,CIV,,2007.0,F1nat,0.0,0.009999999999999995
wsob,CMR,,2007.0,F1nat,0.0,0.08000000000000002
wsob,EGY,,2007.0,F1nat,0.022532863402552873,0.0
wsob,FRO,no fossil; regional (Europe) mix used for 0.01 TWh,2007.0,F1nat,,
wsob,FRO,,2007.0,F1nat,0.009452531262483375,0.0
wsob,GTM,,2007.0,F1nat,0.13427380139682338,0.0
wsob,IDN,,2007.0,F1nat,0.30528321650149065,0.0
wsob,IND,,2007.0,F1nat,0.35655599798961024,0.0
wsob,IRN,,2007.0,F1nat,0.01750567506215545,0.0
wsob,ISL,no fossil; regional (Europe) mix used for 1.92 TWh,2007.0,F1nat,,
wsob,ISL,,2007.0,F1nat,0.5256060023968077,1.2892800000000004
wsob,JAM,,2007.0,F1nat,0.01999999999999999,0.0
wsob,JOR,,2007.0,F1nat,0.0,0.01
wsob,JPN,,2007.0,F1nat,0.8799355444913501,0.0
wsob,KEN,,2007.0,F1nat,0.0,0.020000000000000018
wsob,KOR,,2007.0,F1nat,0.2643167511960001,0.0
wsob,MAR,,2007.0,F1nat,0.012815265486725671,0.0
wsob,MTQ,,2007.0,F1nat,0.01,0.0
wsob,NIC,,2007.0,F1nat,0.0,0.02999999999999997
wsob,NZL,,2007.0,F1nat,0.6085933147632313,0.0
wsob,PAK,,2007.0,F1nat,0.11406818240690303,0.0
wsob,PNG,,2007.0,F1nat,0.0,0.10000000000000003
wsob,RUS,,2007.0,F1nat,0.0009359721630867251,0.0
wsob,SDN,,2007.0,F1nat,0.009999999999999981,0.0
wsob,SLV,,2007.0,F1nat,0.4199999999999998,0.0
wsob,SWZ,,2007.0,F1nat,0.052559999999999996,0.02744000000000002
wsob,THA,,2007.0,F1nat,0.45975323593974704,0.0
wsob,TUR,,2007.0,F1nat,0.28107162152895016,0.0
wsob,TWN,,2007.0,F1nat,0.25664924889655993,0.0
wsob,TZA,,2007.0,F1nat,0.00024096385542168663,0.0
wsob,UGA,,2007.0,F1nat,0.0,0.01
wsob,UKR,,2007.0,F1nat,0.0023326898326898327,0.0
wsob,URY,,2007.0,F1nat,0.1,0.0
wsob,VNM,,2007.0,F1nat,0.0019164265129682997,0.0
wsob,ZWE,,2007.0,F1nat,0.0008333333333333334,0.0
wsob,FRO,no fossil; regional (Europe) mix used for 0.01 TWh,2007.0,F1nocap,,
wsob,ISL,no fossil; regional (Europe) mix used for 1.92 TWh,2007.0,F1nocap,,
wsob,EUROPE_POOL,,2007.0,F1marg,4.317787230724994,0.0
wsob,BGD,,2007.0,F1marg,0.019510420112471057,0.0
wsob,BLR,,2007.0,F1marg,8.18124606670862e-05,0.0
wsob,BRA,,2007.0,F1marg,1.357141077053403,0.0
wsob,CHL,,2007.0,F1marg,0.37605286426249634,0.0
wsob,CIV,,2007.0,F1marg,0.0,0.009999999999999995
wsob,CMR,,2007.0,F1marg,0.0,0.08000000000000002
wsob,EGY,,2007.0,F1marg,0.022532863402552873,0.0
wsob,FRO,no fossil; regional (Europe) mix used for 0.01 TWh,2007.0,F1marg,,
wsob,FRO,,2007.0,F1marg,0.009452531262483375,0.0
wsob,GTM,,2007.0,F1marg,0.13427380139682338,0.0
wsob,IDN,,2007.0,F1marg,0.30528321650149065,0.0
wsob,IND,,2007.0,F1marg,0.35655599798961024,0.0
wsob,IRN,,2007.0,F1marg,0.01750567506215545,0.0
wsob,ISL,no fossil; regional (Europe) mix used for 1.92 TWh,2007.0,F1marg,,
wsob,ISL,,2007.0,F1marg,0.5256060023968077,1.2892800000000004
wsob,JAM,,2007.0,F1marg,0.01999999999999999,0.0
wsob,JOR,,2007.0,F1marg,0.0,0.01
wsob,JPN,,2007.0,F1marg,0.8799355444913501,0.0
wsob,KEN,,2007.0,F1marg,0.0,0.020000000000000018
wsob,KOR,,2007.0,F1marg,0.2643167511960001,0.0
wsob,MAR,,2007.0,F1marg,0.012815265486725671,0.0
wsob,MTQ,,2007.0,F1marg,0.01,0.0
wsob,NIC,,2007.0,F1marg,0.0,0.02999999999999997
wsob,NZL,,2007.0,F1marg,0.6085933147632313,0.0
wsob,PAK,,2007.0,F1marg,0.11406818240690303,0.0
wsob,PNG,,2007.0,F1marg,0.0,0.10000000000000003
wsob,RUS,,2007.0,F1marg,0.0009359721630867251,0.0
wsob,SDN,,2007.0,F1marg,0.009999999999999981,0.0
wsob,SLV,,2007.0,F1marg,0.4199999999999998,0.0
wsob,SWZ,,2007.0,F1marg,0.052559999999999996,0.02744000000000002
wsob,THA,,2007.0,F1marg,0.45975323593974704,0.0
wsob,TUR,,2007.0,F1marg,0.28107162152895016,0.0
wsob,TWN,,2007.0,F1marg,0.25664924889655993,0.0
wsob,TZA,,2007.0,F1marg,0.00024096385542168663,0.0
wsob,UGA,,2007.0,F1marg,0.0,0.01
wsob,UKR,,2007.0,F1marg,0.0023326898326898327,0.0
wsob,URY,,2007.0,F1marg,0.1,0.0
wsob,VNM,,2007.0,F1marg,0.0019164265129682997,0.0
wsob,ZWE,,2007.0,F1marg,0.0008333333333333334,0.0
wsob,EUROPE_POOL,,2008.0,F1,13.556049464607197,0.0
wsob,BGD,,2008.0,F1,0.019338743612864442,0.0
wsob,BLR,,2008.0,F1,0.0008747855917667239,0.0
wsob,BRA,,2008.0,F1,1.5816083997175538,0.0
wsob,CHL,,2008.0,F1,1.219029775189488,0.0
wsob,CIV,,2008.0,F1,0.0,0.009999999999999997
wsob,CMR,,2008.0,F1,0.0,0.08
wsob,DOM,,2008.0,F1,0.001968937964984763,0.0
wsob,EGY,,2008.0,F1,0.06670391061452514,0.0
wsob,GTM,,2008.0,F1,0.04582210054001887,0.0
wsob,IDN,,2008.0,F1,0.8908885814656083,0.0
wsob,IND,,2008.0,F1,7.787667117326956,0.0
wsob,IRN,,2008.0,F1,0.03418155011716916,0.0
wsob,ISL,no fossil; regional (Europe) mix used for 2.38 TWh,2008.0,F1,,
wsob,ISL,,2008.0,F1,0.5078814287934413,1.7492799999999993
wsob,ISR,,2008.0,F1,0.007289867841409692,0.0
wsob,JOR,,2008.0,F1,0.0,0.009999999999998224
wsob,JPN,,2008.0,F1,0.7027700590238558,0.0
wsob,KEN,,2008.0,F1,0.0,0.17999999999999994
wsob,KOR,,2008.0,F1,0.6448992026740017,0.0
wsob,LKA,,2008.0,F1,0.01,0.0
wsob,MAR,,2008.0,F1,0.02235546038543897,0.0
wsob,MTQ,,2008.0,F1,0.02,0.0
wsob,NIC,,2008.0,F1,0.0,0.07
wsob,NZL,,2008.0,F1,1.0599582054081762,0.0
wsob,PAK,,2008.0,F1,0.13967035664448132,0.0
wsob,PNG,,2008.0,F1,0.0,0.10000000000000002
wsob,REU,,2008.0,F1,0.015828220858895715,0.0
wsob,RUS,,2008.0,F1,0.0011556404923802365,0.0
wsob,SDN,,2008.0,F1,0.009999999999999981,0.0
wsob,SLV,,2008.0,F1,0.3923012132711693,0.0
wsob,SWZ,,2008.0,F1,0.052559999999999996,0.01744000000000001
wsob,THA,,2008.0,F1,0.002371065952608026,0.0
wsob,TUR,,2008.0,F1,0.6273942842716488,0.0
wsob,TWN,,2008.0,F1,0.3092105263157753,0.0
wsob,TZA,,2008.0,F1,0.0020114942528735623,0.0
wsob,UKR,,2008.0,F1,0.0029102507699076113,0.0
wsob,URY,,2008.0,F1,0.8275453670879387,0.0
wsob,ZAF,,2008.0,F1,1.4782847302624701e-05,0.0
wsob,ZWE,,2008.0,F1,0.0013043478260869564,0.0
wsob,BGR,,2008.0,F1nat,0.0013571151609150832,0.0
wsob,CZE,,2008.0,F1nat,0.010664492021126104,0.0
wsob,DNK,,2008.0,F1nat,0.08005912134113058,0.0
wsob,FIN,,2008.0,F1nat,0.5110347499282467,0.0
wsob,GBR,,2008.0,F1nat,1.688404668846943,0.0
wsob,GRC,,2008.0,F1nat,0.16412997296986845,0.0
wsob,HRV,,2008.0,F1nat,0.028530259365994237,0.0
wsob,ITA,,2008.0,F1nat,0.6022599446607513,0.0
wsob,LTU,,2008.0,F1nat,0.04001386165808413,0.0
wsob,LUX,,2008.0,F1nat,0.0,0.03
wsob,NLD,,2008.0,F1nat,1.4918091706385737,0.0
wsob,NOR,,2008.0,F1nat,0.032914951964410036,0.0
wsob,POL,,2008.0,F1nat,0.0427590648021009,0.0
wsob,PRT,,2008.0,F1nat,0.5302763179997017,0.0
wsob,SVK,,2008.0,F1nat,0.029900933459875406,0.0
wsob,SVN,,2008.0,F1nat,0.0006174957118353344,0.0
wsob,BGD,,2008.0,F1nat,0.019338743612864442,0.0
wsob,BLR,,2008.0,F1nat,0.0008747855917667239,0.0
wsob,BRA,,2008.0,F1nat,1.5816083997175538,0.0
wsob,CHL,,2008.0,F1nat,1.219029775189488,0.0
wsob,CIV,,2008.0,F1nat,0.0,0.009999999999999997
wsob,CMR,,2008.0,F1nat,0.0,0.08
wsob,DOM,,2008.0,F1nat,0.001968937964984763,0.0
wsob,EGY,,2008.0,F1nat,0.06670391061452514,0.0
wsob,GTM,,2008.0,F1nat,0.04582210054001887,0.0
wsob,IDN,,2008.0,F1nat,0.8908885814656083,0.0
wsob,IND,,2008.0,F1nat,7.787667117326956,0.0
wsob,IRN,,2008.0,F1nat,0.03418155011716916,0.0
wsob,ISL,no fossil; regional (Europe) mix used for 2.38 TWh,2008.0,F1nat,,
wsob,ISL,,2008.0,F1nat,0.5078814287934413,1.7492799999999993
wsob,ISR,,2008.0,F1nat,0.007289867841409692,0.0
wsob,JOR,,2008.0,F1nat,0.0,0.009999999999998224
wsob,JPN,,2008.0,F1nat,0.7027700590238558,0.0
wsob,KEN,,2008.0,F1nat,0.0,0.17999999999999994
wsob,KOR,,2008.0,F1nat,0.6448992026740017,0.0
wsob,LKA,,2008.0,F1nat,0.01,0.0
wsob,MAR,,2008.0,F1nat,0.02235546038543897,0.0
wsob,MTQ,,2008.0,F1nat,0.02,0.0
wsob,NIC,,2008.0,F1nat,0.0,0.07
wsob,NZL,,2008.0,F1nat,1.0599582054081762,0.0
wsob,PAK,,2008.0,F1nat,0.13967035664448132,0.0
wsob,PNG,,2008.0,F1nat,0.0,0.10000000000000002
wsob,REU,,2008.0,F1nat,0.015828220858895715,0.0
wsob,RUS,,2008.0,F1nat,0.0011556404923802365,0.0
wsob,SDN,,2008.0,F1nat,0.009999999999999981,0.0
wsob,SLV,,2008.0,F1nat,0.3923012132711693,0.0
wsob,SWZ,,2008.0,F1nat,0.052559999999999996,0.01744000000000001
wsob,THA,,2008.0,F1nat,0.002371065952608026,0.0
wsob,TUR,,2008.0,F1nat,0.6273942842716488,0.0
wsob,TWN,,2008.0,F1nat,0.3092105263157753,0.0
wsob,TZA,,2008.0,F1nat,0.0020114942528735623,0.0
wsob,UKR,,2008.0,F1nat,0.0029102507699076113,0.0
wsob,URY,,2008.0,F1nat,0.8275453670879387,0.0
wsob,ZAF,,2008.0,F1nat,1.4782847302624701e-05,0.0
wsob,ZWE,,2008.0,F1nat,0.0013043478260869564,0.0
wsob,ISL,no fossil; regional (Europe) mix used for 2.38 TWh,2008.0,F1nocap,,
wsob,EUROPE_POOL,,2008.0,F1marg,13.556049464607197,0.0
wsob,BGD,,2008.0,F1marg,0.019338743612864442,0.0
wsob,BLR,,2008.0,F1marg,0.0008747855917667239,0.0
wsob,BRA,,2008.0,F1marg,1.5816083997175538,0.0
wsob,CHL,,2008.0,F1marg,1.219029775189488,0.0
wsob,CIV,,2008.0,F1marg,0.0,0.009999999999999997
wsob,CMR,,2008.0,F1marg,0.0,0.08
wsob,DOM,,2008.0,F1marg,0.001968937964984763,0.0
wsob,EGY,,2008.0,F1marg,0.06670391061452514,0.0
wsob,GTM,,2008.0,F1marg,0.04582210054001887,0.0
wsob,IDN,,2008.0,F1marg,0.8908885814656083,0.0
wsob,IND,,2008.0,F1marg,7.787667117326956,0.0
wsob,IRN,,2008.0,F1marg,0.03418155011716916,0.0
wsob,ISL,no fossil; regional (Europe) mix used for 2.38 TWh,2008.0,F1marg,,
wsob,ISL,,2008.0,F1marg,0.5078814287934413,1.7492799999999993
wsob,ISR,,2008.0,F1marg,0.007289867841409692,0.0
wsob,JOR,,2008.0,F1marg,0.0,0.009999999999998224
wsob,JPN,,2008.0,F1marg,0.7027700590238558,0.0
wsob,KEN,,2008.0,F1marg,0.0,0.17999999999999994
wsob,KOR,,2008.0,F1marg,0.6448992026740017,0.0
wsob,LKA,,2008.0,F1marg,0.01,0.0
wsob,MAR,,2008.0,F1marg,0.02235546038543897,0.0
wsob,MTQ,,2008.0,F1marg,0.02,0.0
wsob,NIC,,2008.0,F1marg,0.0,0.07
wsob,NZL,,2008.0,F1marg,1.0599582054081762,0.0
wsob,PAK,,2008.0,F1marg,0.13967035664448132,0.0
wsob,PNG,,2008.0,F1marg,0.0,0.10000000000000002
wsob,REU,,2008.0,F1marg,0.015828220858895715,0.0
wsob,RUS,,2008.0,F1marg,0.0011556404923802365,0.0
wsob,SDN,,2008.0,F1marg,0.009999999999999981,0.0
wsob,SLV,,2008.0,F1marg,0.3923012132711693,0.0
wsob,SWZ,,2008.0,F1marg,0.052559999999999996,0.01744000000000001
wsob,THA,,2008.0,F1marg,0.002371065952608026,0.0
wsob,TUR,,2008.0,F1marg,0.6273942842716488,0.0
wsob,TWN,,2008.0,F1marg,0.3092105263157753,0.0
wsob,TZA,,2008.0,F1marg,0.0020114942528735623,0.0
wsob,UKR,,2008.0,F1marg,0.0029102507699076113,0.0
wsob,URY,,2008.0,F1marg,0.8275453670879387,0.0
wsob,ZAF,,2008.0,F1marg,1.4782847302624701e-05,0.0
wsob,ZWE,,2008.0,F1marg,0.0013043478260869564,0.0
wsob,EUROPE_POOL,,2009.0,F1,8.404518412242801,0.0
wsob,BGD,,2009.0,F1,0.029110446137105547,0.0
wsob,BLR,,2009.0,F1,0.012584269662921348,0.0
wsob,BRA,,2009.0,F1,2.7451747345608903,0.0
wsob,CHL,,2009.0,F1,2.172952333019656,0.0
wsob,CMR,,2009.0,F1,0.0,0.07
wsob,EGY,,2009.0,F1,0.09192700485518165,0.0
wsob,IDN,,2009.0,F1,0.7613139329805999,0.0
wsob,IND,,2009.0,F1,10.019706188646037,0.0
wsob,IRN,,2009.0,F1,0.0414959714398736,0.0
wsob,ISL,no fossil; regional (Europe) mix used for 2.89 TWh,2009.0,F1,,
wsob,ISL,,2009.0,F1,0.4772943800546703,2.2592799999999995
wsob,ISR,,2009.0,F1,0.040212298682284035,0.0
wsob,JOR,,2009.0,F1,0.0,0.009999999999999998
wsob,JPN,,2009.0,F1,0.7070806760028783,0.0
wsob,KEN,,2009.0,F1,0.0,0.3500000000000001
wsob,KHM,,2009.0,F1,0.0036799999999998956,0.0
wsob,KOR,,2009.0,F1,0.9768074844704799,0.0
wsob,LKA,,2009.0,F1,0.02,0.0
wsob,MAR,,2009.0,F1,0.04336916122610605,0.0
wsob,MTQ,,2009.0,F1,0.02,0.0
wsob,NIC,,2009.0,F1,0.0,0.17999999999999994
wsob,NZL,,2009.0,F1,1.9421194815698277,0.0
wsob,PAK,,2009.0,F1,0.005504199981046589,0.0
wsob,PNG,,2009.0,F1,0.026886792452830193,0.0
wsob,REU,,2009.0,F1,0.04237288135593222,0.0
wsob,RUS,,2009.0,F1,0.0012583610763263183,0.0
wsob,SDN,,2009.0,F1,0.009999999999999981,0.0
wsob,SLV,,2009.0,F1,0.26451810274747534,0.0
wsob,THA,,2009.0,F1,0.001542008196721311,0.0
wsob,TUN,,2009.0,F1,0.001911616056525271,0.0
wsob,TUR,,2009.0,F1,1.295478743776331,0.0
wsob,TWN,,2009.0,F1,0.415026347568339,0.0
wsob,UGA,,2009.0,F1,0.0,0.09
wsob,UKR,,2009.0,F1,0.003011327478681431,0.0
wsob,URY,,2009.0,F1,0.8041304347826087,0.0
wsob,VNM,,2009.0,F1,0.0007036963826843248,0.0
wsob,ZAF,,2009.0,F1,1.7035933528182265e-06,0.0
wsob,ZWE,,2009.0,F1,0.0006779661016949152,0.0
wsob,BGR,,2009.0,F1nat,0.0033162173727000425,0.0
wsob,CZE,,2009.0,F1nat,0.017859980319750682,0.0
wsob,DNK,,2009.0,F1nat,0.07018109935121637,0.0
wsob,ESP,,2009.0,F1nat,0.02883564838985464,0.0
wsob,GRC,,2009.0,F1nat,0.18177041850100054,0.0
wsob,HRV,,2009.0,F1nat,0.01882453151618399,0.0
wsob,ITA,,2009.0,F1nat,1.0199210761150403,0.0
wsob,LTU,,2009.0,F1nat,0.06134549120715398,0.0
wsob,LUX,,2009.0,F1nat,0.0,0.039999999999999994
wsob,NLD,,2009.0,F1nat,2.47968833756365,0.0
wsob,NOR,,2009.0,F1nat,0.003344699367834667,0.0
wsob,POL,,2009.0,F1nat,0.06979421490377868,0.0
wsob,PRT,,2009.0,F1nat,2.3940599973079038,0.0
wsob,SVK,,2009.0,F1nat,0.07620988446251933,0.0
wsob,SVN,,2009.0,F1nat,0.00041739130434782605,0.0
wsob,BGD,,2009.0,F1nat,0.029110446137105547,0.0
wsob,BLR,,2009.0,F1nat,0.012584269662921348,0.0
wsob,BRA,,2009.0,F1nat,2.7451747345608903,0.0
wsob,CHL,,2009.0,F1nat,2.172952333019656,0.0
wsob,CMR,,2009.0,F1nat,0.0,0.07
wsob,EGY,,2009.0,F1nat,0.09192700485518165,0.0
wsob,IDN,,2009.0,F1nat,0.7613139329805999,0.0
wsob,IND,,2009.0,F1nat,10.019706188646037,0.0
wsob,IRN,,2009.0,F1nat,0.0414959714398736,0.0
wsob,ISL,no fossil; regional (Europe) mix used for 2.89 TWh,2009.0,F1nat,,
wsob,ISL,,2009.0,F1nat,0.4772943800546703,2.2592799999999995
wsob,ISR,,2009.0,F1nat,0.040212298682284035,0.0
wsob,JOR,,2009.0,F1nat,0.0,0.009999999999999998
wsob,JPN,,2009.0,F1nat,0.7070806760028783,0.0
wsob,KEN,,2009.0,F1nat,0.0,0.3500000000000001
wsob,KHM,,2009.0,F1nat,0.0036799999999998956,0.0
wsob,KOR,,2009.0,F1nat,0.9768074844704799,0.0
wsob,LKA,,2009.0,F1nat,0.02,0.0
wsob,MAR,,2009.0,F1nat,0.04336916122610605,0.0
wsob,MTQ,,2009.0,F1nat,0.02,0.0
wsob,NIC,,2009.0,F1nat,0.0,0.17999999999999994
wsob,NZL,,2009.0,F1nat,1.9421194815698277,0.0
wsob,PAK,,2009.0,F1nat,0.005504199981046589,0.0
wsob,PNG,,2009.0,F1nat,0.026886792452830193,0.0
wsob,REU,,2009.0,F1nat,0.04237288135593222,0.0
wsob,RUS,,2009.0,F1nat,0.0012583610763263183,0.0
wsob,SDN,,2009.0,F1nat,0.009999999999999981,0.0
wsob,SLV,,2009.0,F1nat,0.26451810274747534,0.0
wsob,THA,,2009.0,F1nat,0.001542008196721311,0.0
wsob,TUN,,2009.0,F1nat,0.001911616056525271,0.0
wsob,TUR,,2009.0,F1nat,1.295478743776331,0.0
wsob,TWN,,2009.0,F1nat,0.415026347568339,0.0
wsob,UGA,,2009.0,F1nat,0.0,0.09
wsob,UKR,,2009.0,F1nat,0.003011327478681431,0.0
wsob,URY,,2009.0,F1nat,0.8041304347826087,0.0
wsob,VNM,,2009.0,F1nat,0.0007036963826843248,0.0
wsob,ZAF,,2009.0,F1nat,1.7035933528182265e-06,0.0
wsob,ZWE,,2009.0,F1nat,0.0006779661016949152,0.0
wsob,ISL,no fossil; regional (Europe) mix used for 2.89 TWh,2009.0,F1nocap,,
wsob,EUROPE_POOL,,2009.0,F1marg,8.404518412242801,0.0
wsob,BGD,,2009.0,F1marg,0.029110446137105547,0.0
wsob,BLR,,2009.0,F1marg,0.012584269662921348,0.0
wsob,BRA,,2009.0,F1marg,2.7451747345608903,0.0
wsob,CHL,,2009.0,F1marg,2.172952333019656,0.0
wsob,CMR,,2009.0,F1marg,0.0,0.07
wsob,EGY,,2009.0,F1marg,0.09192700485518165,0.0
wsob,IDN,,2009.0,F1marg,0.7613139329805999,0.0
wsob,IND,,2009.0,F1marg,10.019706188646037,0.0
wsob,IRN,,2009.0,F1marg,0.0414959714398736,0.0
wsob,ISL,no fossil; regional (Europe) mix used for 2.89 TWh,2009.0,F1marg,,
wsob,ISL,,2009.0,F1marg,0.4772943800546703,2.2592799999999995
wsob,ISR,,2009.0,F1marg,0.040212298682284035,0.0
wsob,JOR,,2009.0,F1marg,0.0,0.009999999999999998
wsob,JPN,,2009.0,F1marg,0.7070806760028783,0.0
wsob,KEN,,2009.0,F1marg,0.0,0.3500000000000001
wsob,KHM,,2009.0,F1marg,0.0036799999999998956,0.0
wsob,KOR,,2009.0,F1marg,0.9768074844704799,0.0
wsob,LKA,,2009.0,F1marg,0.02,0.0
wsob,MAR,,2009.0,F1marg,0.04336916122610605,0.0
wsob,MTQ,,2009.0,F1marg,0.02,0.0
wsob,NIC,,2009.0,F1marg,0.0,0.17999999999999994
wsob,NZL,,2009.0,F1marg,1.9421194815698277,0.0
wsob,PAK,,2009.0,F1marg,0.005504199981046589,0.0
wsob,PNG,,2009.0,F1marg,0.026886792452830193,0.0
wsob,REU,,2009.0,F1marg,0.04237288135593222,0.0
wsob,RUS,,2009.0,F1marg,0.0012583610763263183,0.0
wsob,SDN,,2009.0,F1marg,0.009999999999999981,0.0
wsob,SLV,,2009.0,F1marg,0.26451810274747534,0.0
wsob,THA,,2009.0,F1marg,0.001542008196721311,0.0
wsob,TUN,,2009.0,F1marg,0.001911616056525271,0.0
wsob,TUR,,2009.0,F1marg,1.295478743776331,0.0
wsob,TWN,,2009.0,F1marg,0.415026347568339,0.0
wsob,UGA,,2009.0,F1marg,0.0,0.09
wsob,UKR,,2009.0,F1marg,0.003011327478681431,0.0
wsob,URY,,2009.0,F1marg,0.8041304347826087,0.0
wsob,VNM,,2009.0,F1marg,0.0007036963826843248,0.0
wsob,ZAF,,2009.0,F1marg,1.7035933528182265e-06,0.0
wsob,ZWE,,2009.0,F1marg,0.0006779661016949152,0.0
wsob,EUROPE_POOL,,2010.0,F1,12.53446566360952,0.0
wsob,BGD,,2010.0,F1,0.06865350986759931,0.0
wsob,BLR,,2010.0,F1,0.002226697353279632,0.0
wsob,BLZ,,2010.0,F1,0.044,0.0
wsob,BRA,,2010.0,F1,3.7468977853427554,0.0
wsob,CMR,,2010.0,F1,0.0,0.06
wsob,COL,,2010.0,F1,0.1882038288288288,0.0
wsob,DOM,,2010.0,F1,0.002791268212289651,0.0
wsob,EGY,,2010.0,F1,0.142603814211012,0.0
wsob,GTM,,2010.0,F1,0.33614237552913867,0.0
wsob,IDN,,2010.0,F1,1.23725376305247,0.0
wsob,IRN,,2010.0,F1,0.025100998890122083,0.0
wsob,ISL,no fossil; regional (Europe) mix used for 2.57 TWh,2010.0,F1,,
wsob,ISL,,2010.0,F1,0.5193542137564423,1.9392800000000006
wsob,ISR,,2010.0,F1,0.004876670092497431,0.0
wsob,JOR,,2010.0,F1,0.002753492513691574,0.0
wsob,JPN,,2010.0,F1,2.013973042212496,0.0
wsob,KHM,,2010.0,F1,0.0003225806451612903,0.0
wsob,KOR,,2010.0,F1,1.0319894934554203,0.0
wsob,LBY,,2010.0,F1,0.005287250384024579,0.0
wsob,LKA,,2010.0,F1,0.08,0.0
wsob,MAR,,2010.0,F1,0.12940456510174408,0.0
wsob,MTQ,,2010.0,F1,0.02,0.0
wsob,NIC,,2010.0,F1,0.0,0.24999999999999997
wsob,NPL,no fossil; regional (Asia) mix used for 0.01 TWh,2010.0,F1,,
wsob,NPL,,2010.0,F1,0.009632008024171966,0.0
wsob,NZL,,2010.0,F1,3.1898608821185914,0.0
wsob,PAK,,2010.0,F1,0.005510119125890104,0.0
wsob,PNG,,2010.0,F1,0.029460416218476115,0.0
wsob,REU,,2010.0,F1,0.08831460674157306,0.0
wsob,RUS,,2010.0,F1,0.0015940849855122117,0.0
wsob,SEN,,2010.0,F1,0.01939527331348044,0.0
wsob,SWZ,,2010.0,F1,0.03999999999999998,0.0
wsob,THA,,2010.0,F1,0.0062903225806451605,0.0
wsob,TUR,,2010.0,F1,0.054610832368454904,0.0
wsob,TWN,,2010.0,F1,0.5936667506932191,0.0
wsob,UGA,,2010.0,F1,0.0,0.09
wsob,UKR,,2010.0,F1,0.0019007881316643487,0.0
wsob,URY,,2010.0,F1,1.049225028303567,0.0
wsob,VNM,,2010.0,F1,0.002004754358161648,0.0
wsob,ZWE,,2010.0,F1,0.0005054151624548737,0.0
wsob,BGR,,2010.0,F1nat,0.009959871589085076,0.0
wsob,CZE,,2010.0,F1nat,0.017218796923918738,0.0
wsob,DNK,,2010.0,F1nat,0.8009316009649905,0.0
wsob,FIN,,2010.0,F1nat,0.6449911885970854,0.0
wsob,HRV,,2010.0,F1nat,0.13197945355191204,0.0
wsob,ITA,,2010.0,F1nat,1.6630118973478367,0.0
wsob,LTU,,2010.0,F1nat,0.05639982079741778,0.0
wsob,LUX,,2010.0,F1nat,0.039999999999999994,0.0
wsob,NLD,,2010.0,F1nat,2.8568588897844776,0.0
wsob,NOR,,2010.0,F1nat,0.02818207295964003,0.0
wsob,POL,,2010.0,F1nat,0.09753219873245869,0.0
wsob,PRT,,2010.0,F1nat,0.8384326842175382,0.0
wsob,SVK,,2010.0,F1nat,0.1095821325648415,0.0
wsob,SVN,,2010.0,F1nat,0.00020512820512820514,0.0
wsob,SWE,,2010.0,F1nat,1.1296479495356144,0.0
wsob,BGD,,2010.0,F1nat,0.06865350986759931,0.0
wsob,BLR,,2010.0,F1nat,0.002226697353279632,0.0
wsob,BLZ,,2010.0,F1nat,0.044,0.0
wsob,BRA,,2010.0,F1nat,3.7468977853427554,0.0
wsob,CMR,,2010.0,F1nat,0.0,0.06
wsob,COL,,2010.0,F1nat,0.1882038288288288,0.0
wsob,DOM,,2010.0,F1nat,0.002791268212289651,0.0
wsob,EGY,,2010.0,F1nat,0.142603814211012,0.0
wsob,GTM,,2010.0,F1nat,0.33614237552913867,0.0
wsob,IDN,,2010.0,F1nat,1.23725376305247,0.0
wsob,IRN,,2010.0,F1nat,0.025100998890122083,0.0
wsob,ISL,no fossil; regional (Europe) mix used for 2.57 TWh,2010.0,F1nat,,
wsob,ISL,,2010.0,F1nat,0.5193542137564423,1.9392800000000006
wsob,ISR,,2010.0,F1nat,0.004876670092497431,0.0
wsob,JOR,,2010.0,F1nat,0.002753492513691574,0.0
wsob,JPN,,2010.0,F1nat,2.013973042212496,0.0
wsob,KHM,,2010.0,F1nat,0.0003225806451612903,0.0
wsob,KOR,,2010.0,F1nat,1.0319894934554203,0.0
wsob,LBY,,2010.0,F1nat,0.005287250384024579,0.0
wsob,LKA,,2010.0,F1nat,0.08,0.0
wsob,MAR,,2010.0,F1nat,0.12940456510174408,0.0
wsob,MTQ,,2010.0,F1nat,0.02,0.0
wsob,NIC,,2010.0,F1nat,0.0,0.24999999999999997
wsob,NPL,no fossil; regional (Asia) mix used for 0.01 TWh,2010.0,F1nat,,
wsob,NPL,,2010.0,F1nat,0.009632008024171966,0.0
wsob,NZL,,2010.0,F1nat,3.1898608821185914,0.0
wsob,PAK,,2010.0,F1nat,0.005510119125890104,0.0
wsob,PNG,,2010.0,F1nat,0.029460416218476115,0.0
wsob,REU,,2010.0,F1nat,0.08831460674157306,0.0
wsob,RUS,,2010.0,F1nat,0.0015940849855122117,0.0
wsob,SEN,,2010.0,F1nat,0.01939527331348044,0.0
wsob,SWZ,,2010.0,F1nat,0.03999999999999998,0.0
wsob,THA,,2010.0,F1nat,0.0062903225806451605,0.0
wsob,TUR,,2010.0,F1nat,0.054610832368454904,0.0
wsob,TWN,,2010.0,F1nat,0.5936667506932191,0.0
wsob,UGA,,2010.0,F1nat,0.0,0.09
wsob,UKR,,2010.0,F1nat,0.0019007881316643487,0.0
wsob,URY,,2010.0,F1nat,1.049225028303567,0.0
wsob,VNM,,2010.0,F1nat,0.002004754358161648,0.0
wsob,ZWE,,2010.0,F1nat,0.0005054151624548737,0.0
wsob,ISL,no fossil; regional (Europe) mix used for 2.57 TWh,2010.0,F1nocap,,
wsob,NPL,no fossil; regional (Asia) mix used for 0.01 TWh,2010.0,F1nocap,,
wsob,EUROPE_POOL,,2010.0,F1marg,14.932390946368947,0.0
wsob,BGD,,2010.0,F1marg,0.06865350986759931,0.0
wsob,BLR,,2010.0,F1marg,0.002226697353279632,0.0
wsob,BLZ,,2010.0,F1marg,0.044,0.0
wsob,BRA,,2010.0,F1marg,3.7468977853427554,0.0
wsob,CMR,,2010.0,F1marg,0.0,0.06
wsob,COL,,2010.0,F1marg,0.1882038288288288,0.0
wsob,DOM,,2010.0,F1marg,0.002791268212289651,0.0
wsob,EGY,,2010.0,F1marg,0.142603814211012,0.0
wsob,GTM,,2010.0,F1marg,0.33614237552913867,0.0
wsob,IDN,,2010.0,F1marg,1.23725376305247,0.0
wsob,IRN,,2010.0,F1marg,0.025100998890122083,0.0
wsob,ISL,no fossil; regional (Europe) mix used for 2.57 TWh,2010.0,F1marg,,
wsob,ISL,,2010.0,F1marg,0.5193542137564423,1.9392800000000006
wsob,ISR,,2010.0,F1marg,0.004876670092497431,0.0
wsob,JOR,,2010.0,F1marg,0.002753492513691574,0.0
wsob,JPN,,2010.0,F1marg,2.013973042212496,0.0
wsob,KHM,,2010.0,F1marg,0.0003225806451612903,0.0
wsob,KOR,,2010.0,F1marg,1.0319894934554203,0.0
wsob,LBY,,2010.0,F1marg,0.005287250384024579,0.0
wsob,LKA,,2010.0,F1marg,0.08,0.0
wsob,MAR,,2010.0,F1marg,0.12940456510174408,0.0
wsob,MTQ,,2010.0,F1marg,0.02,0.0
wsob,NIC,,2010.0,F1marg,0.0,0.24999999999999997
wsob,NPL,no fossil; regional (Asia) mix used for 0.01 TWh,2010.0,F1marg,,
wsob,NPL,,2010.0,F1marg,0.009632008024171966,0.0
wsob,NZL,,2010.0,F1marg,3.197039274271162,0.0
wsob,PAK,,2010.0,F1marg,0.005510119125890104,0.0
wsob,PNG,,2010.0,F1marg,0.029460416218476115,0.0
wsob,REU,,2010.0,F1marg,0.08831460674157306,0.0
wsob,RUS,,2010.0,F1marg,0.0015940849855122117,0.0
wsob,SEN,,2010.0,F1marg,0.01939527331348044,0.0
wsob,SWZ,,2010.0,F1marg,0.03999999999999998,0.0
wsob,THA,,2010.0,F1marg,0.0062903225806451605,0.0
wsob,TUR,,2010.0,F1marg,0.0734451384783743,0.0
wsob,TWN,,2010.0,F1marg,0.5936667506932191,0.0
wsob,UGA,,2010.0,F1marg,0.0,0.09
wsob,UKR,,2010.0,F1marg,0.0019007881316643487,0.0
wsob,URY,,2010.0,F1marg,1.049225028303567,0.0
wsob,VNM,,2010.0,F1marg,0.002004754358161648,0.0
wsob,ZWE,,2010.0,F1marg,0.0005054151624548737,0.0
wsob,EUROPE_POOL,,2011.0,F1,10.841337729598054,0.0
wsob,BGD,,2011.0,F1,0.053034227567067535,0.0
wsob,BLR,,2011.0,F1,0.001279251170046802,0.0
wsob,BRA,,2011.0,F1,4.70541589028818,0.0
wsob,CHN,,2011.0,F1,0.6344552162822285,0.0
wsob,CMR,,2011.0,F1,0.0,0.05999999999999989
wsob,DOM,,2011.0,F1,0.005438216472929416,0.0
wsob,EGY,,2011.0,F1,0.1572500741619697,0.0
wsob,GHA,,2011.0,F1,0.0023947368421052633,0.0
wsob,GUF,,2011.0,F1,0.04,0.0
wsob,HND,,2011.0,F1,0.015280736017874295,0.0
wsob,IDN,,2011.0,F1,1.5288458386398631,0.0
wsob,IRN,,2011.0,F1,0.055970629574605746,0.0
wsob,ISL,no fossil; regional (Europe) mix used for 2.81 TWh,2011.0,F1,,
wsob,ISL,,2011.0,F1,0.503994127534683,2.17928
wsob,ISR,,2011.0,F1,0.17340640809443508,0.0
wsob,JOR,,2011.0,F1,0.007004425937301817,0.0
wsob,KEN,,2011.0,F1,0.0,0.5222400000000003
wsob,KHM,,2011.0,F1,0.0005208333333333333,0.0
wsob,KOR,,2011.0,F1,1.517222783956859,0.0
wsob,LBY,,2011.0,F1,0.004019230769230769,0.0
wsob,LKA,,2011.0,F1,0.09920754959579166,0.0
wsob,MAR,,2011.0,F1,0.14156990246168047,0.0
wsob,MTQ,,2011.0,F1,0.04,0.0
wsob,NIC,,2011.0,F1,0.0,0.26
wsob,NPL,no fossil; regional (Asia) mix used for 0.01 TWh,2011.0,F1,,
wsob,NPL,,2011.0,F1,0.009593551291239713,0.0
wsob,NZL,,2011.0,F1,2.786964337349398,0.0
wsob,PAK,,2011.0,F1,0.08277712685475627,0.0
wsob,REU,,2011.0,F1,0.11598958333333337,0.0
wsob,RUS,,2011.0,F1,0.004898928024502299,0.0
wsob,SAU,,2011.0,F1,0.005539090838928764,0.0
wsob,SEN,,2011.0,F1,0.02927638535061492,0.0
wsob,SLV,,2011.0,F1,0.046212562617603314,0.0
wsob,THA,,2011.0,F1,0.020801840056617123,0.0
wsob,TUN,,2011.0,F1,4.337050805452293e-05,0.0
wsob,TWN,,2011.0,F1,0.9045033308660253,0.0
wsob,UGA,,2011.0,F1,0.0,0.05
wsob,UKR,,2011.0,F1,0.001257619505935194,0.0
wsob,URY,,2011.0,F1,1.158509667367365,0.0
wsob,BGR,,2011.0,F1nat,0.005141129032258065,0.0
wsob,CZE,,2011.0,F1nat,0.033758273559171895,0.0
wsob,DNK,,2011.0,F1nat,1.252409299524357,0.0
wsob,HRV,,2011.0,F1nat,0.20100840336134457,0.0
wsob,ITA,,2011.0,F1nat,2.732004048352149,0.0
wsob,LTU,,2011.0,F1nat,0.05178732357600693,0.0
wsob,LUX,,2011.0,F1nat,0.052559999999999996,0.007439999999999988
wsob,NOR,,2011.0,F1nat,0.008144792622792517,0.0
wsob,POL,,2011.0,F1nat,0.18475211055784438,0.0
wsob,PRT,,2011.0,F1nat,0.5245709214565484,0.0
wsob,SVK,,2011.0,F1nat,0.16524850021811927,0.0
wsob,SVN,,2011.0,F1nat,0.0007216494845360826,0.0
wsob,SWE,,2011.0,F1nat,1.1265835327348963,0.0
wsob,BGD,,2011.0,F1nat,0.053034227567067535,0.0
wsob,BLR,,2011.0,F1nat,0.001279251170046802,0.0
wsob,BRA,,2011.0,F1nat,4.70541589028818,0.0
wsob,CHN,,2011.0,F1nat,0.6344552162822285,0.0
wsob,CMR,,2011.0,F1nat,0.0,0.05999999999999989
wsob,DOM,,2011.0,F1nat,0.005438216472929416,0.0
wsob,EGY,,2011.0,F1nat,0.1572500741619697,0.0
wsob,GHA,,2011.0,F1nat,0.0023947368421052633,0.0
wsob,GUF,,2011.0,F1nat,0.04,0.0
wsob,HND,,2011.0,F1nat,0.015280736017874295,0.0
wsob,IDN,,2011.0,F1nat,1.5288458386398631,0.0
wsob,IRN,,2011.0,F1nat,0.055970629574605746,0.0
wsob,ISL,no fossil; regional (Europe) mix used for 2.81 TWh,2011.0,F1nat,,
wsob,ISL,,2011.0,F1nat,0.503994127534683,2.17928
wsob,ISR,,2011.0,F1nat,0.17340640809443508,0.0
wsob,JOR,,2011.0,F1nat,0.007004425937301817,0.0
wsob,KEN,,2011.0,F1nat,0.0,0.5222400000000003
wsob,KHM,,2011.0,F1nat,0.0005208333333333333,0.0
wsob,KOR,,2011.0,F1nat,1.517222783956859,0.0
wsob,LBY,,2011.0,F1nat,0.004019230769230769,0.0
wsob,LKA,,2011.0,F1nat,0.09920754959579166,0.0
wsob,MAR,,2011.0,F1nat,0.14156990246168047,0.0
wsob,MTQ,,2011.0,F1nat,0.04,0.0
wsob,NIC,,2011.0,F1nat,0.0,0.26
wsob,NPL,no fossil; regional (Asia) mix used for 0.01 TWh,2011.0,F1nat,,
wsob,NPL,,2011.0,F1nat,0.009593551291239713,0.0
wsob,NZL,,2011.0,F1nat,2.786964337349398,0.0
wsob,PAK,,2011.0,F1nat,0.08277712685475627,0.0
wsob,REU,,2011.0,F1nat,0.11598958333333337,0.0
wsob,RUS,,2011.0,F1nat,0.004898928024502299,0.0
wsob,SAU,,2011.0,F1nat,0.005539090838928764,0.0
wsob,SEN,,2011.0,F1nat,0.02927638535061492,0.0
wsob,SLV,,2011.0,F1nat,0.046212562617603314,0.0
wsob,THA,,2011.0,F1nat,0.020801840056617123,0.0
wsob,TUN,,2011.0,F1nat,4.337050805452293e-05,0.0
wsob,TWN,,2011.0,F1nat,0.9045033308660253,0.0
wsob,UGA,,2011.0,F1nat,0.0,0.05
wsob,UKR,,2011.0,F1nat,0.001257619505935194,0.0
wsob,URY,,2011.0,F1nat,1.158509667367365,0.0
wsob,ISL,no fossil; regional (Europe) mix used for 2.81 TWh,2011.0,F1nocap,,
wsob,NPL,no fossil; regional (Asia) mix used for 0.01 TWh,2011.0,F1nocap,,
wsob,EUROPE_POOL,,2011.0,F1marg,13.083156530959556,0.0
wsob,BGD,,2011.0,F1marg,0.053034227567067535,0.0
wsob,BLR,,2011.0,F1marg,0.001279251170046802,0.0
wsob,BRA,,2011.0,F1marg,4.70541589028818,0.0
wsob,CHN,,2011.0,F1marg,0.6344552162822285,0.0
wsob,CMR,,2011.0,F1marg,0.0,0.05999999999999989
wsob,DOM,,2011.0,F1marg,0.005438216472929416,0.0
wsob,EGY,,2011.0,F1marg,0.1572500741619697,0.0
wsob,GHA,,2011.0,F1marg,0.0023947368421052633,0.0
wsob,GUF,,2011.0,F1marg,0.04,0.0
wsob,HND,,2011.0,F1marg,0.015280736017874295,0.0
wsob,IDN,,2011.0,F1marg,1.5288458386398631,0.0
wsob,IRN,,2011.0,F1marg,0.055970629574605746,0.0
wsob,ISL,no fossil; regional (Europe) mix used for 2.81 TWh,2011.0,F1marg,,
wsob,ISL,,2011.0,F1marg,0.503994127534683,2.17928
wsob,ISR,,2011.0,F1marg,0.17340640809443508,0.0
wsob,JOR,,2011.0,F1marg,0.007004425937301817,0.0
wsob,KEN,,2011.0,F1marg,0.0,0.5222400000000003
wsob,KHM,,2011.0,F1marg,0.0005208333333333333,0.0
wsob,KOR,,2011.0,F1marg,1.517222783956859,0.0
wsob,LBY,,2011.0,F1marg,0.004019230769230769,0.0
wsob,LKA,,2011.0,F1marg,0.09920754959579166,0.0
wsob,MAR,,2011.0,F1marg,0.14156990246168047,0.0
wsob,MTQ,,2011.0,F1marg,0.04,0.0
wsob,NIC,,2011.0,F1marg,0.0,0.26
wsob,NPL,no fossil; regional (Asia) mix used for 0.01 TWh,2011.0,F1marg,,
wsob,NPL,,2011.0,F1marg,0.009593551291239713,0.0
wsob,NZL,,2011.0,F1marg,2.7955417655905856,0.0
wsob,PAK,,2011.0,F1marg,0.08277712685475627,0.0
wsob,REU,,2011.0,F1marg,0.11598958333333337,0.0
wsob,RUS,,2011.0,F1marg,0.004898928024502299,0.0
wsob,SAU,,2011.0,F1marg,0.005539090838928764,0.0
wsob,SEN,,2011.0,F1marg,0.02927638535061492,0.0
wsob,SLV,,2011.0,F1marg,0.046212562617603314,0.0
wsob,THA,,2011.0,F1marg,0.020801840056617123,0.0
wsob,TUN,,2011.0,F1marg,4.337050805452293e-05,0.0
wsob,TWN,,2011.0,F1marg,0.9045033308660253,0.0
wsob,UGA,,2011.0,F1marg,0.0,0.05
wsob,UKR,,2011.0,F1marg,0.001257619505935194,0.0
wsob,URY,,2011.0,F1marg,1.158509667367365,0.0
wsob,EUROPE_POOL,,2012.0,F1,10.17278276462297,0.0
wsob,AFG,,2012.0,F1,0.015,0.0
wsob,BDI,no fossil; regional (Africa) mix used for 0.01 TWh,2012.0,F1,,
wsob,BDI,,2012.0,F1,0.008900484512408935,0.0
wsob,BGD,,2012.0,F1,0.07692726891636972,0.0
wsob,BLR,,2012.0,F1,0.0037058823529411773,0.0
wsob,BLZ,,2012.0,F1,0.046666666666666676,0.0
wsob,BRA,,2012.0,F1,3.6661999038565076,0.0
wsob,CMR,,2012.0,F1,0.0,0.060000000000000005
wsob,DOM,,2012.0,F1,0.02033542659550927,0.0
wsob,EGY,,2012.0,F1,0.19243968371967293,0.0
wsob,GHA,,2012.0,F1,0.005072463768115942,0.0
wsob,GTM,,2012.0,F1,0.048816365179090715,0.0
wsob,GUF,,2012.0,F1,0.05,0.0
wsob,HND,,2012.0,F1,0.0,0.220021721621848
wsob,IRN,,2012.0,F1,0.07664378011855516,0.0
wsob,ISL,no fossil; regional (Europe) mix used for 3.42 TWh,2012.0,F1,,
wsob,ISL,,2012.0,F1,0.4232070633747326,2.8418400000000004
wsob,ISR,,2012.0,F1,0.37392034548944336,0.0
wsob,JOR,,2012.0,F1,0.007878796652772831,0.0
wsob,JPN,,2012.0,F1,3.3082166017128047,0.0
wsob,KEN,,2012.0,F1,0.0,0.02224000000000026
wsob,KHM,,2012.0,F1,0.00044444444444444447,0.0
wsob,KOR,,2012.0,F1,2.2780016634916946,0.0
wsob,LBY,,2012.0,F1,0.003952742123687281,0.0
wsob,LKA,,2012.0,F1,0.12891386666700283,0.0
wsob,MAR,,2012.0,F1,0.13938928624832914,0.0
wsob,MLT,,2012.0,F1,0.0,0.03
wsob,MMR,,2012.0,F1,0.002968750000000001,0.0
wsob,MNG,,2012.0,F1,0.0005263157894736842,0.0
wsob,MTQ,,2012.0,F1,0.08,0.0
wsob,MYS,,2012.0,F1,0.4191841962240221,0.0
wsob,NIC,,2012.0,F1,0.0,0.7100000000000001
wsob,NZL,,2012.0,F1,1.2054319421200685,1.849880000000002
wsob,PAK,,2012.0,F1,0.13189815598635807,0.0
wsob,PER,,2012.0,F1,0.027416107382550337,0.0
wsob,PRI,,2012.0,F1,0.007753522631741544,0.0
wsob,REU,,2012.0,F1,0.16875,0.0
wsob,RUS,,2012.0,F1,0.0022335046305202114,0.0
wsob,SAU,,2012.0,F1,0.015991832386363636,0.0
wsob,SLV,,2012.0,F1,0.16557625268504328,0.0
wsob,THA,,2012.0,F1,0.02942244543171721,0.0
wsob,TWN,,2012.0,F1,0.9103922739944244,0.0
wsob,UKR,,2012.0,F1,0.007068387314376043,0.0
wsob,URY,,2012.0,F1,1.3862107281785236,0.0
wsob,BGR,,2012.0,F1nat,0.0162799842705466,0.0
wsob,CZE,,2012.0,F1nat,0.025416940371070854,0.0
wsob,HRV,,2012.0,F1nat,0.2150954425612051,0.0
wsob,ITA,,2012.0,F1nat,3.932626291090705,0.0
wsob,LTU,,2012.0,F1nat,0.0993975903614458,0.0
wsob,LUX,,2012.0,F1nat,0.052559999999999996,0.03744
wsob,NOR,,2012.0,F1nat,0.017397485119549094,0.0
wsob,POL,,2012.0,F1nat,0.5841893262558031,0.0
wsob,PRT,,2012.0,F1nat,4.619849683716991,0.0
wsob,SRB,,2012.0,F1nat,3.3469691335068796e-05,0.0
wsob,SVK,,2012.0,F1nat,0.183933663957349,0.0
wsob,SVN,,2012.0,F1nat,0.0011247803163444642,0.0
wsob,SWE,,2012.0,F1nat,0.6103980695502234,0.0
wsob,AFG,,2012.0,F1nat,0.015,0.0
wsob,BDI,no fossil; regional (Africa) mix used for 0.01 TWh,2012.0,F1nat,,
wsob,BDI,,2012.0,F1nat,0.008900484512408935,0.0
wsob,BGD,,2012.0,F1nat,0.07692726891636972,0.0
wsob,BLR,,2012.0,F1nat,0.0037058823529411773,0.0
wsob,BLZ,,2012.0,F1nat,0.046666666666666676,0.0
wsob,BRA,,2012.0,F1nat,3.6661999038565076,0.0
wsob,CMR,,2012.0,F1nat,0.0,0.060000000000000005
wsob,DOM,,2012.0,F1nat,0.02033542659550927,0.0
wsob,EGY,,2012.0,F1nat,0.19243968371967293,0.0
wsob,GHA,,2012.0,F1nat,0.005072463768115942,0.0
wsob,GTM,,2012.0,F1nat,0.048816365179090715,0.0
wsob,GUF,,2012.0,F1nat,0.05,0.0
wsob,HND,,2012.0,F1nat,0.0,0.220021721621848
wsob,IRN,,2012.0,F1nat,0.07664378011855516,0.0
wsob,ISL,no fossil; regional (Europe) mix used for 3.42 TWh,2012.0,F1nat,,
wsob,ISL,,2012.0,F1nat,0.4232070633747326,2.8418400000000004
wsob,ISR,,2012.0,F1nat,0.37392034548944336,0.0
wsob,JOR,,2012.0,F1nat,0.007878796652772831,0.0
wsob,JPN,,2012.0,F1nat,3.3082166017128047,0.0
wsob,KEN,,2012.0,F1nat,0.0,0.02224000000000026
wsob,KHM,,2012.0,F1nat,0.00044444444444444447,0.0
wsob,KOR,,2012.0,F1nat,2.2780016634916946,0.0
wsob,LBY,,2012.0,F1nat,0.003952742123687281,0.0
wsob,LKA,,2012.0,F1nat,0.12891386666700283,0.0
wsob,MAR,,2012.0,F1nat,0.13938928624832914,0.0
wsob,MLT,,2012.0,F1nat,0.0,0.03
wsob,MMR,,2012.0,F1nat,0.002968750000000001,0.0
wsob,MNG,,2012.0,F1nat,0.0005263157894736842,0.0
wsob,MTQ,,2012.0,F1nat,0.08,0.0
wsob,MYS,,2012.0,F1nat,0.4191841962240221,0.0
wsob,NIC,,2012.0,F1nat,0.0,0.7100000000000001
wsob,NZL,,2012.0,F1nat,1.2054319421200685,1.849880000000002
wsob,PAK,,2012.0,F1nat,0.13189815598635807,0.0
wsob,PER,,2012.0,F1nat,0.027416107382550337,0.0
wsob,PRI,,2012.0,F1nat,0.007753522631741544,0.0
wsob,REU,,2012.0,F1nat,0.16875,0.0
wsob,RUS,,2012.0,F1nat,0.0022335046305202114,0.0
wsob,SAU,,2012.0,F1nat,0.015991832386363636,0.0
wsob,SLV,,2012.0,F1nat,0.16557625268504328,0.0
wsob,THA,,2012.0,F1nat,0.02942244543171721,0.0
wsob,TWN,,2012.0,F1nat,0.9103922739944244,0.0
wsob,UKR,,2012.0,F1nat,0.007068387314376043,0.0
wsob,URY,,2012.0,F1nat,1.3862107281785236,0.0
wsob,BDI,no fossil; regional (Africa) mix used for 0.01 TWh,2012.0,F1nocap,,
wsob,ISL,no fossil; regional (Europe) mix used for 3.42 TWh,2012.0,F1nocap,,
wsob,EUROPE_POOL,,2012.0,F1marg,10.422063567707212,0.0
wsob,AFG,,2012.0,F1marg,0.015,0.0
wsob,BDI,no fossil; regional (Africa) mix used for 0.01 TWh,2012.0,F1marg,,
wsob,BDI,,2012.0,F1marg,0.008900484512408935,0.0
wsob,BGD,,2012.0,F1marg,0.07692726891636972,0.0
wsob,BLR,,2012.0,F1marg,0.0037058823529411773,0.0
wsob,BLZ,,2012.0,F1marg,0.046666666666666676,0.0
wsob,BRA,,2012.0,F1marg,3.6661999038565076,0.0
wsob,CMR,,2012.0,F1marg,0.0,0.060000000000000005
wsob,DOM,,2012.0,F1marg,0.02033542659550927,0.0
wsob,EGY,,2012.0,F1marg,0.19243968371967293,0.0
wsob,GHA,,2012.0,F1marg,0.005072463768115942,0.0
wsob,GTM,,2012.0,F1marg,0.048816365179090715,0.0
wsob,GUF,,2012.0,F1marg,0.05,0.0
wsob,HND,,2012.0,F1marg,0.0,0.220021721621848
wsob,IRN,,2012.0,F1marg,0.07664378011855516,0.0
wsob,ISL,no fossil; regional (Europe) mix used for 3.42 TWh,2012.0,F1marg,,
wsob,ISL,,2012.0,F1marg,0.4232070633747326,2.8418400000000004
wsob,ISR,,2012.0,F1marg,0.37392034548944336,0.0
wsob,JOR,,2012.0,F1marg,0.007878796652772831,0.0
wsob,JPN,,2012.0,F1marg,3.3082166017128047,0.0
wsob,KEN,,2012.0,F1marg,0.0,0.02224000000000026
wsob,KHM,,2012.0,F1marg,0.00044444444444444447,0.0
wsob,KOR,,2012.0,F1marg,2.2780016634916946,0.0
wsob,LBY,,2012.0,F1marg,0.003952742123687281,0.0
wsob,LKA,,2012.0,F1marg,0.12891386666700283,0.0
wsob,MAR,,2012.0,F1marg,0.13938928624832914,0.0
wsob,MLT,,2012.0,F1marg,0.0,0.03
wsob,MMR,,2012.0,F1marg,0.002968750000000001,0.0
wsob,MNG,,2012.0,F1marg,0.0005263157894736842,0.0
wsob,MTQ,,2012.0,F1marg,0.08,0.0
wsob,MYS,,2012.0,F1marg,0.4191841962240221,0.0
wsob,NIC,,2012.0,F1marg,0.0,0.7100000000000001
wsob,NZL,,2012.0,F1marg,1.21133280934038,1.8498800000000022
wsob,PAK,,2012.0,F1marg,0.13189815598635807,0.0
wsob,PER,,2012.0,F1marg,0.027416107382550337,0.0
wsob,PRI,,2012.0,F1marg,0.007753522631741544,0.0
wsob,REU,,2012.0,F1marg,0.16875,0.0
wsob,RUS,,2012.0,F1marg,0.0022335046305202114,0.0
wsob,SAU,,2012.0,F1marg,0.015991832386363636,0.0
wsob,SLV,,2012.0,F1marg,0.16557625268504328,0.0
wsob,THA,,2012.0,F1marg,0.02942244543171721,0.0
wsob,TWN,,2012.0,F1marg,0.9103922739944244,0.0
wsob,UKR,,2012.0,F1marg,0.007068387314376043,0.0
wsob,URY,,2012.0,F1marg,1.3862107281785236,0.0
wsob,EUROPE_POOL,,2013.0,F1,10.377097294332405,0.0
wsob,AFG,,2013.0,F1,0.01636363636363636,0.0
wsob,AZE,,2013.0,F1,8.249658568828532e-05,0.0
wsob,BGD,,2013.0,F1,0.11030227664052039,0.0
wsob,BLR,,2013.0,F1,0.001025312399871836,0.0
wsob,BRA,,2013.0,F1,5.14752498876123,0.0
wsob,CAN,,2013.0,F1,5.346938104589437,0.0
wsob,CHL,,2013.0,F1,2.0790866718990246,0.0
wsob,CMR,,2013.0,F1,0.035678803689281204,0.0
wsob,DOM,,2013.0,F1,0.14440781270062486,0.0
wsob,ECU,,2013.0,F1,0.0197996919100828,0.0
wsob,EGY,,2013.0,F1,0.19813619117353393,0.0
wsob,FRO,no fossil; regional (Europe) mix used for 0.01 TWh,2013.0,F1,,
wsob,FRO,,2013.0,F1,0.0096538411475416,0.0
wsob,GHA,,2013.0,F1,0.006929460580912863,0.0
wsob,GTM,,2013.0,F1,0.6973658936975344,0.0
wsob,GUF,,2013.0,F1,0.04,0.0
wsob,HND,,2013.0,F1,0.0,0.5642662035550774
wsob,IRN,,2013.0,F1,0.07092260550013921,0.0
wsob,ISL,no fossil; regional (Europe) mix used for 3.58 TWh,2013.0,F1,,
wsob,ISL,,2013.0,F1,0.45423513081989336,3.0018399999999996
wsob,ISR,,2013.0,F1,0.01997860082304527,0.0
wsob,JOR,,2013.0,F1,0.007206708860513945,0.0
wsob,JPN,,2013.0,F1,6.445527888795071,0.0
wsob,KHM,,2013.0,F1,0.002266666666666667,0.0
wsob,KOR,,2013.0,F1,3.1935463094164622,0.0
wsob,LAO,no fossil; regional (Asia) mix used for 0.01 TWh,2013.0,F1,,
wsob,LAO,,2013.0,F1,0.0,0.010000000000000002
wsob,LBY,,2013.0,F1,0.004161392405063291,0.0
wsob,LKA,,2013.0,F1,0.17308560310592666,0.0
wsob,MAR,,2013.0,F1,0.0034568216024781773,0.0
wsob,MLT,,2013.0,F1,0.0,0.04
wsob,MMR,,2013.0,F1,0.0038451776056433592,0.0
wsob,MNG,,2013.0,F1,0.003306122448979592,0.0
wsob,MTQ,,2013.0,F1,0.08,0.0
wsob,MYS,,2013.0,F1,0.11120128820448799,0.0
wsob,NIC,,2013.0,F1,0.0,1.1300000000000001
wsob,NZL,,2013.0,F1,2.634362448064699,0.0
wsob,PAK,,2013.0,F1,0.5055970990105512,0.0
wsob,PER,,2013.0,F1,0.049311377245508985,0.0
wsob,PRI,,2013.0,F1,0.05130827070679087,0.0
wsob,PRK,,2013.0,F1,0.0006951219512195123,0.0
wsob,PRY,no fossil; regional (Latin America and Caribbean) mix used for 0.13 TWh,2013.0,F1,,
wsob,PRY,,2013.0,F1,0.021061410571575345,0.07744000000000001
wsob,REU,,2013.0,F1,0.18142857142857144,0.0
wsob,RUS,,2013.0,F1,0.000557502163335366,0.0
wsob,SAU,,2013.0,F1,0.021159223564544593,0.0
wsob,SEN,,2013.0,F1,0.009465654020840262,0.0
wsob,SLV,,2013.0,F1,0.042354987195064364,0.0
wsob,THA,,2013.0,F1,0.04897493429065965,0.0
wsob,TUN,,2013.0,F1,0.0016770186335403727,0.0
wsob,TUR,,2013.0,F1,0.09400114570189287,0.0
wsob,TWN,,2013.0,F1,1.1548962573215527,0.0
wsob,UGA,no fossil; regional (Africa) mix used for 0.15 TWh,2013.0,F1,,
wsob,UGA,,2013.0,F1,0.13123743513978958,0.0
wsob,UKR,,2013.0,F1,0.014015616866215512,0.0
wsob,URY,,2013.0,F1,1.56,0.0
wsob,ZAF,,2013.0,F1,0.0013843469180297664,0.0
wsob,ZWE,,2013.0,F1,0.0017687074829931975,0.0
wsob,BEL,,2013.0,F1nat,0.2862290364920914,0.0
wsob,BGR,,2013.0,F1nat,0.02747037374658158,0.0
wsob,CZE,,2013.0,F1nat,0.017942127296870388,0.0
wsob,DEU,,2013.0,F1nat,0.3592683750605943,0.0
wsob,EST,,2013.0,F1nat,0.48986954356846574,0.0
wsob,HRV,,2013.0,F1nat,0.609785407725322,0.0
wsob,ITA,,2013.0,F1nat,1.6217291926511601,0.0
wsob,LTU,,2013.0,F1nat,0.12118683618094372,0.0
wsob,LUX,,2013.0,F1nat,0.052559999999999996,0.06744
wsob,NOR,,2013.0,F1nat,0.02611259699352255,0.0
wsob,POL,,2013.0,F1nat,0.12177071524738667,0.0
wsob,PRT,,2013.0,F1nat,5.108257139966729,0.0
wsob,SRB,,2013.0,F1nat,2.757669769045157e-05,0.0
wsob,SVK,,2013.0,F1nat,0.2030856259310334,0.0
wsob,SVN,,2013.0,F1nat,0.0006864564007421151,0.0
wsob,SWE,,2013.0,F1nat,3.1301839431558416,0.0
wsob,AFG,,2013.0,F1nat,0.01636363636363636,0.0
wsob,AZE,,2013.0,F1nat,8.249658568828532e-05,0.0
wsob,BGD,,2013.0,F1nat,0.11030227664052039,0.0
wsob,BLR,,2013.0,F1nat,0.001025312399871836,0.0
wsob,BRA,,2013.0,F1nat,5.14752498876123,0.0
wsob,CAN,,2013.0,F1nat,5.346938104589437,0.0
wsob,CHL,,2013.0,F1nat,2.0790866718990246,0.0
wsob,CMR,,2013.0,F1nat,0.035678803689281204,0.0
wsob,DOM,,2013.0,F1nat,0.14440781270062486,0.0
wsob,ECU,,2013.0,F1nat,0.0197996919100828,0.0
wsob,EGY,,2013.0,F1nat,0.19813619117353393,0.0
wsob,FRO,no fossil; regional (Europe) mix used for 0.01 TWh,2013.0,F1nat,,
wsob,FRO,,2013.0,F1nat,0.0096538411475416,0.0
wsob,GHA,,2013.0,F1nat,0.006929460580912863,0.0
wsob,GTM,,2013.0,F1nat,0.6973658936975344,0.0
wsob,GUF,,2013.0,F1nat,0.04,0.0
wsob,HND,,2013.0,F1nat,0.0,0.5642662035550774
wsob,IRN,,2013.0,F1nat,0.07092260550013921,0.0
wsob,ISL,no fossil; regional (Europe) mix used for 3.58 TWh,2013.0,F1nat,,
wsob,ISL,,2013.0,F1nat,0.45423513081989336,3.0018399999999996
wsob,ISR,,2013.0,F1nat,0.01997860082304527,0.0
wsob,JOR,,2013.0,F1nat,0.007206708860513945,0.0
wsob,JPN,,2013.0,F1nat,6.445527888795071,0.0
wsob,KHM,,2013.0,F1nat,0.002266666666666667,0.0
wsob,KOR,,2013.0,F1nat,3.1935463094164622,0.0
wsob,LAO,no fossil; regional (Asia) mix used for 0.01 TWh,2013.0,F1nat,,
wsob,LAO,,2013.0,F1nat,0.0,0.010000000000000002
wsob,LBY,,2013.0,F1nat,0.004161392405063291,0.0
wsob,LKA,,2013.0,F1nat,0.17308560310592666,0.0
wsob,MAR,,2013.0,F1nat,0.0034568216024781773,0.0
wsob,MLT,,2013.0,F1nat,0.0,0.04
wsob,MMR,,2013.0,F1nat,0.0038451776056433592,0.0
wsob,MNG,,2013.0,F1nat,0.003306122448979592,0.0
wsob,MTQ,,2013.0,F1nat,0.08,0.0
wsob,MYS,,2013.0,F1nat,0.11120128820448799,0.0
wsob,NIC,,2013.0,F1nat,0.0,1.1300000000000001
wsob,NZL,,2013.0,F1nat,2.634362448064699,0.0
wsob,PAK,,2013.0,F1nat,0.5055970990105512,0.0
wsob,PER,,2013.0,F1nat,0.049311377245508985,0.0
wsob,PRI,,2013.0,F1nat,0.05130827070679087,0.0
wsob,PRK,,2013.0,F1nat,0.0006951219512195123,0.0
wsob,PRY,no fossil; regional (Latin America and Caribbean) mix used for 0.13 TWh,2013.0,F1nat,,
wsob,PRY,,2013.0,F1nat,0.021061410571575345,0.07744000000000001
wsob,REU,,2013.0,F1nat,0.18142857142857144,0.0
wsob,RUS,,2013.0,F1nat,0.000557502163335366,0.0
wsob,SAU,,2013.0,F1nat,0.021159223564544593,0.0
wsob,SEN,,2013.0,F1nat,0.009465654020840262,0.0
wsob,SLV,,2013.0,F1nat,0.042354987195064364,0.0
wsob,THA,,2013.0,F1nat,0.04897493429065965,0.0
wsob,TUN,,2013.0,F1nat,0.0016770186335403727,0.0
wsob,TUR,,2013.0,F1nat,0.09400114570189287,0.0
wsob,TWN,,2013.0,F1nat,1.1548962573215527,0.0
wsob,UGA,no fossil; regional (Africa) mix used for 0.15 TWh,2013.0,F1nat,,
wsob,UGA,,2013.0,F1nat,0.13123743513978958,0.0
wsob,UKR,,2013.0,F1nat,0.014015616866215512,0.0
wsob,URY,,2013.0,F1nat,1.56,0.0
wsob,ZAF,,2013.0,F1nat,0.0013843469180297664,0.0
wsob,ZWE,,2013.0,F1nat,0.0017687074829931975,0.0
wsob,FRO,no fossil; regional (Europe) mix used for 0.01 TWh,2013.0,F1nocap,,
wsob,ISL,no fossil; regional (Europe) mix used for 3.58 TWh,2013.0,F1nocap,,
wsob,LAO,no fossil; regional (Asia) mix used for 0.01 TWh,2013.0,F1nocap,,
wsob,PRY,no fossil; regional (Latin America and Caribbean) mix used for 0.13 TWh,2013.0,F1nocap,,
wsob,UGA,no fossil; regional (Africa) mix used for 0.15 TWh,2013.0,F1nocap,,
wsob,EUROPE_POOL,,2013.0,F1marg,10.571581072528602,0.0
wsob,AFG,,2013.0,F1marg,0.01636363636363636,0.0
wsob,AZE,,2013.0,F1marg,8.249658568828532e-05,0.0
wsob,BGD,,2013.0,F1marg,0.11030227664052039,0.0
wsob,BLR,,2013.0,F1marg,0.001025312399871836,0.0
wsob,BRA,,2013.0,F1marg,5.14752498876123,0.0
wsob,CAN,,2013.0,F1marg,4.65920783041143,0.0
wsob,CHL,,2013.0,F1marg,2.0790866718990246,0.0
wsob,CMR,,2013.0,F1marg,0.035678803689281204,0.0
wsob,DOM,,2013.0,F1marg,0.14440781270062486,0.0
wsob,ECU,,2013.0,F1marg,0.0197996919100828,0.0
wsob,EGY,,2013.0,F1marg,0.19813619117353393,0.0
wsob,FRO,no fossil; regional (Europe) mix used for 0.01 TWh,2013.0,F1marg,,
wsob,FRO,,2013.0,F1marg,0.0096538411475416,0.0
wsob,GHA,,2013.0,F1marg,0.006929460580912863,0.0
wsob,GTM,,2013.0,F1marg,0.6973658936975344,0.0
wsob,GUF,,2013.0,F1marg,0.04,0.0
wsob,HND,,2013.0,F1marg,0.0,0.5642662035550774
wsob,IRN,,2013.0,F1marg,0.07092260550013921,0.0
wsob,ISL,no fossil; regional (Europe) mix used for 3.58 TWh,2013.0,F1marg,,
wsob,ISL,,2013.0,F1marg,0.45423513081989336,3.0018399999999996
wsob,ISR,,2013.0,F1marg,0.01997860082304527,0.0
wsob,JOR,,2013.0,F1marg,0.007206708860513945,0.0
wsob,JPN,,2013.0,F1marg,6.445527888795071,0.0
wsob,KHM,,2013.0,F1marg,0.002266666666666667,0.0
wsob,KOR,,2013.0,F1marg,3.1935463094164622,0.0
wsob,LAO,no fossil; regional (Asia) mix used for 0.01 TWh,2013.0,F1marg,,
wsob,LAO,,2013.0,F1marg,0.0,0.010000000000000002
wsob,LBY,,2013.0,F1marg,0.004161392405063291,0.0
wsob,LKA,,2013.0,F1marg,0.17308560310592666,0.0
wsob,MAR,,2013.0,F1marg,0.0034568216024781773,0.0
wsob,MLT,,2013.0,F1marg,0.0,0.04
wsob,MMR,,2013.0,F1marg,0.0038451776056433592,0.0
wsob,MNG,,2013.0,F1marg,0.003306122448979592,0.0
wsob,MTQ,,2013.0,F1marg,0.08,0.0
wsob,MYS,,2013.0,F1marg,0.11120128820448799,0.0
wsob,NIC,,2013.0,F1marg,0.0,1.1300000000000001
wsob,NZL,,2013.0,F1marg,2.642467701957061,0.0
wsob,PAK,,2013.0,F1marg,0.5055970990105512,0.0
wsob,PER,,2013.0,F1marg,0.049311377245508985,0.0
wsob,PRI,,2013.0,F1marg,0.05130827070679087,0.0
wsob,PRK,,2013.0,F1marg,0.0006951219512195123,0.0
wsob,PRY,no fossil; regional (Latin America and Caribbean) mix used for 0.13 TWh,2013.0,F1marg,,
wsob,PRY,,2013.0,F1marg,0.021061410571575345,0.07744000000000001
wsob,REU,,2013.0,F1marg,0.18142857142857144,0.0
wsob,RUS,,2013.0,F1marg,0.000557502163335366,0.0
wsob,SAU,,2013.0,F1marg,0.021159223564544593,0.0
wsob,SEN,,2013.0,F1marg,0.009465654020840262,0.0
wsob,SLV,,2013.0,F1marg,0.042354987195064364,0.0
wsob,THA,,2013.0,F1marg,0.04897493429065965,0.0
wsob,TUN,,2013.0,F1marg,0.0016770186335403727,0.0
wsob,TUR,,2013.0,F1marg,0.1196626026024165,0.0
wsob,TWN,,2013.0,F1marg,1.1548962573215527,0.0
wsob,UGA,no fossil; regional (Africa) mix used for 0.15 TWh,2013.0,F1marg,,
wsob,UGA,,2013.0,F1marg,0.13123743513978958,0.0
wsob,UKR,,2013.0,F1marg,0.014015616866215512,0.0
wsob,URY,,2013.0,F1marg,1.56,0.0
wsob,ZAF,,2013.0,F1marg,0.0013843469180297664,0.0
wsob,ZWE,,2013.0,F1marg,0.0017687074829931975,0.0
wsob,EUROPE_POOL,,2014.0,F1,14.662629041889307,0.0
wsob,AFG,,2014.0,F1,0.020624999999999998,0.0
wsob,AZE,,2014.0,F1,0.0001225892383385572,0.0
wsob,BGD,,2014.0,F1,0.13304867016464628,0.0
wsob,BLR,,2014.0,F1,0.00202322206095791,0.0
wsob,BLZ,,2014.0,F1,0.023333333333333338,0.0
wsob,BRA,,2014.0,F1,5.037964677462867,9.339896322429484
wsob,BRB,,2014.0,F1,0.000865102463482015,0.0
wsob,CAN,,2014.0,F1,6.4135503297650605,0.0
wsob,CMR,,2014.0,F1,0.03525443243220682,0.0
wsob,DOM,,2014.0,F1,0.13704412287745238,0.0
wsob,ECU,,2014.0,F1,0.03386431169980561,0.0
wsob,EGY,,2014.0,F1,0.13429447852760737,0.0
wsob,ETH,no fossil; regional (Africa) mix used for 0.49 TWh,2014.0,F1,,
wsob,ETH,,2014.0,F1,0.42626770467473507,0.0
wsob,FRO,no fossil; regional (Europe) mix used for 0.03 TWh,2014.0,F1,,
wsob,FRO,,2014.0,F1,0.028915405899202683,0.0
wsob,GHA,,2014.0,F1,0.004138655462184874,0.0
wsob,GTM,,2014.0,F1,0.9187280387757026,0.0
wsob,GUF,,2014.0,F1,0.05,0.0
wsob,HND,,2014.0,F1,0.0,0.66
wsob,IRN,,2014.0,F1,0.04542580117596667,0.0
wsob,IRQ,,2014.0,F1,0.04623561477892186,0.0
wsob,ISL,no fossil; regional (Europe) mix used for 3.59 TWh,2014.0,F1,,
wsob,ISL,,2014.0,F1,0.44837023927125463,3.01184
wsob,ISR,,2014.0,F1,0.0053355592654424034,0.0
wsob,JOR,,2014.0,F1,0.009159180801307018,0.0
wsob,JPN,,2014.0,F1,10.816245690039235,0.0
wsob,KAZ,,2014.0,F1,0.00011809656130600905,0.0
wsob,KEN,,2014.0,F1,0.0,1.1387200000000002
wsob,KOR,,2014.0,F1,5.933819661528512,0.0
wsob,LBN,,2014.0,F1,0.02,0.0
wsob,LBY,,2014.0,F1,0.004411919233648845,0.0
wsob,LKA,,2014.0,F1,0.17607893711404712,0.0
wsob,MDA,,2014.0,F1,1.984126984126984e-05,0.0
wsob,MLT,,2014.0,F1,0.0,0.08
wsob,MMR,,2014.0,F1,0.0025891181988742964,0.0
wsob,MNG,,2014.0,F1,0.006499032882011606,0.0
wsob,MYS,,2014.0,F1,0.13835911685190744,0.0
wsob,NER,,2014.0,F1,0.005769703475641984,0.0
wsob,NIC,,2014.0,F1,0.0,1.4099999999999997
wsob,NPL,no fossil; regional (Asia) mix used for 0.03 TWh,2014.0,F1,,
wsob,NPL,,2014.0,F1,0.02916380973088644,0.0
wsob,NZL,,2014.0,F1,1.8803435483714328,0.0
wsob,PAK,,2014.0,F1,1.0842982833020982,0.0
wsob,PRI,,2014.0,F1,0.06913214615331871,0.0
wsob,PRK,,2014.0,F1,0.000686046511627907,0.0
wsob,PRY,,2014.0,F1,0.0,0.09142473545083676
wsob,REU,,2014.0,F1,0.16471204188481678,0.0
wsob,RUS,,2014.0,F1,0.007737969347036563,0.0
wsob,SAU,,2014.0,F1,0.026766722535425877,0.0
wsob,SEN,,2014.0,F1,0.019012932863742903,0.0
wsob,SGP,,2014.0,F1,0.004732888146911519,0.0
wsob,SLV,,2014.0,F1,0.08362829025060114,0.0
wsob,THA,,2014.0,F1,0.07070429107032053,0.0
wsob,TUN,,2014.0,F1,0.009521218715995646,0.0
wsob,TWN,,2014.0,F1,1.213144618030672,0.0
wsob,UKR,,2014.0,F1,0.014359025927425769,0.0
wsob,URY,,2014.0,F1,2.34392,0.0
wsob,ZAF,,2014.0,F1,0.02722323473273118,0.0
wsob,BGR,,2014.0,F1nat,0.024763313609467458,0.0
wsob,BIH,,2014.0,F1nat,7.21370604147881e-05,0.0
wsob,CHE,,2014.0,F1nat,0.09580541483123528,0.0
wsob,CZE,,2014.0,F1nat,0.018574850116873966,0.0
wsob,DEU,,2014.0,F1nat,2.498034769494211,0.0
wsob,EST,,2014.0,F1nat,0.0011482820976491863,0.0
wsob,HRV,,2014.0,F1nat,0.605245616045845,0.0
wsob,ITA,,2014.0,F1nat,1.3293371481429723,0.0
wsob,LTU,,2014.0,F1nat,0.10691593604677717,0.0
wsob,LUX,,2014.0,F1nat,0.052559999999999996,0.11743999999999999
wsob,NLD,,2014.0,F1nat,1.1432573372014008,0.0
wsob,NOR,,2014.0,F1nat,0.02808906521357992,0.0
wsob,POL,,2014.0,F1nat,0.14337768620272615,0.0
wsob,PRT,,2014.0,F1nat,5.613172975317581,0.0
wsob,SRB,,2014.0,F1nat,6.693440428380188e-05,0.0
wsob,SVK,,2014.0,F1nat,0.24547954015923348,0.0
wsob,SVN,,2014.0,F1nat,0.004784688995215312,0.0
wsob,SWE,,2014.0,F1nat,3.3913978304747787,0.0
wsob,AFG,,2014.0,F1nat,0.020624999999999998,0.0
wsob,AZE,,2014.0,F1nat,0.0001225892383385572,0.0
wsob,BGD,,2014.0,F1nat,0.13304867016464628,0.0
wsob,BLR,,2014.0,F1nat,0.00202322206095791,0.0
wsob,BLZ,,2014.0,F1nat,0.023333333333333338,0.0
wsob,BRA,,2014.0,F1nat,5.037964677462867,9.339896322429484
wsob,BRB,,2014.0,F1nat,0.000865102463482015,0.0
wsob,CAN,,2014.0,F1nat,6.4135503297650605,0.0
wsob,CMR,,2014.0,F1nat,0.03525443243220682,0.0
wsob,DOM,,2014.0,F1nat,0.13704412287745238,0.0
wsob,ECU,,2014.0,F1nat,0.03386431169980561,0.0
wsob,EGY,,2014.0,F1nat,0.13429447852760737,0.0
wsob,ETH,no fossil; regional (Africa) mix used for 0.49 TWh,2014.0,F1nat,,
wsob,ETH,,2014.0,F1nat,0.42626770467473507,0.0
wsob,FRO,no fossil; regional (Europe) mix used for 0.03 TWh,2014.0,F1nat,,
wsob,FRO,,2014.0,F1nat,0.028915405899202683,0.0
wsob,GHA,,2014.0,F1nat,0.004138655462184874,0.0
wsob,GTM,,2014.0,F1nat,0.9187280387757026,0.0
wsob,GUF,,2014.0,F1nat,0.05,0.0
wsob,HND,,2014.0,F1nat,0.0,0.66
wsob,IRN,,2014.0,F1nat,0.04542580117596667,0.0
wsob,IRQ,,2014.0,F1nat,0.04623561477892186,0.0
wsob,ISL,no fossil; regional (Europe) mix used for 3.59 TWh,2014.0,F1nat,,
wsob,ISL,,2014.0,F1nat,0.44837023927125463,3.01184
wsob,ISR,,2014.0,F1nat,0.0053355592654424034,0.0
wsob,JOR,,2014.0,F1nat,0.009159180801307018,0.0
wsob,JPN,,2014.0,F1nat,10.816245690039235,0.0
wsob,KAZ,,2014.0,F1nat,0.00011809656130600905,0.0
wsob,KEN,,2014.0,F1nat,0.0,1.1387200000000002
wsob,KOR,,2014.0,F1nat,5.933819661528512,0.0
wsob,LBN,,2014.0,F1nat,0.02,0.0
wsob,LBY,,2014.0,F1nat,0.004411919233648845,0.0
wsob,LKA,,2014.0,F1nat,0.17607893711404712,0.0
wsob,MDA,,2014.0,F1nat,1.984126984126984e-05,0.0
wsob,MLT,,2014.0,F1nat,0.0,0.08
wsob,MMR,,2014.0,F1nat,0.0025891181988742964,0.0
wsob,MNG,,2014.0,F1nat,0.006499032882011606,0.0
wsob,MYS,,2014.0,F1nat,0.13835911685190744,0.0
wsob,NER,,2014.0,F1nat,0.005769703475641984,0.0
wsob,NIC,,2014.0,F1nat,0.0,1.4099999999999997
wsob,NPL,no fossil; regional (Asia) mix used for 0.03 TWh,2014.0,F1nat,,
wsob,NPL,,2014.0,F1nat,0.02916380973088644,0.0
wsob,NZL,,2014.0,F1nat,1.8803435483714328,0.0
wsob,PAK,,2014.0,F1nat,1.0842982833020982,0.0
wsob,PRI,,2014.0,F1nat,0.06913214615331871,0.0
wsob,PRK,,2014.0,F1nat,0.000686046511627907,0.0
wsob,PRY,,2014.0,F1nat,0.0,0.09142473545083676
wsob,REU,,2014.0,F1nat,0.16471204188481678,0.0
wsob,RUS,,2014.0,F1nat,0.007737969347036563,0.0
wsob,SAU,,2014.0,F1nat,0.026766722535425877,0.0
wsob,SEN,,2014.0,F1nat,0.019012932863742903,0.0
wsob,SGP,,2014.0,F1nat,0.004732888146911519,0.0
wsob,SLV,,2014.0,F1nat,0.08362829025060114,0.0
wsob,THA,,2014.0,F1nat,0.07070429107032053,0.0
wsob,TUN,,2014.0,F1nat,0.009521218715995646,0.0
wsob,TWN,,2014.0,F1nat,1.213144618030672,0.0
wsob,UKR,,2014.0,F1nat,0.014359025927425769,0.0
wsob,URY,,2014.0,F1nat,2.34392,0.0
wsob,ZAF,,2014.0,F1nat,0.02722323473273118,0.0
wsob,ETH,no fossil; regional (Africa) mix used for 0.49 TWh,2014.0,F1nocap,,
wsob,FRO,no fossil; regional (Europe) mix used for 0.03 TWh,2014.0,F1nocap,,
wsob,ISL,no fossil; regional (Europe) mix used for 3.59 TWh,2014.0,F1nocap,,
wsob,NPL,no fossil; regional (Asia) mix used for 0.03 TWh,2014.0,F1nocap,,
wsob,EUROPE_POOL,,2014.0,F1marg,14.65511968954814,0.0
wsob,AFG,,2014.0,F1marg,0.020624999999999998,0.0
wsob,AZE,,2014.0,F1marg,0.0001225892383385572,0.0
wsob,BGD,,2014.0,F1marg,0.13304867016464628,0.0
wsob,BLR,,2014.0,F1marg,0.00202322206095791,0.0
wsob,BLZ,,2014.0,F1marg,0.023333333333333338,0.0
wsob,BRA,,2014.0,F1marg,5.037964677462867,9.339896322429484
wsob,BRB,,2014.0,F1marg,0.000865102463482015,0.0
wsob,CAN,,2014.0,F1marg,5.763496058929928,0.0
wsob,CMR,,2014.0,F1marg,0.03525443243220682,0.0
wsob,DOM,,2014.0,F1marg,0.13704412287745238,0.0
wsob,ECU,,2014.0,F1marg,0.03386431169980561,0.0
wsob,EGY,,2014.0,F1marg,0.13429447852760737,0.0
wsob,ETH,no fossil; regional (Africa) mix used for 0.49 TWh,2014.0,F1marg,,
wsob,ETH,,2014.0,F1marg,0.42626770467473507,0.0
wsob,FRO,no fossil; regional (Europe) mix used for 0.03 TWh,2014.0,F1marg,,
wsob,FRO,,2014.0,F1marg,0.028915405899202683,0.0
wsob,GHA,,2014.0,F1marg,0.004138655462184874,0.0
wsob,GTM,,2014.0,F1marg,0.9187280387757026,0.0
wsob,GUF,,2014.0,F1marg,0.05,0.0
wsob,HND,,2014.0,F1marg,0.0,0.66
wsob,IRN,,2014.0,F1marg,0.04542580117596667,0.0
wsob,IRQ,,2014.0,F1marg,0.04623561477892186,0.0
wsob,ISL,no fossil; regional (Europe) mix used for 3.59 TWh,2014.0,F1marg,,
wsob,ISL,,2014.0,F1marg,0.44837023927125463,3.01184
wsob,ISR,,2014.0,F1marg,0.0053355592654424034,0.0
wsob,JOR,,2014.0,F1marg,0.009159180801307018,0.0
wsob,JPN,,2014.0,F1marg,10.816245690039235,0.0
wsob,KAZ,,2014.0,F1marg,0.00011809656130600905,0.0
wsob,KEN,,2014.0,F1marg,0.0,1.1387200000000002
wsob,KOR,,2014.0,F1marg,5.933819661528512,0.0
wsob,LBN,,2014.0,F1marg,0.02,0.0
wsob,LBY,,2014.0,F1marg,0.004411919233648845,0.0
wsob,LKA,,2014.0,F1marg,0.17607893711404712,0.0
wsob,MDA,,2014.0,F1marg,1.984126984126984e-05,0.0
wsob,MLT,,2014.0,F1marg,0.0,0.08
wsob,MMR,,2014.0,F1marg,0.0025891181988742964,0.0
wsob,MNG,,2014.0,F1marg,0.006499032882011606,0.0
wsob,MYS,,2014.0,F1marg,0.13835911685190744,0.0
wsob,NER,,2014.0,F1marg,0.005769703475641984,0.0
wsob,NIC,,2014.0,F1marg,0.0,1.4099999999999997
wsob,NPL,no fossil; regional (Asia) mix used for 0.03 TWh,2014.0,F1marg,,
wsob,NPL,,2014.0,F1marg,0.02916380973088644,0.0
wsob,NZL,,2014.0,F1marg,1.8945242052560212,0.0
wsob,PAK,,2014.0,F1marg,1.0842982833020982,0.0
wsob,PRI,,2014.0,F1marg,0.06913214615331871,0.0
wsob,PRK,,2014.0,F1marg,0.000686046511627907,0.0
wsob,PRY,,2014.0,F1marg,0.0,0.09142473545083676
wsob,REU,,2014.0,F1marg,0.16471204188481678,0.0
wsob,RUS,,2014.0,F1marg,0.007737969347036563,0.0
wsob,SAU,,2014.0,F1marg,0.026766722535425877,0.0
wsob,SEN,,2014.0,F1marg,0.019012932863742903,0.0
wsob,SGP,,2014.0,F1marg,0.004732888146911519,0.0
wsob,SLV,,2014.0,F1marg,0.08362829025060114,0.0
wsob,THA,,2014.0,F1marg,0.07070429107032053,0.0
wsob,TUN,,2014.0,F1marg,0.009521218715995646,0.0
wsob,TWN,,2014.0,F1marg,1.213144618030672,0.0
wsob,UKR,,2014.0,F1marg,0.014359025927425769,0.0
wsob,URY,,2014.0,F1marg,2.34392,0.0
wsob,ZAF,,2014.0,F1marg,0.02722323473273118,0.0
wsob,EUROPE_POOL,,2015.0,F1,30.906350739158253,0.0
wsob,AFG,,2015.0,F1,0.019999999999999997,0.0
wsob,ATG,,2015.0,F1,0.0,0.01
wsob,AZE,,2015.0,F1,0.006105423222393633,0.0
wsob,BGD,,2015.0,F1,0.17169088733116775,0.0
wsob,BLR,,2015.0,F1,0.002725925925925926,0.0
wsob,BLZ,,2015.0,F1,0.030000000000000002,0.0
wsob,BRA,,2015.0,F1,12.148312459636651,11.23600462118054
wsob,BRB,,2015.0,F1,0.0008516110497872186,0.0
wsob,CAN,,2015.0,F1,8.72420523705958,0.0
wsob,CHL,,2015.0,F1,0.5819253085103142,0.0
wsob,CMR,,2015.0,F1,0.022773551003707305,0.0
wsob,DOM,,2015.0,F1,0.15240818386979937,0.0
wsob,ECU,,2015.0,F1,0.04871972995256421,0.0
wsob,EGY,,2015.0,F1,0.3110468054385754,0.0
wsob,ETH,no fossil; regional (Africa) mix used for 0.75 TWh,2015.0,F1,,
wsob,ETH,,2015.0,F1,0.6327295957693572,0.014160000000000061
wsob,FRO,no fossil; regional (Europe) mix used for 0.05 TWh,2015.0,F1,,
wsob,FRO,,2015.0,F1,0.04816143773336083,0.0
wsob,GTM,,2015.0,F1,1.3853178399800794,0.0
wsob,GUF,,2015.0,F1,0.05,0.0
wsob,GUM,no fossil; regional (Oceania) mix used for 0.03 TWh,2015.0,F1,,
wsob,GUM,,2015.0,F1,0.02883951263803903,0.0
wsob,HND,,2015.0,F1,0.36783465125225584,1.11944
wsob,IRN,,2015.0,F1,0.016576341431381564,0.0
wsob,IRQ,,2015.0,F1,0.04141702190210201,0.0
wsob,ISL,no fossil; regional (Europe) mix used for 3.35 TWh,2015.0,F1,,
wsob,ISL,,2015.0,F1,0.5075363281351764,2.719279999999999
wsob,ISR,,2015.0,F1,0.013220123789874623,0.0
wsob,JOR,,2015.0,F1,0.08535767092561548,0.0
wsob,JPN,,2015.0,F1,18.056499989401622,0.0
wsob,KAZ,,2015.0,F1,0.0030218978102189774,0.0
wsob,KEN,,2015.0,F1,0.0,0.8582400000000008
wsob,KOR,,2015.0,F1,8.453394138755982,0.0
wsob,LBN,,2015.0,F1,0.03,0.0
wsob,LBY,,2015.0,F1,0.004411919233648845,0.0
wsob,MAR,,2015.0,F1,1.0313220717131453,0.0
wsob,MDA,,2015.0,F1,1.733102253032929e-05,0.0
wsob,MLT,,2015.0,F1,0.0,0.09999999999999999
wsob,MMR,,2015.0,F1,0.0018292682926829267,0.0
wsob,MNG,,2015.0,F1,0.006956521739130435,0.0
wsob,MYS,,2015.0,F1,0.2019762169375787,0.0
wsob,NER,,2015.0,F1,0.004150943396226415,0.0
wsob,NIC,,2015.0,F1,0.0,1.42
wsob,NPL,no fossil; regional (Asia) mix used for 0.03 TWh,2015.0,F1,,
wsob,NPL,,2015.0,F1,0.029239907071177185,0.0
wsob,NZL,,2015.0,F1,2.3401467496886665,0.0
wsob,PAK,,2015.0,F1,1.0763637747246853,0.0
wsob,PRI,,2015.0,F1,0.07987313322225374,0.0
wsob,PRK,,2015.0,F1,0.0027,0.0
wsob,PRY,no fossil; regional (Latin America and Caribbean) mix used for 0.15 TWh,2015.0,F1,,
wsob,PRY,,2015.0,F1,0.019107283866214395,0.09743999999999998
wsob,PSE,no fossil; regional (Middle East) mix used for 0.01 TWh,2015.0,F1,,
wsob,PSE,,2015.0,F1,0.0,0.01
wsob,REU,,2015.0,F1,0.16204540540540513,0.0
wsob,RUS,,2015.0,F1,0.010742263056092846,0.0
wsob,SAU,,2015.0,F1,0.02642117573233692,0.0
wsob,SEN,,2015.0,F1,0.01829329501434003,0.0
wsob,SGP,,2015.0,F1,0.006145022531749283,0.0
wsob,SLV,,2015.0,F1,0.20755256764632124,0.0
wsob,SUR,,2015.0,F1,0.000145985401459854,0.0
wsob,THA,,2015.0,F1,0.04593830020729179,0.0
wsob,TUN,,2015.0,F1,0.022629629629629635,0.0
wsob,TWN,,2015.0,F1,1.3412226106921732,0.0
wsob,TZA,,2015.0,F1,0.010230414746543778,0.0
wsob,UKR,,2015.0,F1,0.04240574793479161,0.0
wsob,URY,,2015.0,F1,4.49,0.0
wsob,BGR,,2015.0,F1nat,0.023962571196094382,0.0
wsob,BIH,,2015.0,F1nat,7.352941176470588e-05,0.0
wsob,CHE,,2015.0,F1nat,0.4871516189703551,0.0
wsob,DEU,,2015.0,F1nat,5.249344763959144,0.0
wsob,ESP,,2015.0,F1nat,0.986446115200426,0.0
wsob,HRV,,2015.0,F1nat,0.6854187096774191,0.0
wsob,IRL,,2015.0,F1nat,0.059745719357449545,0.0
wsob,ITA,,2015.0,F1nat,2.111018211427994,0.0
wsob,LTU,,2015.0,F1nat,0.13400777041667977,0.0
wsob,LUX,,2015.0,F1nat,0.052559999999999996,0.15744000000000002
wsob,NLD,,2015.0,F1nat,2.877720983807347,0.0
wsob,NOR,,2015.0,F1nat,0.03351533573513009,0.0
wsob,POL,,2015.0,F1nat,0.7329004790254432,0.0
wsob,PRT,,2015.0,F1nat,6.818723471622697,0.0
wsob,SRB,,2015.0,F1nat,0.00010917030567685588,0.0
wsob,SVK,,2015.0,F1nat,0.32617291391335024,0.0
wsob,SVN,,2015.0,F1nat,0.0017916666666666669,0.0
wsob,SWE,,2015.0,F1nat,7.490567446023037,0.0
wsob,AFG,,2015.0,F1nat,0.019999999999999997,0.0
wsob,ATG,,2015.0,F1nat,0.0,0.01
wsob,AZE,,2015.0,F1nat,0.006105423222393633,0.0
wsob,BGD,,2015.0,F1nat,0.17169088733116775,0.0
wsob,BLR,,2015.0,F1nat,0.002725925925925926,0.0
wsob,BLZ,,2015.0,F1nat,0.030000000000000002,0.0
wsob,BRA,,2015.0,F1nat,12.148312459636651,11.23600462118054
wsob,BRB,,2015.0,F1nat,0.0008516110497872186,0.0
wsob,CAN,,2015.0,F1nat,8.72420523705958,0.0
wsob,CHL,,2015.0,F1nat,0.5819253085103142,0.0
wsob,CMR,,2015.0,F1nat,0.022773551003707305,0.0
wsob,DOM,,2015.0,F1nat,0.15240818386979937,0.0
wsob,ECU,,2015.0,F1nat,0.04871972995256421,0.0
wsob,EGY,,2015.0,F1nat,0.3110468054385754,0.0
wsob,ETH,no fossil; regional (Africa) mix used for 0.75 TWh,2015.0,F1nat,,
wsob,ETH,,2015.0,F1nat,0.6327295957693572,0.014160000000000061
wsob,FRO,no fossil; regional (Europe) mix used for 0.05 TWh,2015.0,F1nat,,
wsob,FRO,,2015.0,F1nat,0.04816143773336083,0.0
wsob,GTM,,2015.0,F1nat,1.3853178399800794,0.0
wsob,GUF,,2015.0,F1nat,0.05,0.0
wsob,GUM,no fossil; regional (Oceania) mix used for 0.03 TWh,2015.0,F1nat,,
wsob,GUM,,2015.0,F1nat,0.02883951263803903,0.0
wsob,HND,,2015.0,F1nat,0.36783465125225584,1.11944
wsob,IRN,,2015.0,F1nat,0.016576341431381564,0.0
wsob,IRQ,,2015.0,F1nat,0.04141702190210201,0.0
wsob,ISL,no fossil; regional (Europe) mix used for 3.35 TWh,2015.0,F1nat,,
wsob,ISL,,2015.0,F1nat,0.5075363281351764,2.719279999999999
wsob,ISR,,2015.0,F1nat,0.013220123789874623,0.0
wsob,JOR,,2015.0,F1nat,0.08535767092561548,0.0
wsob,JPN,,2015.0,F1nat,18.056499989401622,0.0
wsob,KAZ,,2015.0,F1nat,0.0030218978102189774,0.0
wsob,KEN,,2015.0,F1nat,0.0,0.8582400000000008
wsob,KOR,,2015.0,F1nat,8.453394138755982,0.0
wsob,LBN,,2015.0,F1nat,0.03,0.0
wsob,LBY,,2015.0,F1nat,0.004411919233648845,0.0
wsob,MAR,,2015.0,F1nat,1.0313220717131453,0.0
wsob,MDA,,2015.0,F1nat,1.733102253032929e-05,0.0
wsob,MLT,,2015.0,F1nat,0.0,0.09999999999999999
wsob,MMR,,2015.0,F1nat,0.0018292682926829267,0.0
wsob,MNG,,2015.0,F1nat,0.006956521739130435,0.0
wsob,MYS,,2015.0,F1nat,0.2019762169375787,0.0
wsob,NER,,2015.0,F1nat,0.004150943396226415,0.0
wsob,NIC,,2015.0,F1nat,0.0,1.42
wsob,NPL,no fossil; regional (Asia) mix used for 0.03 TWh,2015.0,F1nat,,
wsob,NPL,,2015.0,F1nat,0.029239907071177185,0.0
wsob,NZL,,2015.0,F1nat,2.3401467496886665,0.0
wsob,PAK,,2015.0,F1nat,1.0763637747246853,0.0
wsob,PRI,,2015.0,F1nat,0.07987313322225374,0.0
wsob,PRK,,2015.0,F1nat,0.0027,0.0
wsob,PRY,no fossil; regional (Latin America and Caribbean) mix used for 0.15 TWh,2015.0,F1nat,,
wsob,PRY,,2015.0,F1nat,0.019107283866214395,0.09743999999999998
wsob,PSE,no fossil; regional (Middle East) mix used for 0.01 TWh,2015.0,F1nat,,
wsob,PSE,,2015.0,F1nat,0.0,0.01
wsob,REU,,2015.0,F1nat,0.16204540540540513,0.0
wsob,RUS,,2015.0,F1nat,0.010742263056092846,0.0
wsob,SAU,,2015.0,F1nat,0.02642117573233692,0.0
wsob,SEN,,2015.0,F1nat,0.01829329501434003,0.0
wsob,SGP,,2015.0,F1nat,0.006145022531749283,0.0
wsob,SLV,,2015.0,F1nat,0.20755256764632124,0.0
wsob,SUR,,2015.0,F1nat,0.000145985401459854,0.0
wsob,THA,,2015.0,F1nat,0.04593830020729179,0.0
wsob,TUN,,2015.0,F1nat,0.022629629629629635,0.0
wsob,TWN,,2015.0,F1nat,1.3412226106921732,0.0
wsob,TZA,,2015.0,F1nat,0.010230414746543778,0.0
wsob,UKR,,2015.0,F1nat,0.04240574793479161,0.0
wsob,URY,,2015.0,F1nat,4.49,0.0
wsob,ETH,no fossil; regional (Africa) mix used for 0.75 TWh,2015.0,F1nocap,,
wsob,FRO,no fossil; regional (Europe) mix used for 0.05 TWh,2015.0,F1nocap,,
wsob,GUM,no fossil; regional (Oceania) mix used for 0.03 TWh,2015.0,F1nocap,,
wsob,ISL,no fossil; regional (Europe) mix used for 3.35 TWh,2015.0,F1nocap,,
wsob,NPL,no fossil; regional (Asia) mix used for 0.03 TWh,2015.0,F1nocap,,
wsob,PRY,no fossil; regional (Latin America and Caribbean) mix used for 0.15 TWh,2015.0,F1nocap,,
wsob,PSE,no fossil; regional (Middle East) mix used for 0.01 TWh,2015.0,F1nocap,,
wsob,EUROPE_POOL,,2015.0,F1marg,29.21894583462701,0.0
wsob,AFG,,2015.0,F1marg,0.019999999999999997,0.0
wsob,ATG,,2015.0,F1marg,0.0,0.01
wsob,AZE,,2015.0,F1marg,0.006105423222393633,0.0
wsob,BGD,,2015.0,F1marg,0.17169088733116775,0.0
wsob,BLR,,2015.0,F1marg,0.002725925925925926,0.0
wsob,BLZ,,2015.0,F1marg,0.030000000000000002,0.0
wsob,BRA,,2015.0,F1marg,12.148312459636651,11.23600462118054
wsob,BRB,,2015.0,F1marg,0.0008516110497872186,0.0
wsob,CAN,,2015.0,F1marg,6.975796803881371,0.0
wsob,CHL,,2015.0,F1marg,0.5819253085103142,0.0
wsob,CMR,,2015.0,F1marg,0.022773551003707305,0.0
wsob,DOM,,2015.0,F1marg,0.15240818386979937,0.0
wsob,ECU,,2015.0,F1marg,0.04871972995256421,0.0
wsob,EGY,,2015.0,F1marg,0.3110468054385754,0.0
wsob,ETH,no fossil; regional (Africa) mix used for 0.75 TWh,2015.0,F1marg,,
wsob,ETH,,2015.0,F1marg,0.6327295957693572,0.014160000000000061
wsob,FRO,no fossil; regional (Europe) mix used for 0.05 TWh,2015.0,F1marg,,
wsob,FRO,,2015.0,F1marg,0.04816143773336083,0.0
wsob,GTM,,2015.0,F1marg,1.3853178399800794,0.0
wsob,GUF,,2015.0,F1marg,0.05,0.0
wsob,GUM,no fossil; regional (Oceania) mix used for 0.03 TWh,2015.0,F1marg,,
wsob,GUM,,2015.0,F1marg,0.02883951263803903,0.0
wsob,HND,,2015.0,F1marg,0.36783465125225584,1.11944
wsob,IRN,,2015.0,F1marg,0.016576341431381564,0.0
wsob,IRQ,,2015.0,F1marg,0.04141702190210201,0.0
wsob,ISL,no fossil; regional (Europe) mix used for 3.35 TWh,2015.0,F1marg,,
wsob,ISL,,2015.0,F1marg,0.5075363281351764,2.719279999999999
wsob,ISR,,2015.0,F1marg,0.013220123789874623,0.0
wsob,JOR,,2015.0,F1marg,0.08535767092561548,0.0
wsob,JPN,,2015.0,F1marg,18.056499989401622,0.0
wsob,KAZ,,2015.0,F1marg,0.0030218978102189774,0.0
wsob,KEN,,2015.0,F1marg,0.0,0.8582400000000008
wsob,KOR,,2015.0,F1marg,8.453394138755982,0.0
wsob,LBN,,2015.0,F1marg,0.03,0.0
wsob,LBY,,2015.0,F1marg,0.004411919233648845,0.0
wsob,MAR,,2015.0,F1marg,1.0313220717131453,0.0
wsob,MDA,,2015.0,F1marg,1.733102253032929e-05,0.0
wsob,MLT,,2015.0,F1marg,0.0,0.09999999999999999
wsob,MMR,,2015.0,F1marg,0.0018292682926829267,0.0
wsob,MNG,,2015.0,F1marg,0.006956521739130435,0.0
wsob,MYS,,2015.0,F1marg,0.2019762169375787,0.0
wsob,NER,,2015.0,F1marg,0.004150943396226415,0.0
wsob,NIC,,2015.0,F1marg,0.0,1.42
wsob,NPL,no fossil; regional (Asia) mix used for 0.03 TWh,2015.0,F1marg,,
wsob,NPL,,2015.0,F1marg,0.029239907071177185,0.0
wsob,NZL,,2015.0,F1marg,2.3553315341916914,0.0
wsob,PAK,,2015.0,F1marg,1.0763637747246853,0.0
wsob,PRI,,2015.0,F1marg,0.07987313322225374,0.0
wsob,PRK,,2015.0,F1marg,0.0027,0.0
wsob,PRY,no fossil; regional (Latin America and Caribbean) mix used for 0.15 TWh,2015.0,F1marg,,
wsob,PRY,,2015.0,F1marg,0.019107283866214395,0.09743999999999998
wsob,PSE,no fossil; regional (Middle East) mix used for 0.01 TWh,2015.0,F1marg,,
wsob,PSE,,2015.0,F1marg,0.0,0.01
wsob,REU,,2015.0,F1marg,0.16204540540540513,0.0
wsob,RUS,,2015.0,F1marg,0.010742263056092846,0.0
wsob,SAU,,2015.0,F1marg,0.02642117573233692,0.0
wsob,SEN,,2015.0,F1marg,0.01829329501434003,0.0
wsob,SGP,,2015.0,F1marg,0.006145022531749283,0.0
wsob,SLV,,2015.0,F1marg,0.20755256764632124,0.0
wsob,SUR,,2015.0,F1marg,0.000145985401459854,0.0
wsob,THA,,2015.0,F1marg,0.04593830020729179,0.0
wsob,TUN,,2015.0,F1marg,0.022629629629629635,0.0
wsob,TWN,,2015.0,F1marg,1.3412226106921732,0.0
wsob,TZA,,2015.0,F1marg,0.010230414746543778,0.0
wsob,UKR,,2015.0,F1marg,0.04240574793479161,0.0
wsob,URY,,2015.0,F1marg,4.49,0.0
wsob,EUROPE_POOL,,2016.0,F1,25.393529173571537,0.0
wsob,AFG,,2016.0,F1,0.024,0.0
wsob,AZE,,2016.0,F1,0.01636057534608109,0.0
wsob,BGD,,2016.0,F1,0.18793220338983052,0.0
wsob,BLR,,2016.0,F1,0.0053379601689800835,0.0
wsob,BRA,,2016.0,F1,19.352757664764614,0.0
wsob,BRB,,2016.0,F1,0.0016993840211526627,0.0
wsob,CAN,,2016.0,F1,11.637065955188671,0.0
wsob,CHL,,2016.0,F1,0.4226205597512269,0.0
wsob,CIV,,2016.0,F1,0.059943665177432645,0.0
wsob,CMR,,2016.0,F1,0.018999120879120816,0.0018800000000000622
wsob,DOM,,2016.0,F1,0.07001088434131393,0.0
wsob,ECU,,2016.0,F1,0.0548364185007293,0.0
wsob,EGY,,2016.0,F1,0.38550692950131304,0.0
wsob,ETH,no fossil; regional (Africa) mix used for 0.77 TWh,2016.0,F1,,
wsob,ETH,,2016.0,F1,0.43805685185319465,0.24440000000000017
wsob,FRO,no fossil; regional (Europe) mix used for 0.04 TWh,2016.0,F1,,
wsob,FRO,,2016.0,F1,0.03853803009745413,0.0
wsob,GEO,,2016.0,F1,8.928571428571429e-05,0.0
wsob,GTM,,2016.0,F1,1.7790596670935457,0.0
wsob,GUF,,2016.0,F1,0.05,0.0
wsob,GUM,no fossil; regional (Oceania) mix used for 0.07 TWh,2016.0,F1,,
wsob,GUM,,2016.0,F1,0.06742312079233921,0.0
wsob,HND,,2016.0,F1,0.42872411423275764,1.591120054358506
wsob,IRN,,2016.0,F1,0.015449756801597875,0.0
wsob,IRQ,,2016.0,F1,0.04281304084707559,0.0
wsob,ISL,no fossil; regional (Europe) mix used for 3.42 TWh,2016.0,F1,,
wsob,ISL,,2016.0,F1,0.5057215733323286,2.7892799999999998
wsob,ISR,,2016.0,F1,0.00853927423059256,0.0
wsob,JOR,,2016.0,F1,0.09257467751422961,0.0
wsob,JPN,,2016.0,F1,18.747984797693256,0.0
wsob,KAZ,,2016.0,F1,0.008493647912885661,0.0
wsob,KEN,,2016.0,F1,0.0,1.1682400000000008
wsob,KOR,,2016.0,F1,9.099671270283043,0.0
wsob,LBN,,2016.0,F1,0.05,0.0
wsob,LKA,,2016.0,F1,0.19584228580666554,0.0
wsob,MAR,,2016.0,F1,1.6220992862684223,0.0
wsob,MDA,,2016.0,F1,3.5650623885918004e-05,0.0
wsob,MMR,,2016.0,F1,0.0019139047391204499,0.0
wsob,MNG,,2016.0,F1,0.005608856088560885,0.0
wsob,MUS,,2016.0,F1,0.009135742501827138,0.0
wsob,MYS,,2016.0,F1,0.24485098849218062,0.0
wsob,NER,,2016.0,F1,0.0031884057971014496,0.0
wsob,NIC,,2016.0,F1,0.0,1.38
wsob,NPL,no fossil; regional (Asia) mix used for 0.03 TWh,2016.0,F1,,
wsob,NPL,,2016.0,F1,0.02928404964649279,0.0
wsob,NZL,,2016.0,F1,1.879400401302592,0.0
wsob,PAK,,2016.0,F1,1.1824250598494002,0.0
wsob,PER,,2016.0,F1,0.05837172979304961,0.0
wsob,PRI,,2016.0,F1,0.07793769370121259,0.0
wsob,PRK,,2016.0,F1,0.0033873873873873873,0.0
wsob,PRY,no fossil; regional (Latin America and Caribbean) mix used for 0.17 TWh,2016.0,F1,,
wsob,PRY,,2016.0,F1,0.0,0.16999999999999998
wsob,PSE,no fossil; regional (Middle East) mix used for 0.04 TWh,2016.0,F1,,
wsob,PSE,,2016.0,F1,0.0,0.039999999999999994
wsob,REU,,2016.0,F1,0.1131760824742265,0.0
wsob,RUS,,2016.0,F1,0.013272845289834623,0.0
wsob,SAU,,2016.0,F1,0.023636084002125222,0.0
wsob,SEN,,2016.0,F1,0.019539620994234726,0.0
wsob,SGP,,2016.0,F1,0.0066877641576785,0.0
wsob,SLV,,2016.0,F1,0.34868840671052004,0.0
wsob,SUR,,2016.0,F1,0.000196078431372549,0.0
wsob,THA,,2016.0,F1,0.031928549618320604,0.0
wsob,TUN,,2016.0,F1,0.0011368421052631579,0.0
wsob,TWN,,2016.0,F1,1.4252183424927762,0.0
wsob,UKR,,2016.0,F1,0.055939305420745794,0.0
wsob,URY,,2016.0,F1,4.244219999999999,1.3057800000000013
wsob,BEL,,2016.0,F1nat,0.2091549754268835,0.0
wsob,BGR,,2016.0,F1nat,0.0422109626900046,0.0
wsob,BIH,,2016.0,F1nat,0.0001322314049586777,0.0
wsob,CHE,,2016.0,F1nat,1.183257869340212,0.0
wsob,ESP,,2016.0,F1nat,1.072098745801287,0.0
wsob,EST,,2016.0,F1nat,1.4503402646502834,0.0
wsob,HRV,,2016.0,F1nat,1.4724292452830188,0.0
wsob,ITA,,2016.0,F1nat,0.6623539554580455,0.0
wsob,LTU,,2016.0,F1nat,0.20981637427685507,0.0
wsob,LUX,,2016.0,F1nat,0.052559999999999996,0.16744000000000003
wsob,NOR,,2016.0,F1nat,0.02575615575692682,0.0
wsob,POL,,2016.0,F1nat,1.3016909626407007,0.0
wsob,PRT,,2016.0,F1nat,5.039534818968867,0.0
wsob,SRB,,2016.0,F1nat,0.000327927927927928,0.0
wsob,SVK,,2016.0,F1nat,0.3950473553270279,0.0
wsob,SVN,,2016.0,F1nat,0.0016513761467889913,0.0
wsob,SWE,,2016.0,F1nat,5.6247424231840215,0.15992836572067848
wsob,AFG,,2016.0,F1nat,0.024,0.0
wsob,AZE,,2016.0,F1nat,0.01636057534608109,0.0
wsob,BGD,,2016.0,F1nat,0.18793220338983052,0.0
wsob,BLR,,2016.0,F1nat,0.0053379601689800835,0.0
wsob,BRA,,2016.0,F1nat,19.352757664764614,0.0
wsob,BRB,,2016.0,F1nat,0.0016993840211526627,0.0
wsob,CAN,,2016.0,F1nat,11.637065955188671,0.0
wsob,CHL,,2016.0,F1nat,0.4226205597512269,0.0
wsob,CIV,,2016.0,F1nat,0.059943665177432645,0.0
wsob,CMR,,2016.0,F1nat,0.018999120879120816,0.0018800000000000622
wsob,DOM,,2016.0,F1nat,0.07001088434131393,0.0
wsob,ECU,,2016.0,F1nat,0.0548364185007293,0.0
wsob,EGY,,2016.0,F1nat,0.38550692950131304,0.0
wsob,ETH,no fossil; regional (Africa) mix used for 0.77 TWh,2016.0,F1nat,,
wsob,ETH,,2016.0,F1nat,0.43805685185319465,0.24440000000000017
wsob,FRO,no fossil; regional (Europe) mix used for 0.04 TWh,2016.0,F1nat,,
wsob,FRO,,2016.0,F1nat,0.03853803009745413,0.0
wsob,GEO,,2016.0,F1nat,8.928571428571429e-05,0.0
wsob,GTM,,2016.0,F1nat,1.7790596670935457,0.0
wsob,GUF,,2016.0,F1nat,0.05,0.0
wsob,GUM,no fossil; regional (Oceania) mix used for 0.07 TWh,2016.0,F1nat,,
wsob,GUM,,2016.0,F1nat,0.06742312079233921,0.0
wsob,HND,,2016.0,F1nat,0.42872411423275764,1.591120054358506
wsob,IRN,,2016.0,F1nat,0.015449756801597875,0.0
wsob,IRQ,,2016.0,F1nat,0.04281304084707559,0.0
wsob,ISL,no fossil; regional (Europe) mix used for 3.42 TWh,2016.0,F1nat,,
wsob,ISL,,2016.0,F1nat,0.5057215733323286,2.7892799999999998
wsob,ISR,,2016.0,F1nat,0.00853927423059256,0.0
wsob,JOR,,2016.0,F1nat,0.09257467751422961,0.0
wsob,JPN,,2016.0,F1nat,18.747984797693256,0.0
wsob,KAZ,,2016.0,F1nat,0.008493647912885661,0.0
wsob,KEN,,2016.0,F1nat,0.0,1.1682400000000008
wsob,KOR,,2016.0,F1nat,9.099671270283043,0.0
wsob,LBN,,2016.0,F1nat,0.05,0.0
wsob,LKA,,2016.0,F1nat,0.19584228580666554,0.0
wsob,MAR,,2016.0,F1nat,1.6220992862684223,0.0
wsob,MDA,,2016.0,F1nat,3.5650623885918004e-05,0.0
wsob,MMR,,2016.0,F1nat,0.0019139047391204499,0.0
wsob,MNG,,2016.0,F1nat,0.005608856088560885,0.0
wsob,MUS,,2016.0,F1nat,0.009135742501827138,0.0
wsob,MYS,,2016.0,F1nat,0.24485098849218062,0.0
wsob,NER,,2016.0,F1nat,0.0031884057971014496,0.0
wsob,NIC,,2016.0,F1nat,0.0,1.38
wsob,NPL,no fossil; regional (Asia) mix used for 0.03 TWh,2016.0,F1nat,,
wsob,NPL,,2016.0,F1nat,0.02928404964649279,0.0
wsob,NZL,,2016.0,F1nat,1.879400401302592,0.0
wsob,PAK,,2016.0,F1nat,1.1824250598494002,0.0
wsob,PER,,2016.0,F1nat,0.05837172979304961,0.0
wsob,PRI,,2016.0,F1nat,0.07793769370121259,0.0
wsob,PRK,,2016.0,F1nat,0.0033873873873873873,0.0
wsob,PRY,no fossil; regional (Latin America and Caribbean) mix used for 0.17 TWh,2016.0,F1nat,,
wsob,PRY,,2016.0,F1nat,0.0,0.16999999999999998
wsob,PSE,no fossil; regional (Middle East) mix used for 0.04 TWh,2016.0,F1nat,,
wsob,PSE,,2016.0,F1nat,0.0,0.039999999999999994
wsob,REU,,2016.0,F1nat,0.1131760824742265,0.0
wsob,RUS,,2016.0,F1nat,0.013272845289834623,0.0
wsob,SAU,,2016.0,F1nat,0.023636084002125222,0.0
wsob,SEN,,2016.0,F1nat,0.019539620994234726,0.0
wsob,SGP,,2016.0,F1nat,0.0066877641576785,0.0
wsob,SLV,,2016.0,F1nat,0.34868840671052004,0.0
wsob,SUR,,2016.0,F1nat,0.000196078431372549,0.0
wsob,THA,,2016.0,F1nat,0.031928549618320604,0.0
wsob,TUN,,2016.0,F1nat,0.0011368421052631579,0.0
wsob,TWN,,2016.0,F1nat,1.4252183424927762,0.0
wsob,UKR,,2016.0,F1nat,0.055939305420745794,0.0
wsob,URY,,2016.0,F1nat,4.244219999999999,1.3057800000000013
wsob,ETH,no fossil; regional (Africa) mix used for 0.77 TWh,2016.0,F1nocap,,
wsob,FRO,no fossil; regional (Europe) mix used for 0.04 TWh,2016.0,F1nocap,,
wsob,GUM,no fossil; regional (Oceania) mix used for 0.07 TWh,2016.0,F1nocap,,
wsob,ISL,no fossil; regional (Europe) mix used for 3.42 TWh,2016.0,F1nocap,,
wsob,NPL,no fossil; regional (Asia) mix used for 0.03 TWh,2016.0,F1nocap,,
wsob,PRY,no fossil; regional (Latin America and Caribbean) mix used for 0.17 TWh,2016.0,F1nocap,,
wsob,PSE,no fossil; regional (Middle East) mix used for 0.04 TWh,2016.0,F1nocap,,
wsob,EUROPE_POOL,,2016.0,F1marg,22.56426547024404,0.0
wsob,AFG,,2016.0,F1marg,0.024,0.0
wsob,AZE,,2016.0,F1marg,0.01636057534608109,0.0
wsob,BGD,,2016.0,F1marg,0.18793220338983052,0.0
wsob,BLR,,2016.0,F1marg,0.0053379601689800835,0.0
wsob,BRA,,2016.0,F1marg,19.352757664764614,0.0
wsob,BRB,,2016.0,F1marg,0.0016993840211526627,0.0
wsob,CAN,,2016.0,F1marg,9.540359479156221,0.0
wsob,CHL,,2016.0,F1marg,0.4226205597512269,0.0
wsob,CIV,,2016.0,F1marg,0.059943665177432645,0.0
wsob,CMR,,2016.0,F1marg,0.018999120879120816,0.0018800000000000622
wsob,DOM,,2016.0,F1marg,0.07001088434131393,0.0
wsob,ECU,,2016.0,F1marg,0.0548364185007293,0.0
wsob,EGY,,2016.0,F1marg,0.38550692950131304,0.0
wsob,ETH,no fossil; regional (Africa) mix used for 0.77 TWh,2016.0,F1marg,,
wsob,ETH,,2016.0,F1marg,0.43805685185319465,0.24440000000000017
wsob,FRO,no fossil; regional (Europe) mix used for 0.04 TWh,2016.0,F1marg,,
wsob,FRO,,2016.0,F1marg,0.03853803009745413,0.0
wsob,GEO,,2016.0,F1marg,8.928571428571429e-05,0.0
wsob,GTM,,2016.0,F1marg,1.7790596670935457,0.0
wsob,GUF,,2016.0,F1marg,0.05,0.0
wsob,GUM,no fossil; regional (Oceania) mix used for 0.07 TWh,2016.0,F1marg,,
wsob,GUM,,2016.0,F1marg,0.06742312079233921,0.0
wsob,HND,,2016.0,F1marg,0.42872411423275764,1.591120054358506
wsob,IRN,,2016.0,F1marg,0.015449756801597875,0.0
wsob,IRQ,,2016.0,F1marg,0.04281304084707559,0.0
wsob,ISL,no fossil; regional (Europe) mix used for 3.42 TWh,2016.0,F1marg,,
wsob,ISL,,2016.0,F1marg,0.5057215733323286,2.7892799999999998
wsob,ISR,,2016.0,F1marg,0.00853927423059256,0.0
wsob,JOR,,2016.0,F1marg,0.09257467751422961,0.0
wsob,JPN,,2016.0,F1marg,18.747984797693256,0.0
wsob,KAZ,,2016.0,F1marg,0.008493647912885661,0.0
wsob,KEN,,2016.0,F1marg,0.0,1.1682400000000008
wsob,KOR,,2016.0,F1marg,9.099671270283043,0.0
wsob,LBN,,2016.0,F1marg,0.05,0.0
wsob,LKA,,2016.0,F1marg,0.19584228580666554,0.0
wsob,MAR,,2016.0,F1marg,1.6220992862684223,0.0
wsob,MDA,,2016.0,F1marg,3.5650623885918004e-05,0.0
wsob,MMR,,2016.0,F1marg,0.0019139047391204499,0.0
wsob,MNG,,2016.0,F1marg,0.005608856088560885,0.0
wsob,MUS,,2016.0,F1marg,0.009135742501827138,0.0
wsob,MYS,,2016.0,F1marg,0.24485098849218062,0.0
wsob,NER,,2016.0,F1marg,0.0031884057971014496,0.0
wsob,NIC,,2016.0,F1marg,0.0,1.38
wsob,NPL,no fossil; regional (Asia) mix used for 0.03 TWh,2016.0,F1marg,,
wsob,NPL,,2016.0,F1marg,0.02928404964649279,0.0
wsob,NZL,,2016.0,F1marg,1.8930959984986713,0.0
wsob,PAK,,2016.0,F1marg,1.1824250598494002,0.0
wsob,PER,,2016.0,F1marg,0.05837172979304961,0.0
wsob,PRI,,2016.0,F1marg,0.07793769370121259,0.0
wsob,PRK,,2016.0,F1marg,0.0033873873873873873,0.0
wsob,PRY,no fossil; regional (Latin America and Caribbean) mix used for 0.17 TWh,2016.0,F1marg,,
wsob,PRY,,2016.0,F1marg,0.0,0.16999999999999998
wsob,PSE,no fossil; regional (Middle East) mix used for 0.04 TWh,2016.0,F1marg,,
wsob,PSE,,2016.0,F1marg,0.0,0.039999999999999994
wsob,REU,,2016.0,F1marg,0.1131760824742265,0.0
wsob,RUS,,2016.0,F1marg,0.013272845289834623,0.0
wsob,SAU,,2016.0,F1marg,0.023636084002125222,0.0
wsob,SEN,,2016.0,F1marg,0.019539620994234726,0.0
wsob,SGP,,2016.0,F1marg,0.0066877641576785,0.0
wsob,SLV,,2016.0,F1marg,0.34868840671052004,0.0
wsob,SUR,,2016.0,F1marg,0.000196078431372549,0.0
wsob,THA,,2016.0,F1marg,0.031928549618320604,0.0
wsob,TUN,,2016.0,F1marg,0.0011368421052631579,0.0
wsob,TWN,,2016.0,F1marg,1.4252183424927762,0.0
wsob,UKR,,2016.0,F1marg,0.055939305420745794,0.0
wsob,URY,,2016.0,F1marg,4.244219999999999,1.3057800000000013
wsob,EUROPE_POOL,,2017.0,F1,31.85984481663357,0.0
wsob,AFG,,2017.0,F1,0.02588235294117647,0.0
wsob,ATG,,2017.0,F1,0.0,0.01
wsob,AZE,,2017.0,F1,0.008509755742433492,0.0
wsob,BLR,,2017.0,F1,0.0024785057812036766,0.0
wsob,BRA,,2017.0,F1,33.77623507121435,7.079003933053052
wsob,BRB,,2017.0,F1,0.003743612214267332,0.0
wsob,CAN,,2017.0,F1,10.12710827989703,0.0
wsob,CHL,,2017.0,F1,0.9589518132854637,0.0
wsob,CIV,,2017.0,F1,0.009899623588455825,0.0
wsob,CMR,,2017.0,F1,0.0,0.06
wsob,DOM,,2017.0,F1,0.11946845743314297,0.0
wsob,EGY,,2017.0,F1,0.29056500477062747,0.0
wsob,ETH,no fossil; regional (Africa) mix used for 0.51 TWh,2017.0,F1,,
wsob,ETH,,2017.0,F1,0.45680050061098887,0.0
wsob,FRO,no fossil; regional (Europe) mix used for 0.05 TWh,2017.0,F1,,
wsob,FRO,,2017.0,F1,0.048333722444436414,0.0
wsob,GEO,,2017.0,F1,0.0008071748878923766,0.0
wsob,GTM,,2017.0,F1,1.2797183044522202,0.0
wsob,GUF,,2017.0,F1,0.05,0.0
wsob,GUM,no fossil; regional (Oceania) mix used for 0.06 TWh,2017.0,F1,,
wsob,GUM,,2017.0,F1,0.057897146806660166,0.0
wsob,HND,,2017.0,F1,0.0,1.7479056896927831
wsob,IRN,,2017.0,F1,0.03599358403136695,0.0
wsob,IRQ,,2017.0,F1,0.03660037751476923,0.0
wsob,ISL,no fossil; regional (Europe) mix used for 3.52 TWh,2017.0,F1,,
wsob,ISL,,2017.0,F1,0.5134140600883241,2.889279999999999
wsob,ISR,,2017.0,F1,0.02350722433460076,0.0
wsob,JOR,,2017.0,F1,0.18586765053121726,0.0
wsob,JPN,,2017.0,F1,24.615534499479416,0.0
wsob,KAZ,,2017.0,F1,0.003572365544381286,0.0
wsob,KEN,,2017.0,F1,0.0,2.4582399999999995
wsob,KHM,,2017.0,F1,0.05549222797927416,0.0
wsob,KOR,,2017.0,F1,9.721495584863828,0.0
wsob,LBN,,2017.0,F1,0.06999999999999999,0.0
wsob,LBY,,2017.0,F1,0.0029815119531051543,0.0
wsob,LKA,,2017.0,F1,0.2704681572588047,0.0
wsob,MAR,,2017.0,F1,0.07670488991695545,0.0
wsob,MDA,,2017.0,F1,0.00012903225806451616,0.0
wsob,MMR,,2017.0,F1,0.043706720977596744,0.0
wsob,MNG,,2017.0,F1,0.00823529411764706,0.0
wsob,MOZ,,2017.0,F1,0.023172244008935073,0.0
wsob,MUS,,2017.0,F1,0.02493799112349808,0.0
wsob,MWI,no fossil; regional (Africa) mix used for 0.03 TWh,2017.0,F1,,
wsob,MWI,,2017.0,F1,0.026870617682999347,0.0
wsob,NER,,2017.0,F1,0.003818181818181818,0.0
wsob,NIC,,2017.0,F1,0.0,0.8323284668886788
wsob,NPL,no fossil; regional (Asia) mix used for 0.09 TWh,2017.0,F1,,
wsob,NPL,,2017.0,F1,0.08828221521976672,0.0
wsob,NZL,,2017.0,F1,2.9312684548969017,0.0
wsob,OMN,,2017.0,F1,0.0005456691193311409,0.0
wsob,PAK,,2017.0,F1,1.0921280839119032,0.0
wsob,PRI,,2017.0,F1,0.0653547818366772,0.0
wsob,PRK,,2017.0,F1,0.003362068965517242,0.0
wsob,PRY,no fossil; regional (Latin America and Caribbean) mix used for 0.14 TWh,2017.0,F1,,
wsob,PRY,,2017.0,F1,0.0,0.14
wsob,PSE,no fossil; regional (Middle East) mix used for 0.05 TWh,2017.0,F1,,
wsob,PSE,,2017.0,F1,0.0,0.05
wsob,REU,,2017.0,F1,0.10665980198019773,0.0
wsob,RUS,,2017.0,F1,0.012012199466985904,0.0
wsob,SAU,,2017.0,F1,0.0291714497910542,0.0
wsob,SEN,,2017.0,F1,0.11828162291169451,0.0
wsob,SGP,,2017.0,F1,0.007366555052196179,0.0
wsob,SUR,,2017.0,F1,0.00022988505747126436,0.0
wsob,THA,,2017.0,F1,0.027475493316358998,0.0
wsob,TUN,,2017.0,F1,0.002036719932413928,0.0
wsob,TWN,,2017.0,F1,1.829559035613614,0.0
wsob,UKR,,2017.0,F1,0.07540074669799492,0.0
wsob,URY,,2017.0,F1,4.6585909090909094,0.7850200000000003
wsob,UZB,,2017.0,F1,3.0245746691871463e-05,0.0
wsob,BGR,,2017.0,F1nat,0.044170984455958545,0.0
wsob,BIH,,2017.0,F1nat,0.0001932367149758454,0.0
wsob,CHE,,2017.0,F1nat,1.4678733354115667,0.0
wsob,DEU,,2017.0,F1nat,12.108525626808884,0.0
wsob,EST,,2017.0,F1nat,1.4944210619469025,0.23634000000000022
wsob,HRV,,2017.0,F1nat,1.1894838709677418,0.0
wsob,LTU,,2017.0,F1nat,0.26059140617434023,0.0
wsob,LUX,,2017.0,F1nat,0.052559999999999996,0.33744
wsob,NLD,,2017.0,F1nat,1.4015189676612545,0.0
wsob,NOR,,2017.0,F1nat,0.04208102266803346,0.0
wsob,POL,,2017.0,F1nat,0.2302050312146427,0.0
wsob,PRT,,2017.0,F1nat,5.589676118395117,0.0
wsob,SRB,,2017.0,F1nat,0.000721915285451197,0.0
wsob,SVK,,2017.0,F1nat,0.33421404582601116,0.0
wsob,SVN,,2017.0,F1nat,0.0017293233082706768,0.0
wsob,SWE,,2017.0,F1nat,5.0881918293604915,2.592731257752976
wsob,AFG,,2017.0,F1nat,0.02588235294117647,0.0
wsob,ATG,,2017.0,F1nat,0.0,0.01
wsob,AZE,,2017.0,F1nat,0.008509755742433492,0.0
wsob,BLR,,2017.0,F1nat,0.0024785057812036766,0.0
wsob,BRA,,2017.0,F1nat,33.77623507121435,7.079003933053052
wsob,BRB,,2017.0,F1nat,0.003743612214267332,0.0
wsob,CAN,,2017.0,F1nat,10.12710827989703,0.0
wsob,CHL,,2017.0,F1nat,0.9589518132854637,0.0
wsob,CIV,,2017.0,F1nat,0.009899623588455825,0.0
wsob,CMR,,2017.0,F1nat,0.0,0.06
wsob,DOM,,2017.0,F1nat,0.11946845743314297,0.0
wsob,EGY,,2017.0,F1nat,0.29056500477062747,0.0
wsob,ETH,no fossil; regional (Africa) mix used for 0.51 TWh,2017.0,F1nat,,
wsob,ETH,,2017.0,F1nat,0.45680050061098887,0.0
wsob,FRO,no fossil; regional (Europe) mix used for 0.05 TWh,2017.0,F1nat,,
wsob,FRO,,2017.0,F1nat,0.048333722444436414,0.0
wsob,GEO,,2017.0,F1nat,0.0008071748878923766,0.0
wsob,GTM,,2017.0,F1nat,1.2797183044522202,0.0
wsob,GUF,,2017.0,F1nat,0.05,0.0
wsob,GUM,no fossil; regional (Oceania) mix used for 0.06 TWh,2017.0,F1nat,,
wsob,GUM,,2017.0,F1nat,0.057897146806660166,0.0
wsob,HND,,2017.0,F1nat,0.0,1.7479056896927831
wsob,IRN,,2017.0,F1nat,0.03599358403136695,0.0
wsob,IRQ,,2017.0,F1nat,0.03660037751476923,0.0
wsob,ISL,no fossil; regional (Europe) mix used for 3.52 TWh,2017.0,F1nat,,
wsob,ISL,,2017.0,F1nat,0.5134140600883241,2.889279999999999
wsob,ISR,,2017.0,F1nat,0.02350722433460076,0.0
wsob,JOR,,2017.0,F1nat,0.18586765053121726,0.0
wsob,JPN,,2017.0,F1nat,24.615534499479416,0.0
wsob,KAZ,,2017.0,F1nat,0.003572365544381286,0.0
wsob,KEN,,2017.0,F1nat,0.0,2.4582399999999995
wsob,KHM,,2017.0,F1nat,0.05549222797927416,0.0
wsob,KOR,,2017.0,F1nat,9.721495584863828,0.0
wsob,LBN,,2017.0,F1nat,0.06999999999999999,0.0
wsob,LBY,,2017.0,F1nat,0.0029815119531051543,0.0
wsob,LKA,,2017.0,F1nat,0.2704681572588047,0.0
wsob,MAR,,2017.0,F1nat,0.07670488991695545,0.0
wsob,MDA,,2017.0,F1nat,0.00012903225806451616,0.0
wsob,MMR,,2017.0,F1nat,0.043706720977596744,0.0
wsob,MNG,,2017.0,F1nat,0.00823529411764706,0.0
wsob,MOZ,,2017.0,F1nat,0.023172244008935073,0.0
wsob,MUS,,2017.0,F1nat,0.02493799112349808,0.0
wsob,MWI,no fossil; regional (Africa) mix used for 0.03 TWh,2017.0,F1nat,,
wsob,MWI,,2017.0,F1nat,0.026870617682999347,0.0
wsob,NER,,2017.0,F1nat,0.003818181818181818,0.0
wsob,NIC,,2017.0,F1nat,0.0,0.8323284668886788
wsob,NPL,no fossil; regional (Asia) mix used for 0.09 TWh,2017.0,F1nat,,
wsob,NPL,,2017.0,F1nat,0.08828221521976672,0.0
wsob,NZL,,2017.0,F1nat,2.9312684548969017,0.0
wsob,OMN,,2017.0,F1nat,0.0005456691193311409,0.0
wsob,PAK,,2017.0,F1nat,1.0921280839119032,0.0
wsob,PRI,,2017.0,F1nat,0.0653547818366772,0.0
wsob,PRK,,2017.0,F1nat,0.003362068965517242,0.0
wsob,PRY,no fossil; regional (Latin America and Caribbean) mix used for 0.14 TWh,2017.0,F1nat,,
wsob,PRY,,2017.0,F1nat,0.0,0.14
wsob,PSE,no fossil; regional (Middle East) mix used for 0.05 TWh,2017.0,F1nat,,
wsob,PSE,,2017.0,F1nat,0.0,0.05
wsob,REU,,2017.0,F1nat,0.10665980198019773,0.0
wsob,RUS,,2017.0,F1nat,0.012012199466985904,0.0
wsob,SAU,,2017.0,F1nat,0.0291714497910542,0.0
wsob,SEN,,2017.0,F1nat,0.11828162291169451,0.0
wsob,SGP,,2017.0,F1nat,0.007366555052196179,0.0
wsob,SUR,,2017.0,F1nat,0.00022988505747126436,0.0
wsob,THA,,2017.0,F1nat,0.027475493316358998,0.0
wsob,TUN,,2017.0,F1nat,0.002036719932413928,0.0
wsob,TWN,,2017.0,F1nat,1.829559035613614,0.0
wsob,UKR,,2017.0,F1nat,0.07540074669799492,0.0
wsob,URY,,2017.0,F1nat,4.6585909090909094,0.7850200000000003
wsob,UZB,,2017.0,F1nat,3.0245746691871463e-05,0.0
wsob,ETH,no fossil; regional (Africa) mix used for 0.51 TWh,2017.0,F1nocap,,
wsob,FRO,no fossil; regional (Europe) mix used for 0.05 TWh,2017.0,F1nocap,,
wsob,GUM,no fossil; regional (Oceania) mix used for 0.06 TWh,2017.0,F1nocap,,
wsob,ISL,no fossil; regional (Europe) mix used for 3.52 TWh,2017.0,F1nocap,,
wsob,MWI,no fossil; regional (Africa) mix used for 0.03 TWh,2017.0,F1nocap,,
wsob,NPL,no fossil; regional (Asia) mix used for 0.09 TWh,2017.0,F1nocap,,
wsob,PRY,no fossil; regional (Latin America and Caribbean) mix used for 0.14 TWh,2017.0,F1nocap,,
wsob,PSE,no fossil; regional (Middle East) mix used for 0.05 TWh,2017.0,F1nocap,,
wsob,EUROPE_POOL,,2017.0,F1marg,28.45318351624182,0.0
wsob,AFG,,2017.0,F1marg,0.02588235294117647,0.0
wsob,ATG,,2017.0,F1marg,0.0,0.01
wsob,AZE,,2017.0,F1marg,0.008509755742433492,0.0
wsob,BLR,,2017.0,F1marg,0.0024785057812036766,0.0
wsob,BRA,,2017.0,F1marg,33.77623507121435,7.079003933053052
wsob,BRB,,2017.0,F1marg,0.003743612214267332,0.0
wsob,CAN,,2017.0,F1marg,7.974951384484164,0.0
wsob,CHL,,2017.0,F1marg,0.9589518132854637,0.0
wsob,CIV,,2017.0,F1marg,0.009899623588455825,0.0
wsob,CMR,,2017.0,F1marg,0.0,0.06
wsob,DOM,,2017.0,F1marg,0.11946845743314297,0.0
wsob,EGY,,2017.0,F1marg,0.29056500477062747,0.0
wsob,ETH,no fossil; regional (Africa) mix used for 0.51 TWh,2017.0,F1marg,,
wsob,ETH,,2017.0,F1marg,0.45680050061098887,0.0
wsob,FRO,no fossil; regional (Europe) mix used for 0.05 TWh,2017.0,F1marg,,
wsob,FRO,,2017.0,F1marg,0.048333722444436414,0.0
wsob,GEO,,2017.0,F1marg,0.0008071748878923766,0.0
wsob,GTM,,2017.0,F1marg,1.2797183044522202,0.0
wsob,GUF,,2017.0,F1marg,0.05,0.0
wsob,GUM,no fossil; regional (Oceania) mix used for 0.06 TWh,2017.0,F1marg,,
wsob,GUM,,2017.0,F1marg,0.057897146806660166,0.0
wsob,HND,,2017.0,F1marg,0.0,1.7479056896927831
wsob,IRN,,2017.0,F1marg,0.03599358403136695,0.0
wsob,IRQ,,2017.0,F1marg,0.03660037751476923,0.0
wsob,ISL,no fossil; regional (Europe) mix used for 3.52 TWh,2017.0,F1marg,,
wsob,ISL,,2017.0,F1marg,0.5134140600883241,2.889279999999999
wsob,ISR,,2017.0,F1marg,0.02350722433460076,0.0
wsob,JOR,,2017.0,F1marg,0.18586765053121726,0.0
wsob,JPN,,2017.0,F1marg,24.615534499479416,0.0
wsob,KAZ,,2017.0,F1marg,0.003572365544381286,0.0
wsob,KEN,,2017.0,F1marg,0.0,2.4582399999999995
wsob,KHM,,2017.0,F1marg,0.05549222797927416,0.0
wsob,KOR,,2017.0,F1marg,9.721495584863828,0.0
wsob,LBN,,2017.0,F1marg,0.06999999999999999,0.0
wsob,LBY,,2017.0,F1marg,0.0029815119531051543,0.0
wsob,LKA,,2017.0,F1marg,0.2704681572588047,0.0
wsob,MAR,,2017.0,F1marg,0.07670488991695545,0.0
wsob,MDA,,2017.0,F1marg,0.00012903225806451616,0.0
wsob,MMR,,2017.0,F1marg,0.043706720977596744,0.0
wsob,MNG,,2017.0,F1marg,0.00823529411764706,0.0
wsob,MOZ,,2017.0,F1marg,0.023172244008935073,0.0
wsob,MUS,,2017.0,F1marg,0.02493799112349808,0.0
wsob,MWI,no fossil; regional (Africa) mix used for 0.03 TWh,2017.0,F1marg,,
wsob,MWI,,2017.0,F1marg,0.026870617682999347,0.0
wsob,NER,,2017.0,F1marg,0.003818181818181818,0.0
wsob,NIC,,2017.0,F1marg,0.0,0.8323284668886788
wsob,NPL,no fossil; regional (Asia) mix used for 0.09 TWh,2017.0,F1marg,,
wsob,NPL,,2017.0,F1marg,0.08828221521976672,0.0
wsob,NZL,,2017.0,F1marg,2.9512592605336523,0.0
wsob,OMN,,2017.0,F1marg,0.0005456691193311409,0.0
wsob,PAK,,2017.0,F1marg,1.0921280839119032,0.0
wsob,PRI,,2017.0,F1marg,0.0653547818366772,0.0
wsob,PRK,,2017.0,F1marg,0.003362068965517242,0.0
wsob,PRY,no fossil; regional (Latin America and Caribbean) mix used for 0.14 TWh,2017.0,F1marg,,
wsob,PRY,,2017.0,F1marg,0.0,0.14
wsob,PSE,no fossil; regional (Middle East) mix used for 0.05 TWh,2017.0,F1marg,,
wsob,PSE,,2017.0,F1marg,0.0,0.05
wsob,REU,,2017.0,F1marg,0.10665980198019773,0.0
wsob,RUS,,2017.0,F1marg,0.012012199466985904,0.0
wsob,SAU,,2017.0,F1marg,0.0291714497910542,0.0
wsob,SEN,,2017.0,F1marg,0.11828162291169451,0.0
wsob,SGP,,2017.0,F1marg,0.007366555052196179,0.0
wsob,SUR,,2017.0,F1marg,0.00022988505747126436,0.0
wsob,THA,,2017.0,F1marg,0.027475493316358998,0.0
wsob,TUN,,2017.0,F1marg,0.002036719932413928,0.0
wsob,TWN,,2017.0,F1marg,1.829559035613614,0.0
wsob,UKR,,2017.0,F1marg,0.07540074669799492,0.0
wsob,URY,,2017.0,F1marg,4.6585909090909094,0.7850200000000003
wsob,UZB,,2017.0,F1marg,3.0245746691871463e-05,0.0
wsob,EUROPE_POOL,,2018.0,F1,24.435887542377795,0.0
wsob,AFG,,2018.0,F1,0.024,0.0
wsob,ATG,,2018.0,F1,0.0,0.01
wsob,AUS,,2018.0,F1,0.5013282839175908,0.0
wsob,AZE,,2018.0,F1,0.0004314063848144953,0.0
wsob,BLR,,2018.0,F1,0.0037218438973284445,0.0
wsob,BRA,,2018.0,F1,26.30245396825007,10.333236487727923
wsob,BRB,,2018.0,F1,0.0036736634405447645,0.0
wsob,CAN,,2018.0,F1,2.954187847863505,0.0
wsob,CHL,,2018.0,F1,2.5130734026208827,0.0
wsob,CMR,,2018.0,F1,0.0,0.06
wsob,DOM,,2018.0,F1,0.11862850906224827,0.0
wsob,EGY,,2018.0,F1,0.16565760872311608,0.0
wsob,ETH,no fossil; regional (Africa) mix used for 0.52 TWh,2018.0,F1,,
wsob,ETH,,2018.0,F1,0.43154826455778206,0.04696
wsob,FRO,no fossil; regional (Europe) mix used for 0.05 TWh,2018.0,F1,,
wsob,FRO,,2018.0,F1,0.04842167864732444,0.0
wsob,GEO,,2018.0,F1,0.00037914691943127966,0.0
wsob,GTM,,2018.0,F1,2.1367483296213807,0.0
wsob,GUF,,2018.0,F1,0.05,0.0
wsob,GUM,no fossil; regional (Oceania) mix used for 0.07 TWh,2018.0,F1,,
wsob,GUM,,2018.0,F1,0.06743059566457903,0.0
wsob,HND,,2018.0,F1,0.0,2.151434653727277
wsob,IRN,,2018.0,F1,0.08849336455893832,0.0
wsob,IRQ,,2018.0,F1,0.007577167719881945,0.0
wsob,ISL,no fossil; regional (Europe) mix used for 4.35 TWh,2018.0,F1,,
wsob,ISL,,2018.0,F1,0.4934060423172258,3.71928
wsob,ISR,,2018.0,F1,0.013926124515936849,0.0
wsob,JOR,,2018.0,F1,0.14807248764415154,0.0
wsob,JPN,,2018.0,F1,29.807877119724857,0.0
wsob,KAZ,,2018.0,F1,0.004014734875998755,0.0
wsob,KEN,,2018.0,F1,0.0,2.1082400000000003
wsob,KOR,,2018.0,F1,8.661507358665459,0.0
wsob,LBN,,2018.0,F1,0.13,0.0
wsob,LBY,,2018.0,F1,0.003280936834805481,0.0
wsob,LKA,,2018.0,F1,0.23280791127746048,0.0
wsob,MDA,,2018.0,F1,9.881422924901188e-05,0.0
wsob,MMR,,2018.0,F1,0.05727290516982198,0.0
wsob,MNG,,2018.0,F1,0.0,0.0930399999999999
wsob,MOZ,,2018.0,F1,0.008678581684037198,0.0
wsob,MYS,,2018.0,F1,0.7551353061081044,0.0
wsob,NER,,2018.0,F1,0.003653846153846154,0.0
wsob,NIC,,2018.0,F1,0.0,1.0296609446673899
wsob,NPL,no fossil; regional (Asia) mix used for 0.09 TWh,2018.0,F1,,
wsob,NPL,,2018.0,F1,0.08867862757465952,0.0
wsob,NZL,,2018.0,F1,1.0922839647859266,0.0
wsob,OMN,,2018.0,F1,0.001418284741875434,0.0
wsob,PRI,,2018.0,F1,0.08585410790958359,0.0
wsob,PRK,,2018.0,F1,0.0038181818181818187,0.0
wsob,PRY,no fossil; regional (Latin America and Caribbean) mix used for 0.13 TWh,2018.0,F1,,
wsob,PRY,,2018.0,F1,0.0,0.13
wsob,PSE,no fossil; regional (Middle East) mix used for 0.06 TWh,2018.0,F1,,
wsob,PSE,,2018.0,F1,0.0,0.06
wsob,RUS,,2018.0,F1,0.015509184546947134,0.0
wsob,RWA,,2018.0,F1,0.0007437383733110339,0.0
wsob,SAU,,2018.0,F1,0.061957811164664714,0.0
wsob,SEN,,2018.0,F1,0.2872641509433962,0.0
wsob,SGP,,2018.0,F1,0.0071120814045585136,0.0
wsob,SUR,,2018.0,F1,0.00044943820224719103,0.0
wsob,TGO,,2018.0,F1,0.005384615384615384,0.0
wsob,THA,,2018.0,F1,0.018988439306358382,0.0
wsob,TUN,,2018.0,F1,0.0019115712455825737,0.0
wsob,TUR,,2018.0,F1,0.4503030499356342,0.0
wsob,TWN,,2018.0,F1,2.5172436073010855,0.0
wsob,UGA,,2018.0,F1,0.0,0.08440000000000009
wsob,UKR,,2018.0,F1,0.05590093592610379,0.0
wsob,URY,,2018.0,F1,7.36702,0.0
wsob,UZB,,2018.0,F1,8.036338225017471e-05,0.0
wsob,BGR,,2018.0,F1nat,0.05547601904958679,0.0
wsob,BIH,,2018.0,F1nat,0.000830670926517572,0.0
wsob,CHE,,2018.0,F1nat,1.682999403311996,0.0
wsob,DEU,,2018.0,F1nat,13.552098505761009,0.0
wsob,EST,,2018.0,F1nat,0.5833151445086711,0.0
wsob,HRV,,2018.0,F1nat,1.2393048128342246,0.0
wsob,LTU,,2018.0,F1nat,0.3909094978994366,0.0
wsob,LUX,,2018.0,F1nat,0.052559999999999996,0.41744
wsob,LVA,,2018.0,F1nat,0.002376691050035272,0.0
wsob,MNE,,2018.0,F1nat,0.0,0.04000000000000001
wsob,NOR,,2018.0,F1nat,0.056468708832691415,0.0
wsob,POL,,2018.0,F1nat,0.1790860200263178,0.0
wsob,PRT,,2018.0,F1nat,3.8184101574095584,0.0
wsob,SRB,,2018.0,F1nat,0.0015133876600698488,0.0
wsob,SVK,,2018.0,F1nat,0.12267747761835669,0.0
wsob,SVN,,2018.0,F1nat,0.0016015625000000006,0.0
wsob,SWE,,2018.0,F1nat,6.65686656358789,0.0
wsob,AFG,,2018.0,F1nat,0.024,0.0
wsob,ATG,,2018.0,F1nat,0.0,0.01
wsob,AUS,,2018.0,F1nat,0.5013282839175908,0.0
wsob,AZE,,2018.0,F1nat,0.0004314063848144953,0.0
wsob,BLR,,2018.0,F1nat,0.0037218438973284445,0.0
wsob,BRA,,2018.0,F1nat,26.30245396825007,10.333236487727923
wsob,BRB,,2018.0,F1nat,0.0036736634405447645,0.0
wsob,CAN,,2018.0,F1nat,2.954187847863505,0.0
wsob,CHL,,2018.0,F1nat,2.5130734026208827,0.0
wsob,CMR,,2018.0,F1nat,0.0,0.06
wsob,DOM,,2018.0,F1nat,0.11862850906224827,0.0
wsob,EGY,,2018.0,F1nat,0.16565760872311608,0.0
wsob,ETH,no fossil; regional (Africa) mix used for 0.52 TWh,2018.0,F1nat,,
wsob,ETH,,2018.0,F1nat,0.43154826455778206,0.04696
wsob,FRO,no fossil; regional (Europe) mix used for 0.05 TWh,2018.0,F1nat,,
wsob,FRO,,2018.0,F1nat,0.04842167864732444,0.0
wsob,GEO,,2018.0,F1nat,0.00037914691943127966,0.0
wsob,GTM,,2018.0,F1nat,2.1367483296213807,0.0
wsob,GUF,,2018.0,F1nat,0.05,0.0
wsob,GUM,no fossil; regional (Oceania) mix used for 0.07 TWh,2018.0,F1nat,,
wsob,GUM,,2018.0,F1nat,0.06743059566457903,0.0
wsob,HND,,2018.0,F1nat,0.0,2.151434653727277
wsob,IRN,,2018.0,F1nat,0.08849336455893832,0.0
wsob,IRQ,,2018.0,F1nat,0.007577167719881945,0.0
wsob,ISL,no fossil; regional (Europe) mix used for 4.35 TWh,2018.0,F1nat,,
wsob,ISL,,2018.0,F1nat,0.4934060423172258,3.71928
wsob,ISR,,2018.0,F1nat,0.013926124515936849,0.0
wsob,JOR,,2018.0,F1nat,0.14807248764415154,0.0
wsob,JPN,,2018.0,F1nat,29.807877119724857,0.0
wsob,KAZ,,2018.0,F1nat,0.004014734875998755,0.0
wsob,KEN,,2018.0,F1nat,0.0,2.1082400000000003
wsob,KOR,,2018.0,F1nat,8.661507358665459,0.0
wsob,LBN,,2018.0,F1nat,0.13,0.0
wsob,LBY,,2018.0,F1nat,0.003280936834805481,0.0
wsob,LKA,,2018.0,F1nat,0.23280791127746048,0.0
wsob,MDA,,2018.0,F1nat,9.881422924901188e-05,0.0
wsob,MMR,,2018.0,F1nat,0.05727290516982198,0.0
wsob,MNG,,2018.0,F1nat,0.0,0.0930399999999999
wsob,MOZ,,2018.0,F1nat,0.008678581684037198,0.0
wsob,MYS,,2018.0,F1nat,0.7551353061081044,0.0
wsob,NER,,2018.0,F1nat,0.003653846153846154,0.0
wsob,NIC,,2018.0,F1nat,0.0,1.0296609446673899
wsob,NPL,no fossil; regional (Asia) mix used for 0.09 TWh,2018.0,F1nat,,
wsob,NPL,,2018.0,F1nat,0.08867862757465952,0.0
wsob,NZL,,2018.0,F1nat,1.0922839647859266,0.0
wsob,OMN,,2018.0,F1nat,0.001418284741875434,0.0
wsob,PRI,,2018.0,F1nat,0.08585410790958359,0.0
wsob,PRK,,2018.0,F1nat,0.0038181818181818187,0.0
wsob,PRY,no fossil; regional (Latin America and Caribbean) mix used for 0.13 TWh,2018.0,F1nat,,
wsob,PRY,,2018.0,F1nat,0.0,0.13
wsob,PSE,no fossil; regional (Middle East) mix used for 0.06 TWh,2018.0,F1nat,,
wsob,PSE,,2018.0,F1nat,0.0,0.06
wsob,RUS,,2018.0,F1nat,0.015509184546947134,0.0
wsob,RWA,,2018.0,F1nat,0.0007437383733110339,0.0
wsob,SAU,,2018.0,F1nat,0.061957811164664714,0.0
wsob,SEN,,2018.0,F1nat,0.2872641509433962,0.0
wsob,SGP,,2018.0,F1nat,0.0071120814045585136,0.0
wsob,SUR,,2018.0,F1nat,0.00044943820224719103,0.0
wsob,TGO,,2018.0,F1nat,0.005384615384615384,0.0
wsob,THA,,2018.0,F1nat,0.018988439306358382,0.0
wsob,TUN,,2018.0,F1nat,0.0019115712455825737,0.0
wsob,TUR,,2018.0,F1nat,0.4503030499356342,0.0
wsob,TWN,,2018.0,F1nat,2.5172436073010855,0.0
wsob,UGA,,2018.0,F1nat,0.0,0.08440000000000009
wsob,UKR,,2018.0,F1nat,0.05590093592610379,0.0
wsob,URY,,2018.0,F1nat,7.36702,0.0
wsob,UZB,,2018.0,F1nat,8.036338225017471e-05,0.0
wsob,ETH,no fossil; regional (Africa) mix used for 0.52 TWh,2018.0,F1nocap,,
wsob,FRO,no fossil; regional (Europe) mix used for 0.05 TWh,2018.0,F1nocap,,
wsob,GUM,no fossil; regional (Oceania) mix used for 0.07 TWh,2018.0,F1nocap,,
wsob,ISL,no fossil; regional (Europe) mix used for 4.35 TWh,2018.0,F1nocap,,
wsob,NPL,no fossil; regional (Asia) mix used for 0.09 TWh,2018.0,F1nocap,,
wsob,PRY,no fossil; regional (Latin America and Caribbean) mix used for 0.13 TWh,2018.0,F1nocap,,
wsob,PSE,no fossil; regional (Middle East) mix used for 0.06 TWh,2018.0,F1nocap,,
wsob,EUROPE_POOL,,2018.0,F1marg,21.046044049801996,0.0
wsob,AFG,,2018.0,F1marg,0.024,0.0
wsob,ATG,,2018.0,F1marg,0.0,0.01
wsob,AZE,,2018.0,F1marg,0.0004314063848144953,0.0
wsob,BLR,,2018.0,F1marg,0.0037218438973284445,0.0
wsob,BRA,,2018.0,F1marg,26.30245396825007,10.333236487727923
wsob,BRB,,2018.0,F1marg,0.0036736634405447645,0.0
wsob,CAN,,2018.0,F1marg,0.2771018332390529,0.0
wsob,CHL,,2018.0,F1marg,2.5130734026208827,0.0
wsob,CMR,,2018.0,F1marg,0.0,0.06
wsob,DOM,,2018.0,F1marg,0.11862850906224827,0.0
wsob,EGY,,2018.0,F1marg,0.16565760872311608,0.0
wsob,ETH,no fossil; regional (Africa) mix used for 0.52 TWh,2018.0,F1marg,,
wsob,ETH,,2018.0,F1marg,0.43154826455778206,0.04696
wsob,FRO,no fossil; regional (Europe) mix used for 0.05 TWh,2018.0,F1marg,,
wsob,FRO,,2018.0,F1marg,0.04842167864732444,0.0
wsob,GEO,,2018.0,F1marg,0.00037914691943127966,0.0
wsob,GTM,,2018.0,F1marg,2.1367483296213807,0.0
wsob,GUF,,2018.0,F1marg,0.05,0.0
wsob,GUM,no fossil; regional (Oceania) mix used for 0.07 TWh,2018.0,F1marg,,
wsob,GUM,,2018.0,F1marg,0.06743059566457903,0.0
wsob,HND,,2018.0,F1marg,0.0,2.151434653727277
wsob,IRN,,2018.0,F1marg,0.08849336455893832,0.0
wsob,IRQ,,2018.0,F1marg,0.007577167719881945,0.0
wsob,ISL,no fossil; regional (Europe) mix used for 4.35 TWh,2018.0,F1marg,,
wsob,ISL,,2018.0,F1marg,0.4934060423172258,3.71928
wsob,ISR,,2018.0,F1marg,0.013926124515936849,0.0
wsob,JOR,,2018.0,F1marg,0.14807248764415154,0.0
wsob,JPN,,2018.0,F1marg,29.807877119724857,0.0
wsob,KAZ,,2018.0,F1marg,0.004014734875998755,0.0
wsob,KEN,,2018.0,F1marg,0.0,2.1082400000000003
wsob,KOR,,2018.0,F1marg,8.661507358665459,0.0
wsob,LBN,,2018.0,F1marg,0.13,0.0
wsob,LBY,,2018.0,F1marg,0.003280936834805481,0.0
wsob,LKA,,2018.0,F1marg,0.23280791127746048,0.0
wsob,MDA,,2018.0,F1marg,9.881422924901188e-05,0.0
wsob,MMR,,2018.0,F1marg,0.05727290516982198,0.0
wsob,MNG,,2018.0,F1marg,0.0,0.0930399999999999
wsob,MOZ,,2018.0,F1marg,0.008678581684037198,0.0
wsob,MYS,,2018.0,F1marg,0.7551353061081044,0.0
wsob,NER,,2018.0,F1marg,0.003653846153846154,0.0
wsob,NIC,,2018.0,F1marg,0.0,1.0296609446673899
wsob,NPL,no fossil; regional (Asia) mix used for 0.09 TWh,2018.0,F1marg,,
wsob,NPL,,2018.0,F1marg,0.08867862757465952,0.0
wsob,NZL,,2018.0,F1marg,1.1148310459427668,0.0
wsob,OMN,,2018.0,F1marg,0.001418284741875434,0.0
wsob,PRI,,2018.0,F1marg,0.08585410790958359,0.0
wsob,PRK,,2018.0,F1marg,0.0038181818181818187,0.0
wsob,PRY,no fossil; regional (Latin America and Caribbean) mix used for 0.13 TWh,2018.0,F1marg,,
wsob,PRY,,2018.0,F1marg,0.0,0.13
wsob,PSE,no fossil; regional (Middle East) mix used for 0.06 TWh,2018.0,F1marg,,
wsob,PSE,,2018.0,F1marg,0.0,0.06
wsob,RUS,,2018.0,F1marg,0.015509184546947134,0.0
wsob,RWA,,2018.0,F1marg,0.0007437383733110339,0.0
wsob,SAU,,2018.0,F1marg,0.061957811164664714,0.0
wsob,SEN,,2018.0,F1marg,0.2872641509433962,0.0
wsob,SGP,,2018.0,F1marg,0.0071120814045585136,0.0
wsob,SUR,,2018.0,F1marg,0.00044943820224719103,0.0
wsob,TGO,,2018.0,F1marg,0.005384615384615384,0.0
wsob,THA,,2018.0,F1marg,0.018988439306358382,0.0
wsob,TUN,,2018.0,F1marg,0.0019115712455825737,0.0
wsob,TWN,,2018.0,F1marg,2.5172436073010855,0.0
wsob,UGA,,2018.0,F1marg,0.0,0.08440000000000009
wsob,UKR,,2018.0,F1marg,0.05590093592610379,0.0
wsob,URY,,2018.0,F1marg,7.36702,0.0
wsob,UZB,,2018.0,F1marg,8.036338225017471e-05,0.0
wsob,EUROPE_POOL,,2019.0,F1,18.352250297555493,0.0
wsob,AFG,,2019.0,F1,0.02666666666666667,0.0
wsob,ATG,,2019.0,F1,0.0,0.01
wsob,AZE,,2019.0,F1,0.0004966887417218544,0.0
wsob,BLR,,2019.0,F1,0.004084221207508878,0.0
wsob,BRA,,2019.0,F1,30.27261342274713,24.012170474173683
wsob,BRB,,2019.0,F1,0.004852661204077466,0.0
wsob,CAN,,2019.0,F1,0.22103999999999324,0.0
wsob,CHL,,2019.0,F1,1.0874018507859127,0.0
wsob,CMR,,2019.0,F1,0.0,0.06
wsob,COG,,2019.0,F1,0.02807829181494662,0.0
wsob,EGY,,2019.0,F1,0.24554516594748477,0.0
wsob,ETH,,2019.0,F1,0.0,0.3183847354508368
wsob,FRO,no fossil; regional (Europe) mix used for 0.04 TWh,2019.0,F1,,
wsob,FRO,,2019.0,F1,0.03882344873116125,0.0
wsob,GTM,,2019.0,F1,2.3440087145969497,0.0
wsob,GUF,,2019.0,F1,0.05,0.0
wsob,GUM,no fossil; regional (Oceania) mix used for 0.08 TWh,2019.0,F1,,
wsob,GUM,,2019.0,F1,0.0770838664488521,0.0
wsob,HND,,2019.0,F1,0.0,3.0542807818138136
wsob,IRN,,2019.0,F1,0.13857261321026823,0.0
wsob,IRQ,,2019.0,F1,0.023822488429077048,0.0
wsob,ISL,no fossil; regional (Europe) mix used for 4.37 TWh,2019.0,F1,,
wsob,ISL,,2019.0,F1,0.5021817738793667,3.7392800000000004
wsob,ISR,,2019.0,F1,0.06069364161849711,0.0
wsob,JOR,,2019.0,F1,0.15227091633466136,0.0
wsob,JPN,,2019.0,F1,34.18173023678262,0.0
wsob,KAZ,,2019.0,F1,0.007149596393751965,0.0
wsob,KEN,,2019.0,F1,0.0,3.148240000000001
wsob,KHM,,2019.0,F1,0.15155437068137337,0.0
wsob,LBN,,2019.0,F1,0.16,0.0
wsob,LBY,,2019.0,F1,0.0031298952471582437,0.0
wsob,LKA,,2019.0,F1,0.4127999999999982,0.0
wsob,MAR,,2019.0,F1,2.1369048718740338,0.0
wsob,MMR,,2019.0,F1,0.09816568047337278,0.0
wsob,MNG,,2019.0,F1,0.0,0.10271999999999915
wsob,MOZ,,2019.0,F1,0.0045035484232469605,0.0
wsob,NER,,2019.0,F1,0.0065978203598601945,0.0
wsob,NIC,,2019.0,F1,0.0,1.1639803829656132
wsob,NPL,no fossil; regional (Asia) mix used for 0.09 TWh,2019.0,F1,,
wsob,NPL,,2019.0,F1,0.08887255666408696,0.0
wsob,NZL,,2019.0,F1,0.5945958841927862,0.0
wsob,OMN,,2019.0,F1,0.0016403527682119672,0.0
wsob,PRI,,2019.0,F1,0.1592291773303916,0.0
wsob,PRK,,2019.0,F1,0.005812500000000001,0.0
wsob,PRY,no fossil; regional (Latin America and Caribbean) mix used for 0.14 TWh,2019.0,F1,,
wsob,PRY,,2019.0,F1,0.11719206614525027,0.0
wsob,PSE,no fossil; regional (Middle East) mix used for 0.12 TWh,2019.0,F1,,
wsob,PSE,,2019.0,F1,0.0,0.12
wsob,REU,,2019.0,F1,0.038782857142857036,0.0
wsob,RUS,,2019.0,F1,0.025298548285293498,0.0
wsob,RWA,,2019.0,F1,0.002527933497558421,0.0
wsob,SAU,,2019.0,F1,0.08798990990687029,0.0
wsob,SEN,,2019.0,F1,0.4111634718903254,0.0
wsob,SGP,,2019.0,F1,0.006792703781113435,0.0
wsob,SLV,,2019.0,F1,0.2768797459995018,0.0
wsob,SUR,,2019.0,F1,0.00037383177570093456,0.0
wsob,TGO,,2019.0,F1,0.009583333333333333,0.0
wsob,THA,,2019.0,F1,0.02503852739022088,0.0
wsob,TUN,,2019.0,F1,0.0015127093943500998,0.0
wsob,TUR,,2019.0,F1,5.889640248195587,0.0
wsob,UKR,,2019.0,F1,0.07032635031388158,0.0
wsob,URY,,2019.0,F1,4.142307223375402,0.0
wsob,UZB,,2019.0,F1,0.00012436503765983533,0.0
wsob,AUT,,2019.0,F1nat,0.8638127853264186,0.0
wsob,BGR,,2019.0,F1nat,0.07418403660396544,0.0
wsob,BIH,,2019.0,F1nat,0.0018404351767905714,0.0
wsob,CHE,,2019.0,F1nat,1.946970899058274,0.0
wsob,DNK,,2019.0,F1nat,1.4281533185933282,0.0
wsob,HRV,,2019.0,F1nat,1.7398381395348832,0.0
wsob,LTU,,2019.0,F1nat,0.17535306784551985,0.0
wsob,LUX,,2019.0,F1nat,0.052559999999999996,0.5174400000000001
wsob,MNE,,2019.0,F1nat,0.0,0.15823999999999996
wsob,NOR,,2019.0,F1nat,0.09120427580044813,0.0
wsob,POL,,2019.0,F1nat,0.6864587154081688,0.0
wsob,SRB,,2019.0,F1nat,0.003984819734345352,0.0
wsob,SVK,,2019.0,F1nat,0.11315118093655656,0.0
wsob,SVN,,2019.0,F1nat,0.0008946322067594432,0.0
wsob,SWE,,2019.0,F1nat,4.733397053854496,3.8587078324305786
wsob,AFG,,2019.0,F1nat,0.02666666666666667,0.0
wsob,ATG,,2019.0,F1nat,0.0,0.01
wsob,AZE,,2019.0,F1nat,0.0004966887417218544,0.0
wsob,BLR,,2019.0,F1nat,0.004084221207508878,0.0
wsob,BRA,,2019.0,F1nat,30.27261342274713,24.012170474173683
wsob,BRB,,2019.0,F1nat,0.004852661204077466,0.0
wsob,CAN,,2019.0,F1nat,0.22103999999999324,0.0
wsob,CHL,,2019.0,F1nat,1.0874018507859127,0.0
wsob,CMR,,2019.0,F1nat,0.0,0.06
wsob,COG,,2019.0,F1nat,0.02807829181494662,0.0
wsob,EGY,,2019.0,F1nat,0.24554516594748477,0.0
wsob,ETH,,2019.0,F1nat,0.0,0.3183847354508368
wsob,FRO,no fossil; regional (Europe) mix used for 0.04 TWh,2019.0,F1nat,,
wsob,FRO,,2019.0,F1nat,0.03882344873116125,0.0
wsob,GTM,,2019.0,F1nat,2.3440087145969497,0.0
wsob,GUF,,2019.0,F1nat,0.05,0.0
wsob,GUM,no fossil; regional (Oceania) mix used for 0.08 TWh,2019.0,F1nat,,
wsob,GUM,,2019.0,F1nat,0.0770838664488521,0.0
wsob,HND,,2019.0,F1nat,0.0,3.0542807818138136
wsob,IRN,,2019.0,F1nat,0.13857261321026823,0.0
wsob,IRQ,,2019.0,F1nat,0.023822488429077048,0.0
wsob,ISL,no fossil; regional (Europe) mix used for 4.37 TWh,2019.0,F1nat,,
wsob,ISL,,2019.0,F1nat,0.5021817738793667,3.7392800000000004
wsob,ISR,,2019.0,F1nat,0.06069364161849711,0.0
wsob,JOR,,2019.0,F1nat,0.15227091633466136,0.0
wsob,JPN,,2019.0,F1nat,34.18173023678262,0.0
wsob,KAZ,,2019.0,F1nat,0.007149596393751965,0.0
wsob,KEN,,2019.0,F1nat,0.0,3.148240000000001
wsob,KHM,,2019.0,F1nat,0.15155437068137337,0.0
wsob,LBN,,2019.0,F1nat,0.16,0.0
wsob,LBY,,2019.0,F1nat,0.0031298952471582437,0.0
wsob,LKA,,2019.0,F1nat,0.4127999999999982,0.0
wsob,MAR,,2019.0,F1nat,2.1369048718740338,0.0
wsob,MMR,,2019.0,F1nat,0.09816568047337278,0.0
wsob,MNG,,2019.0,F1nat,0.0,0.10271999999999915
wsob,MOZ,,2019.0,F1nat,0.0045035484232469605,0.0
wsob,NER,,2019.0,F1nat,0.0065978203598601945,0.0
wsob,NIC,,2019.0,F1nat,0.0,1.1639803829656132
wsob,NPL,no fossil; regional (Asia) mix used for 0.09 TWh,2019.0,F1nat,,
wsob,NPL,,2019.0,F1nat,0.08887255666408696,0.0
wsob,NZL,,2019.0,F1nat,0.5945958841927862,0.0
wsob,OMN,,2019.0,F1nat,0.0016403527682119672,0.0
wsob,PRI,,2019.0,F1nat,0.1592291773303916,0.0
wsob,PRK,,2019.0,F1nat,0.005812500000000001,0.0
wsob,PRY,no fossil; regional (Latin America and Caribbean) mix used for 0.14 TWh,2019.0,F1nat,,
wsob,PRY,,2019.0,F1nat,0.11719206614525027,0.0
wsob,PSE,no fossil; regional (Middle East) mix used for 0.12 TWh,2019.0,F1nat,,
wsob,PSE,,2019.0,F1nat,0.0,0.12
wsob,REU,,2019.0,F1nat,0.038782857142857036,0.0
wsob,RUS,,2019.0,F1nat,0.025298548285293498,0.0
wsob,RWA,,2019.0,F1nat,0.002527933497558421,0.0
wsob,SAU,,2019.0,F1nat,0.08798990990687029,0.0
wsob,SEN,,2019.0,F1nat,0.4111634718903254,0.0
wsob,SGP,,2019.0,F1nat,0.006792703781113435,0.0
wsob,SLV,,2019.0,F1nat,0.2768797459995018,0.0
wsob,SUR,,2019.0,F1nat,0.00037383177570093456,0.0
wsob,TGO,,2019.0,F1nat,0.009583333333333333,0.0
wsob,THA,,2019.0,F1nat,0.02503852739022088,0.0
wsob,TUN,,2019.0,F1nat,0.0015127093943500998,0.0
wsob,TUR,,2019.0,F1nat,5.889640248195587,0.0
wsob,UKR,,2019.0,F1nat,0.07032635031388158,0.0
wsob,URY,,2019.0,F1nat,4.142307223375402,0.0
wsob,UZB,,2019.0,F1nat,0.00012436503765983533,0.0
wsob,FRO,no fossil; regional (Europe) mix used for 0.04 TWh,2019.0,F1nocap,,
wsob,GUM,no fossil; regional (Oceania) mix used for 0.08 TWh,2019.0,F1nocap,,
wsob,ISL,no fossil; regional (Europe) mix used for 4.37 TWh,2019.0,F1nocap,,
wsob,NPL,no fossil; regional (Asia) mix used for 0.09 TWh,2019.0,F1nocap,,
wsob,PRY,no fossil; regional (Latin America and Caribbean) mix used for 0.14 TWh,2019.0,F1nocap,,
wsob,PSE,no fossil; regional (Middle East) mix used for 0.12 TWh,2019.0,F1nocap,,
wsob,EUROPE_POOL,,2019.0,F1marg,17.449576627169797,0.0
wsob,AFG,,2019.0,F1marg,0.02666666666666667,0.0
wsob,ATG,,2019.0,F1marg,0.0,0.01
wsob,AZE,,2019.0,F1marg,0.0004966887417218544,0.0
wsob,BLR,,2019.0,F1marg,0.004084221207508878,0.0
wsob,BRA,,2019.0,F1marg,30.27261342274713,24.012170474173683
wsob,BRB,,2019.0,F1marg,0.004852661204077466,0.0
wsob,CHL,,2019.0,F1marg,1.0874018507859127,0.0
wsob,CMR,,2019.0,F1marg,0.0,0.06
wsob,COG,,2019.0,F1marg,0.02807829181494662,0.0
wsob,EGY,,2019.0,F1marg,0.24554516594748477,0.0
wsob,ETH,,2019.0,F1marg,0.0,0.3183847354508368
wsob,FRO,no fossil; regional (Europe) mix used for 0.04 TWh,2019.0,F1marg,,
wsob,FRO,,2019.0,F1marg,0.03882344873116125,0.0
wsob,GTM,,2019.0,F1marg,2.3440087145969497,0.0
wsob,GUF,,2019.0,F1marg,0.05,0.0
wsob,GUM,no fossil; regional (Oceania) mix used for 0.08 TWh,2019.0,F1marg,,
wsob,GUM,,2019.0,F1marg,0.0770838664488521,0.0
wsob,HND,,2019.0,F1marg,0.0,3.0542807818138136
wsob,IRN,,2019.0,F1marg,0.13857261321026823,0.0
wsob,IRQ,,2019.0,F1marg,0.023822488429077048,0.0
wsob,ISL,no fossil; regional (Europe) mix used for 4.37 TWh,2019.0,F1marg,,
wsob,ISL,,2019.0,F1marg,0.5021817738793667,3.7392800000000004
wsob,ISR,,2019.0,F1marg,0.06069364161849711,0.0
wsob,JOR,,2019.0,F1marg,0.15227091633466136,0.0
wsob,JPN,,2019.0,F1marg,34.18173023678262,0.0
wsob,KAZ,,2019.0,F1marg,0.007149596393751965,0.0
wsob,KEN,,2019.0,F1marg,0.0,3.148240000000001
wsob,KHM,,2019.0,F1marg,0.15155437068137337,0.0
wsob,LBN,,2019.0,F1marg,0.16,0.0
wsob,LBY,,2019.0,F1marg,0.0031298952471582437,0.0
wsob,LKA,,2019.0,F1marg,0.4127999999999982,0.0
wsob,MAR,,2019.0,F1marg,2.1369048718740338,0.0
wsob,MMR,,2019.0,F1marg,0.09816568047337278,0.0
wsob,MNG,,2019.0,F1marg,0.0,0.10271999999999915
wsob,MOZ,,2019.0,F1marg,0.0045035484232469605,0.0
wsob,NER,,2019.0,F1marg,0.0065978203598601945,0.0
wsob,NIC,,2019.0,F1marg,0.0,1.1639803829656132
wsob,NPL,no fossil; regional (Asia) mix used for 0.09 TWh,2019.0,F1marg,,
wsob,NPL,,2019.0,F1marg,0.08887255666408696,0.0
wsob,NZL,,2019.0,F1marg,0.6156455091983668,0.0
wsob,OMN,,2019.0,F1marg,0.0016403527682119672,0.0
wsob,PRI,,2019.0,F1marg,0.1592291773303916,0.0
wsob,PRK,,2019.0,F1marg,0.005812500000000001,0.0
wsob,PRY,no fossil; regional (Latin America and Caribbean) mix used for 0.14 TWh,2019.0,F1marg,,
wsob,PRY,,2019.0,F1marg,0.11719206614525027,0.0
wsob,PSE,no fossil; regional (Middle East) mix used for 0.12 TWh,2019.0,F1marg,,
wsob,PSE,,2019.0,F1marg,0.0,0.12
wsob,REU,,2019.0,F1marg,0.038782857142857036,0.0
wsob,RUS,,2019.0,F1marg,0.025298548285293498,0.0
wsob,RWA,,2019.0,F1marg,0.002527933497558421,0.0
wsob,SAU,,2019.0,F1marg,0.08798990990687029,0.0
wsob,SEN,,2019.0,F1marg,0.4111634718903254,0.0
wsob,SGP,,2019.0,F1marg,0.006792703781113435,0.0
wsob,SLV,,2019.0,F1marg,0.2768797459995018,0.0
wsob,SUR,,2019.0,F1marg,0.00037383177570093456,0.0
wsob,TGO,,2019.0,F1marg,0.009583333333333333,0.0
wsob,THA,,2019.0,F1marg,0.02503852739022088,0.0
wsob,TUN,,2019.0,F1marg,0.0015127093943500998,0.0
wsob,UKR,,2019.0,F1marg,0.07032635031388158,0.0
wsob,URY,,2019.0,F1marg,4.142307223375402,0.0
wsob,UZB,,2019.0,F1marg,0.00012436503765983533,0.0
wsob,EUROPE_POOL,,2020.0,F1,38.23900637855758,0.0
wsob,AFG,,2020.0,F1,0.011666666666666667,0.0
wsob,ATG,,2020.0,F1,0.0,0.02
wsob,AZE,,2020.0,F1,0.0005116659844453541,0.0
wsob,BLR,,2020.0,F1,0.05388366429947,0.0
wsob,BRA,,2020.0,F1,30.08251432807056,9.296461030513726
wsob,BRB,,2020.0,F1,0.006144644087242993,0.0
wsob,CHL,,2020.0,F1,1.6055136719868148,0.0
wsob,CMR,,2020.0,F1,0.0,0.06
wsob,ETH,no fossil; regional (Africa) mix used for 0.61 TWh,2020.0,F1,,
wsob,ETH,,2020.0,F1,0.4903760018889606,0.08440000000000003
wsob,FRO,no fossil; regional (Europe) mix used for 0.04 TWh,2020.0,F1,,
wsob,FRO,,2020.0,F1,0.03882296795226899,0.0
wsob,GTM,,2020.0,F1,1.2825509634551497,0.0
wsob,GUF,,2020.0,F1,0.06,0.0
wsob,GUM,no fossil; regional (Oceania) mix used for 0.08 TWh,2020.0,F1,,
wsob,GUM,,2020.0,F1,0.07721569679215698,0.0
wsob,HND,,2020.0,F1,0.0,2.177056703042371
wsob,IRN,,2020.0,F1,0.20465827749632287,0.0
wsob,ISL,no fossil; regional (Europe) mix used for 4.31 TWh,2020.0,F1,,
wsob,ISL,,2020.0,F1,0.5038947968569839,3.6792799999999994
wsob,ISR,,2020.0,F1,0.03228404099560762,0.0
wsob,JOR,,2020.0,F1,0.1929082240762813,0.0
wsob,JPN,,2020.0,F1,38.06732021490805,0.0
wsob,KAZ,,2020.0,F1,0.015089968976215097,0.0
wsob,KEN,,2020.0,F1,0.0,2.24824
wsob,LBN,,2020.0,F1,0.18000000000000002,0.0
wsob,LKA,,2020.0,F1,0.8800000000000001,0.0
wsob,MAR,,2020.0,F1,2.513576983079586,0.0
wsob,MMR,,2020.0,F1,0.09346473029045645,0.0
wsob,MNG,,2020.0,F1,0.03523489932885906,0.0
wsob,MOZ,,2020.0,F1,0.006800326091144092,0.0
wsob,NER,,2020.0,F1,0.006727090149949403,0.0
wsob,NIC,,2020.0,F1,0.0,0.1730657290983253
wsob,NPL,no fossil; regional (Asia) mix used for 0.09 TWh,2020.0,F1,,
wsob,NPL,,2020.0,F1,0.08895899462575982,0.0
wsob,NZL,,2020.0,F1,0.6635679196822286,0.0
wsob,OMN,,2020.0,F1,0.002362204724409449,0.0
wsob,PRI,,2020.0,F1,0.17529962929907755,0.0
wsob,PRK,,2020.0,F1,0.007589285714285715,0.0
wsob,PRY,no fossil; regional (Latin America and Caribbean) mix used for 0.26 TWh,2020.0,F1,,
wsob,PRY,,2020.0,F1,0.12356497042669773,0.10232000000000002
wsob,PSE,no fossil; regional (Middle East) mix used for 0.18 TWh,2020.0,F1,,
wsob,PSE,,2020.0,F1,0.0,0.18
wsob,REU,,2020.0,F1,0.16695804195804195,0.0
wsob,RUS,,2020.0,F1,0.06369133270060925,0.0
wsob,RWA,,2020.0,F1,0.006624825363964932,0.0
wsob,SAU,,2020.0,F1,0.35932733301752723,0.0
wsob,SEN,,2020.0,F1,0.6271045278241109,0.0
wsob,SGP,,2020.0,F1,0.005445909267157813,0.0
wsob,SLV,,2020.0,F1,0.22931420084089527,0.0
wsob,SUR,,2020.0,F1,0.0003773584905660377,0.0
wsob,SYR,,2020.0,F1,0.01125061789421651,0.0
wsob,TGO,,2020.0,F1,0.008999552565153451,0.0
wsob,THA,,2020.0,F1,0.03481362523388171,0.0
wsob,TUN,,2020.0,F1,0.0018926169879254983,0.0
wsob,TUR,,2020.0,F1,0.6406319574053931,0.0
wsob,UKR,,2020.0,F1,0.04278001464128843,0.0
wsob,URY,,2020.0,F1,8.26506,0.3649400000000007
wsob,UZB,,2020.0,F1,7.802340702210663e-05,0.0
wsob,AUT,,2020.0,F1nat,0.47977803645233236,0.0
wsob,BGR,,2020.0,F1nat,0.06957605985037407,0.0
wsob,BIH,,2020.0,F1nat,0.0010765349032800674,0.0
wsob,CHE,,2020.0,F1nat,2.5034483427032295,0.0
wsob,DNK,,2020.0,F1nat,1.6164574854905123,0.0
wsob,HRV,,2020.0,F1nat,2.10957264957265,0.0
wsob,LTU,,2020.0,F1nat,0.09500732451952452,0.0
wsob,LUX,,2020.0,F1nat,0.052559999999999996,0.7074400000000001
wsob,MNE,,2020.0,F1nat,0.0,0.22
wsob,NOR,,2020.0,F1nat,0.13565494074461443,4.378360094999539
wsob,POL,,2020.0,F1nat,0.8315262169194158,0.0
wsob,SRB,,2020.0,F1nat,0.002183567727609178,0.0
wsob,SVK,,2020.0,F1nat,0.09517250736840079,0.0
wsob,SVN,,2020.0,F1nat,0.0021462412171379995,0.0
wsob,SWE,,2020.0,F1nat,2.3025585403963476,1.553695566922645
wsob,AFG,,2020.0,F1nat,0.011666666666666667,0.0
wsob,ATG,,2020.0,F1nat,0.0,0.02
wsob,AZE,,2020.0,F1nat,0.0005116659844453541,0.0
wsob,BLR,,2020.0,F1nat,0.05388366429947,0.0
wsob,BRA,,2020.0,F1nat,30.08251432807056,9.296461030513726
wsob,BRB,,2020.0,F1nat,0.006144644087242993,0.0
wsob,CHL,,2020.0,F1nat,1.6055136719868148,0.0
wsob,CMR,,2020.0,F1nat,0.0,0.06
wsob,ETH,no fossil; regional (Africa) mix used for 0.61 TWh,2020.0,F1nat,,
wsob,ETH,,2020.0,F1nat,0.4903760018889606,0.08440000000000003
wsob,FRO,no fossil; regional (Europe) mix used for 0.04 TWh,2020.0,F1nat,,
wsob,FRO,,2020.0,F1nat,0.03882296795226899,0.0
wsob,GTM,,2020.0,F1nat,1.2825509634551497,0.0
wsob,GUF,,2020.0,F1nat,0.06,0.0
wsob,GUM,no fossil; regional (Oceania) mix used for 0.08 TWh,2020.0,F1nat,,
wsob,GUM,,2020.0,F1nat,0.07721569679215698,0.0
wsob,HND,,2020.0,F1nat,0.0,2.177056703042371
wsob,IRN,,2020.0,F1nat,0.20465827749632287,0.0
wsob,ISL,no fossil; regional (Europe) mix used for 4.31 TWh,2020.0,F1nat,,
wsob,ISL,,2020.0,F1nat,0.5038947968569839,3.6792799999999994
wsob,ISR,,2020.0,F1nat,0.03228404099560762,0.0
wsob,JOR,,2020.0,F1nat,0.1929082240762813,0.0
wsob,JPN,,2020.0,F1nat,38.06732021490805,0.0
wsob,KAZ,,2020.0,F1nat,0.015089968976215097,0.0
wsob,KEN,,2020.0,F1nat,0.0,2.24824
wsob,LBN,,2020.0,F1nat,0.18000000000000002,0.0
wsob,LKA,,2020.0,F1nat,0.8800000000000001,0.0
wsob,MAR,,2020.0,F1nat,2.513576983079586,0.0
wsob,MMR,,2020.0,F1nat,0.09346473029045645,0.0
wsob,MNG,,2020.0,F1nat,0.03523489932885906,0.0
wsob,MOZ,,2020.0,F1nat,0.006800326091144092,0.0
wsob,NER,,2020.0,F1nat,0.006727090149949403,0.0
wsob,NIC,,2020.0,F1nat,0.0,0.1730657290983253
wsob,NPL,no fossil; regional (Asia) mix used for 0.09 TWh,2020.0,F1nat,,
wsob,NPL,,2020.0,F1nat,0.08895899462575982,0.0
wsob,NZL,,2020.0,F1nat,0.6635679196822286,0.0
wsob,OMN,,2020.0,F1nat,0.002362204724409449,0.0
wsob,PRI,,2020.0,F1nat,0.17529962929907755,0.0
wsob,PRK,,2020.0,F1nat,0.007589285714285715,0.0
wsob,PRY,no fossil; regional (Latin America and Caribbean) mix used for 0.26 TWh,2020.0,F1nat,,
wsob,PRY,,2020.0,F1nat,0.12356497042669773,0.10232000000000002
wsob,PSE,no fossil; regional (Middle East) mix used for 0.18 TWh,2020.0,F1nat,,
wsob,PSE,,2020.0,F1nat,0.0,0.18
wsob,REU,,2020.0,F1nat,0.16695804195804195,0.0
wsob,RUS,,2020.0,F1nat,0.06369133270060925,0.0
wsob,RWA,,2020.0,F1nat,0.006624825363964932,0.0
wsob,SAU,,2020.0,F1nat,0.35932733301752723,0.0
wsob,SEN,,2020.0,F1nat,0.6271045278241109,0.0
wsob,SGP,,2020.0,F1nat,0.005445909267157813,0.0
wsob,SLV,,2020.0,F1nat,0.22931420084089527,0.0
wsob,SUR,,2020.0,F1nat,0.0003773584905660377,0.0
wsob,SYR,,2020.0,F1nat,0.01125061789421651,0.0
wsob,TGO,,2020.0,F1nat,0.008999552565153451,0.0
wsob,THA,,2020.0,F1nat,0.03481362523388171,0.0
wsob,TUN,,2020.0,F1nat,0.0018926169879254983,0.0
wsob,TUR,,2020.0,F1nat,0.6406319574053931,0.0
wsob,UKR,,2020.0,F1nat,0.04278001464128843,0.0
wsob,URY,,2020.0,F1nat,8.26506,0.3649400000000007
wsob,UZB,,2020.0,F1nat,7.802340702210663e-05,0.0
wsob,ETH,no fossil; regional (Africa) mix used for 0.61 TWh,2020.0,F1nocap,,
wsob,FRO,no fossil; regional (Europe) mix used for 0.04 TWh,2020.0,F1nocap,,
wsob,GUM,no fossil; regional (Oceania) mix used for 0.08 TWh,2020.0,F1nocap,,
wsob,ISL,no fossil; regional (Europe) mix used for 4.31 TWh,2020.0,F1nocap,,
wsob,NPL,no fossil; regional (Asia) mix used for 0.09 TWh,2020.0,F1nocap,,
wsob,PRY,no fossil; regional (Latin America and Caribbean) mix used for 0.26 TWh,2020.0,F1nocap,,
wsob,PSE,no fossil; regional (Middle East) mix used for 0.18 TWh,2020.0,F1nocap,,
wsob,EUROPE_POOL,,2020.0,F1marg,41.316384862422716,0.0
wsob,AFG,,2020.0,F1marg,0.011666666666666667,0.0
wsob,ATG,,2020.0,F1marg,0.0,0.02
wsob,AZE,,2020.0,F1marg,0.0005116659844453541,0.0
wsob,BLR,,2020.0,F1marg,0.05388366429947,0.0
wsob,BRA,,2020.0,F1marg,30.08251432807056,9.296461030513726
wsob,BRB,,2020.0,F1marg,0.006144644087242993,0.0
wsob,CHL,,2020.0,F1marg,1.6055136719868148,0.0
wsob,CMR,,2020.0,F1marg,0.0,0.06
wsob,ETH,no fossil; regional (Africa) mix used for 0.61 TWh,2020.0,F1marg,,
wsob,ETH,,2020.0,F1marg,0.4903760018889606,0.08440000000000003
wsob,FRO,no fossil; regional (Europe) mix used for 0.04 TWh,2020.0,F1marg,,
wsob,FRO,,2020.0,F1marg,0.03882296795226899,0.0
wsob,GTM,,2020.0,F1marg,1.2825509634551497,0.0
wsob,GUF,,2020.0,F1marg,0.06,0.0
wsob,GUM,no fossil; regional (Oceania) mix used for 0.08 TWh,2020.0,F1marg,,
wsob,GUM,,2020.0,F1marg,0.07721569679215698,0.0
wsob,HND,,2020.0,F1marg,0.0,2.177056703042371
wsob,IRN,,2020.0,F1marg,0.20465827749632287,0.0
wsob,ISL,no fossil; regional (Europe) mix used for 4.31 TWh,2020.0,F1marg,,
wsob,ISL,,2020.0,F1marg,0.5038947968569839,3.6792799999999994
wsob,ISR,,2020.0,F1marg,0.03228404099560762,0.0
wsob,JOR,,2020.0,F1marg,0.1929082240762813,0.0
wsob,JPN,,2020.0,F1marg,38.06732021490805,0.0
wsob,KAZ,,2020.0,F1marg,0.015089968976215097,0.0
wsob,KEN,,2020.0,F1marg,0.0,2.24824
wsob,LBN,,2020.0,F1marg,0.18000000000000002,0.0
wsob,LKA,,2020.0,F1marg,0.8800000000000001,0.0
wsob,MAR,,2020.0,F1marg,2.513576983079586,0.0
wsob,MMR,,2020.0,F1marg,0.09346473029045645,0.0
wsob,MNG,,2020.0,F1marg,0.03523489932885906,0.0
wsob,MOZ,,2020.0,F1marg,0.006800326091144092,0.0
wsob,NER,,2020.0,F1marg,0.006727090149949403,0.0
wsob,NIC,,2020.0,F1marg,0.0,0.1730657290983253
wsob,NPL,no fossil; regional (Asia) mix used for 0.09 TWh,2020.0,F1marg,,
wsob,NPL,,2020.0,F1marg,0.08895899462575982,0.0
wsob,NZL,,2020.0,F1marg,0.672831199855377,0.0
wsob,OMN,,2020.0,F1marg,0.002362204724409449,0.0
wsob,PRI,,2020.0,F1marg,0.17529962929907755,0.0
wsob,PRK,,2020.0,F1marg,0.007589285714285715,0.0
wsob,PRY,no fossil; regional (Latin America and Caribbean) mix used for 0.26 TWh,2020.0,F1marg,,
wsob,PRY,,2020.0,F1marg,0.12356497042669773,0.10232000000000002
wsob,PSE,no fossil; regional (Middle East) mix used for 0.18 TWh,2020.0,F1marg,,
wsob,PSE,,2020.0,F1marg,0.0,0.18
wsob,REU,,2020.0,F1marg,0.16695804195804195,0.0
wsob,RUS,,2020.0,F1marg,0.06369133270060925,0.0
wsob,RWA,,2020.0,F1marg,0.006624825363964932,0.0
wsob,SAU,,2020.0,F1marg,0.35932733301752723,0.0
wsob,SEN,,2020.0,F1marg,0.6271045278241109,0.0
wsob,SGP,,2020.0,F1marg,0.005445909267157813,0.0
wsob,SLV,,2020.0,F1marg,0.22931420084089527,0.0
wsob,SUR,,2020.0,F1marg,0.0003773584905660377,0.0
wsob,SYR,,2020.0,F1marg,0.01125061789421651,0.0
wsob,TGO,,2020.0,F1marg,0.008999552565153451,0.0
wsob,THA,,2020.0,F1marg,0.03481362523388171,0.0
wsob,TUN,,2020.0,F1marg,0.0018926169879254983,0.0
wsob,UKR,,2020.0,F1marg,0.04278001464128843,0.0
wsob,URY,,2020.0,F1marg,8.26506,0.3649400000000007
wsob,UZB,,2020.0,F1marg,7.802340702210663e-05,0.0
wsob,EUROPE_POOL,,2021.0,F1,20.618449274276756,0.0
wsob,AFG,,2021.0,F1,0.01846153846153846,0.0
wsob,ATG,,2021.0,F1,0.0,0.02
wsob,AUS,,2021.0,F1,2.218313769224757,0.0
wsob,AZE,,2021.0,F1,0.005466160632568868,0.0
wsob,BLR,,2021.0,F1,0.05264965360742678,0.0
wsob,BRA,,2021.0,F1,18.507243148653153,56.24764603822327
wsob,BRB,,2021.0,F1,0.006887237921513384,0.0
wsob,CAN,,2021.0,F1,9.54574658763061,0.0
wsob,CHL,,2021.0,F1,4.4776529163847965,0.0
wsob,CMR,,2021.0,F1,0.0,0.06
wsob,COD,no fossil; regional (Africa) mix used for 1.06 TWh,2021.0,F1,,
wsob,COD,,2021.0,F1,0.08992290840497531,0.90232
wsob,CRI,no fossil; regional (Latin America and Caribbean) mix used for 2.02 TWh,2021.0,F1,,
wsob,CRI,,2021.0,F1,1.6875451477380734,0.0
wsob,EGY,,2021.0,F1,0.2618421052631579,0.0
wsob,ETH,no fossil; regional (Africa) mix used for 0.81 TWh,2021.0,F1,,
wsob,ETH,,2021.0,F1,0.4738233545358773,0.2843999999999999
wsob,FRO,no fossil; regional (Europe) mix used for 0.05 TWh,2021.0,F1,,
wsob,FRO,,2021.0,F1,0.048560366532526905,0.0
wsob,GTM,,2021.0,F1,1.8807921951219506,1.158720000000001
wsob,GUF,,2021.0,F1,0.09,0.0
wsob,GUM,no fossil; regional (Oceania) mix used for 0.08 TWh,2021.0,F1,,
wsob,GUM,,2021.0,F1,0.07701090131122128,0.0
wsob,HND,,2021.0,F1,0.0,2.1016277714976086
wsob,IRN,,2021.0,F1,0.17687016337059325,0.0
wsob,IRQ,,2021.0,F1,0.1492915274565236,0.0
wsob,ISL,no fossil; regional (Europe) mix used for 4.15 TWh,2021.0,F1,,
wsob,ISL,,2021.0,F1,0.563790422199733,3.4667199999999996
wsob,ISR,,2021.0,F1,0.03390922401171302,0.0
wsob,JPN,,2021.0,F1,41.04033170814853,0.0
wsob,KAZ,,2021.0,F1,0.0883832569031125,0.0
wsob,KEN,,2021.0,F1,0.0,3.8761600000000005
wsob,LKA,,2021.0,F1,0.9756075417299461,0.0
wsob,MAR,,2021.0,F1,4.198045603864736,0.0
wsob,MDA,,2021.0,F1,0.0007717041800643087,0.0
wsob,MMR,,2021.0,F1,0.07745802303239188,0.0
wsob,MNG,,2021.0,F1,0.0,0.43248000000000003
wsob,MOZ,,2021.0,F1,0.007996707174174344,0.0
wsob,NER,,2021.0,F1,0.005778919449053451,0.0
wsob,NIC,,2021.0,F1,0.0,0.5248997025310129
wsob,NPL,no fossil; regional (Asia) mix used for 0.10 TWh,2021.0,F1,,
wsob,NPL,,2021.0,F1,0.09868209139124703,0.0
wsob,NZL,,2021.0,F1,0.028092852123590188,0.0
wsob,OMN,,2021.0,F1,0.024020251591886862,0.0
wsob,PRI,,2021.0,F1,0.2205889523326693,0.0
wsob,PRK,,2021.0,F1,0.0070531914893617025,0.0
wsob,PRY,no fossil; regional (Latin America and Caribbean) mix used for 0.27 TWh,2021.0,F1,,
wsob,PRY,,2021.0,F1,0.11324296529172262,0.11232000000000003
wsob,PSE,no fossil; regional (Middle East) mix used for 0.22 TWh,2021.0,F1,,
wsob,PSE,,2021.0,F1,0.0,0.22000000000000003
wsob,RUS,,2021.0,F1,0.10206945299815243,0.0
wsob,RWA,,2021.0,F1,0.01848426949296705,0.0
wsob,SAU,,2021.0,F1,0.3823446868222988,0.0
wsob,SEN,,2021.0,F1,0.8925821167566953,0.0
wsob,SGP,,2021.0,F1,0.008163189957541075,0.0
wsob,SLV,,2021.0,F1,1.027222530497045,0.0
wsob,SUR,,2021.0,F1,0.00037037037037037035,0.0
wsob,SYR,,2021.0,F1,0.03291806420699569,0.0
wsob,TGO,,2021.0,F1,0.027636766670082177,0.0
wsob,THA,,2021.0,F1,0.09640669824537994,0.0
wsob,TUN,,2021.0,F1,0.0015939797756896606,0.0
wsob,UGA,,2021.0,F1,0.0,0.05440000000000006
wsob,UKR,,2021.0,F1,0.09038033518877421,0.0
wsob,URY,,2021.0,F1,8.174317663110621,0.0
wsob,UZB,,2021.0,F1,0.0010538994278831676,0.0
wsob,BGR,,2021.0,F1nat,0.06448680959143764,0.0
wsob,BIH,,2021.0,F1nat,0.001308993766696349,0.0
wsob,CHE,,2021.0,F1nat,2.4558316969810594,0.0
wsob,DNK,,2021.0,F1nat,2.604941173546702,2.7218151080343067
wsob,HRV,,2021.0,F1nat,2.442520174672489,0.0
wsob,LTU,,2021.0,F1nat,0.14136196288363329,0.0
wsob,LUX,,2021.0,F1nat,0.052559999999999996,0.7074400000000001
wsob,MNE,,2021.0,F1nat,0.0,0.11823999999999993
wsob,NOR,,2021.0,F1nat,0.0,5.240189791007143
wsob,POL,,2021.0,F1nat,0.3248597296311962,0.0
wsob,PRT,,2021.0,F1nat,0.7479836295514583,0.0
wsob,SRB,,2021.0,F1nat,0.0037655560016057817,0.0
wsob,SVK,,2021.0,F1nat,0.0981613787101932,0.0
wsob,SVN,,2021.0,F1nat,0.009774774774774776,0.0
wsob,SWE,,2021.0,F1nat,0.0,10.613474614923598
wsob,AFG,,2021.0,F1nat,0.01846153846153846,0.0
wsob,ATG,,2021.0,F1nat,0.0,0.02
wsob,AUS,,2021.0,F1nat,2.218313769224757,0.0
wsob,AZE,,2021.0,F1nat,0.005466160632568868,0.0
wsob,BLR,,2021.0,F1nat,0.05264965360742678,0.0
wsob,BRA,,2021.0,F1nat,18.507243148653153,56.24764603822327
wsob,BRB,,2021.0,F1nat,0.006887237921513384,0.0
wsob,CAN,,2021.0,F1nat,9.54574658763061,0.0
wsob,CHL,,2021.0,F1nat,4.4776529163847965,0.0
wsob,CMR,,2021.0,F1nat,0.0,0.06
wsob,COD,no fossil; regional (Africa) mix used for 1.06 TWh,2021.0,F1nat,,
wsob,COD,,2021.0,F1nat,0.08992290840497531,0.90232
wsob,CRI,no fossil; regional (Latin America and Caribbean) mix used for 2.02 TWh,2021.0,F1nat,,
wsob,CRI,,2021.0,F1nat,1.6875451477380734,0.0
wsob,EGY,,2021.0,F1nat,0.2618421052631579,0.0
wsob,ETH,no fossil; regional (Africa) mix used for 0.81 TWh,2021.0,F1nat,,
wsob,ETH,,2021.0,F1nat,0.4738233545358773,0.2843999999999999
wsob,FRO,no fossil; regional (Europe) mix used for 0.05 TWh,2021.0,F1nat,,
wsob,FRO,,2021.0,F1nat,0.048560366532526905,0.0
wsob,GTM,,2021.0,F1nat,1.8807921951219506,1.158720000000001
wsob,GUF,,2021.0,F1nat,0.09,0.0
wsob,GUM,no fossil; regional (Oceania) mix used for 0.08 TWh,2021.0,F1nat,,
wsob,GUM,,2021.0,F1nat,0.07701090131122128,0.0
wsob,HND,,2021.0,F1nat,0.0,2.1016277714976086
wsob,IRN,,2021.0,F1nat,0.17687016337059325,0.0
wsob,IRQ,,2021.0,F1nat,0.1492915274565236,0.0
wsob,ISL,no fossil; regional (Europe) mix used for 4.15 TWh,2021.0,F1nat,,
wsob,ISL,,2021.0,F1nat,0.563790422199733,3.4667199999999996
wsob,ISR,,2021.0,F1nat,0.03390922401171302,0.0
wsob,JPN,,2021.0,F1nat,41.04033170814853,0.0
wsob,KAZ,,2021.0,F1nat,0.0883832569031125,0.0
wsob,KEN,,2021.0,F1nat,0.0,3.8761600000000005
wsob,LKA,,2021.0,F1nat,0.9756075417299461,0.0
wsob,MAR,,2021.0,F1nat,4.198045603864736,0.0
wsob,MDA,,2021.0,F1nat,0.0007717041800643087,0.0
wsob,MMR,,2021.0,F1nat,0.07745802303239188,0.0
wsob,MNG,,2021.0,F1nat,0.0,0.43248000000000003
wsob,MOZ,,2021.0,F1nat,0.007996707174174344,0.0
wsob,NER,,2021.0,F1nat,0.005778919449053451,0.0
wsob,NIC,,2021.0,F1nat,0.0,0.5248997025310129
wsob,NPL,no fossil; regional (Asia) mix used for 0.10 TWh,2021.0,F1nat,,
wsob,NPL,,2021.0,F1nat,0.09868209139124703,0.0
wsob,NZL,,2021.0,F1nat,0.028092852123590188,0.0
wsob,OMN,,2021.0,F1nat,0.024020251591886862,0.0
wsob,PRI,,2021.0,F1nat,0.2205889523326693,0.0
wsob,PRK,,2021.0,F1nat,0.0070531914893617025,0.0
wsob,PRY,no fossil; regional (Latin America and Caribbean) mix used for 0.27 TWh,2021.0,F1nat,,
wsob,PRY,,2021.0,F1nat,0.11324296529172262,0.11232000000000003
wsob,PSE,no fossil; regional (Middle East) mix used for 0.22 TWh,2021.0,F1nat,,
wsob,PSE,,2021.0,F1nat,0.0,0.22000000000000003
wsob,RUS,,2021.0,F1nat,0.10206945299815243,0.0
wsob,RWA,,2021.0,F1nat,0.01848426949296705,0.0
wsob,SAU,,2021.0,F1nat,0.3823446868222988,0.0
wsob,SEN,,2021.0,F1nat,0.8925821167566953,0.0
wsob,SGP,,2021.0,F1nat,0.008163189957541075,0.0
wsob,SLV,,2021.0,F1nat,1.027222530497045,0.0
wsob,SUR,,2021.0,F1nat,0.00037037037037037035,0.0
wsob,SYR,,2021.0,F1nat,0.03291806420699569,0.0
wsob,TGO,,2021.0,F1nat,0.027636766670082177,0.0
wsob,THA,,2021.0,F1nat,0.09640669824537994,0.0
wsob,TUN,,2021.0,F1nat,0.0015939797756896606,0.0
wsob,UGA,,2021.0,F1nat,0.0,0.05440000000000006
wsob,UKR,,2021.0,F1nat,0.09038033518877421,0.0
wsob,URY,,2021.0,F1nat,8.174317663110621,0.0
wsob,UZB,,2021.0,F1nat,0.0010538994278831676,0.0
wsob,COD,no fossil; regional (Africa) mix used for 1.06 TWh,2021.0,F1nocap,,
wsob,CRI,no fossil; regional (Latin America and Caribbean) mix used for 2.02 TWh,2021.0,F1nocap,,
wsob,ETH,no fossil; regional (Africa) mix used for 0.81 TWh,2021.0,F1nocap,,
wsob,FRO,no fossil; regional (Europe) mix used for 0.05 TWh,2021.0,F1nocap,,
wsob,GUM,no fossil; regional (Oceania) mix used for 0.08 TWh,2021.0,F1nocap,,
wsob,ISL,no fossil; regional (Europe) mix used for 4.15 TWh,2021.0,F1nocap,,
wsob,NPL,no fossil; regional (Asia) mix used for 0.10 TWh,2021.0,F1nocap,,
wsob,PRY,no fossil; regional (Latin America and Caribbean) mix used for 0.27 TWh,2021.0,F1nocap,,
wsob,PSE,no fossil; regional (Middle East) mix used for 0.22 TWh,2021.0,F1nocap,,
wsob,EUROPE_POOL,,2021.0,F1marg,13.401522347810074,0.0
wsob,AFG,,2021.0,F1marg,0.01846153846153846,0.0
wsob,ATG,,2021.0,F1marg,0.0,0.02
wsob,AZE,,2021.0,F1marg,0.005466160632568868,0.0
wsob,BLR,,2021.0,F1marg,0.05264965360742678,0.0
wsob,BRA,,2021.0,F1marg,18.507243148653153,56.24764603822327
wsob,BRB,,2021.0,F1marg,0.006887237921513384,0.0
wsob,CAN,,2021.0,F1marg,6.212524668606468,0.0
wsob,CHL,,2021.0,F1marg,4.4776529163847965,0.0
wsob,CMR,,2021.0,F1marg,0.0,0.06
wsob,COD,no fossil; regional (Africa) mix used for 1.06 TWh,2021.0,F1marg,,
wsob,COD,,2021.0,F1marg,0.08992290840497531,0.90232
wsob,CRI,no fossil; regional (Latin America and Caribbean) mix used for 2.02 TWh,2021.0,F1marg,,
wsob,CRI,,2021.0,F1marg,1.6875451477380734,0.0
wsob,EGY,,2021.0,F1marg,0.2618421052631579,0.0
wsob,ETH,no fossil; regional (Africa) mix used for 0.81 TWh,2021.0,F1marg,,
wsob,ETH,,2021.0,F1marg,0.4738233545358773,0.2843999999999999
wsob,FRO,no fossil; regional (Europe) mix used for 0.05 TWh,2021.0,F1marg,,
wsob,FRO,,2021.0,F1marg,0.048560366532526905,0.0
wsob,GTM,,2021.0,F1marg,1.8807921951219506,1.158720000000001
wsob,GUF,,2021.0,F1marg,0.09,0.0
wsob,GUM,no fossil; regional (Oceania) mix used for 0.08 TWh,2021.0,F1marg,,
wsob,GUM,,2021.0,F1marg,0.07701090131122128,0.0
wsob,HND,,2021.0,F1marg,0.0,2.1016277714976086
wsob,IRN,,2021.0,F1marg,0.17687016337059325,0.0
wsob,IRQ,,2021.0,F1marg,0.1492915274565236,0.0
wsob,ISL,no fossil; regional (Europe) mix used for 4.15 TWh,2021.0,F1marg,,
wsob,ISL,,2021.0,F1marg,0.563790422199733,3.4667199999999996
wsob,ISR,,2021.0,F1marg,0.03390922401171302,0.0
wsob,JPN,,2021.0,F1marg,41.04033170814853,0.0
wsob,KAZ,,2021.0,F1marg,0.0883832569031125,0.0
wsob,KEN,,2021.0,F1marg,0.0,3.8761600000000005
wsob,LKA,,2021.0,F1marg,0.9756075417299461,0.0
wsob,MAR,,2021.0,F1marg,4.198045603864736,0.0
wsob,MDA,,2021.0,F1marg,0.0007717041800643087,0.0
wsob,MMR,,2021.0,F1marg,0.07745802303239188,0.0
wsob,MNG,,2021.0,F1marg,0.0,0.43248000000000003
wsob,MOZ,,2021.0,F1marg,0.007996707174174344,0.0
wsob,NER,,2021.0,F1marg,0.005778919449053451,0.0
wsob,NIC,,2021.0,F1marg,0.0,0.5248997025310129
wsob,NPL,no fossil; regional (Asia) mix used for 0.10 TWh,2021.0,F1marg,,
wsob,NPL,,2021.0,F1marg,0.09868209139124703,0.0
wsob,NZL,,2021.0,F1marg,0.02811578670441026,0.0
wsob,OMN,,2021.0,F1marg,0.024020251591886862,0.0
wsob,PRI,,2021.0,F1marg,0.2205889523326693,0.0
wsob,PRK,,2021.0,F1marg,0.0070531914893617025,0.0
wsob,PRY,no fossil; regional (Latin America and Caribbean) mix used for 0.27 TWh,2021.0,F1marg,,
wsob,PRY,,2021.0,F1marg,0.11324296529172262,0.11232000000000003
wsob,PSE,no fossil; regional (Middle East) mix used for 0.22 TWh,2021.0,F1marg,,
wsob,PSE,,2021.0,F1marg,0.0,0.22000000000000003
wsob,RUS,,2021.0,F1marg,0.10206945299815243,0.0
wsob,RWA,,2021.0,F1marg,0.01848426949296705,0.0
wsob,SAU,,2021.0,F1marg,0.3823446868222988,0.0
wsob,SEN,,2021.0,F1marg,0.8925821167566953,0.0
wsob,SGP,,2021.0,F1marg,0.008163189957541075,0.0
wsob,SLV,,2021.0,F1marg,1.027222530497045,0.0
wsob,SUR,,2021.0,F1marg,0.00037037037037037035,0.0
wsob,SYR,,2021.0,F1marg,0.03291806420699569,0.0
wsob,TGO,,2021.0,F1marg,0.027636766670082177,0.0
wsob,THA,,2021.0,F1marg,0.09640669824537994,0.0
wsob,TUN,,2021.0,F1marg,0.0015939797756896606,0.0
wsob,UGA,,2021.0,F1marg,0.0,0.05440000000000006
wsob,UKR,,2021.0,F1marg,0.09038033518877421,0.0
wsob,URY,,2021.0,F1marg,8.174317663110621,0.0
wsob,UZB,,2021.0,F1marg,0.0010538994278831676,0.0
wsob,EUROPE_POOL,,2022.0,F1,62.68817827486789,0.0
wsob,AFG,,2022.0,F1,0.020769230769230766,0.0
wsob,ATG,,2022.0,F1,0.0,0.02
wsob,AUS,,2022.0,F1,4.233041277788594,0.0
wsob,AZE,,2022.0,F1,0.0007412454522236564,0.0
wsob,BLR,,2022.0,F1,0.05241997439180538,0.0
wsob,BRA,,2022.0,F1,18.444469039602943,20.764392094180323
wsob,BRB,,2022.0,F1,0.009481388595906878,0.0
wsob,CAN,,2022.0,F1,1.7452478952170516,0.0
wsob,CHL,,2022.0,F1,6.141990656098827,0.0
wsob,CMR,,2022.0,F1,0.0,0.059999999999999665
wsob,COD,no fossil; regional (Africa) mix used for 2.12 TWh,2022.0,F1,,
wsob,COD,,2022.0,F1,0.26712871596841686,1.6995199999999995
wsob,CRI,no fossil; regional (Latin America and Caribbean) mix used for 1.57 TWh,2022.0,F1,,
wsob,CRI,,2022.0,F1,1.3067842483235328,0.0
wsob,DOM,,2022.0,F1,0.7624660256575542,0.0
wsob,EGY,,2022.0,F1,0.43710742504316885,0.0
wsob,ETH,no fossil; regional (Africa) mix used for 0.58 TWh,2022.0,F1,,
wsob,ETH,,2022.0,F1,0.48364540342532153,0.05440000000000017
wsob,FRO,no fossil; regional (Europe) mix used for 0.08 TWh,2022.0,F1,,
wsob,FRO,,2022.0,F1,0.07735509414219616,0.0
wsob,GTM,,2022.0,F1,0.33887871255384583,0.0
wsob,GUF,,2022.0,F1,0.08,0.0
wsob,GUM,no fossil; regional (Oceania) mix used for 0.14 TWh,2022.0,F1,,
wsob,GUM,,2022.0,F1,0.13483523356830224,0.0
wsob,GUY,,2022.0,F1,0.00016,0.0
wsob,HND,,2022.0,F1,0.0,2.2707468492986593
wsob,IRN,,2022.0,F1,0.15435715943374329,0.0
wsob,ISL,no fossil; regional (Europe) mix used for 4.27 TWh,2022.0,F1,,
wsob,ISL,,2022.0,F1,0.5421081498397187,3.58672
wsob,ISR,,2022.0,F1,0.04288184438040346,0.0
wsob,JPN,,2022.0,F1,29.45735812989855,0.0
wsob,KAZ,,2022.0,F1,0.057436102236421725,0.0
wsob,KEN,,2022.0,F1,0.0,5.0861600000000005
wsob,LKA,,2022.0,F1,0.6308755269894528,0.0
wsob,MAR,,2022.0,F1,4.829509138134593,0.0
wsob,MDA,,2022.0,F1,0.00867219917012448,0.0
wsob,MMR,,2022.0,F1,0.07130181818181817,0.0
wsob,MNG,,2022.0,F1,0.0,0.7
wsob,MOZ,,2022.0,F1,0.008150470219435739,0.0
wsob,NER,,2022.0,F1,0.005061026542803956,0.0
wsob,NIC,,2022.0,F1,0.0,0.8723013080009991
wsob,NPL,no fossil; regional (Asia) mix used for 0.11 TWh,2022.0,F1,,
wsob,NPL,,2022.0,F1,0.10852715529254248,0.0
wsob,NZL,,2022.0,F1,0.13910703611751143,0.0
wsob,OMN,,2022.0,F1,0.053661826702680035,0.0
wsob,PER,,2022.0,F1,0.01908616187989556,0.0
wsob,PRI,,2022.0,F1,0.2619369447006186,0.0
wsob,PRK,,2022.0,F1,0.008724489795918366,0.0
wsob,PRY,no fossil; regional (Latin America and Caribbean) mix used for 0.24 TWh,2022.0,F1,,
wsob,PRY,,2022.0,F1,0.11744319719595403,0.08232
wsob,PSE,no fossil; regional (Middle East) mix used for 0.34 TWh,2022.0,F1,,
wsob,PSE,,2022.0,F1,0.0,0.33999999999999997
wsob,RUS,,2022.0,F1,0.1378732743554658,0.0
wsob,RWA,,2022.0,F1,0.007091243036298635,0.0
wsob,SAU,,2022.0,F1,0.7885145771522447,0.0
wsob,SEN,,2022.0,F1,0.9364136331198692,0.0
wsob,SGP,,2022.0,F1,0.014361536917181898,0.0
wsob,SLV,,2022.0,F1,0.2172046162351169,0.0
wsob,SOM,,2022.0,F1,0.0,0.016932087049186015
wsob,SUR,,2022.0,F1,0.00034188034188034193,0.0
wsob,SYR,,2022.0,F1,0.05989583333333334,0.0
wsob,TGO,,2022.0,F1,0.09878877801264048,0.0
wsob,THA,,2022.0,F1,0.22802422805978012,0.0
wsob,TUN,,2022.0,F1,0.0014879850500661646,0.0
wsob,TUR,,2022.0,F1,7.504505270393629,0.0
wsob,UGA,,2022.0,F1,0.0,0.19440000000000002
wsob,UKR,,2022.0,F1,0.06016754456457878,0.0
wsob,URY,,2022.0,F1,7.76,0.0
wsob,UZB,,2022.0,F1,0.007710642670192092,0.0
wsob,ZMB,,2022.0,F1,0.06736000000000014,0.0
wsob,BGR,,2022.0,F1nat,0.06828692729748599,0.0
wsob,BIH,,2022.0,F1nat,0.0028622862286228627,0.0
wsob,CHE,,2022.0,F1nat,3.0283920489395584,0.0
wsob,DEU,,2022.0,F1nat,35.07630827089227,0.0
wsob,DNK,,2022.0,F1nat,2.777892949961813,4.79616027429856
wsob,EST,,2022.0,F1nat,1.3844618421052632,0.0
wsob,FIN,,2022.0,F1nat,1.2652006172220247,0.0
wsob,HRV,,2022.0,F1nat,2.5933770873786397,0.0
wsob,LTU,,2022.0,F1nat,0.8768021954119312,0.0
wsob,LUX,,2022.0,F1nat,0.052559999999999996,0.8074400000000002
wsob,MNE,,2022.0,F1nat,0.0,0.22
wsob,NOR,,2022.0,F1nat,0.0,10.346093373261791
wsob,POL,,2022.0,F1nat,0.48921788074603983,0.0
wsob,PRT,,2022.0,F1nat,0.6775561807094449,2.186203504029642
wsob,SRB,,2022.0,F1nat,0.00390087929656275,0.0
wsob,SVK,,2022.0,F1nat,0.17469945018815325,0.0
wsob,SVN,,2022.0,F1nat,0.013206521739130435,0.0
wsob,SWE,,2022.0,F1nat,0.0,17.344096670612902
wsob,AFG,,2022.0,F1nat,0.020769230769230766,0.0
wsob,ATG,,2022.0,F1nat,0.0,0.02
wsob,AUS,,2022.0,F1nat,4.233041277788594,0.0
wsob,AZE,,2022.0,F1nat,0.0007412454522236564,0.0
wsob,BLR,,2022.0,F1nat,0.05241997439180538,0.0
wsob,BRA,,2022.0,F1nat,18.444469039602943,20.764392094180323
wsob,BRB,,2022.0,F1nat,0.009481388595906878,0.0
wsob,CAN,,2022.0,F1nat,1.7452478952170516,0.0
wsob,CHL,,2022.0,F1nat,6.141990656098827,0.0
wsob,CMR,,2022.0,F1nat,0.0,0.059999999999999665
wsob,COD,no fossil; regional (Africa) mix used for 2.12 TWh,2022.0,F1nat,,
wsob,COD,,2022.0,F1nat,0.26712871596841686,1.6995199999999995
wsob,CRI,no fossil; regional (Latin America and Caribbean) mix used for 1.57 TWh,2022.0,F1nat,,
wsob,CRI,,2022.0,F1nat,1.3067842483235328,0.0
wsob,DOM,,2022.0,F1nat,0.7624660256575542,0.0
wsob,EGY,,2022.0,F1nat,0.43710742504316885,0.0
wsob,ETH,no fossil; regional (Africa) mix used for 0.58 TWh,2022.0,F1nat,,
wsob,ETH,,2022.0,F1nat,0.48364540342532153,0.05440000000000017
wsob,FRO,no fossil; regional (Europe) mix used for 0.08 TWh,2022.0,F1nat,,
wsob,FRO,,2022.0,F1nat,0.07735509414219616,0.0
wsob,GTM,,2022.0,F1nat,0.33887871255384583,0.0
wsob,GUF,,2022.0,F1nat,0.08,0.0
wsob,GUM,no fossil; regional (Oceania) mix used for 0.14 TWh,2022.0,F1nat,,
wsob,GUM,,2022.0,F1nat,0.13483523356830224,0.0
wsob,GUY,,2022.0,F1nat,0.00016,0.0
wsob,HND,,2022.0,F1nat,0.0,2.2707468492986593
wsob,IRN,,2022.0,F1nat,0.15435715943374329,0.0
wsob,ISL,no fossil; regional (Europe) mix used for 4.27 TWh,2022.0,F1nat,,
wsob,ISL,,2022.0,F1nat,0.5421081498397187,3.58672
wsob,ISR,,2022.0,F1nat,0.04288184438040346,0.0
wsob,JPN,,2022.0,F1nat,29.45735812989855,0.0
wsob,KAZ,,2022.0,F1nat,0.057436102236421725,0.0
wsob,KEN,,2022.0,F1nat,0.0,5.0861600000000005
wsob,LKA,,2022.0,F1nat,0.6308755269894528,0.0
wsob,MAR,,2022.0,F1nat,4.829509138134593,0.0
wsob,MDA,,2022.0,F1nat,0.00867219917012448,0.0
wsob,MMR,,2022.0,F1nat,0.07130181818181817,0.0
wsob,MNG,,2022.0,F1nat,0.0,0.7
wsob,MOZ,,2022.0,F1nat,0.008150470219435739,0.0
wsob,NER,,2022.0,F1nat,0.005061026542803956,0.0
wsob,NIC,,2022.0,F1nat,0.0,0.8723013080009991
wsob,NPL,no fossil; regional (Asia) mix used for 0.11 TWh,2022.0,F1nat,,
wsob,NPL,,2022.0,F1nat,0.10852715529254248,0.0
wsob,NZL,,2022.0,F1nat,0.13910703611751143,0.0
wsob,OMN,,2022.0,F1nat,0.053661826702680035,0.0
wsob,PER,,2022.0,F1nat,0.01908616187989556,0.0
wsob,PRI,,2022.0,F1nat,0.2619369447006186,0.0
wsob,PRK,,2022.0,F1nat,0.008724489795918366,0.0
wsob,PRY,no fossil; regional (Latin America and Caribbean) mix used for 0.24 TWh,2022.0,F1nat,,
wsob,PRY,,2022.0,F1nat,0.11744319719595403,0.08232
wsob,PSE,no fossil; regional (Middle East) mix used for 0.34 TWh,2022.0,F1nat,,
wsob,PSE,,2022.0,F1nat,0.0,0.33999999999999997
wsob,RUS,,2022.0,F1nat,0.1378732743554658,0.0
wsob,RWA,,2022.0,F1nat,0.007091243036298635,0.0
wsob,SAU,,2022.0,F1nat,0.7885145771522447,0.0
wsob,SEN,,2022.0,F1nat,0.9364136331198692,0.0
wsob,SGP,,2022.0,F1nat,0.014361536917181898,0.0
wsob,SLV,,2022.0,F1nat,0.2172046162351169,0.0
wsob,SOM,,2022.0,F1nat,0.0,0.016932087049186015
wsob,SUR,,2022.0,F1nat,0.00034188034188034193,0.0
wsob,SYR,,2022.0,F1nat,0.05989583333333334,0.0
wsob,TGO,,2022.0,F1nat,0.09878877801264048,0.0
wsob,THA,,2022.0,F1nat,0.22802422805978012,0.0
wsob,TUN,,2022.0,F1nat,0.0014879850500661646,0.0
wsob,TUR,,2022.0,F1nat,7.504505270393629,0.0
wsob,UGA,,2022.0,F1nat,0.0,0.19440000000000002
wsob,UKR,,2022.0,F1nat,0.06016754456457878,0.0
wsob,URY,,2022.0,F1nat,7.76,0.0
wsob,UZB,,2022.0,F1nat,0.007710642670192092,0.0
wsob,ZMB,,2022.0,F1nat,0.06736000000000014,0.0
wsob,COD,no fossil; regional (Africa) mix used for 2.12 TWh,2022.0,F1nocap,,
wsob,CRI,no fossil; regional (Latin America and Caribbean) mix used for 1.57 TWh,2022.0,F1nocap,,
wsob,ETH,no fossil; regional (Africa) mix used for 0.58 TWh,2022.0,F1nocap,,
wsob,FRO,no fossil; regional (Europe) mix used for 0.08 TWh,2022.0,F1nocap,,
wsob,GUM,no fossil; regional (Oceania) mix used for 0.14 TWh,2022.0,F1nocap,,
wsob,ISL,no fossil; regional (Europe) mix used for 4.27 TWh,2022.0,F1nocap,,
wsob,NPL,no fossil; regional (Asia) mix used for 0.11 TWh,2022.0,F1nocap,,
wsob,PRY,no fossil; regional (Latin America and Caribbean) mix used for 0.24 TWh,2022.0,F1nocap,,
wsob,PSE,no fossil; regional (Middle East) mix used for 0.34 TWh,2022.0,F1nocap,,
wsob,EUROPE_POOL,,2022.0,F1marg,21.839348824962517,0.0
wsob,AFG,,2022.0,F1marg,0.020769230769230766,0.0
wsob,ATG,,2022.0,F1marg,0.0,0.02
wsob,AZE,,2022.0,F1marg,0.0007412454522236564,0.0
wsob,BLR,,2022.0,F1marg,0.05241997439180538,0.0
wsob,BRA,,2022.0,F1marg,18.444469039602943,20.764392094180323
wsob,BRB,,2022.0,F1marg,0.009481388595906878,0.0
wsob,CHL,,2022.0,F1marg,6.141990656098827,0.0
wsob,CMR,,2022.0,F1marg,0.0,0.059999999999999665
wsob,COD,no fossil; regional (Africa) mix used for 2.12 TWh,2022.0,F1marg,,
wsob,COD,,2022.0,F1marg,0.26712871596841686,1.6995199999999995
wsob,CRI,no fossil; regional (Latin America and Caribbean) mix used for 1.57 TWh,2022.0,F1marg,,
wsob,CRI,,2022.0,F1marg,1.3067842483235328,0.0
wsob,DOM,,2022.0,F1marg,0.7624660256575542,0.0
wsob,EGY,,2022.0,F1marg,0.43710742504316885,0.0
wsob,ETH,no fossil; regional (Africa) mix used for 0.58 TWh,2022.0,F1marg,,
wsob,ETH,,2022.0,F1marg,0.48364540342532153,0.05440000000000017
wsob,FRO,no fossil; regional (Europe) mix used for 0.08 TWh,2022.0,F1marg,,
wsob,FRO,,2022.0,F1marg,0.07735509414219616,0.0
wsob,GTM,,2022.0,F1marg,0.33887871255384583,0.0
wsob,GUF,,2022.0,F1marg,0.08,0.0
wsob,GUM,no fossil; regional (Oceania) mix used for 0.14 TWh,2022.0,F1marg,,
wsob,GUM,,2022.0,F1marg,0.13483523356830224,0.0
wsob,GUY,,2022.0,F1marg,0.00016,0.0
wsob,HND,,2022.0,F1marg,0.0,2.2707468492986593
wsob,IRN,,2022.0,F1marg,0.15435715943374329,0.0
wsob,ISL,no fossil; regional (Europe) mix used for 4.27 TWh,2022.0,F1marg,,
wsob,ISL,,2022.0,F1marg,0.5421081498397187,3.58672
wsob,ISR,,2022.0,F1marg,0.04288184438040346,0.0
wsob,JPN,,2022.0,F1marg,29.45735812989855,0.0
wsob,KAZ,,2022.0,F1marg,0.057436102236421725,0.0
wsob,KEN,,2022.0,F1marg,0.0,5.0861600000000005
wsob,LKA,,2022.0,F1marg,0.6308755269894528,0.0
wsob,MAR,,2022.0,F1marg,4.829509138134593,0.0
wsob,MDA,,2022.0,F1marg,0.00867219917012448,0.0
wsob,MMR,,2022.0,F1marg,0.07130181818181817,0.0
wsob,MNG,,2022.0,F1marg,0.0,0.7
wsob,MOZ,,2022.0,F1marg,0.008150470219435739,0.0
wsob,NER,,2022.0,F1marg,0.005061026542803956,0.0
wsob,NIC,,2022.0,F1marg,0.0,0.8723013080009991
wsob,NPL,no fossil; regional (Asia) mix used for 0.11 TWh,2022.0,F1marg,,
wsob,NPL,,2022.0,F1marg,0.10852715529254248,0.0
wsob,NZL,,2022.0,F1marg,0.14361384104903593,0.0
wsob,OMN,,2022.0,F1marg,0.053661826702680035,0.0
wsob,PER,,2022.0,F1marg,0.01908616187989556,0.0
wsob,PRI,,2022.0,F1marg,0.2619369447006186,0.0
wsob,PRK,,2022.0,F1marg,0.008724489795918366,0.0
wsob,PRY,no fossil; regional (Latin America and Caribbean) mix used for 0.24 TWh,2022.0,F1marg,,
wsob,PRY,,2022.0,F1marg,0.11744319719595403,0.08232
wsob,PSE,no fossil; regional (Middle East) mix used for 0.34 TWh,2022.0,F1marg,,
wsob,PSE,,2022.0,F1marg,0.0,0.33999999999999997
wsob,RUS,,2022.0,F1marg,0.1378732743554658,0.0
wsob,RWA,,2022.0,F1marg,0.007091243036298635,0.0
wsob,SAU,,2022.0,F1marg,0.7885145771522447,0.0
wsob,SEN,,2022.0,F1marg,0.9364136331198692,0.0
wsob,SGP,,2022.0,F1marg,0.014361536917181898,0.0
wsob,SLV,,2022.0,F1marg,0.2172046162351169,0.0
wsob,SOM,,2022.0,F1marg,0.0,0.016932087049186015
wsob,SUR,,2022.0,F1marg,0.00034188034188034193,0.0
wsob,SYR,,2022.0,F1marg,0.05989583333333334,0.0
wsob,TGO,,2022.0,F1marg,0.09878877801264048,0.0
wsob,THA,,2022.0,F1marg,0.22802422805978012,0.0
wsob,TUN,,2022.0,F1marg,0.0014879850500661646,0.0
wsob,UGA,,2022.0,F1marg,0.0,0.19440000000000002
wsob,UKR,,2022.0,F1marg,0.06016754456457878,0.0
wsob,URY,,2022.0,F1marg,7.76,0.0
wsob,UZB,,2022.0,F1marg,0.007710642670192092,0.0
wsob,ZMB,,2022.0,F1marg,0.06736000000000014,0.0
wsob,EUROPE_POOL,,2023.0,F1,47.476557141828856,0.0
wsob,AFG,,2023.0,F1,0.020769230769230766,0.0
wsob,ATG,,2023.0,F1,0.0,0.02
wsob,AUS,,2023.0,F1,18.610296810292844,0.0
wsob,AZE,,2023.0,F1,0.0008309004685775349,0.0
wsob,BLR,,2023.0,F1,0.05566794558772236,0.0
wsob,BOL,,2023.0,F1,0.005865137395459994,0.0
wsob,BRA,,2023.0,F1,10.684041337735827,54.366301147945514
wsob,BRB,,2023.0,F1,0.010307765978479743,0.0
wsob,CAN,,2023.0,F1,2.488071306866118,0.0
wsob,CMR,,2023.0,F1,0.0013100518134715536,0.0
wsob,COD,no fossil; regional (Africa) mix used for 2.21 TWh,2023.0,F1,,
wsob,COD,,2023.0,F1,0.25132433110993413,1.78952
wsob,DOM,,2023.0,F1,1.023561604391096,0.0
wsob,EGY,,2023.0,F1,0.8808257208471548,0.0
wsob,ETH,no fossil; regional (Africa) mix used for 0.58 TWh,2023.0,F1,,
wsob,ETH,,2023.0,F1,0.48120620454468854,0.054400000000000115
wsob,FRO,no fossil; regional (Europe) mix used for 0.09 TWh,2023.0,F1,,
wsob,FRO,,2023.0,F1,0.08700512230164979,0.0
wsob,GRL,no fossil; regional (North America) mix used for 0.02 TWh,2023.0,F1,,
wsob,GRL,,2023.0,F1,0.01971882033235675,0.0
wsob,GTM,,2023.0,F1,1.6679919218552803,0.16989642618496426
wsob,GUF,,2023.0,F1,0.10999999999999999,0.0
wsob,GUM,no fossil; regional (Oceania) mix used for 0.14 TWh,2023.0,F1,,
wsob,GUM,,2023.0,F1,0.13431060113770368,0.0
wsob,GUY,,2023.0,F1,0.00022388059701492535,0.0
wsob,HND,,2023.0,F1,0.0,2.659553096856295
wsob,IRN,,2023.0,F1,0.15054783972622274,0.0
wsob,IRQ,,2023.0,F1,0.17924328097731237,0.0
wsob,ISL,no fossil; regional (Europe) mix used for 4.05 TWh,2023.0,F1,,
wsob,ISL,,2023.0,F1,0.2331505035742411,3.6820799999999996
wsob,ISR,,2023.0,F1,0.06251957950869236,0.0
wsob,KAZ,,2023.0,F1,1.9344376071824876,0.0
wsob,KEN,,2023.0,F1,0.0,5.66408
wsob,LKA,,2023.0,F1,0.44593645235287627,0.0
wsob,MAR,,2023.0,F1,4.29378690180809,0.0
wsob,MDA,,2023.0,F1,0.0027185966019422736,0.0
wsob,MMR,,2023.0,F1,0.0041005402458495,0.0
wsob,MNG,,2023.0,F1,0.0,0.7
wsob,MOZ,,2023.0,F1,0.008164301147363636,0.0
wsob,NIC,,2023.0,F1,0.0,0.9745020619054519
wsob,NPL,no fossil; regional (Asia) mix used for 0.11 TWh,2023.0,F1,,
wsob,NPL,,2023.0,F1,0.1087052012465355,0.0
wsob,NZL,,2023.0,F1,0.01722937876859666,0.0
wsob,OMN,,2023.0,F1,0.058998488189530955,0.0
wsob,PAN,,2023.0,F1,0.04713377804406993,0.0
wsob,PER,,2023.0,F1,0.0043500180050414115,0.0
wsob,PRI,,2023.0,F1,0.2587087909731988,0.0
wsob,PRK,,2023.0,F1,0.011133400200601804,0.0
wsob,PRY,no fossil; regional (Latin America and Caribbean) mix used for 0.24 TWh,2023.0,F1,,
wsob,PRY,,2023.0,F1,0.11955440301971512,0.08232000000000003
wsob,PSE,no fossil; regional (Middle East) mix used for 0.34 TWh,2023.0,F1,,
wsob,PSE,,2023.0,F1,0.07860993715017744,0.0
wsob,REU,,2023.0,F1,0.7621804511278196,0.0
wsob,RUS,,2023.0,F1,0.14841933038030247,0.0
wsob,RWA,,2023.0,F1,0.02142857142857143,0.0
wsob,SAU,,2023.0,F1,1.7681238075047698,0.0
wsob,SEN,,2023.0,F1,1.0013449732657214,0.0
wsob,SGP,,2023.0,F1,0.017287764678983526,0.0
wsob,SLV,,2023.0,F1,0.24355239768773274,0.0
wsob,SOM,,2023.0,F1,0.0,0.012282660548716393
wsob,SUR,,2023.0,F1,0.0004938271604938272,0.0
wsob,SYR,,2023.0,F1,0.04635459817729909,0.0
wsob,TGO,,2023.0,F1,0.10878,0.0
wsob,THA,,2023.0,F1,0.10754838250408834,0.0
wsob,TUN,,2023.0,F1,0.001888381361991648,0.0
wsob,TUR,,2023.0,F1,15.677738237389015,0.0
wsob,UGA,,2023.0,F1,0.0,0.19494809996485035
wsob,URY,,2023.0,F1,8.26506,0.024939999999999074
wsob,UZB,,2023.0,F1,0.016999747532118373,0.0
wsob,ZMB,,2023.0,F1,0.04692741493805813,0.0
wsob,BGR,,2023.0,F1nat,0.10050468637346792,0.0
wsob,BIH,,2023.0,F1nat,0.003867349026909148,0.0
wsob,CHE,,2023.0,F1nat,3.4727290105938966,0.0
wsob,DNK,,2023.0,F1nat,1.037342676434593,3.699332499546997
wsob,FIN,,2023.0,F1nat,0.14234285362702703,0.0
wsob,HRV,,2023.0,F1nat,3.000575815738965,0.0
wsob,LTU,,2023.0,F1nat,0.5035340605873193,0.0
wsob,LUX,,2023.0,F1nat,0.052559999999999996,0.9974400000000001
wsob,MNE,,2023.0,F1nat,0.0,0.22999999999999998
wsob,NOR,,2023.0,F1nat,0.09235201363400114,12.043027267490734
wsob,POL,,2023.0,F1nat,0.6702834500576591,0.0
wsob,SRB,,2023.0,F1nat,0.0037490226739640355,0.0
wsob,SVK,,2023.0,F1nat,0.16495521705024718,0.0
wsob,SVN,,2023.0,F1nat,0.0032054794520547944,0.0
wsob,SWE,,2023.0,F1nat,0.0,18.43852175064046
wsob,AFG,,2023.0,F1nat,0.020769230769230766,0.0
wsob,ATG,,2023.0,F1nat,0.0,0.02
wsob,AUS,,2023.0,F1nat,18.610296810292844,0.0
wsob,AZE,,2023.0,F1nat,0.0008309004685775349,0.0
wsob,BLR,,2023.0,F1nat,0.05566794558772236,0.0
wsob,BOL,,2023.0,F1nat,0.005865137395459994,0.0
wsob,BRA,,2023.0,F1nat,10.684041337735827,54.366301147945514
wsob,BRB,,2023.0,F1nat,0.010307765978479743,0.0
wsob,CAN,,2023.0,F1nat,2.488071306866118,0.0
wsob,CMR,,2023.0,F1nat,0.0013100518134715536,0.0
wsob,COD,no fossil; regional (Africa) mix used for 2.21 TWh,2023.0,F1nat,,
wsob,COD,,2023.0,F1nat,0.25132433110993413,1.78952
wsob,DOM,,2023.0,F1nat,1.023561604391096,0.0
wsob,EGY,,2023.0,F1nat,0.8808257208471548,0.0
wsob,ETH,no fossil; regional (Africa) mix used for 0.58 TWh,2023.0,F1nat,,
wsob,ETH,,2023.0,F1nat,0.48120620454468854,0.054400000000000115
wsob,FRO,no fossil; regional (Europe) mix used for 0.09 TWh,2023.0,F1nat,,
wsob,FRO,,2023.0,F1nat,0.08700512230164979,0.0
wsob,GRL,no fossil; regional (North America) mix used for 0.02 TWh,2023.0,F1nat,,
wsob,GRL,,2023.0,F1nat,0.01971882033235675,0.0
wsob,GTM,,2023.0,F1nat,1.6679919218552803,0.16989642618496426
wsob,GUF,,2023.0,F1nat,0.10999999999999999,0.0
wsob,GUM,no fossil; regional (Oceania) mix used for 0.14 TWh,2023.0,F1nat,,
wsob,GUM,,2023.0,F1nat,0.13431060113770368,0.0
wsob,GUY,,2023.0,F1nat,0.00022388059701492535,0.0
wsob,HND,,2023.0,F1nat,0.0,2.659553096856295
wsob,IRN,,2023.0,F1nat,0.15054783972622274,0.0
wsob,IRQ,,2023.0,F1nat,0.17924328097731237,0.0
wsob,ISL,no fossil; regional (Europe) mix used for 4.05 TWh,2023.0,F1nat,,
wsob,ISL,,2023.0,F1nat,0.2331505035742411,3.6820799999999996
wsob,ISR,,2023.0,F1nat,0.06251957950869236,0.0
wsob,KAZ,,2023.0,F1nat,1.9344376071824876,0.0
wsob,KEN,,2023.0,F1nat,0.0,5.66408
wsob,LKA,,2023.0,F1nat,0.44593645235287627,0.0
wsob,MAR,,2023.0,F1nat,4.29378690180809,0.0
wsob,MDA,,2023.0,F1nat,0.0027185966019422736,0.0
wsob,MMR,,2023.0,F1nat,0.0041005402458495,0.0
wsob,MNG,,2023.0,F1nat,0.0,0.7
wsob,MOZ,,2023.0,F1nat,0.008164301147363636,0.0
wsob,NIC,,2023.0,F1nat,0.0,0.9745020619054519
wsob,NPL,no fossil; regional (Asia) mix used for 0.11 TWh,2023.0,F1nat,,
wsob,NPL,,2023.0,F1nat,0.1087052012465355,0.0
wsob,NZL,,2023.0,F1nat,0.01722937876859666,0.0
wsob,OMN,,2023.0,F1nat,0.058998488189530955,0.0
wsob,PAN,,2023.0,F1nat,0.04713377804406993,0.0
wsob,PER,,2023.0,F1nat,0.0043500180050414115,0.0
wsob,PRI,,2023.0,F1nat,0.2587087909731988,0.0
wsob,PRK,,2023.0,F1nat,0.011133400200601804,0.0
wsob,PRY,no fossil; regional (Latin America and Caribbean) mix used for 0.24 TWh,2023.0,F1nat,,
wsob,PRY,,2023.0,F1nat,0.11955440301971512,0.08232000000000003
wsob,PSE,no fossil; regional (Middle East) mix used for 0.34 TWh,2023.0,F1nat,,
wsob,PSE,,2023.0,F1nat,0.07860993715017744,0.0
wsob,REU,,2023.0,F1nat,0.7621804511278196,0.0
wsob,RUS,,2023.0,F1nat,0.14841933038030247,0.0
wsob,RWA,,2023.0,F1nat,0.02142857142857143,0.0
wsob,SAU,,2023.0,F1nat,1.7681238075047698,0.0
wsob,SEN,,2023.0,F1nat,1.0013449732657214,0.0
wsob,SGP,,2023.0,F1nat,0.017287764678983526,0.0
wsob,SLV,,2023.0,F1nat,0.24355239768773274,0.0
wsob,SOM,,2023.0,F1nat,0.0,0.012282660548716393
wsob,SUR,,2023.0,F1nat,0.0004938271604938272,0.0
wsob,SYR,,2023.0,F1nat,0.04635459817729909,0.0
wsob,TGO,,2023.0,F1nat,0.10878,0.0
wsob,THA,,2023.0,F1nat,0.10754838250408834,0.0
wsob,TUN,,2023.0,F1nat,0.001888381361991648,0.0
wsob,TUR,,2023.0,F1nat,15.677738237389015,0.0
wsob,UGA,,2023.0,F1nat,0.0,0.19494809996485035
wsob,URY,,2023.0,F1nat,8.26506,0.024939999999999074
wsob,UZB,,2023.0,F1nat,0.016999747532118373,0.0
wsob,ZMB,,2023.0,F1nat,0.04692741493805813,0.0
wsob,COD,no fossil; regional (Africa) mix used for 2.21 TWh,2023.0,F1nocap,,
wsob,ETH,no fossil; regional (Africa) mix used for 0.58 TWh,2023.0,F1nocap,,
wsob,FRO,no fossil; regional (Europe) mix used for 0.09 TWh,2023.0,F1nocap,,
wsob,GRL,no fossil; regional (North America) mix used for 0.02 TWh,2023.0,F1nocap,,
wsob,GUM,no fossil; regional (Oceania) mix used for 0.14 TWh,2023.0,F1nocap,,
wsob,ISL,no fossil; regional (Europe) mix used for 4.05 TWh,2023.0,F1nocap,,
wsob,NPL,no fossil; regional (Asia) mix used for 0.11 TWh,2023.0,F1nocap,,
wsob,PRY,no fossil; regional (Latin America and Caribbean) mix used for 0.24 TWh,2023.0,F1nocap,,
wsob,PSE,no fossil; regional (Middle East) mix used for 0.34 TWh,2023.0,F1nocap,,
wsob,EUROPE_POOL,,2023.0,F1marg,38.0408246100993,0.0
wsob,AFG,,2023.0,F1marg,0.020769230769230766,0.0
wsob,ATG,,2023.0,F1marg,0.0,0.02
wsob,AUS,,2023.0,F1marg,13.136931629127659,0.0
wsob,AZE,,2023.0,F1marg,0.0008309004685775349,0.0
wsob,BLR,,2023.0,F1marg,0.05566794558772236,0.0
wsob,BOL,,2023.0,F1marg,0.005865137395459994,0.0
wsob,BRA,,2023.0,F1marg,10.684041337735827,54.366301147945514
wsob,BRB,,2023.0,F1marg,0.010307765978479743,0.0
wsob,CMR,,2023.0,F1marg,0.0013100518134715536,0.0
wsob,COD,no fossil; regional (Africa) mix used for 2.21 TWh,2023.0,F1marg,,
wsob,COD,,2023.0,F1marg,0.25132433110993413,1.78952
wsob,DOM,,2023.0,F1marg,1.023561604391096,0.0
wsob,EGY,,2023.0,F1marg,0.8808257208471548,0.0
wsob,ETH,no fossil; regional (Africa) mix used for 0.58 TWh,2023.0,F1marg,,
wsob,ETH,,2023.0,F1marg,0.48120620454468854,0.054400000000000115
wsob,FRO,no fossil; regional (Europe) mix used for 0.09 TWh,2023.0,F1marg,,
wsob,FRO,,2023.0,F1marg,0.08700512230164979,0.0
wsob,GRL,no fossil; regional (North America) mix used for 0.02 TWh,2023.0,F1marg,,
wsob,GRL,,2023.0,F1marg,0.01971882033235675,0.0
wsob,GTM,,2023.0,F1marg,1.6679919218552803,0.16989642618496426
wsob,GUF,,2023.0,F1marg,0.10999999999999999,0.0
wsob,GUM,no fossil; regional (Oceania) mix used for 0.14 TWh,2023.0,F1marg,,
wsob,GUM,,2023.0,F1marg,0.13431060113770368,0.0
wsob,GUY,,2023.0,F1marg,0.00022388059701492535,0.0
wsob,HND,,2023.0,F1marg,0.0,2.659553096856295
wsob,IRN,,2023.0,F1marg,0.15054783972622274,0.0
wsob,IRQ,,2023.0,F1marg,0.17924328097731237,0.0
wsob,ISL,no fossil; regional (Europe) mix used for 4.05 TWh,2023.0,F1marg,,
wsob,ISL,,2023.0,F1marg,0.2331505035742411,3.6820799999999996
wsob,ISR,,2023.0,F1marg,0.06251957950869236,0.0
wsob,KAZ,,2023.0,F1marg,1.9344376071824876,0.0
wsob,KEN,,2023.0,F1marg,0.0,5.66408
wsob,LKA,,2023.0,F1marg,0.44593645235287627,0.0
wsob,MAR,,2023.0,F1marg,4.29378690180809,0.0
wsob,MDA,,2023.0,F1marg,0.0027185966019422736,0.0
wsob,MMR,,2023.0,F1marg,0.0041005402458495,0.0
wsob,MNG,,2023.0,F1marg,0.0,0.7
wsob,MOZ,,2023.0,F1marg,0.008164301147363636,0.0
wsob,NIC,,2023.0,F1marg,0.0,0.9745020619054519
wsob,NPL,no fossil; regional (Asia) mix used for 0.11 TWh,2023.0,F1marg,,
wsob,NPL,,2023.0,F1marg,0.1087052012465355,0.0
wsob,NZL,,2023.0,F1marg,0.01724091574003404,0.0
wsob,OMN,,2023.0,F1marg,0.058998488189530955,0.0
wsob,PAN,,2023.0,F1marg,0.04713377804406993,0.0
wsob,PER,,2023.0,F1marg,0.0043500180050414115,0.0
wsob,PRI,,2023.0,F1marg,0.2587087909731988,0.0
wsob,PRK,,2023.0,F1marg,0.011133400200601804,0.0
wsob,PRY,no fossil; regional (Latin America and Caribbean) mix used for 0.24 TWh,2023.0,F1marg,,
wsob,PRY,,2023.0,F1marg,0.11955440301971512,0.08232000000000003
wsob,PSE,no fossil; regional (Middle East) mix used for 0.34 TWh,2023.0,F1marg,,
wsob,PSE,,2023.0,F1marg,0.07860993715017744,0.0
wsob,REU,,2023.0,F1marg,0.7621804511278196,0.0
wsob,RUS,,2023.0,F1marg,0.14841933038030247,0.0
wsob,RWA,,2023.0,F1marg,0.02142857142857143,0.0
wsob,SAU,,2023.0,F1marg,1.7681238075047698,0.0
wsob,SEN,,2023.0,F1marg,1.0013449732657214,0.0
wsob,SGP,,2023.0,F1marg,0.017287764678983526,0.0
wsob,SLV,,2023.0,F1marg,0.24355239768773274,0.0
wsob,SOM,,2023.0,F1marg,0.0,0.012282660548716393
wsob,SUR,,2023.0,F1marg,0.0004938271604938272,0.0
wsob,SYR,,2023.0,F1marg,0.04635459817729909,0.0
wsob,TGO,,2023.0,F1marg,0.10878,0.0
wsob,THA,,2023.0,F1marg,0.10754838250408834,0.0
wsob,TUN,,2023.0,F1marg,0.001888381361991648,0.0
wsob,TUR,,2023.0,F1marg,3.6382928920112363,0.0
wsob,UGA,,2023.0,F1marg,0.0,0.19494809996485035
wsob,URY,,2023.0,F1marg,8.26506,0.024939999999999074
wsob,UZB,,2023.0,F1marg,0.016999747532118373,0.0
wsob,ZMB,,2023.0,F1marg,0.04692741493805813,0.0
wsob,EUROPE_POOL,,2024.0,F1,56.16639624749766,0.0
wsob,AFG,,2024.0,F1,0.025384615384615384,0.0
wsob,ATG,,2024.0,F1,0.0,0.03
wsob,AUS,,2024.0,F1,24.224623473984003,0.0
wsob,AZE,,2024.0,F1,0.0007692307692307693,0.0
wsob,BLR,,2024.0,F1,0.0604874651810585,0.0
wsob,BOL,,2024.0,F1,0.017531556550951878,0.0
wsob,BRA,,2024.0,F1,13.184208453587118,100.17502114794551
wsob,BRB,,2024.0,F1,0.011453073309421939,0.0
wsob,CAN,,2024.0,F1,9.901823108405177,0.0
wsob,CHL,,2024.0,F1,4.222230056497169,0.0
wsob,CMR,,2024.0,F1,0.02752102564102571,0.0
wsob,COD,no fossil; regional (Africa) mix used for 2.52 TWh,2024.0,F1,,
wsob,COD,,2024.0,F1,2.026032531362229,0.3124800000000003
wsob,COG,,2024.0,F1,0.022674814814814807,0.014640000000000007
wsob,COL,,2024.0,F1,1.6694044766673233,0.0
wsob,DOM,,2024.0,F1,0.8777032573833243,0.0
wsob,EGY,,2024.0,F1,0.9895688060338692,0.0
wsob,ETH,no fossil; regional (Africa) mix used for 0.72 TWh,2024.0,F1,,
wsob,ETH,,2024.0,F1,0.4737464375320655,0.19440000000000007
wsob,GRL,no fossil; regional (North America) mix used for 0.03 TWh,2024.0,F1,,
wsob,GRL,,2024.0,F1,0.029596635586164603,0.0
wsob,GTM,,2024.0,F1,1.6723669505347862,0.39989642618496424
wsob,GUM,no fossil; regional (Oceania) mix used for 0.16 TWh,2024.0,F1,,
wsob,GUM,,2024.0,F1,0.1537314420238237,0.0
wsob,GUY,,2024.0,F1,0.00022388059701492535,0.0
wsob,HND,,2024.0,F1,1.34028,1.5292730968562944
wsob,IND,,2024.0,F1,53.26683515543908,0.0
wsob,IRN,,2024.0,F1,0.1570195160456191,0.0
wsob,IRQ,,2024.0,F1,0.19850644942294635,0.0
wsob,ISL,no fossil; regional (Europe) mix used for 3.93 TWh,2024.0,F1,,
wsob,ISL,,2024.0,F1,0.23664212395193238,3.5620800000000004
wsob,ISR,,2024.0,F1,0.06395382395382393,0.0
wsob,JPN,,2024.0,F1,0.09709317410541018,0.0
wsob,KAZ,,2024.0,F1,2.459504378980892,0.0
wsob,KEN,,2024.0,F1,0.0,5.6940800000000005
wsob,KHM,,2024.0,F1,0.30737477569384075,0.0
wsob,LKA,,2024.0,F1,1.1573599999999988,0.0
wsob,MAR,,2024.0,F1,4.326379903189517,0.8146889076648582
wsob,MDA,,2024.0,F1,0.0032349561869969446,0.0
wsob,MMR,,2024.0,F1,0.004134275618374559,0.0
wsob,MNG,,2024.0,F1,0.0,0.13079999999999914
wsob,MOZ,,2024.0,F1,0.00854624257625138,0.0
wsob,MUS,,2024.0,F1,0.02692089984094758,0.0
wsob,NCL,,2024.0,F1,0.16900525175021502,0.0
wsob,NIC,,2024.0,F1,0.0,0.9745020619054519
wsob,NPL,no fossil; regional (Asia) mix used for 0.13 TWh,2024.0,F1,,
wsob,NPL,,2024.0,F1,0.12866579459347324,0.0
wsob,NRU,no fossil; regional (Oceania) mix used for 0.01 TWh,2024.0,F1,,
wsob,NRU,,2024.0,F1,0.00960821512648898,0.0
wsob,NZL,,2024.0,F1,1.6560404859341609,0.0
wsob,OMN,,2024.0,F1,0.059317870383641925,0.0
wsob,PRI,,2024.0,F1,0.2887586185469598,0.0
wsob,PRK,,2024.0,F1,0.011983887210473313,0.0
wsob,PRY,no fossil; regional (Latin America and Caribbean) mix used for 0.24 TWh,2024.0,F1,,
wsob,PRY,,2024.0,F1,0.12251101617928772,0.08232
wsob,PSE,no fossil; regional (Middle East) mix used for 0.39 TWh,2024.0,F1,,
wsob,PSE,,2024.0,F1,0.08556370557669779,0.0
wsob,RUS,,2024.0,F1,0.1399042259338617,0.0
wsob,SAU,,2024.0,F1,3.4624540263477357,0.0
wsob,SEN,,2024.0,F1,0.005802320902758294,0.0
wsob,SGP,,2024.0,F1,0.020174132893287792,0.0
wsob,SLV,,2024.0,F1,0.28355239768773277,0.0
wsob,SOM,,2024.0,F1,0.0,0.022282660548716388
wsob,SUR,,2024.0,F1,0.00048780487804878043,0.0
wsob,SYR,,2024.0,F1,0.04583333333333334,0.0
wsob,TGO,,2024.0,F1,0.10877999999999999,0.0
wsob,THA,,2024.0,F1,0.035166853039844626,0.0
wsob,TUN,,2024.0,F1,0.0021305689440061725,0.0
wsob,TUR,,2024.0,F1,27.056851751458943,0.0
wsob,UGA,,2024.0,F1,0.0,0.21494809996485037
wsob,URY,,2024.0,F1,8.26506,0.1970200000000002
wsob,UZB,,2024.0,F1,0.08243667128683135,0.0
wsob,ZMB,,2024.0,F1,0.06688979884571539,0.0
wsob,BGR,,2024.0,F1nat,0.2038155515370705,0.0
wsob,BIH,,2024.0,F1nat,0.004188962742250161,0.0
wsob,CHE,,2024.0,F1nat,4.34758124142412,0.0
wsob,DEU,,2024.0,F1nat,5.11039911175223,0.0
wsob,DNK,,2024.0,F1nat,0.878705115590519,10.387972499546997
wsob,ESP,,2024.0,F1nat,1.8175719448021788,0.0
wsob,EST,,2024.0,F1nat,1.386331480144404,0.05618000000000034
wsob,FIN,,2024.0,F1nat,3.495938863539223,0.0
wsob,FRA,,2024.0,F1nat,3.97331995439348,0.0
wsob,GBR,,2024.0,F1nat,2.695058956388108,0.0
wsob,HRV,,2024.0,F1nat,3.5862068965517246,0.0
wsob,LTU,,2024.0,F1nat,0.525498083421485,0.0
wsob,LUX,,2024.0,F1nat,0.052559999999999996,1.0874400000000002
wsob,MKD,,2024.0,F1nat,0.011569209627806498,0.0
wsob,MNE,,2024.0,F1nat,0.0,0.11823999999999993
wsob,NOR,,2024.0,F1nat,0.08129140783316813,12.804927267490731
wsob,POL,,2024.0,F1nat,0.8088920364337321,0.0
wsob,PRT,,2024.0,F1nat,1.3013361937507713,0.0
wsob,SRB,,2024.0,F1nat,0.009060135404221426,0.0
wsob,SVK,,2024.0,F1nat,0.19077962857592523,0.0
wsob,SVN,,2024.0,F1nat,0.0070999999999999995,0.0
wsob,SWE,,2024.0,F1nat,0.0,18.126681750640465
wsob,AFG,,2024.0,F1nat,0.025384615384615384,0.0
wsob,ATG,,2024.0,F1nat,0.0,0.03
wsob,AUS,,2024.0,F1nat,24.224623473984003,0.0
wsob,AZE,,2024.0,F1nat,0.0007692307692307693,0.0
wsob,BLR,,2024.0,F1nat,0.0604874651810585,0.0
wsob,BOL,,2024.0,F1nat,0.017531556550951878,0.0
wsob,BRA,,2024.0,F1nat,13.184208453587118,100.17502114794551
wsob,BRB,,2024.0,F1nat,0.011453073309421939,0.0
wsob,CAN,,2024.0,F1nat,9.901823108405177,0.0
wsob,CHL,,2024.0,F1nat,4.222230056497169,0.0
wsob,CMR,,2024.0,F1nat,0.02752102564102571,0.0
wsob,COD,no fossil; regional (Africa) mix used for 2.52 TWh,2024.0,F1nat,,
wsob,COD,,2024.0,F1nat,2.026032531362229,0.3124800000000003
wsob,COG,,2024.0,F1nat,0.022674814814814807,0.014640000000000007
wsob,COL,,2024.0,F1nat,1.6694044766673233,0.0
wsob,DOM,,2024.0,F1nat,0.8777032573833243,0.0
wsob,EGY,,2024.0,F1nat,0.9895688060338692,0.0
wsob,ETH,no fossil; regional (Africa) mix used for 0.72 TWh,2024.0,F1nat,,
wsob,ETH,,2024.0,F1nat,0.4737464375320655,0.19440000000000007
wsob,GRL,no fossil; regional (North America) mix used for 0.03 TWh,2024.0,F1nat,,
wsob,GRL,,2024.0,F1nat,0.029596635586164603,0.0
wsob,GTM,,2024.0,F1nat,1.6723669505347862,0.39989642618496424
wsob,GUM,no fossil; regional (Oceania) mix used for 0.16 TWh,2024.0,F1nat,,
wsob,GUM,,2024.0,F1nat,0.1537314420238237,0.0
wsob,GUY,,2024.0,F1nat,0.00022388059701492535,0.0
wsob,HND,,2024.0,F1nat,1.34028,1.5292730968562944
wsob,IND,,2024.0,F1nat,53.26683515543908,0.0
wsob,IRN,,2024.0,F1nat,0.1570195160456191,0.0
wsob,IRQ,,2024.0,F1nat,0.19850644942294635,0.0
wsob,ISL,no fossil; regional (Europe) mix used for 3.93 TWh,2024.0,F1nat,,
wsob,ISL,,2024.0,F1nat,0.23664212395193238,3.5620800000000004
wsob,ISR,,2024.0,F1nat,0.06395382395382393,0.0
wsob,JPN,,2024.0,F1nat,0.09709317410541018,0.0
wsob,KAZ,,2024.0,F1nat,2.459504378980892,0.0
wsob,KEN,,2024.0,F1nat,0.0,5.6940800000000005
wsob,KHM,,2024.0,F1nat,0.30737477569384075,0.0
wsob,LKA,,2024.0,F1nat,1.1573599999999988,0.0
wsob,MAR,,2024.0,F1nat,4.326379903189517,0.8146889076648582
wsob,MDA,,2024.0,F1nat,0.0032349561869969446,0.0
wsob,MMR,,2024.0,F1nat,0.004134275618374559,0.0
wsob,MNG,,2024.0,F1nat,0.0,0.13079999999999914
wsob,MOZ,,2024.0,F1nat,0.00854624257625138,0.0
wsob,MUS,,2024.0,F1nat,0.02692089984094758,0.0
wsob,NCL,,2024.0,F1nat,0.16900525175021502,0.0
wsob,NIC,,2024.0,F1nat,0.0,0.9745020619054519
wsob,NPL,no fossil; regional (Asia) mix used for 0.13 TWh,2024.0,F1nat,,
wsob,NPL,,2024.0,F1nat,0.12866579459347324,0.0
wsob,NRU,no fossil; regional (Oceania) mix used for 0.01 TWh,2024.0,F1nat,,
wsob,NRU,,2024.0,F1nat,0.00960821512648898,0.0
wsob,NZL,,2024.0,F1nat,1.6560404859341609,0.0
wsob,OMN,,2024.0,F1nat,0.059317870383641925,0.0
wsob,PRI,,2024.0,F1nat,0.2887586185469598,0.0
wsob,PRK,,2024.0,F1nat,0.011983887210473313,0.0
wsob,PRY,no fossil; regional (Latin America and Caribbean) mix used for 0.24 TWh,2024.0,F1nat,,
wsob,PRY,,2024.0,F1nat,0.12251101617928772,0.08232
wsob,PSE,no fossil; regional (Middle East) mix used for 0.39 TWh,2024.0,F1nat,,
wsob,PSE,,2024.0,F1nat,0.08556370557669779,0.0
wsob,RUS,,2024.0,F1nat,0.1399042259338617,0.0
wsob,SAU,,2024.0,F1nat,3.4624540263477357,0.0
wsob,SEN,,2024.0,F1nat,0.005802320902758294,0.0
wsob,SGP,,2024.0,F1nat,0.020174132893287792,0.0
wsob,SLV,,2024.0,F1nat,0.28355239768773277,0.0
wsob,SOM,,2024.0,F1nat,0.0,0.022282660548716388
wsob,SUR,,2024.0,F1nat,0.00048780487804878043,0.0
wsob,SYR,,2024.0,F1nat,0.04583333333333334,0.0
wsob,TGO,,2024.0,F1nat,0.10877999999999999,0.0
wsob,THA,,2024.0,F1nat,0.035166853039844626,0.0
wsob,TUN,,2024.0,F1nat,0.0021305689440061725,0.0
wsob,TUR,,2024.0,F1nat,27.056851751458943,0.0
wsob,UGA,,2024.0,F1nat,0.0,0.21494809996485037
wsob,URY,,2024.0,F1nat,8.26506,0.1970200000000002
wsob,UZB,,2024.0,F1nat,0.08243667128683135,0.0
wsob,ZMB,,2024.0,F1nat,0.06688979884571539,0.0
wsob,COD,no fossil; regional (Africa) mix used for 2.52 TWh,2024.0,F1nocap,,
wsob,ETH,no fossil; regional (Africa) mix used for 0.72 TWh,2024.0,F1nocap,,
wsob,GRL,no fossil; regional (North America) mix used for 0.03 TWh,2024.0,F1nocap,,
wsob,GUM,no fossil; regional (Oceania) mix used for 0.16 TWh,2024.0,F1nocap,,
wsob,ISL,no fossil; regional (Europe) mix used for 3.93 TWh,2024.0,F1nocap,,
wsob,NPL,no fossil; regional (Asia) mix used for 0.13 TWh,2024.0,F1nocap,,
wsob,NRU,no fossil; regional (Oceania) mix used for 0.01 TWh,2024.0,F1nocap,,
wsob,PRY,no fossil; regional (Latin America and Caribbean) mix used for 0.24 TWh,2024.0,F1nocap,,
wsob,PSE,no fossil; regional (Middle East) mix used for 0.39 TWh,2024.0,F1nocap,,
wsob,EUROPE_POOL,,2024.0,F1marg,49.19395448930423,0.0
wsob,AFG,,2024.0,F1marg,0.025384615384615384,0.0
wsob,ATG,,2024.0,F1marg,0.0,0.03
wsob,AUS,,2024.0,F1marg,18.248049387830406,0.0
wsob,AZE,,2024.0,F1marg,0.0007692307692307693,0.0
wsob,BLR,,2024.0,F1marg,0.0604874651810585,0.0
wsob,BOL,,2024.0,F1marg,0.017531556550951878,0.0
wsob,BRA,,2024.0,F1marg,13.184208453587118,100.17502114794551
wsob,BRB,,2024.0,F1marg,0.011453073309421939,0.0
wsob,CAN,,2024.0,F1marg,6.347713812297945,0.0
wsob,CHL,,2024.0,F1marg,4.222230056497169,0.0
wsob,CMR,,2024.0,F1marg,0.02752102564102571,0.0
wsob,COD,no fossil; regional (Africa) mix used for 2.52 TWh,2024.0,F1marg,,
wsob,COD,,2024.0,F1marg,2.026032531362229,0.3124800000000003
wsob,COG,,2024.0,F1marg,0.022674814814814807,0.014640000000000007
wsob,COL,,2024.0,F1marg,1.6694044766673233,0.0
wsob,DOM,,2024.0,F1marg,0.8777032573833243,0.0
wsob,EGY,,2024.0,F1marg,0.9895688060338692,0.0
wsob,ETH,no fossil; regional (Africa) mix used for 0.72 TWh,2024.0,F1marg,,
wsob,ETH,,2024.0,F1marg,0.4737464375320655,0.19440000000000007
wsob,GRL,no fossil; regional (North America) mix used for 0.03 TWh,2024.0,F1marg,,
wsob,GRL,,2024.0,F1marg,0.029596635586164603,0.0
wsob,GTM,,2024.0,F1marg,1.6723669505347862,0.39989642618496424
wsob,GUM,no fossil; regional (Oceania) mix used for 0.16 TWh,2024.0,F1marg,,
wsob,GUM,,2024.0,F1marg,0.1537314420238237,0.0
wsob,GUY,,2024.0,F1marg,0.00022388059701492535,0.0
wsob,HND,,2024.0,F1marg,1.34028,1.5292730968562944
wsob,IND,,2024.0,F1marg,53.26683515543908,0.0
wsob,IRN,,2024.0,F1marg,0.1570195160456191,0.0
wsob,IRQ,,2024.0,F1marg,0.19850644942294635,0.0
wsob,ISL,no fossil; regional (Europe) mix used for 3.93 TWh,2024.0,F1marg,,
wsob,ISL,,2024.0,F1marg,0.23664212395193238,3.5620800000000004
wsob,ISR,,2024.0,F1marg,0.06395382395382393,0.0
wsob,JPN,,2024.0,F1marg,0.09709317410541018,0.0
wsob,KAZ,,2024.0,F1marg,2.459504378980892,0.0
wsob,KEN,,2024.0,F1marg,0.0,5.6940800000000005
wsob,KHM,,2024.0,F1marg,0.30737477569384075,0.0
wsob,LKA,,2024.0,F1marg,1.1573599999999988,0.0
wsob,MAR,,2024.0,F1marg,4.326379903189517,0.8146889076648582
wsob,MDA,,2024.0,F1marg,0.0032349561869969446,0.0
wsob,MMR,,2024.0,F1marg,0.004134275618374559,0.0
wsob,MNG,,2024.0,F1marg,0.0,0.13079999999999914
wsob,MOZ,,2024.0,F1marg,0.00854624257625138,0.0
wsob,MUS,,2024.0,F1marg,0.02692089984094758,0.0
wsob,NCL,,2024.0,F1marg,0.16900525175021502,0.0
wsob,NIC,,2024.0,F1marg,0.0,0.9745020619054519
wsob,NPL,no fossil; regional (Asia) mix used for 0.13 TWh,2024.0,F1marg,,
wsob,NPL,,2024.0,F1marg,0.12866579459347324,0.0
wsob,NRU,no fossil; regional (Oceania) mix used for 0.01 TWh,2024.0,F1marg,,
wsob,NRU,,2024.0,F1marg,0.00960821512648898,0.0
wsob,NZL,,2024.0,F1marg,1.6645257456965068,0.0
wsob,OMN,,2024.0,F1marg,0.059317870383641925,0.0
wsob,PRI,,2024.0,F1marg,0.2887586185469598,0.0
wsob,PRK,,2024.0,F1marg,0.011983887210473313,0.0
wsob,PRY,no fossil; regional (Latin America and Caribbean) mix used for 0.24 TWh,2024.0,F1marg,,
wsob,PRY,,2024.0,F1marg,0.12251101617928772,0.08232
wsob,PSE,no fossil; regional (Middle East) mix used for 0.39 TWh,2024.0,F1marg,,
wsob,PSE,,2024.0,F1marg,0.08556370557669779,0.0
wsob,RUS,,2024.0,F1marg,0.1399042259338617,0.0
wsob,SAU,,2024.0,F1marg,3.4624540263477357,0.0
wsob,SEN,,2024.0,F1marg,0.005802320902758294,0.0
wsob,SGP,,2024.0,F1marg,0.020174132893287792,0.0
wsob,SLV,,2024.0,F1marg,0.28355239768773277,0.0
wsob,SOM,,2024.0,F1marg,0.0,0.022282660548716388
wsob,SUR,,2024.0,F1marg,0.00048780487804878043,0.0
wsob,SYR,,2024.0,F1marg,0.04583333333333334,0.0
wsob,TGO,,2024.0,F1marg,0.10877999999999999,0.0
wsob,THA,,2024.0,F1marg,0.035166853039844626,0.0
wsob,TUN,,2024.0,F1marg,0.0021305689440061725,0.0
wsob,TUR,,2024.0,F1marg,13.35996260181377,0.0
wsob,UGA,,2024.0,F1marg,0.0,0.21494809996485037
wsob,URY,,2024.0,F1marg,8.26506,0.1970200000000002
wsob,UZB,,2024.0,F1marg,0.08243667128683135,0.0
wsob,ZMB,,2024.0,F1marg,0.06688979884571539,0.0
wsob,EUROPE_POOL,,2025.0,F1,59.47742250646476,0.0
wsob,AFG,,2025.0,F1,0.025384615384615384,0.0
wsob,ATG,,2025.0,F1,0.0,0.03
wsob,AUS,,2025.0,F1,29.629823581241837,0.0
wsob,AZE,,2025.0,F1,0.0006671136030706778,0.0
wsob,BLR,,2025.0,F1,0.05850245021447546,0.0
wsob,BOL,,2025.0,F1,0.014099839265212435,0.0
wsob,BRA,,2025.0,F1,13.072090226872398,118.72654114794551
wsob,BRB,,2025.0,F1,0.011453073309421939,0.0
wsob,CAN,,2025.0,F1,10.769410066263735,0.0
wsob,CHL,,2025.0,F1,13.536733548387103,0.0
wsob,CMR,,2025.0,F1,0.02752102564102571,0.0
wsob,COD,no fossil; regional (Africa) mix used for 2.52 TWh,2025.0,F1,,
wsob,COD,,2025.0,F1,2.023635698155874,0.31247999999999987
wsob,COG,,2025.0,F1,0.022674814814814807,0.014640000000000007
wsob,CRI,no fossil; regional (Latin America and Caribbean) mix used for 1.81 TWh,2025.0,F1,,
wsob,CRI,,2025.0,F1,1.5422945441825342,0.0
wsob,DOM,,2025.0,F1,0.5802005555555547,0.0
wsob,EGY,,2025.0,F1,1.381456915603812,0.0
wsob,ETH,no fossil; regional (Africa) mix used for 1.12 TWh,2025.0,F1,,
wsob,ETH,,2025.0,F1,0.4438736436248329,0.5944
wsob,GRL,no fossil; regional (North America) mix used for 0.03 TWh,2025.0,F1,,
wsob,GRL,,2025.0,F1,0.029590516659898206,0.0
wsob,GTM,,2025.0,F1,1.6723669505347862,0.39989642618496424
wsob,GUM,no fossil; regional (Oceania) mix used for 0.16 TWh,2025.0,F1,,
wsob,GUM,,2025.0,F1,0.15344957437659715,0.0
wsob,GUY,,2025.0,F1,0.00022388059701492535,0.0
wsob,HND,,2025.0,F1,1.34028,1.5292730968562944
wsob,IND,,2025.0,F1,19.764701558171225,0.0
wsob,IRN,,2025.0,F1,0.10645544183055569,0.0
wsob,IRQ,,2025.0,F1,0.19850644942294635,0.0
wsob,ISL,no fossil; regional (Europe) mix used for 3.93 TWh,2025.0,F1,,
wsob,ISL,,2025.0,F1,0.24523431942125856,3.56208
wsob,JPN,,2025.0,F1,16.014374931832947,0.0
wsob,KAZ,,2025.0,F1,2.589685317633655,0.0
wsob,KEN,,2025.0,F1,0.0,6.634080000000001
wsob,KHM,,2025.0,F1,1.7030309073232692,0.0
wsob,LKA,,2025.0,F1,1.7673600000000003,0.0
wsob,MAR,,2025.0,F1,3.8761214758075386,2.4246889076648586
wsob,MDA,,2025.0,F1,0.012995281628629419,0.0
wsob,MMR,,2025.0,F1,0.004134275618374559,0.0
wsob,MOZ,,2025.0,F1,0.00854624257625138,0.0
wsob,MUS,,2025.0,F1,0.02692089984094758,0.0
wsob,NCL,,2025.0,F1,0.16900525175021502,0.0
wsob,NIC,,2025.0,F1,0.0,0.9745020619054519
wsob,NPL,no fossil; regional (Asia) mix used for 0.13 TWh,2025.0,F1,,
wsob,NPL,,2025.0,F1,0.12866949247207635,0.0
wsob,NRU,no fossil; regional (Oceania) mix used for 0.01 TWh,2025.0,F1,,
wsob,NRU,,2025.0,F1,0.009590598398537322,0.0
wsob,NZL,,2025.0,F1,2.4299584386814708,0.0
wsob,OMN,,2025.0,F1,0.054851894077571,0.0
wsob,PER,,2025.0,F1,0.0019299044151115158,0.0
wsob,PRI,,2025.0,F1,0.28109784089459655,0.0
wsob,PRK,,2025.0,F1,0.011983887210473313,0.0
wsob,PRY,no fossil; regional (Latin America and Caribbean) mix used for 0.24 TWh,2025.0,F1,,
wsob,PRY,,2025.0,F1,0.12218314398000452,0.08232
wsob,PSE,no fossil; regional (Middle East) mix used for 0.39 TWh,2025.0,F1,,
wsob,PSE,,2025.0,F1,0.08038112238146103,0.0
wsob,RUS,,2025.0,F1,0.1280714583659211,0.0
wsob,SAU,,2025.0,F1,3.4624540263477357,0.0
wsob,SEN,,2025.0,F1,0.005802320902758294,0.0
wsob,SGP,,2025.0,F1,0.023893409455238438,0.0
wsob,SLV,,2025.0,F1,0.13355239768773286,0.0
wsob,SOM,,2025.0,F1,0.0,0.022282660548716388
wsob,SUR,,2025.0,F1,0.00048780487804878043,0.0
wsob,SYR,,2025.0,F1,0.04583333333333334,0.0
wsob,TGO,,2025.0,F1,0.10877999999999999,0.0
wsob,THA,,2025.0,F1,0.01936321956189506,0.0
wsob,TUN,,2025.0,F1,0.001940877085525866,0.0
wsob,TUR,,2025.0,F1,32.07880580605344,0.0
wsob,TWN,,2025.0,F1,0.4256626093477447,0.0
wsob,UGA,,2025.0,F1,0.0,0.21494809996485037
wsob,URY,,2025.0,F1,8.26506,0.01702000000000048
wsob,UZB,,2025.0,F1,0.1767013632777976,0.0
wsob,ZMB,,2025.0,F1,0.06688979884571539,0.0
wsob,BGR,,2025.0,F1nat,0.24243902439024395,0.0
wsob,BIH,,2025.0,F1nat,0.005912627424497903,0.0
wsob,CHE,,2025.0,F1nat,6.316814726054665,0.0
wsob,DEU,,2025.0,F1nat,5.040672701875948,0.0
wsob,DNK,,2025.0,F1nat,3.560055424447822,9.087972499547
wsob,ESP,,2025.0,F1nat,0.5374311014294122,0.0
wsob,EST,,2025.0,F1nat,1.36626162601626,0.5643399999999996
wsob,FIN,,2025.0,F1nat,4.7814385758422295,2.1117242508950964
wsob,FRA,,2025.0,F1nat,5.617540573780655,0.0
wsob,GBR,,2025.0,F1nat,0.48207460956371506,0.0
wsob,HRV,,2025.0,F1nat,4.2783954154727795,0.0
wsob,IRL,,2025.0,F1nat,0.09739238927011852,0.0
wsob,LTU,,2025.0,F1nat,0.3507463613099954,0.0
wsob,LUX,,2025.0,F1nat,0.052559999999999996,1.1874399999999998
wsob,MKD,,2025.0,F1nat,0.27044038567134077,0.0
wsob,NOR,,2025.0,F1nat,0.0,11.31492726749073
wsob,POL,,2025.0,F1nat,0.8334912864975338,0.0
wsob,PRT,,2025.0,F1nat,0.5009685278440388,0.0
wsob,SRB,,2025.0,F1nat,0.00847752172270495,0.0
wsob,SVK,,2025.0,F1nat,0.18313231352777307,0.0
wsob,SWE,,2025.0,F1nat,0.0,18.413721750640462
wsob,AFG,,2025.0,F1nat,0.025384615384615384,0.0
wsob,ATG,,2025.0,F1nat,0.0,0.03
wsob,AUS,,2025.0,F1nat,29.629823581241837,0.0
wsob,AZE,,2025.0,F1nat,0.0006671136030706778,0.0
wsob,BLR,,2025.0,F1nat,0.05850245021447546,0.0
wsob,BOL,,2025.0,F1nat,0.014099839265212435,0.0
wsob,BRA,,2025.0,F1nat,13.072090226872398,118.72654114794551
wsob,BRB,,2025.0,F1nat,0.011453073309421939,0.0
wsob,CAN,,2025.0,F1nat,10.769410066263735,0.0
wsob,CHL,,2025.0,F1nat,13.536733548387103,0.0
wsob,CMR,,2025.0,F1nat,0.02752102564102571,0.0
wsob,COD,no fossil; regional (Africa) mix used for 2.52 TWh,2025.0,F1nat,,
wsob,COD,,2025.0,F1nat,2.023635698155874,0.31247999999999987
wsob,COG,,2025.0,F1nat,0.022674814814814807,0.014640000000000007
wsob,CRI,no fossil; regional (Latin America and Caribbean) mix used for 1.81 TWh,2025.0,F1nat,,
wsob,CRI,,2025.0,F1nat,1.5422945441825342,0.0
wsob,DOM,,2025.0,F1nat,0.5802005555555547,0.0
wsob,EGY,,2025.0,F1nat,1.381456915603812,0.0
wsob,ETH,no fossil; regional (Africa) mix used for 1.12 TWh,2025.0,F1nat,,
wsob,ETH,,2025.0,F1nat,0.4438736436248329,0.5944
wsob,GRL,no fossil; regional (North America) mix used for 0.03 TWh,2025.0,F1nat,,
wsob,GRL,,2025.0,F1nat,0.029590516659898206,0.0
wsob,GTM,,2025.0,F1nat,1.6723669505347862,0.39989642618496424
wsob,GUM,no fossil; regional (Oceania) mix used for 0.16 TWh,2025.0,F1nat,,
wsob,GUM,,2025.0,F1nat,0.15344957437659715,0.0
wsob,GUY,,2025.0,F1nat,0.00022388059701492535,0.0
wsob,HND,,2025.0,F1nat,1.34028,1.5292730968562944
wsob,IND,,2025.0,F1nat,19.764701558171225,0.0
wsob,IRN,,2025.0,F1nat,0.10645544183055569,0.0
wsob,IRQ,,2025.0,F1nat,0.19850644942294635,0.0
wsob,ISL,no fossil; regional (Europe) mix used for 3.93 TWh,2025.0,F1nat,,
wsob,ISL,,2025.0,F1nat,0.24523431942125856,3.56208
wsob,JPN,,2025.0,F1nat,16.014374931832947,0.0
wsob,KAZ,,2025.0,F1nat,2.589685317633655,0.0
wsob,KEN,,2025.0,F1nat,0.0,6.634080000000001
wsob,KHM,,2025.0,F1nat,1.7030309073232692,0.0
wsob,LKA,,2025.0,F1nat,1.7673600000000003,0.0
wsob,MAR,,2025.0,F1nat,3.8761214758075386,2.4246889076648586
wsob,MDA,,2025.0,F1nat,0.012995281628629419,0.0
wsob,MMR,,2025.0,F1nat,0.004134275618374559,0.0
wsob,MOZ,,2025.0,F1nat,0.00854624257625138,0.0
wsob,MUS,,2025.0,F1nat,0.02692089984094758,0.0
wsob,NCL,,2025.0,F1nat,0.16900525175021502,0.0
wsob,NIC,,2025.0,F1nat,0.0,0.9745020619054519
wsob,NPL,no fossil; regional (Asia) mix used for 0.13 TWh,2025.0,F1nat,,
wsob,NPL,,2025.0,F1nat,0.12866949247207635,0.0
wsob,NRU,no fossil; regional (Oceania) mix used for 0.01 TWh,2025.0,F1nat,,
wsob,NRU,,2025.0,F1nat,0.009590598398537322,0.0
wsob,NZL,,2025.0,F1nat,2.4299584386814708,0.0
wsob,OMN,,2025.0,F1nat,0.054851894077571,0.0
wsob,PER,,2025.0,F1nat,0.0019299044151115158,0.0
wsob,PRI,,2025.0,F1nat,0.28109784089459655,0.0
wsob,PRK,,2025.0,F1nat,0.011983887210473313,0.0
wsob,PRY,no fossil; regional (Latin America and Caribbean) mix used for 0.24 TWh,2025.0,F1nat,,
wsob,PRY,,2025.0,F1nat,0.12218314398000452,0.08232
wsob,PSE,no fossil; regional (Middle East) mix used for 0.39 TWh,2025.0,F1nat,,
wsob,PSE,,2025.0,F1nat,0.08038112238146103,0.0
wsob,RUS,,2025.0,F1nat,0.1280714583659211,0.0
wsob,SAU,,2025.0,F1nat,3.4624540263477357,0.0
wsob,SEN,,2025.0,F1nat,0.005802320902758294,0.0
wsob,SGP,,2025.0,F1nat,0.023893409455238438,0.0
wsob,SLV,,2025.0,F1nat,0.13355239768773286,0.0
wsob,SOM,,2025.0,F1nat,0.0,0.022282660548716388
wsob,SUR,,2025.0,F1nat,0.00048780487804878043,0.0
wsob,SYR,,2025.0,F1nat,0.04583333333333334,0.0
wsob,TGO,,2025.0,F1nat,0.10877999999999999,0.0
wsob,THA,,2025.0,F1nat,0.01936321956189506,0.0
wsob,TUN,,2025.0,F1nat,0.001940877085525866,0.0
wsob,TUR,,2025.0,F1nat,32.07880580605344,0.0
wsob,TWN,,2025.0,F1nat,0.4256626093477447,0.0
wsob,UGA,,2025.0,F1nat,0.0,0.21494809996485037
wsob,URY,,2025.0,F1nat,8.26506,0.01702000000000048
wsob,UZB,,2025.0,F1nat,0.1767013632777976,0.0
wsob,ZMB,,2025.0,F1nat,0.06688979884571539,0.0
wsob,COD,no fossil; regional (Africa) mix used for 2.52 TWh,2025.0,F1nocap,,
wsob,CRI,no fossil; regional (Latin America and Caribbean) mix used for 1.81 TWh,2025.0,F1nocap,,
wsob,ETH,no fossil; regional (Africa) mix used for 1.12 TWh,2025.0,F1nocap,,
wsob,GRL,no fossil; regional (North America) mix used for 0.03 TWh,2025.0,F1nocap,,
wsob,GUM,no fossil; regional (Oceania) mix used for 0.16 TWh,2025.0,F1nocap,,
wsob,ISL,no fossil; regional (Europe) mix used for 3.93 TWh,2025.0,F1nocap,,
wsob,NPL,no fossil; regional (Asia) mix used for 0.13 TWh,2025.0,F1nocap,,
wsob,NRU,no fossil; regional (Oceania) mix used for 0.01 TWh,2025.0,F1nocap,,
wsob,PRY,no fossil; regional (Latin America and Caribbean) mix used for 0.24 TWh,2025.0,F1nocap,,
wsob,PSE,no fossil; regional (Middle East) mix used for 0.39 TWh,2025.0,F1nocap,,
wsob,EUROPE_POOL,,2025.0,F1marg,46.629213139005614,0.0
wsob,AFG,,2025.0,F1marg,0.025384615384615384,0.0
wsob,ATG,,2025.0,F1marg,0.0,0.03
wsob,AUS,,2025.0,F1marg,22.702332115586017,0.0
wsob,AZE,,2025.0,F1marg,0.0006671136030706778,0.0
wsob,BLR,,2025.0,F1marg,0.05850245021447546,0.0
wsob,BOL,,2025.0,F1marg,0.014099839265212435,0.0
wsob,BRA,,2025.0,F1marg,13.072090226872398,118.72654114794551
wsob,BRB,,2025.0,F1marg,0.011453073309421939,0.0
wsob,CAN,,2025.0,F1marg,6.893590176088118,0.0
wsob,CHL,,2025.0,F1marg,13.536733548387103,0.0
wsob,CMR,,2025.0,F1marg,0.02752102564102571,0.0
wsob,COD,no fossil; regional (Africa) mix used for 2.52 TWh,2025.0,F1marg,,
wsob,COD,,2025.0,F1marg,2.023635698155874,0.31247999999999987
wsob,COG,,2025.0,F1marg,0.022674814814814807,0.014640000000000007
wsob,CRI,no fossil; regional (Latin America and Caribbean) mix used for 1.81 TWh,2025.0,F1marg,,
wsob,CRI,,2025.0,F1marg,1.5422945441825342,0.0
wsob,DOM,,2025.0,F1marg,0.5802005555555547,0.0
wsob,EGY,,2025.0,F1marg,1.381456915603812,0.0
wsob,ETH,no fossil; regional (Africa) mix used for 1.12 TWh,2025.0,F1marg,,
wsob,ETH,,2025.0,F1marg,0.4438736436248329,0.5944
wsob,GRL,no fossil; regional (North America) mix used for 0.03 TWh,2025.0,F1marg,,
wsob,GRL,,2025.0,F1marg,0.029590516659898206,0.0
wsob,GTM,,2025.0,F1marg,1.6723669505347862,0.39989642618496424
wsob,GUM,no fossil; regional (Oceania) mix used for 0.16 TWh,2025.0,F1marg,,
wsob,GUM,,2025.0,F1marg,0.15344957437659715,0.0
wsob,GUY,,2025.0,F1marg,0.00022388059701492535,0.0
wsob,HND,,2025.0,F1marg,1.34028,1.5292730968562944
wsob,IND,,2025.0,F1marg,19.764701558171225,0.0
wsob,IRN,,2025.0,F1marg,0.10645544183055569,0.0
wsob,IRQ,,2025.0,F1marg,0.19850644942294635,0.0
wsob,ISL,no fossil; regional (Europe) mix used for 3.93 TWh,2025.0,F1marg,,
wsob,ISL,,2025.0,F1marg,0.24523431942125856,3.56208
wsob,JPN,,2025.0,F1marg,16.014374931832947,0.0
wsob,KAZ,,2025.0,F1marg,2.589685317633655,0.0
wsob,KEN,,2025.0,F1marg,0.0,6.634080000000001
wsob,KHM,,2025.0,F1marg,1.7030309073232692,0.0
wsob,LKA,,2025.0,F1marg,1.7673600000000003,0.0
wsob,MAR,,2025.0,F1marg,3.8761214758075386,2.4246889076648586
wsob,MDA,,2025.0,F1marg,0.012995281628629419,0.0
wsob,MMR,,2025.0,F1marg,0.004134275618374559,0.0
wsob,MOZ,,2025.0,F1marg,0.00854624257625138,0.0
wsob,MUS,,2025.0,F1marg,0.02692089984094758,0.0
wsob,NCL,,2025.0,F1marg,0.16900525175021502,0.0
wsob,NIC,,2025.0,F1marg,0.0,0.9745020619054519
wsob,NPL,no fossil; regional (Asia) mix used for 0.13 TWh,2025.0,F1marg,,
wsob,NPL,,2025.0,F1marg,0.12866949247207635,0.0
wsob,NRU,no fossil; regional (Oceania) mix used for 0.01 TWh,2025.0,F1marg,,
wsob,NRU,,2025.0,F1marg,0.009590598398537322,0.0
wsob,NZL,,2025.0,F1marg,2.4350552768000755,0.0
wsob,OMN,,2025.0,F1marg,0.054851894077571,0.0
wsob,PER,,2025.0,F1marg,0.0019299044151115158,0.0
wsob,PRI,,2025.0,F1marg,0.28109784089459655,0.0
wsob,PRK,,2025.0,F1marg,0.011983887210473313,0.0
wsob,PRY,no fossil; regional (Latin America and Caribbean) mix used for 0.24 TWh,2025.0,F1marg,,
wsob,PRY,,2025.0,F1marg,0.12218314398000452,0.08232
wsob,PSE,no fossil; regional (Middle East) mix used for 0.39 TWh,2025.0,F1marg,,
wsob,PSE,,2025.0,F1marg,0.08038112238146103,0.0
wsob,RUS,,2025.0,F1marg,0.1280714583659211,0.0
wsob,SAU,,2025.0,F1marg,3.4624540263477357,0.0
wsob,SEN,,2025.0,F1marg,0.005802320902758294,0.0
wsob,SGP,,2025.0,F1marg,0.023893409455238438,0.0
wsob,SLV,,2025.0,F1marg,0.13355239768773286,0.0
wsob,SOM,,2025.0,F1marg,0.0,0.022282660548716388
wsob,SUR,,2025.0,F1marg,0.00048780487804878043,0.0
wsob,SYR,,2025.0,F1marg,0.04583333333333334,0.0
wsob,TGO,,2025.0,F1marg,0.10877999999999999,0.0
wsob,THA,,2025.0,F1marg,0.01936321956189506,0.0
wsob,TUN,,2025.0,F1marg,0.001940877085525866,0.0
wsob,TUR,,2025.0,F1marg,15.573594744034253,0.0
wsob,TWN,,2025.0,F1marg,0.4256626093477447,0.0
wsob,UGA,,2025.0,F1marg,0.0,0.21494809996485037
wsob,URY,,2025.0,F1marg,8.26506,0.01702000000000048
wsob,UZB,,2025.0,F1marg,0.1767013632777976,0.0
wsob,ZMB,,2025.0,F1marg,0.06688979884571539,0.0
