iso,year,CO2,SO2,NOx,BC,OC,CH4_upstream
ABW,2000,0.6129432768749401,0.008580466306118539,0.00033252142537933805,1.5030941426880132e-05,5.638608905254702e-06,0.003958517314012092
ABW,2001,0.6369802681249378,0.008780489525990583,0.000360962131465161,1.532680488703934e-05,5.7499580275240156e-06,0.004067264494990584
ABW,2002,0.6489987637499365,0.005717455843617988,0.00113635278301741,8.669922914227846e-06,3.2612830627209353e-06,0.003999069418458262
ABW,2003,0.6610172593749354,0.006006748767478032,0.001286606877082716,9.225064772415246e-06,3.4692152669953335e-06,0.004234913273193204
ABW,2004,0.6850542506249329,0.00634116336294375,0.001343276813334072,9.810050957567844e-06,3.688668637285874e-06,0.0044028495203987696
ABW,2005,0.7211097374999295,0.006747461565635791,0.001551645563687583,1.0482455727844563e-05,3.941170439855424e-06,0.004585281407851417
ABW,2006,0.7211097374999295,0.006707844673830391,0.0018055990676619353,1.0503574735906837e-05,4.057702989145268e-06,0.004463123514446051
ABW,2007,0.745146728749927,0.0068953372560728995,0.0019062206834489241,1.0782004247383191e-05,4.172262139463774e-06,0.004315253905916291
ABW,2008,0.7211097374999295,0.0067651845848266685,0.001918500831418717,1.0632378843264123e-05,4.111426494327028e-06,0.004203023648633992
ABW,2009,0.7331282331249283,0.006934865870193008,0.0020301644254149,1.09184812061027e-05,4.206798596956358e-06,0.0042737100578992444
ABW,2010,0.6610172593749354,0.0063689231534096655,0.001999892373893802,1.0102086960952385e-05,3.897101146004337e-06,0.0037090667477932553
ABW,2011,0.6489987637499365,0.005314929453759039,0.001875421167121736,7.782630162996515e-06,3.0708854678221937e-06,0.0034988784087893496
ABW,2012,0.6129432768749401,0.005404790415957738,0.00221018442642699,7.962865725326565e-06,3.0912764340309597e-06,0.0033012674748709504
ABW,2013,0.6249617724999388,0.005469679948407428,0.0024689012982288664,7.892011880291882e-06,3.0847430133050754e-06,0.003232295199575687
ABW,2014,0.6129432768749401,0.00519536073634968,0.00257150378599335,7.240888801812453e-06,2.824716691668362e-06,0.003114399143161098
ABW,2015,0.6249617724999388,0.005360814888862407,0.002618994593370491,7.376749028949885e-06,2.8924421282327367e-06,0.0030820867139426684
ABW,2016,0.6369802681249377,0.0054493437719216,0.00263964724920856,7.3662828346675775e-06,2.9051114665676885e-06,0.0031204651591689603
ABW,2017,0.6610172593749354,0.005544157184129638,0.0026871496711001097,7.312947611923562e-06,2.910356470895359e-06,0.00312358652357145
ABW,2018,0.6369802681249378,0.0054347473110564724,0.0025820207663468492,7.075258770528137e-06,2.8075915164404048e-06,0.0029187318226386156
ABW,2019,0.6489987637499365,0.005411021225769964,0.002575569765544744,6.84103012620167e-06,2.7202200151843297e-06,0.0028735927933224658
ABW,2020,0.6489987637499365,0.005293451408765171,0.002522191153136534,6.4889181198283084e-06,2.5752911655014886e-06,0.00277807581081074
ABW,2021,0.6610172593749354,0.005420619932271238,0.002575494377847782,6.659165001159038e-06,2.638205356502232e-06,0.0026840902662329776
ABW,2022,0.6610172593749354,0.005423803720486767,0.002576769622385027,6.660874889003268e-06,2.6316908362042823e-06,0.0026705576954244078
ABW,2023,0.6610172593749354,0.0055847349144802294,0.00260956521037971,6.941084050959601e-06,2.7324894219582015e-06,0.0025662757886591556
ABW,2024,0.6610172593749354,0.0055847349144802294,0.00260956521037971,6.941084050959601e-06,2.7324894219582015e-06,0.0025662757886591556
AFG,2000,0.13220345187498705,0.0015622888654244391,0.0006254360980448401,2.6279169007410744e-06,9.919636618574207e-07,0.000853797852041828
AFG,2001,0.1610802483387886,0.001768131225635207,0.000751278582377245,2.597910802128574e-06,1.089076662122569e-06,0.000912382027375548
AFG,2002,0.1250247614637921,0.0013239107297718061,0.000422814356021862,1.834620986588497e-06,7.951927066910634e-07,0.00065780494143233
AFG,2003,0.23803102730258535,0.0024819320867321497,0.001018951632105882,3.3779738529958953e-06,1.4797376196431512e-06,0.001276582935254227
AFG,2004,0.19354639000818757,0.001923784094946355,0.000708488797232405,2.582991565270854e-06,1.1279433754871447e-06,0.001055767716096472
AFG,2005,0.19354639000818757,0.001884362473126988,0.000558112791763874,2.4981518424110258e-06,1.0960472791224812e-06,0.0010454471452346812
AFG,2006,0.22726299168579295,0.002033606859202703,0.00039472551619461197,1.9962054206298404e-06,1.1151683879942288e-06,0.000997256430564329
AFG,2007,0.22726299168579295,0.002034966391957294,0.000391602096372752,1.9991355891260884e-06,1.1162733339154651e-06,0.0009550183174191001
AFG,2008,0.20681534564139276,0.001855243633873549,0.00019488750528016702,1.8856011081725292e-06,1.0218187295733098e-06,0.0008968277237626119
AFG,2009,0.08717460198599689,0.000786871322162189,2.6935650571044002e-05,8.124274547313697e-07,4.377901138487632e-07,0.000382505381641099
AFG,2010,0.11121159323599455,0.0010315205794073292,4.0322389428535004e-05,1.2054848622983818e-06,5.86328605511942e-07,0.0005091174108556951
AFG,2011,0.15210688532479485,0.001359470574724019,5.131162077549401e-05,1.3636946445838285e-06,6.93732821652975e-07,0.000645887088732494
AFG,2012,0.12143541625819462,0.0012038536076275802,3.6661193422427e-05,1.4384608360812456e-06,6.480165811817503e-07,0.0005386562212990211
AFG,2013,0.19659152261919266,0.001845634295421412,7.148386834097601e-05,2.0068857699342678e-06,9.387108581851881e-07,0.000814865143216026
AFG,2014,0.1382937170969973,0.001209470068689429,4.3480521073702e-05,1.041260936171422e-06,5.493242856984203e-07,0.0005255242893768131
AFG,2015,0.12806989407479719,0.00114791796648417,4.2310455445245e-05,1.0435990732813007e-06,5.285513631566037e-07,0.0004877327318389451
AFG,2016,0.12986456667759597,0.001222078217937051,4.6931437290044997e-05,1.2464718101595093e-06,6.948226573961105e-07,0.00050886418054428
AFG,2017,0.15031221272199613,0.0013517455761123992,5.015874476177e-05,1.200314181703551e-06,7.479489485778921e-07,0.0005757340734430249
AFG,2018,0.17255453136919502,0.001554816140976012,5.9527758169891995e-05,1.4147841968660256e-06,8.690408564863827e-07,0.0006785705092617
AFG,2019,0.15569623053039236,0.00146474176340933,6.4775678550254e-05,1.686874765127629e-06,8.463046000186873e-07,0.0006417484247108101
AFG,2020,0.10457711541939194,0.001038939092531704,5.4506502242650006e-05,1.5302075067304777e-06,6.307482808787294e-07,0.0004382515391839381
AFG,2021,0.11480093844159203,0.0010703516226138591,5.4488280179667e-05,1.4685709552346995e-06,6.422332530546158e-07,0.000455526544123811
AFG,2022,0.11480093844159203,0.001067702170632746,5.4923830856503006e-05,1.467731019803989e-06,6.425233018147698e-07,0.00046041572085830105
AFG,2023,0.11480093844159203,0.0010650085162912562,5.5380953241577004e-05,1.4665116645473963e-06,6.423972881365867e-07,0.00045027222158477704
AFG,2024,0.11480093844159203,0.0010650085162912562,5.5380953241577004e-05,1.4665116645473963e-06,6.423972881365867e-07,0.00045027222158477704
AGO,2000,0.42064734687495886,0.003568430193984648,0.003825467096263559,0.000200753918347102,6.712799365961802e-05,0.002716629529223962
AGO,2001,0.49275832062495173,0.004126028703522592,0.004477682056274992,0.000238424795956386,7.9724587516778e-05,0.003146374420653106
AGO,2002,0.49275832062495173,0.004126028703522592,0.00446140399931688,0.000238424795956386,7.9724587516778e-05,0.00303633048438498
AGO,2003,0.5889062856249424,0.0047027807384388,0.00537035534367075,0.00029867995937984997,9.987367089592501e-05,0.0037729227342993745
AGO,2004,0.3845918599999624,0.0030949441358018542,0.003444470838026225,0.000193628378158299,6.474605541084099e-05,0.002471775169346693
AGO,2005,0.32449938187496824,0.0023726383930894627,0.0037782136962858674,0.00017773236691829498,5.9431638036716994e-05,0.002063376633533147
AGO,2006,0.3485363731249659,0.002490952621391696,0.004278168909857172,0.00019435239754128,6.4989391024008e-05,0.002157176365315576
AGO,2007,0.5889062856249424,0.004780582081917375,0.005150287737911775,0.00029400041342025,9.830860350825e-05,0.00341044260306285
AGO,2008,0.7090912418749307,0.00549849224270475,0.00705930293809998,0.00036950160717585,0.00012355590746178,0.004132973254490101
AGO,2009,1.297997527499873,0.010411209413011355,0.011654336526557932,0.0006555544429405679,0.000219206455101556,0.0075665686271003205
AGO,2010,1.3821269968748648,0.011072407685171527,0.012401036878747475,0.000698862227573125,0.0002336879082461,0.00775532138174955
AGO,2011,1.297997527499873,0.010396729390698635,0.011436716866179003,0.000656291891775436,0.00021600316029349602,0.006997756817578699
AGO,2012,1.7667188568748269,0.01607573088388109,0.016866699331815872,0.0007772587900539841,0.000251795898895296,0.009515418015804513
AGO,2013,2.7041615156247354,0.024283342171640503,0.025706237510044222,0.001208741896750428,0.00038525359433378396,0.01398589269047181
AGO,2014,3.5694932006246507,0.030457310361332052,0.03414069779060106,0.0016912547093189988,0.000530077558626715,0.018136795010173675
AGO,2015,3.5094007224996564,0.028390086194226855,0.031189707759064697,0.00175602528966282,0.0005410173409508161,0.01730710231675517
AGO,2016,4.015452539785202,0.042669999999999646,0.045972818778352374,0.0013901120964617249,0.0004219163157531051,0.019671064200435826
AGO,2017,2.431924097000905,0.026534464594752574,0.02683878606868223,0.0007811246130938538,0.0002331149343965486,0.01148645580643889
AGO,2018,2.1076974384401517,0.019783261373176913,0.018506272341892945,0.0008436877858792581,0.00024683338955339146,0.009642422570073965
AGO,2019,2.884489051874798,0.02045002011051203,0.019389441510880467,0.0007898147223926187,0.00022752101254807153,0.012460785360236213
AGO,2020,2.7665480956248096,0.021958716541163433,0.01986321328641927,0.0005772976612745126,0.0001638032628090968,0.011514906951282095
AGO,2021,2.8005708868748096,0.022970799646612403,0.020458383046788015,0.0005389065037612348,0.00014273393437551734,0.011147444497364434
AGO,2022,2.8862449649998037,0.02331634908941227,0.020450101159916394,0.000576834363994854,0.0001429788132604317,0.01152655796668735
AGO,2023,2.9796882570595837,0.0243411031588644,0.020887516030043816,0.0006327743198111653,0.0001473259190552371,0.011584106003749175
AGO,2024,2.9857342717056974,0.024341126264003466,0.020897594976879142,0.0006327746765978737,0.00014732950452968024,0.011607693804903509
ARE,2000,21.90305282235541,8.370358178563709e-05,0.02651973801016765,2.6168382937193414e-06,2.6168382937193837e-05,0.11102612128196408
ARE,2001,23.669558747354845,9.045437010575111e-05,0.028306346627738257,2.8278892548850074e-06,2.8278892548850556e-05,0.11999220972216072
ARE,2002,25.695368294372546,9.819609983065316e-05,0.030802520841523552,3.069920173653005e-06,3.069920173653044e-05,0.12703844936010733
ARE,2003,27.113434977284943,0.00010361531063808371,0.03278405623577312,3.2393418167905715e-06,3.239341816790628e-05,0.13360364634449728
ARE,2004,28.742185853087168,0.00010983966133690507,0.0341929618439174,3.433934675480066e-06,3.433934675480082e-05,0.140003698575159
ARE,2005,33.2881024765949,0.00012721210283958437,0.039689232214697154,3.9770520571953635e-06,3.9770520571954176e-05,0.16023455478933926
ARE,2006,34.24428458278725,0.00013086619926973788,0.04076868020440891,4.091290650853876e-06,4.09129065085391e-05,0.16866095256999758
ARE,2007,43.19025954241743,0.00016505367773490367,0.05166211447365527,5.160099188133259e-06,5.160099188133304e-05,0.21024512137990747
ARE,2008,44.122131934045576,0.0001686148734083585,0.051814524138732033,5.271433410766553e-06,5.27143341076657e-05,0.21570741702205176
ARE,2009,46.990678252622644,0.00017957716269881928,0.055513376441800336,5.614149191742018e-06,5.6141491917420335e-05,0.22677676559572968
ARE,2010,51.51228516156616,0.00019685670344479967,0.059832590796878506,6.154362202432122e-06,6.154362202432162e-05,0.23755525506387593
ARE,2011,54.34841852739093,0.0002076951250596619,0.06265982580278645,6.493205488707266e-06,6.493205488707323e-05,0.25366499083335137
ARE,2012,67.31096790000011,0.00025723213802130405,0.07736198806893871,8.041888946560701e-06,8.04188894656076e-05,0.3107883210510732
ARE,2013,67.6828548,0.00025865332189926003,0.07751545981048731,8.086319642534702e-06,8.08631964253476e-05,0.31376718295710376
ARE,2014,70.93749629999989,0.000271091092706264,0.08133943438384608,8.4751636351326e-06,8.475163635132679e-05,0.33114325896562025
ARE,2015,75.54106229999991,0.000288683844105434,0.08628408139467862,9.025168599927702e-06,9.025168599927771e-05,0.34927599533976655
ARE,2016,75.7275947999999,0.00028939668712764,0.08593954644725756,9.0474543238851e-06,9.04745432388517e-05,0.3386337941970389
ARE,2017,77.60301780000009,0.00029656370734789696,0.08748480655601762,9.2715180086658e-06,9.26676018296257e-05,0.3407751399457047
ARE,2018,77.6854848000001,0.00029687885899982,0.08698205413353279,9.281370644520602e-06,9.25984842737637e-05,0.3265546566679205
ARE,2019,76.9102388999999,0.00029391621908286597,0.08551197194528874,9.188749165011703e-06,9.15050395448817e-05,0.31170007453540416
ARE,2020,75.3721622988021,0.004788716702022002,0.08350937818854427,1.1861195040965099e-05,9.28551915665838e-05,0.29291456495823837
ARE,2021,77.62001187242514,0.019115994888517628,0.08659668561540744,2.1037681807764498e-05,0.0001055488009422297,0.29428100139862373
ARE,2022,71.3422578000001,0.000272637908467233,0.07800741270707898,8.5235219805019e-06,8.485725359075753e-05,0.277196604486866
ARE,2023,72.1405116734095,0.000275688474473741,0.07852384179201577,8.5889765039239e-06,8.58724955579804e-05,0.28144755580738273
ARE,2024,73.71831884478368,0.00028171814132804766,0.08024126072666635,8.776828633168646e-06,8.775063914432704e-05,0.2876031812890676
ARG,2000,32.387265500255765,0.012658758423060369,0.04933161172082813,7.590985075039745e-05,7.333844684777956e-05,0.1651463877196631
ARG,2001,28.668779787425304,0.0034415829998336164,0.0368518855674454,2.9892532664031743e-05,5.085004646378065e-05,0.14482147940225665
ARG,2002,25.694240255548713,0.0019429966213903673,0.03320498294075192,1.864804131195443e-05,4.0406846915128406e-05,0.12674945663760737
ARG,2003,30.018096824555528,0.0031912420196627423,0.03778302339056212,2.6985777240106622e-05,4.874512113406143e-05,0.14802396017038275
ARG,2004,37.09929007507216,0.018317659117126184,0.050397826899288276,9.982190895864492e-05,8.534885707157138e-05,0.18393728110510582
ARG,2005,39.67539817883295,0.02744323117670366,0.05251739975002072,0.00012755685027883226,0.00010087024059945239,0.19478901259416015
ARG,2006,42.233273136157614,0.03284537072605656,0.05717329245708135,0.00016137378679537435,0.00011346041915042811,0.21265324857929435
ARG,2007,41.42953068403871,0.041219658138441875,0.0631437367912042,0.00019797986929038562,0.00012460561947189258,0.206465482845125
ARG,2008,44.85853395301338,0.04562069884173071,0.06366502966545003,0.0002388237070715049,0.00014058450524772568,0.2260389316212788
ARG,2009,45.728024582812395,0.041471180609018346,0.0730690983628576,0.00023257482667996888,0.00013629239943601133,0.23009070226543976
ARG,2010,45.60313162136446,0.053983056188454726,0.0755764729427717,0.00023143196958880265,0.0001419156326489412,0.2190901134973937
ARG,2011,50.28196028798192,0.06219452423606005,0.08627591527177488,0.0002580688267326158,0.00015064966613027118,0.24247261621611968
ARG,2012,53.073562680840304,0.060156477409218825,0.08568210781954261,0.0002731055162240522,0.00015760728472329,0.25385617822670364
ARG,2013,55.48611741110139,0.05847727237050775,0.10530648917206903,0.0002897440080132199,0.00016160198259268564,0.2638253709176874
ARG,2014,52.408033875399404,0.05731505688949799,0.08547549324025888,0.00025532305140407355,0.0001496986338857055,0.24740243462021755
ARG,2015,54.71356032376835,0.06129948087689778,0.09342107907423039,0.0002681389311625613,0.00015386829093285315,0.25505891634056527
ARG,2016,56.21603419217277,0.04988446022360698,0.09528467162766681,0.0002609943281679954,0.0001496873188460559,0.2560582627010058
ARG,2017,54.12118211622576,0.02615562756682837,0.0759560248937336,0.00014820967095883822,0.00011236768905839231,0.23874242876431287
ARG,2018,50.14147879539523,0.013744789699138948,0.06511066138988102,8.073280307108992e-05,8.563431786600141e-05,0.2116490744167085
ARG,2019,43.020675946753755,0.005280808041902044,0.04755843841548103,4.263169126343948e-05,6.45011821149276e-05,0.17494631684982825
ARG,2020,41.80117622458759,0.012359714139837547,0.05583546843403091,7.986101349607837e-05,7.456261436357162e-05,0.1642308035694784
ARG,2021,49.954444627191215,0.01619431782480653,0.06776926272575023,0.0001008781568348337,8.788785183017761e-05,0.19159880801480486
ARG,2022,47.54834248719073,0.019551998371130024,0.07121571775761906,0.00013644304069124875,9.555422100462514e-05,0.1864818671357248
ARG,2023,43.38812173562298,0.014536942580811528,0.05920344519775067,0.00010445267623425519,8.120098290948524e-05,0.16932065525985143
ARG,2024,42.76016159148108,0.009956136044173499,0.051240755439977026,7.00410075365022e-05,7.033725245929613e-05,0.1668672436914119
ARG,2025,42.526115782003274,0.009749834763941177,0.050163223505472795,6.602242501810263e-05,6.901952116349441e-05,0.16596397353998094
ARM,2000,1.2803116337151883,4.892773186137541e-06,0.004867763986271084,1.5296354066136236e-07,1.5296354066135473e-06,0.006489873164095783
ARM,2001,1.3289310628436133,5.078574699535412e-06,0.005580830373469326,1.58772282711794e-07,1.5877228271177456e-06,0.006736981305865887
ARM,2002,0.7536011514905856,2.8799234576632675e-06,0.001704306795724492,9.00355017816881e-08,9.003550178167909e-07,0.003725820179908544
ARM,2003,0.7211881987383023,2.756055782064998e-06,0.0013595377303128719,8.616300708140029e-08,8.616300708138316e-07,0.003553713247059328
ARM,2004,0.7617043896786562,2.9108903765630014e-06,0.001284677627449006,9.100362545675999e-08,9.100362545675605e-07,0.0037102756318199114
ARM,2005,0.8670464861235769,3.313460322257806e-06,0.001586793196494969,1.0358923323269475e-07,1.035892332326802e-06,0.004173587478690153
ARM,2006,0.7049817223621607,2.6941219442657263e-06,0.0009202294113602999,8.42267597312564e-08,8.422675973125283e-07,0.0034721966099360044
ARM,2007,0.7049817223621607,2.694121944265762e-06,0.00061751293509328,8.422675973119344e-08,8.422675973125267e-07,0.0034317683977583306
ARM,2008,0.8832529624997185,3.3753941600570548e-06,0.000735389348779265,1.0552548058277135e-07,1.0552548058283056e-06,0.00431810990916516
ARM,2009,0.5429169586007445,2.074783566273648e-06,0.000302966476114865,6.486428622980292e-08,6.486428622981539e-07,0.00262011438091289
ARM,2010,0.688775245986019,2.6321881064665638e-06,0.00032796671018601596,8.229051238107e-08,8.229051238111063e-07,0.0031763719805614557
ARM,2011,1.1344533463299138,4.334758585870662e-06,0.000758613245633374,1.3515242932468905e-07,1.355120244089648e-06,0.005294930478107817
ARM,2012,1.6206476376141625,6.180947525633128e-06,0.0016975543132716,1.925091056994762e-07,1.935514290539457e-06,0.00748285716315632
ARM,2013,1.5072023029811712,5.737209256614542e-06,0.0018187311824675728,1.7849178459792034e-07,1.7996723597545468e-06,0.006987155346066385
ARM,2014,1.5639249702976667,5.941293716612106e-06,0.0017543470155966861,1.846303477309397e-07,1.8670216000584386e-06,0.0073005566654327095
ARM,2015,1.3289310628436133,5.038201241773498e-06,0.0015012400220515598,1.563811492926632e-07,1.5861516571112445e-06,0.006144522006710359
ARM,2016,1.2235889663986927,4.610188026631627e-06,0.00135051537914367,1.431933490803584e-07,1.4585404021213111e-06,0.005471566544844462
ARM,2017,1.3613440155958965,5.0971064437806404e-06,0.0014669977726401479,1.584269243025e-07,1.620639777004413e-06,0.005978017486698215
ARM,2018,1.6044411612380207,5.9691735711557544e-06,0.00168673069760598,1.856634884995765e-07,1.907537446715815e-06,0.006744345277638721
ARM,2019,1.4504796356646752,5.361639954010779e-06,0.001486403293964675,1.6688721428918701e-07,1.7222115151861346e-06,0.005878471020440165
ARM,2020,1.5072023029811712,5.534944506557022e-06,0.001504251244263908,1.724082732694187e-07,1.7871739043320456e-06,0.0058581539010772316
ARM,2021,1.6044411612380207,5.884984545341199e-06,0.001587993937139194,1.8368369874029034e-07,1.902415222872642e-06,0.006087084161220582
ARM,2022,1.8475383068801448,6.7685135636876364e-06,0.0018132518262193719,2.1169024203498457e-07,2.190590489937607e-06,0.007178513283982456
ARM,2023,1.7665059249994375,6.4638575066216035e-06,0.0017190247132186681,2.0257383615401982e-07,2.094445432235638e-06,0.006891811041778212
ARM,2024,1.6715324881715106,6.116338285835495e-06,0.001626604029712288,1.916827696941263e-07,1.9818408391046897e-06,0.006521283566413793
ARM,2025,1.5718103795021876,5.7514431040100824e-06,0.001529562312030589,1.8024714991123807e-07,1.863606016317194e-06,0.0061322297172811515
ASM,2000,0.13220345187498705,0.0018506888111236013,0.00020710066396093402,3.130819586256799e-06,9.434340542194298e-07,0.000853797852041828
ASM,2001,0.13220345187498705,0.0018223657506773031,0.000209476241451411,3.0718076788862625e-06,9.261959414515472e-07,0.0008441492348093591
ASM,2002,0.14422194749998588,0.001270545743026224,0.000196796185487262,1.8561527535634528e-06,5.737137023947968e-07,0.0008886820929907319
ASM,2003,0.1562404431249847,0.001419776981403904,0.000215323259999435,2.1011581714639935e-06,6.479085330003829e-07,0.001000979500936579
ASM,2004,0.1562404431249847,0.001446230240671373,0.000216385544916707,2.1562742945433625e-06,6.640086386790378e-07,0.001004158662547089
ASM,2005,0.1562404431249847,0.001461950005887753,0.00021669342459250399,2.189026875451469e-06,6.735760752912766e-07,0.0009934776383678189
ASM,2006,0.1562404431249847,0.001453366345996592,0.000212742024678035,2.1848632013370974e-06,6.906718356420771e-07,0.000967010094796648
ASM,2007,0.1562404431249847,0.001445796521434642,0.00020911738816126302,2.169837737961088e-06,6.872789924414989e-07,0.000904811302853419
ASM,2008,0.1562404431249847,0.001465789993379105,0.000206903320067685,2.211450838832312e-06,6.993761463341623e-07,0.000910655123870694
ASM,2009,0.14422194749998588,0.0013642359088904279,0.000188743935045942,2.063082334438317e-06,6.49806912856593e-07,0.000840729847455576
ASM,2010,0.13220345187498705,0.001273784630681936,0.00017149002335216002,1.9404773187177075e-06,6.112742362063254e-07,0.000741813349558656
ASM,2011,0.13220345187498705,0.0010826708146546241,0.000163592093247712,1.4767693252081302e-06,4.67784168479813e-07,0.0007127344906793121
ASM,2012,0.13220345187498705,0.001165739109324208,0.000164160920581264,1.564504254364007e-06,4.7020821903544385e-07,0.0007120380828153119
ASM,2013,0.12018495624998825,0.001051861528539885,0.00014514666011211,1.3504047492606979e-06,3.9704360520725606e-07,0.00062159523068763
ASM,2014,0.12018495624998825,0.0010186981835979749,0.00013691684968002,1.2380074768191707e-06,3.5325662363309726e-07,0.0006106664986590449
ASM,2015,0.13220345187498705,0.001134018534182432,0.000138943935978272,1.3338245436170834e-06,3.7066114094610474e-07,0.000651979881795568
ASM,2016,0.13220345187498705,0.001130995877191265,0.00013740532769007001,1.4418608924684894e-06,4.1726831256413924e-07,0.0006476437122803561
ASM,2017,0.13220345187498705,0.001108831436825936,0.000134037369960576,1.5523200652629823e-06,4.7063094385970017e-07,0.000624717304714288
ASM,2018,0.13220345187498705,0.001127966423049456,0.000132727493659008,1.6437850047175494e-06,5.341147825090014e-07,0.00060577452922688
ASM,2019,0.13220345187498705,0.001102245064508688,0.000126926434209072,1.5901092059177857e-06,5.183224876066332e-07,0.000585361494936064
ASM,2020,0.13220345187498705,0.00107829565734106,0.00011818122924260702,1.5388929326215932e-06,5.016038660336855e-07,0.0005659043318318181
ASM,2021,0.13220345187498705,0.001084123986454247,0.000119542727457571,1.5506680294946653e-06,5.045518474856251e-07,0.0005368180532465891
ASM,2022,0.13220345187498705,0.001084760744097346,0.00012103344412173402,1.55117519316515e-06,5.036062111845112e-07,0.000534111539084874
ASM,2023,0.13220345187498705,0.0011169469828960562,0.000124972840337505,1.6179779466080069e-06,5.227755289571658e-07,0.0005132551577318261
ASM,2024,0.13220345187498705,0.0011169469828960562,0.000124972840337505,1.6179779466080069e-06,5.227755289571658e-07,0.0005132551577318261
ATG,2000,0.12018495624998825,0.0016824443737487248,0.000465225818347545,2.947243417035318e-06,1.1056095892655647e-06,0.000776179865492565
ATG,2001,0.13220345187498705,0.0018223657506773031,0.000527532397157552,3.1810349765553186e-06,1.1933875151464977e-06,0.0008441492348093591
ATG,2002,0.1562404431249847,0.001376424554945072,0.001865660369528276,2.087203664536177e-06,7.851237002845352e-07,0.0009627389340732961
ATG,2003,0.16825893874998354,0.0015289905953580509,0.002049504884788935,2.3481983057055542e-06,8.830729770532507e-07,0.001077977924085552
ATG,2004,0.16825893874998354,0.0015574787207230242,0.002071779579087372,2.4094862001043357e-06,9.059887881053126e-07,0.001081401636589164
ATG,2005,0.1922959299999812,0.001799323084169544,0.0028678361925952556,2.7953215274250644e-06,1.0509787839613872e-06,0.001222741708760376
ATG,2006,0.20431442562498003,0.001900555990918624,0.0031871962492026804,2.9760128418401795e-06,1.1496825135911358e-06,0.001264551662426364
ATG,2007,0.22835141687497768,0.0021130872236352328,0.003490735434075912,3.304162591939985e-06,1.2785964620936135e-06,0.0013224165195549829
ATG,2008,0.2403699124999765,0.0022550615282755497,0.00366042508388079,3.544126281087925e-06,1.3704754981089688e-06,0.001401007882878
ATG,2009,0.26440690374997416,0.002501099166299118,0.004184699927455047,3.937812894004324e-06,1.51720605136118e-06,0.001541338053668556
ATG,2010,0.26440690374997416,0.002547569261363874,0.004646252397527961,4.040834784380812e-06,1.5588404584015648e-06,0.001483626699117321
ATG,2011,0.26440690374997416,0.002165341629309243,0.00550503318937813,3.1707011775171525e-06,1.2511014868901726e-06,0.0014254689813586198
ATG,2012,0.26440690374997416,0.002331478218648414,0.005645267397873972,3.4349616854348976e-06,1.333491795072181e-06,0.001424076165630624
ATG,2013,0.26440690374997416,0.0023140953627877473,0.0063888667654609385,3.338928103200394e-06,1.305083582551822e-06,0.001367509507512786
ATG,2014,0.2644069037499741,0.00224113600391553,0.006755840274062569,3.123520659605066e-06,1.2185052395429268e-06,0.0013434662970498762
ATG,2015,0.2644069037499741,0.002268037068364844,0.006748288474079394,3.1209322814784925e-06,1.2237255157905102e-06,0.001303959763591154
ATG,2016,0.2644069037499741,0.00226199175438253,0.006673173325519024,3.0577023087297425e-06,1.2058953257450754e-06,0.0012952874245607121
ATG,2017,0.2644069037499741,0.00221766287365188,0.006546234347643334,2.9251790447694762e-06,1.1641425883577885e-06,0.0012494346094285662
ATG,2018,0.27642539937497296,0.00235847524819431,0.006824194519121979,3.0703953155121046e-06,1.218388771285414e-06,0.00126661947020168
ATG,2019,0.27642539937497296,0.002304694225790915,0.006681086503860369,2.913772090789377e-06,1.158612228689375e-06,0.001223937671229945
ATG,2020,0.26440690374997416,0.0021565913146821118,0.006258159380189905,2.643633308077969e-06,1.049192697055871e-06,0.0011318086636636232
ATG,2021,0.26440690374997416,0.00216824797290849,0.006274228019285326,2.6636660004634747e-06,1.055282142600759e-06,0.0010736361064931702
ATG,2022,0.2644069037499741,0.002169521488194692,0.006277334675264062,2.664349955601043e-06,1.0526763344814427e-06,0.001068223078169748
ATG,2023,0.2644069037499741,0.0022338939657921123,0.006357228849708618,2.7764336203837286e-06,1.0929957687832455e-06,0.0010265103154636522
ATG,2024,0.2644069037499741,0.0022338939657921123,0.006357228849708618,2.7764336203837286e-06,1.0929957687832455e-06,0.0010265103154636522
AUS,2000,181.56899266456526,0.4763624424016304,0.46001512702276676,0.00018680226613987952,0.0005619407377223213,0.657679841852934
AUS,2001,185.27048577939127,0.5359133330513884,0.5041038610545016,0.0001945049609127996,0.000552390748474247,0.679733838624335
AUS,2002,189.91946099427568,0.5488162728186542,0.4939212755172958,0.0001956882483568926,0.0005610925093888809,0.6814102407803005
AUS,2003,178.8111025529547,0.5613845348029659,0.4772465455331498,0.00019914541846343927,0.0005589849627902648,0.627577350016765
AUS,2004,185.7580487710247,0.5816418063896236,0.4872057242790915,0.00020273172839894272,0.0005745604537146213,0.6484639843940095
AUS,2005,188.82927132713792,0.5977791328184102,0.5059058487950295,0.0002062208618111457,0.0005745235633971237,0.6549280733334145
AUS,2006,192.1010729404816,0.5951752904408929,0.49811680130881353,0.0002103497036010222,0.000586420679917207,0.6645520365780804
AUS,2007,198.06505303393038,0.6118693852184147,0.48975381773609716,0.00021231386144402928,0.0005909771757707448,0.6785710938826924
AUS,2008,198.75507309477965,0.6172171000075553,0.48984110311130774,0.00021563451067140585,0.0005958785016419525,0.6945387402421093
AUS,2009,215.79133859219047,0.6073844567663091,0.4844913650811771,0.00023949860093956717,0.000627185627236362,0.7695919076604265
AUS,2010,201.79745432143997,0.5717603697862738,0.4410685858982476,0.0001995789150412709,0.0006056242173531639,0.7145783170893703
AUS,2011,194.31571281330494,0.5594295923998756,0.4185824482132238,0.00018506561262858972,0.0005919441656749791,0.7129286475598382
AUS,2012,195.1080071555779,0.5361014635052797,0.4051745565002787,0.00018451529862199907,0.0006017222198858968,0.718127205794012
AUS,2013,184.21542373871108,0.5179531675618257,0.3904787272589615,0.00016592724720320312,0.0005342183797866937,0.6602067167583242
AUS,2014,176.5678117328766,0.5361335405617,0.39020421596185784,0.00015615112537449062,0.0005193983712108392,0.6317134175789711
AUS,2015,183.3610724169043,0.5214122005127441,0.38105620011723673,0.000153081157086931,0.0005532026701196446,0.6562984407023364
AUS,2016,187.47251455942217,0.49438693660767297,0.36601568252657324,0.0001504326994850483,0.0005312595598150837,0.6616671687341763
AUS,2017,195.69978201054334,0.4951361887205131,0.37350047761814203,0.0001610295083131947,0.00047332430329096755,0.6966076893692258
AUS,2018,188.83262765721224,0.48550126521951004,0.3762528881314164,0.0001550496980522793,0.00038594589405272156,0.6962355055352334
AUS,2019,184.5420093226267,0.4567500115966901,0.3544390950197496,0.00015485315807281112,0.0003526628210337551,0.703664851722893
AUS,2020,174.78729066577375,0.433502777117655,0.3320445685518232,0.0001464987139478845,0.0003212962745874807,0.6709767569382132
AUS,2021,166.51979172419541,0.4290861266183756,0.3202633391264406,0.0001413010207853965,0.00031177865807859083,0.6213679998639118
AUS,2022,159.97352233613802,0.4186621383356711,0.31163882725779,0.00013611036174242174,0.00029377957520338485,0.6281471259728671
AUS,2023,155.5306596799035,0.40160514314680695,0.29634806840265215,0.0001338319428789549,0.0002795293648833838,0.6237268346082978
AUS,2024,158.8953887383219,0.4087513288048258,0.3013233210401428,0.0001367492118333697,0.00028466992179708217,0.6370771573364085
AUS,2025,152.74458167957724,0.3932129911843117,0.2895308903659708,0.00013169990718284307,0.00027354013522810336,0.612402199427519
AUT,2000,9.19116828043654,0.008057061930129865,0.008227268692582031,6.37190049673984e-05,3.569719550571022e-05,0.042719079789685865
AUT,2001,10.896555543717776,0.005056580867065957,0.00818932886086014,7.328882214254989e-05,4.1514096096904396e-05,0.05042195338419156
AUT,2002,12.147839334092494,0.00490451804917785,0.008927475119599688,6.968112456998954e-05,4.301751816958486e-05,0.05270653033358083
AUT,2003,12.920942378910986,0.01039753591031973,0.010754901941854963,7.673158741251553e-05,4.386803011654907e-05,0.057357460964115994
AUT,2004,12.709638159976882,0.010391852975482688,0.01052978629125421,8.324215389256701e-05,4.336487371360559e-05,0.056885406137430095
AUT,2005,12.848760535267767,0.009419807798565563,0.010502175385565063,8.334515959604829e-05,4.548447603896999e-05,0.057706066678627654
AUT,2006,12.212101619923395,0.009698926564151129,0.010494161872184004,8.834364045658858e-05,4.356394580956136e-05,0.05476733228637802
AUT,2007,12.551037757345577,0.00830102064512622,0.01137472893941889,8.129738390188419e-05,3.648210692385383e-05,0.05306976847036282
AUT,2008,11.947850067154006,0.006962440656047303,0.01068111529493018,7.755976030040887e-05,3.515953574124136e-05,0.05222704657077342
AUT,2009,10.47313342343189,0.0071342070606458235,0.009235904191110176,7.192303556423706e-05,3.338536425655487e-05,0.04751560260780776
AUT,2010,12.830027536447425,0.0032229868234157546,0.0104922482468419,8.63599382866005e-05,3.966258568988295e-05,0.0559671050222486
AUT,2011,12.52594991973615,0.0038524190756729277,0.010325951568196092,7.8668686591016e-05,3.555401963388124e-05,0.05420673935023517
AUT,2012,10.358732115446518,0.0015407538960571833,0.00919988957728237,6.996888251585281e-05,3.0909819142023267e-05,0.04501089413238808
AUT,2013,9.050746501053418,0.002112714040964741,0.00819059740495053,6.520234370665244e-05,2.686238177147837e-05,0.038123012654540996
AUT,2014,7.241219569873838,0.0013327800725519811,0.007334121223451201,5.633749283644178e-05,2.2556933777101898e-05,0.03101860286732292
AUT,2015,8.529565227335034,0.0013903962282960235,0.00837292304878318,5.910255357929271e-05,2.3998225338774356e-05,0.0366531094856679
AUT,2016,7.697747852259472,0.0020132869232316157,0.007819221061816784,5.329588296709516e-05,2.2353373070615468e-05,0.0332277606821737
AUT,2017,8.083299426968154,0.001772913768912065,0.008174267624152631,5.332530613726614e-05,2.247586733748919e-05,0.03466074178831477
AUT,2018,7.690968599182632,0.012130418812978386,0.009118597312681973,4.457732658607704e-05,1.9111048556685684e-05,0.03207521301308737
AUT,2019,8.152856252529793,0.00433061521838287,0.008613292711295184,4.8626204371308835e-05,2.0676556755463133e-05,0.03356777605783089
AUT,2020,6.609800544390076,0.0122080849297418,0.01003314476778181,4.6551548503453176e-05,1.9301704773179836e-05,0.02661995501426359
AUT,2021,6.45705168995838,0.012196927607283047,0.010066046870584279,4.8572441820867e-05,1.99797223790642e-05,0.025192809558388915
AUT,2022,6.465973098089096,0.0008131831972986959,0.006767265717167369,3.912909691219664e-05,1.683954682827843e-05,0.02551531351369235
AUT,2023,5.342720077441537,0.0009354736492719126,0.006506061149220372,4.504849227577449e-05,1.7612025953564886e-05,0.020794024906780964
AUT,2024,5.317782766325015,0.0009214308198755006,0.006439994524196217,4.437346190068935e-05,1.7400525294033826e-05,0.020697487339496733
AUT,2025,5.775194355565237,0.0009218067079673866,0.006702916829434172,4.4401559475162817e-05,1.7843235172183205e-05,0.022482023805947708
AZE,2000,12.783726747962724,0.16940832050236193,0.03176459113705599,0.0003051875334041434,0.00011713912352345093,0.07957683194726525
AZE,2001,11.59099663770958,0.08060964646339853,0.020039200627179503,0.0001458378702192091,6.230644837506696e-05,0.06541769181041296
AZE,2002,10.891469381631715,0.07295230801675251,0.01806413262068047,0.00013202953966505595,5.6866587376717984e-05,0.059424408282012293
AZE,2003,12.508044839332204,0.09573111471689667,0.020327347476011042,0.00017305382537398883,7.249519695007118e-05,0.0705225601603443
AZE,2004,12.30626338477353,0.07755051382238091,0.016839982696387968,0.00014043342358484732,6.131935984871571e-05,0.06751779842332811
AZE,2005,12.742377499320357,0.07391621449830921,0.017522627576264327,0.0001339662688991124,5.9653449149386926e-05,0.0685041341788928
AZE,2006,14.052920299274113,0.07698308886905143,0.017074597130062354,0.0001396127464522429,6.306084686341796e-05,0.07532085561698597
AZE,2007,8.39869694937469,0.050168453677928194,0.009842168621940943,9.082699806195017e-05,4.014766763921992e-05,0.04380218386711694
AZE,2008,11.608686313534445,0.021437787470083416,0.011149651140926345,3.9660791015184604e-05,2.6686183500090487e-05,0.05802953889691934
AZE,2009,9.699127795530254,0.006235146191213548,0.00834442373554436,1.2229154243323998e-05,1.529017441379547e-05,0.04720590721913019
AZE,2010,5.301657586874996,0.0001332277753304926,0.004012282835388911,6.675066325910358e-07,6.300609975307859e-06,0.024485286123521438
AZE,2011,6.217415399374982,0.004300033732916143,0.004896074240362499,8.362250519307883e-06,9.971248337369049e-06,0.02921915035562211
AZE,2012,7.4882244512499465,0.006280141735655183,0.005915625140741498,1.2004970268565903e-05,1.2646722871554091e-05,0.034888766415507026
AZE,2013,7.316769586874988,0.0001409286238591077,0.005288426527910156,8.990498686169142e-07,8.70153493575371e-06,0.033938736209985866
AZE,2014,7.698922786875005,0.00014238904090189242,0.005595701368475937,9.410298515279186e-07,9.155537347755155e-06,0.03595422349984834
AZE,2015,9.079490136249866,0.020109647494059024,0.006905516108511539,3.6987159474785614e-05,2.2865725647604985e-05,0.04237281029587544
AZE,2016,9.82741195624981,0.03193736266703043,0.007449294923564801,5.81167923474474e-05,3.076456155635658e-05,0.044818227481825706
AZE,2017,8.222257719374907,0.01625881609385556,0.005968077784982268,2.98995074055381e-05,1.94582917841975e-05,0.03645548624446762
AZE,2018,13.438811449944119,0.00016432430463185935,0.00916219362388492,1.5869249518325296e-06,1.594184047400347e-05,0.056504337948448155
AZE,2019,8.046237886874984,0.0001437163224509133,0.005344279787233343,9.576025629174685e-07,9.51796355876743e-06,0.0326231298794058
AZE,2020,8.570828986875007,0.000145721072857124,0.005545214898962653,1.0122677902304686e-06,1.012731633404733e-05,0.0333270686209866
AZE,2021,10.092309820624951,0.00712817556254361,0.00658698674290312,1.3589180119480291e-05,1.6064944237179237e-05,0.03842057484996915
AZE,2022,10.566737973749994,0.0002662676225426785,0.006717681076418618,1.2744272751008378e-06,1.2457594506056363e-05,0.04106765687730603
AZE,2023,11.739014872643162,0.0003083443986784246,0.00739916965853383,1.4204721467451935e-06,1.3835237883792441e-05,0.04579675476308749
AZE,2024,10.598023359727057,0.00020814325545853146,0.006684298015342052,1.2626101304598793e-06,1.2512626796027185e-05,0.04134589650927442
AZE,2025,10.681221968606664,0.00028034888883499376,0.006732449526651932,1.2924151427729775e-06,1.2588622488912615e-05,0.041670048418580574
BDI,2000,0.0,0.0,0.0,0.0,0.0,0.0
BDI,2001,0.0,0.0,0.0,0.0,0.0,0.0
BDI,2002,0.0,0.0,0.0,0.0,0.0,0.0
BDI,2003,0.0,0.0,0.0,0.0,0.0,0.0
BDI,2004,0.0,0.0,0.0,0.0,0.0,0.0
BDI,2005,0.0,0.0,0.0,0.0,0.0,0.0
BDI,2006,0.0,0.0,0.0,0.0,0.0,0.0
BDI,2007,0.0,0.0,0.0,0.0,0.0,0.0
BDI,2008,0.0,0.0,0.0,0.0,0.0,0.0
BDI,2009,0.0,0.0,0.0,0.0,0.0,0.0
BDI,2010,0.012018495624998824,9.927006986798201e-05,0.00020480594836935,6.01349194294e-06,1.9571458949707964e-06,6.7437577232604e-05
BDI,2011,0.012018495624998824,9.0954182761582e-05,0.000300505284429946,6.520805402579001e-06,2.1200955450919997e-06,6.479404460721101e-05
BDI,2012,0.0,0.0,0.0,0.0,0.0,0.0
BDI,2013,0.012018495624998824,8.387056423165601e-05,0.00027899043737325004,6.950075377548e-06,2.257780460078e-06,6.2159523068764e-05
BDI,2014,0.02403699124999765,0.00016961344277055,0.000497808343201236,1.3777458094992e-05,4.4755698710880004e-06,0.000122133299731809
BDI,2015,0.02403699124999765,0.000192183377210145,0.000561863366082825,1.2372773905614e-05,4.022473906542e-06,0.000118541796690105
BDI,2016,0.012018495624998824,0.00010672993626716001,0.000298023334546528,5.518303891708e-06,1.795338911428835e-06,5.8876701116395996e-05
BDI,2017,0.06009247812499413,0.000555968116663071,0.00147385721515879,2.6162719897559003e-05,8.513155821408e-06,0.00028396241123376705
BDI,2018,0.08412946937499177,0.00076170477357659,0.0019160655433751402,3.7610518818210006e-05,1.223180912437e-05,0.00038549288223529
BDI,2019,0.0961479649999906,0.000900725019681516,0.002157480987551508,4.1044377715812e-05,1.3349776507644e-05,0.000425717450862588
BDI,2020,0.07211097374999294,0.000668785398572772,0.001528332467912055,3.1166515525527e-05,1.0133440897058999e-05,0.000308675090090079
BDI,2021,0.0961479649999906,0.000862371642588792,0.001943979741184704,4.3372202139384e-05,1.40966595033e-05,0.00039041312963388
BDI,2022,0.0961479649999906,0.000854791229722824,0.0018990384599505477,4.3829698326048e-05,1.424326037322e-05,0.00038844475569808803
BDI,2023,0.0961479649999906,0.0008370866016620999,0.0018337642493518559,4.4920978054116e-05,1.4594541777348e-05,0.000373276478350416
BDI,2024,0.0961479649999906,0.0008370866016620999,0.0018337642493518559,4.4920978054116e-05,1.4594541777348e-05,0.000373276478350416
BEL,2000,22.034300371460148,0.07027485973139326,0.04618419349198622,0.00010073515341927387,4.7603229394057824e-05,0.09967105589809246
BEL,2001,20.297830541196234,0.06234548173759716,0.04104093964907051,0.0001253657547416646,5.5671398383245225e-05,0.09412032968651696
BEL,2002,20.28675112922018,0.06353217436857495,0.0360864863918846,0.00010716061763436308,4.957260880613276e-05,0.08987603648423054
BEL,2003,20.58102501193337,0.054411095761075556,0.035731837923137943,9.111202564787945e-05,4.499592688409108e-05,0.09134098891895592
BEL,2004,19.3345630024614,0.06544771249760387,0.03724381714952288,0.00011700334732957948,5.40009173185887e-05,0.08878186578214191
BEL,2005,19.424209764809145,0.05577541043852278,0.03475293439488174,0.00011393720469436907,5.3197140550134776e-05,0.0884316527008324
BEL,2006,17.65938460423472,0.05483813302104695,0.02829623041891869,0.00011821222412543643,5.4751600225863896e-05,0.08146976420274638
BEL,2007,16.912586787236272,0.04255482765284534,0.02343226902821585,9.596556225616038e-05,4.735133878234196e-05,0.07621287565131156
BEL,2008,15.207932438072872,0.01983632036584452,0.016469746214661338,8.498176220974822e-05,4.344496548405518e-05,0.06933900311913499
BEL,2009,15.71811804405796,0.009570489696248229,0.017520842615487597,0.00010983075485535477,5.966051111019615e-05,0.07182721199538908
BEL,2010,16.40368774612072,0.008346144125096178,0.014568612708962186,7.63630482816682e-05,4.230116129276803e-05,0.07372505728805152
BEL,2011,14.305315287752107,0.006105605353636178,0.011385441305603048,7.148627212904403e-05,3.953911964681111e-05,0.06522669420338278
BEL,2012,13.567367778363737,0.0073207519692355255,0.009681345395867996,6.277429939692024e-05,3.34206635830612e-05,0.06154566554291353
BEL,2013,12.297560582832567,0.0049274788429939185,0.01037658080289964,8.76249107817209e-05,4.858899564563347e-05,0.05529490329430288
BEL,2014,11.287294574331282,0.0019307677657972137,0.006190645481287901,1.739309762123762e-05,1.5516657483201277e-05,0.051264234839430114
BEL,2015,12.140478758470575,0.0013701562912979894,0.006756211186510121,2.8695548667347516e-05,2.2570856122658723e-05,0.05444996445796109
BEL,2016,10.673365217506907,0.0010272257308704342,0.005633861337034206,3.025456979739725e-05,2.2761986409059666e-05,0.04867686021156661
BEL,2017,10.771265755582178,0.0006918165740699764,0.00564065370452627,3.751234289459126e-05,2.6264368212048462e-05,0.04843199148395379
BEL,2018,10.946985354853883,0.0008982401220757042,0.0055781633885600744,2.4450385206072983e-05,1.9096737764174518e-05,0.04724925162650381
BEL,2019,11.497460105014268,0.0011666138174418498,0.005547198810784537,1.807498960557113e-05,1.572823170755866e-05,0.04783590442180801
BEL,2020,11.46185293372978,0.0009318536223452765,0.005596920682655179,2.1552242866440995e-05,1.748801034306425e-05,0.04568073590117734
BEL,2021,10.2246091318208,0.0014474382202220076,0.006324507264128525,3.454598484861587e-05,2.2787713548298197e-05,0.03959228902655107
BEL,2022,10.262670812933221,0.0011448508907071068,0.0063298235995523575,4.568838469882401e-05,2.8447730586130713e-05,0.04037311003422302
BEL,2023,8.582924459413004,0.0024604558974761458,0.006721102828248858,5.256548763725124e-05,2.974597762634977e-05,0.033433460487011346
BEL,2024,7.551046888124191,0.002650260197277597,0.006544508154054225,5.811187668518219e-05,3.125228986094914e-05,0.02940214343006515
BEL,2025,4.504186910381487,0.0004265110394588662,0.002402753513718035,6.456414784801652e-06,6.5601226877303575e-06,0.017566372469315333
BEN,2000,0.060092478124994124,0.000330830800505712,0.000760741099921136,3.9556122243512e-05,1.3065156444096e-05,0.00038808993274628
BEN,2001,0.0480739824999953,0.000302761795535742,0.0006064086424377179,2.9345763214848e-05,9.697530594012e-06,0.000306963358112496
BEN,2002,0.0480739824999953,0.000288899895774738,0.000607203159230556,3.0182318411028e-05,9.972094774259999e-06,0.00029622736433024396
BEN,2003,0.060092478124994124,0.000268308827360104,0.000764322801582152,4.332927616988e-05,1.4303536074623999e-05,0.00038499211574484
BEN,2004,0.060092478124994124,0.00034836500158852,0.0007597336093790561,3.8497946432152004e-05,1.2717854585792001e-05,0.00038621487021041605
BEN,2005,0.08412946937499177,0.000396619782634262,0.0010688509503798721,5.9394411407847996e-05,1.9609250271743e-05,0.000534949497582665
BEN,2006,0.12018495624998825,0.000600130319607,0.00149683807926435,8.2825610913975e-05,2.7349069777935e-05,0.000743853919074345
BEN,2007,0.16825893874998354,0.000712354026018954,0.002114585841890324,0.00012367020410696602,4.0820609356934004e-05,0.00097441217230368
BEN,2008,0.18027743437498234,0.000611879881618596,0.002268395276128055,0.000141638045255134,4.6734303570117e-05,0.0010507559121584952
BEN,2009,0.10816646062498941,0.00033931506231572303,0.001358332589524625,8.666131267976e-05,2.8591474665130004e-05,0.000630547385591682
BEN,2010,0.08412946937499177,0.000263911715134452,0.0010614263822021639,6.740324319537599e-05,2.2237813628426e-05,0.000472063040628234
BEN,2011,0.08412946937499177,0.00026391171513445,0.00107645610598147,6.740324319537e-05,2.1880337022340002e-05,0.00045355831225048
BEN,2012,0.036055486874996476,0.0001480793903775,0.00045933521125837007,2.677495091267e-05,8.554028337035e-06,0.00019419220440417502
BEN,2013,0.08831745012613457,0.0002262719753816152,0.000896923535148565,5.777566825236181e-05,1.815637499644373e-05,0.000448087841058454
BEN,2014,0.2409153591284061,0.0005748723459747577,0.002428375483990554,0.00014617545762577935,4.540889662766583e-05,0.001204026708696942
BEN,2015,0.21687836787840842,0.0010873231772970875,0.006106942146997315,8.836780172351677e-05,2.7255975976451622e-05,0.001054592162442094
BEN,2016,0.21241766381305086,0.0013538572432373898,0.006574908279711073,0.00012046835134292333,3.6027546057872346e-05,0.001037139459010813
BEN,2017,0.20904785300455236,0.0011837224184211269,0.0060922645513646475,7.111281200901712e-05,2.097875839829409e-05,0.000966177286327614
BEN,2018,0.13247617518920185,0.0010258194616138397,0.004542002983763017,4.484210016527083e-05,1.3011227652537153e-05,0.000597820755392278
BEN,2019,0.32222046432332896,0.0016172625238336184,0.007918225908656635,6.834334875943594e-05,1.9550538116978058e-05,0.001368977323302041
BEN,2020,0.5425151343749833,0.00199967144708459,0.009932474752582899,5.683303557063005e-05,1.618427891471982e-05,0.002179623601633384
BEN,2021,0.5703276387499825,0.0017449406559276084,0.009740129900743447,6.045306058290933e-05,1.6004199538544333e-05,0.002208630124606687
BEN,2022,0.5400598299999803,0.0016267620672791108,0.008919972941023781,9.150884847606053e-05,2.236180252736354e-05,0.002128107922696765
BEN,2023,0.5293351372190312,0.0015920393537303137,0.008605305429666199,9.360092817482529e-05,2.1452705503767993e-05,0.002061471008744886
BEN,2024,0.5293351372190312,0.0015920393537303137,0.008605305429666199,9.360092817482529e-05,2.1452705503767993e-05,0.002061471008744886
BFA,2000,0.22835141687497768,0.0018046152921330119,0.0023353956560887928,0.000117274572008506,3.8804028433652e-05,0.0014747417444358729
BFA,2001,0.24036991249997652,0.001959752219693159,0.002781273064088385,0.000119816477741232,3.9654805900503e-05,0.001534816790562462
BFA,2002,0.2403699124999765,0.0018474002916507,0.00300717558148842,0.00012659683186476,4.1880172953690004e-05,0.0014811368216512198
BFA,2003,0.27642539937497296,0.00222752878094642,0.003867417706124525,0.00013936927115033997,4.612170116263499e-05,0.0017709637324262448
BFA,2004,0.28844389499997175,0.002424851304064945,0.0033158318841708307,0.000139365308006773,4.6136903876888e-05,0.00185383137701
BFA,2005,0.3365178774999671,0.002664403756753284,0.003816864131083164,0.000172525707391086,5.7086428909062e-05,0.002139797990330658
BFA,2006,0.3725733643749635,0.002929181748705441,0.003646131726859092,0.000192259462196045,6.361271716465099e-05,0.002305947149130456
BFA,2007,0.3966103556249612,0.00324579943803085,0.00475066448083865,0.00019696042805165,6.51886190733e-05,0.00229682869185865
BFA,2008,0.3845918599999624,0.003269129046462384,0.005032196827243775,0.000183648201468144,6.0802935208224e-05,0.0022416126126048
BFA,2009,0.39282139551818357,0.0033069577080490856,0.004961049777334703,0.000189516613145628,6.2740295935908e-05,0.0022899196527028016
BFA,2010,0.36055486874996473,0.0029781020960394753,0.004647427439735025,0.000177402853819845,5.8720154706495e-05,0.002023127316978165
BFA,2011,0.36055486874996473,0.0027286254828474753,0.005255368494422131,0.00019242510015573,6.264775610172e-05,0.0019438213382163
BFA,2012,0.42078387849573273,0.003058597165991889,0.006954229303227348,0.000232128385439338,7.4340153237206e-05,0.0022663110673313393
BFA,2013,0.4592273084022648,0.0032046983805667953,0.008851764156061932,0.000261350318830419,8.2307039376051e-05,0.0023751184308842973
BFA,2014,0.5119217695395262,0.0036122995951416662,0.009015323810760072,0.000288886308059154,8.9475352942482e-05,0.002601103202482278
BFA,2015,0.7211097374999295,0.0057655013163043665,0.01472497602221191,0.00036593651272551106,0.00011157537632295601,0.00355625390070314
BFA,2016,0.561751035105312,0.004988615384615369,0.012168880653506327,0.000254435670917814,7.634506259688461e-05,0.0027519290955954697
BFA,2017,0.6305166598347101,0.0058334615384615035,0.013425614006803872,0.000270783906674496,7.986996314329501e-05,0.002979458272253472
BFA,2018,1.2619420406248765,0.0114255716036488,0.024655735771433603,0.00055611353742944,0.00016099377017184002,0.00578239323352928
BFA,2019,1.0576276149998964,0.00990797521649663,0.020251319472524107,0.000445024266508088,0.00012654847784412276,0.004682891959488504
BFA,2020,1.0215721281249,0.009474459813114327,0.018302092300672215,0.000435008072010549,0.00012135172914156566,0.004372897109609475
BFA,2021,1.1057015974998918,0.009917273889771079,0.018833731369614838,0.00049128351106842,0.0001273977638973631,0.004489750990789679
BFA,2022,1.1297385887498892,0.010043796949243056,0.018782714935130146,0.000507223104118016,0.0001229367965665976,0.004564225879452525
BFA,2023,1.1177200931248905,0.009731131744322,0.017900273507277777,0.000514241462310998,0.00011695336313425512,0.0043393390608236155
BFA,2024,1.1019775566020047,0.00959407355074,0.01764815697900626,0.00050699862481366,0.00011530613266757546,0.00427822160926272
BGD,2000,9.360994106874921,0.007390054373020421,0.020175551901823182,1.2318456632837204e-05,1.4442735212879723e-05,0.048569349550992395
BGD,2001,9.401411307846981,0.007955892753449694,0.020815454864120755,1.2848425304721904e-05,1.4545095089078952e-05,0.048877840045711635
BGD,2002,10.251433147651769,0.008490413305819544,0.022447933516299895,1.3678568581859541e-05,1.5749011588688862e-05,0.05189818711582651
BGD,2003,12.100912614999896,0.009294181567250181,0.026123221685202286,1.5269579861893882e-05,1.8403287750328393e-05,0.061192542297903295
BGD,2004,14.681987915687284,0.017201259094601837,0.02945749999999877,3.1378630441688204e-05,2.719205726564987e-05,0.07349048796403757
BGD,2005,15.906313985939144,0.019554890414596827,0.03230987800691834,3.378261559819324e-05,2.9663165463719326e-05,0.0784224709332019
BGD,2006,18.308648316156138,0.02193026972577354,0.036738077045845224,3.686975586468415e-05,3.363992707893186e-05,0.09160143337715221
BGD,2007,19.446955158960733,0.026010942628090606,0.039016052211165386,3.8902033012205e-05,3.6396873596423305e-05,0.09495020812696109
BGD,2008,21.376212477895347,0.025739530668893163,0.04309479999999696,3.58651918966993e-05,3.805987316078781e-05,0.10430890262964457
BGD,2009,23.77982316582294,0.025381061845549523,0.04569609999999736,3.400961008168221e-05,4.00127752987213e-05,0.11484187038814966
BGD,2010,26.543514766340444,0.02373400854170423,0.05145769999999613,3.117904902585169e-05,4.228788346563451e-05,0.12253618269899294
BGD,2011,28.662610967469348,0.04057276027938216,0.05559369999999948,5.656137247740859e-05,5.0760956637924796e-05,0.13545978209164078
BGD,2012,32.35245815548966,0.07499133378091687,0.06266439999999898,0.0001204582608589531,7.698420863341239e-05,0.15243605768818316
BGD,2013,31.71279899292803,0.09681229426804902,0.06383895342362907,0.00015894186171657682,9.000118293373344e-05,0.14873895932861023
BGD,2014,33.90548539944365,0.11162770062912808,0.07124173919353308,0.0001847075133814893,0.00010040662526195643,0.15991312055944917
BGD,2015,36.082752356240505,0.1257886643947471,0.07867160902543906,0.0002092478229652865,0.00011068050797121609,0.16817651572032366
BGD,2016,45.917511510031346,0.14499807390379732,0.0973425293474798,0.00024391636737710465,0.00013504144570266658,0.20831508764840162
BGD,2017,47.73857971686841,0.16474480488187976,0.10743020517150206,0.00027818276687998554,0.0001483904256381097,0.21237531924140435
BGD,2018,49.95920481733235,0.1855833567798327,0.11698884760487949,0.00030487395232829494,0.0001595428165242456,0.21410811840944355
BGD,2019,51.49009990764206,0.18545095831943428,0.12357706655667816,0.0003174076899253107,0.0001666588782169844,0.2129100495983854
BGD,2020,49.577180033010826,0.1656169212458195,0.11354798878626243,0.00026653343646891706,0.0001522314695946633,0.19607914458849
BGD,2021,58.78379055570769,0.30583828200516255,0.17343905493165407,0.0004887074387232661,0.00024169756280999568,0.22717257482484968
BGD,2022,63.90940183456368,0.39260930481719514,0.21263839970431928,0.000635151813035494,0.0002972798128475744,0.25201420910308064
BGD,2023,62.009708089025274,0.35244502705698283,0.183819254909423,0.0005025688380603863,0.0002610748546268704,0.24275178126920227
BGD,2024,62.897006077714266,0.3175731498105333,0.14710212939549377,0.0003205094835462977,0.0002213763009443779,0.24739524376273378
BGD,2025,64.19933402712877,0.3331899021315078,0.1500244525025847,0.0003241745962125104,0.00022814005017705624,0.25268786749217315
BGR,2000,16.89377701515254,0.4079164889279612,0.03972472694996752,0.00011186611347554042,0.0003053367665535382,0.06234927924104054
BGR,2001,19.562705165023242,0.47668247099993816,0.04027608025454793,0.00011830191262153722,0.0003246552388795437,0.07219069776282054
BGR,2002,17.67305713962494,0.4302144287201501,0.04161427042594377,0.0001117387376031437,0.00029537918371146105,0.06324583557943769
BGR,2003,19.79995860336347,0.4827256190054137,0.04778531892957592,0.00012123416532719184,0.0003286144488063721,0.07003640156720205
BGR,2004,19.198400913208694,0.469653096314591,0.04646445701084847,0.00011494836415601141,0.0003186047876173561,0.06768129149443523
BGR,2005,18.82239193202757,0.45992500424968275,0.04405042706529262,0.00010814443530265331,0.00029439372963158947,0.06547120717817573
BGR,2006,20.216178860689855,0.49401140923018244,0.04716394668299721,0.00010927440485764015,0.0003050754943185547,0.06951253740486354
BGR,2007,23.75357293889382,0.5816891584458792,0.05544163806055374,0.00012894790201215656,0.0003524584665962501,0.08006205307376324
BGR,2008,23.39584557308291,0.575099937943485,0.05538237030935572,0.00012004846234793836,0.00034946180629479744,0.07922309820976073
BGR,2009,21.34034332614288,0.4438639960708102,0.050850334314929566,0.00011270232526272209,0.0003366862963204208,0.07347259342410642
BGR,2010,23.604840567068667,0.244669220143657,0.05043808506793479,0.00014617150859213074,0.0003835534908475967,0.08079401262219509
BGR,2011,28.324463301519778,0.5163052144535892,0.06724289105465678,0.0001512230226890548,0.0004860350538133469,0.10012704158299295
BGR,2012,23.98880206360241,0.24263659336094598,0.041079557611177965,0.00012681287374281371,0.00041368377784061346,0.0852381491067193
BGR,2013,20.794794301353647,0.10553866351745356,0.030949039401470868,0.0001085381259741679,0.00034294951574400685,0.07149898085025269
BGR,2014,21.830134715595314,0.10323237811473464,0.033399112987704926,0.00011561806987394629,0.00037102172440937577,0.07431584103955617
BGR,2015,23.19247365754809,0.08735383614432522,0.027778900539635533,0.0001274053945823212,0.00042906614839074357,0.07913362690033961
BGR,2016,20.49256082501766,0.051434884566603924,0.023572256982430772,9.720918928365027e-05,0.00032676014205320085,0.06961379569629124
BGR,2017,22.474438146289117,0.04458267963223929,0.016092302509179687,8.660010898876143e-05,0.0003031851118931773,0.07756777355246433
BGR,2018,20.30475255392747,0.036105146524741345,0.01462940333316976,6.25525231472956e-05,0.00022236580153061196,0.07346244667538886
BGR,2019,18.013907336453208,0.03120291895501781,0.011918750676545473,3.692933540332248e-05,0.000150792970425532,0.06814643091098478
BGR,2020,13.907538556617915,0.023954332804807705,0.0096387438238901,1.3027275320378652e-05,7.612529335819098e-05,0.05327873464823958
BGR,2021,18.222642372168263,0.029123938393028875,0.012549753090608164,1.6069584121744515e-05,9.911074252094835e-05,0.06783546637982563
BGR,2022,22.951441482073122,0.0380173455762133,0.016089907392158535,2.0399445748658795e-05,0.0001287532902590616,0.09019043614158234
BGR,2023,14.279552680222807,0.023294024720607837,0.009899807220013645,1.2053891918108856e-05,7.909322596963138e-05,0.057462850444290385
BGR,2024,10.945528710605121,0.017472828875571257,0.007498635987064558,1.0689107587006961e-05,5.990811510509678e-05,0.04401008185067372
BGR,2025,10.64144660574419,0.017058272683140176,0.0073052641585772534,1.0523131918497795e-05,5.8452956028510435e-05,0.04279230702204283
BHR,2000,10.1614606878408,3.883251630010682e-05,0.010427156348396633,1.2140270885400684e-06,1.2140270885401726e-05,0.05150823384668346
BHR,2001,10.720584122817685,4.096923370417963e-05,0.011270709946757962,1.2808276221201215e-06,1.2808276221201375e-05,0.054347721144271915
BHR,2002,11.190571937725792,4.276531500035677e-05,0.011993533167906793,1.3369787952742313e-06,1.3369787952743045e-05,0.05532642654251252
BHR,2003,11.506598227060554,4.39730248374415e-05,0.01252701713367416,1.3747356186020382e-06,1.3747356186021174e-05,0.05669969450364334
BHR,2004,11.838830992771456,4.524266851232536e-05,0.013057418072262138,1.414428689280051e-06,1.4144286892800595e-05,0.057667156362647756
BHR,2005,14.196873305500064,5.4254041912110825e-05,0.01583082905355428,1.6961526787258825e-06,1.696152678725993e-05,0.06833761927724541
BHR,2006,15.456342166497459,0.006565532557256456,0.017489239192959628,1.350787130704983e-05,2.237369831929909e-05,0.07664254130934989
BHR,2007,15.9287844912335,0.003122738692437111,0.016887966589543182,7.390715302844275e-06,2.086949902787937e-05,0.07771699584737285
BHR,2008,16.733186858366228,6.394668752768783e-05,0.01665501811993747,1.999175389023445e-06,1.9991753890235048e-05,0.08180639415069627
BHR,2009,16.53870914185253,6.320348147409724e-05,0.015896591021347967,1.9759404208217436e-06,1.975940420821769e-05,0.0798157231558681
BHR,2010,17.462478295292602,6.673371022865239e-05,0.016229668186770317,2.0863065197799067e-06,2.086306519779977e-05,0.08053037197776375
BHR,2011,17.84333049013193,6.818915541693401e-05,0.01651141992359221,2.131808332508313e-06,2.1318083325083485e-05,0.08328169223424052
BHR,2012,18.15935677946669,6.93968652540186e-05,0.016732927337642516,2.1695651558360637e-06,2.1695651558361594e-05,0.08384541451316628
BHR,2013,18.993990312837983,7.258645790067805e-05,0.017430353610549437,2.269281894368455e-06,2.2692818943685674e-05,0.08805318350096594
BHR,2014,19.974482133594552,7.633345508753039e-05,0.018257323025994976,2.3864248590522067e-06,2.3864248590522588e-05,0.09324286103778276
BHR,2015,20.88204481065848,7.980175000428638e-05,0.019013273466195135,2.494854710660258e-06,2.4948547106603222e-05,0.09655142202007777
BHR,2016,20.898251287034626,7.986368384208553e-05,0.018905367336315808,2.496790958010394e-06,2.4967909580104588e-05,0.09345145774274151
BHR,2017,21.42496176925923,8.187653357056004e-05,0.019253529755471142,2.5597189968900937e-06,2.5584054367131376e-05,0.0940826085406544
BHR,2018,21.65995567671328,8.277457421864871e-05,0.01933230428130424,2.58779458346716e-06,2.5817938450974906e-05,0.09104866124812225
BHR,2019,24.261095135084016,9.271495518542237e-05,0.021502524011670413,2.898562283165251e-06,2.8864979507143415e-05,0.09832481695641208
BHR,2020,24.455572851597715,9.345816123901301e-05,0.02151906992301595,2.9217972513668957e-06,2.9041370255585494e-05,0.09505327136264148
BHR,2021,24.82832180824897,9.488263950839481e-05,0.021742060940483584,2.9663309404202286e-06,2.95083221487088e-05,0.094196090252424
BHR,2022,26.10053020377609,9.974444577563312e-05,0.022749645478039923,3.11832635740652e-06,3.1044984819012096e-05,0.10141224248994617
BHR,2023,27.405151552055486,0.00010473011971846991,0.02377884786999838,3.2628296820610522e-06,3.262173639097014e-05,0.10691791258392204
BHR,2024,27.74973210929107,0.00010604695107929604,0.024077832848567116,3.3038550953988984e-06,3.303190803633547e-05,0.10826225230876
BHS,2000,1.3460715099998686,0.01884337698598587,0.007713412718106709,3.3009126270795525e-05,1.2382827399775007e-05,0.008693214493516718
BHS,2001,1.3941454924998633,0.019217675188960493,0.00908232912843315,3.354545975276524e-05,1.25848137960904e-05,0.008901937385262435
BHS,2002,1.490293457499854,0.013128972677937648,0.029382981227001486,1.990871187711542e-05,7.488872218099719e-06,0.00918304829423755
BHS,2003,1.5864414224998449,0.0144161970419474,0.0242061806115224,2.2140155453796e-05,8.326116640789124e-06,0.0101637918556636
BHS,2004,1.562404431249847,0.014462302406713722,0.022680995304501666,2.237380042954052e-05,8.412753032406244e-06,0.01004158662547095
BHS,2005,1.6585523962498376,0.015519161600962226,0.026774818088372968,2.4109648174042267e-05,9.064692011667453e-06,0.010546147238058322
BHS,2006,1.6705708918748363,0.015539840161040566,0.03408135691848191,2.4333281471516975e-05,9.400345258186442e-06,0.010339569475133245
BHS,2007,1.7787373524998258,0.0164598373209483,0.042358620548926126,2.5737687558268875e-05,9.95959349420342e-06,0.010300928678638875
BHS,2008,1.7787373524998258,0.01668745530923895,0.060256884206436975,2.622653448005146e-05,1.0141518686006297e-05,0.0103674583332972
BHS,2009,1.6946078831248341,0.0160297719294626,0.02916334876997869,2.523780082066308e-05,9.723911510997523e-06,0.00987857570760304
BHS,2010,1.5864414224998449,0.0152854155681832,0.023050787046925366,2.4245008706285763e-05,9.353042750410757e-06,0.008901760194703956
BHS,2011,1.6224969093748414,0.013287323634397599,0.0311225522938086,1.945657540749144e-05,7.677213669554866e-06,0.008747196021973373
BHS,2012,1.502311953124853,0.013247035333229549,0.03321521679841886,1.9516827758153092e-05,7.576657926546324e-06,0.00809134185017402
BHS,2013,1.490293457499854,0.013043082953894732,0.03765003241453521,1.8819412945311227e-05,7.355925647111735e-06,0.0077077808605267506
BHS,2014,1.5143304487498517,0.012835597113334464,0.039821820300648764,1.7889254686830806e-05,6.9787118264744715e-06,0.0076943978831038075
BHS,2015,1.5864414224998449,0.0136082224101892,0.0416714642168194,1.8725593688872448e-05,7.342353094744274e-06,0.0078237585815468
BHS,2016,1.562404431249847,0.013366314912260499,0.04058326158951552,1.8068240915222288e-05,7.125745106675835e-06,0.007653971145131523
BHS,2017,1.574422926874846,0.013205174384018003,0.04011751596527814,1.7418111584762834e-05,6.931939957950696e-06,0.007439815174324671
BHS,2018,1.5864414224998449,0.0135355970765936,0.040308010553176,1.7621399202069994e-05,6.992492078681368e-06,0.0072692943507226
BHS,2019,1.5864414224998449,0.013226940774104254,0.039462724069438467,1.6722518086270625e-05,6.649426703783501e-06,0.007024337939232755
BHS,2020,1.5984599181248436,0.013037574766032792,0.03893762429312096,1.5981964998835856e-05,6.342846759475723e-06,0.006842297830330176
BHS,2021,1.6104784137498425,0.013206601289533777,0.03933111751599368,1.622414745736968e-05,6.427627595841567e-06,0.006539419921367591
BHS,2022,1.6104784137498425,0.013214358155367607,0.03935059214315187,1.6228313365934815e-05,6.41175585547937e-06,0.006506449657943108
BHS,2023,1.7306633699998304,0.014621851412457497,0.04282540981998415,1.8173020060694002e-05,7.15415412294556e-06,0.006718976610307545
BHS,2024,1.762273659862841,0.014888917191680466,0.04360760908610258,1.8504947367738644e-05,7.284823604643196e-06,0.006841697644285765
BIH,2000,5.40356257353004,0.07480073942374255,0.013986306825261256,2.767115066997167e-05,4.223446958271683e-05,0.019040087062110914
BIH,2001,5.5111848215604375,0.07697661430030851,0.013825338895334114,2.8993276901609482e-05,4.409528863547245e-05,0.019741938105711603
BIH,2002,5.567687954479834,0.0762975207620449,0.013807781167907783,3.0302780951679358e-05,4.233748629025594e-05,0.019277353259306507
BIH,2003,6.8354420092326444,0.09634505977502685,0.016199352543797306,3.63114969248501e-05,5.5993378804338656e-05,0.023361368280967618
BIH,2004,6.825218186210444,0.09302996128784946,0.015317697336513862,3.532581962119176e-05,5.3719460027593355e-05,0.02326258944525196
BIH,2005,6.661637017855242,0.08971089792031149,0.014123705535290342,3.3767824285592626e-05,5.257678748460997e-05,0.022568564430526825
BIH,2006,7.524027496925647,0.10130377830586487,0.015484276045711617,3.8365653853425114e-05,5.93828070168453e-05,0.025429091514873707
BIH,2007,7.87163747968045,0.10567035474568495,0.015644145220609217,3.982936074267426e-05,6.204958322089125e-05,0.026060885211760584
BIH,2008,9.94777980060068,0.13485642089779987,0.0193782892820545,4.645111153483432e-05,7.988569301696337e-05,0.03295834505890948
BIH,2009,9.347784486348026,0.12458875481352134,0.01747106471423383,4.366252969665287e-05,7.351511011326977e-05,0.03162949479673185
BIH,2010,8.993865938007954,0.1186944096632786,0.01581164821569129,4.132052786506804e-05,7.120036259123569e-05,0.03037068407153611
BIH,2011,10.813706435959567,0.14178672261421643,0.01938624957098028,4.996563765224815e-05,8.191001934084245e-05,0.0379384020669844
BIH,2012,9.77930563811456,0.12930732098138473,0.017638792149348482,4.499187077775258e-05,7.39297972752979e-05,0.034357022358657924
BIH,2013,10.13893411649436,0.13360141731184216,0.018214537208118452,4.648205664911928e-05,7.534468333160314e-05,0.03434149038437548
BIH,2014,11.327299959727208,0.1754363305762434,0.015817297503279402,3.954906564755873e-05,0.0001377574450077332,0.03802176585904886
BIH,2015,11.099169457887209,0.174382330576244,0.015137481409701569,3.9061013056425316e-05,0.00013495920677732986,0.037470766333060755
BIH,2016,13.338637374670137,0.21137871216782103,0.01675299517547823,4.0274526564764286e-05,0.00014340695270742543,0.04467302811762599
BIH,2017,13.641973917376136,0.21751571401660086,0.015511602211887878,3.353519189628914e-05,0.0001256005714210565,0.046589211496900575
BIH,2018,13.53385735646521,0.2192453348515329,0.013797047971801802,2.512792234474932e-05,0.00010314453423321588,0.04857489822069175
BIH,2019,12.33795118055114,0.1983013016950284,0.010706888731191938,1.4776905689555583e-05,7.079486843877972e-05,0.04644606225188555
BIH,2020,12.841626001755,0.2137542376754874,0.009506961426517352,6.677505662434e-06,5.051685548367307e-05,0.049084513421723173
BIH,2021,12.090327094897997,0.20346482511699143,0.009022624399569539,6.0832365532971e-06,4.806401368074291e-05,0.044912284515781435
BIH,2022,12.273309243263068,0.1998992690452589,0.008840408230469492,6.175463466911184e-06,4.7302394191379586e-05,0.04823280333658064
BIH,2023,11.609285151512728,0.18906726978299915,0.00833270095715166,6.271891313665777e-06,4.484949330076276e-05,0.04679404617212915
BIH,2024,10.991671301484494,0.1791071275438551,0.007888607013409947,7.298758698914266e-06,4.2720143207035075e-05,0.04429487215826478
BIH,2025,9.742378115199994,0.15874468585294937,0.006991491842825936,6.745674135557524e-06,3.791263966817504e-05,0.03925821326248189
BLR,2000,11.398002120644605,0.021508289293107698,0.016379432252251955,3.9789520991872265e-05,2.6493044316286757e-05,0.059662939127625825
BLR,2001,10.869558167496793,0.018360225232610085,0.01460993064429712,3.4124707937094404e-05,2.3992992580930842e-05,0.056621026605267424
BLR,2002,11.40127480041518,0.01701850601444579,0.01450845946521748,3.177736986848215e-05,2.381909726863306e-05,0.05767085164541711
BLR,2003,11.37523161492776,0.013784411273934864,0.013564036091046705,2.5982757410913488e-05,2.1847037798468314e-05,0.05733226940420737
BLR,2004,13.409514254485668,0.0189264382333932,0.01524818373406857,3.5419550699376164e-05,2.7358428191948923e-05,0.06716934860872388
BLR,2005,13.102584965557917,0.011868338923997062,0.01386828447450161,2.2738501595853538e-05,2.275234416262845e-05,0.06422149706539375
BLR,2006,13.684478906251648,0.019696357022466682,0.01425484115864804,3.683221867113899e-05,2.815014362669394e-05,0.06896392516947379
BLR,2007,13.192010568499692,0.003215509338678457,0.012347188720209672,7.053261985891489e-06,1.7681482255912297e-05,0.0643783479396203
BLR,2008,14.797736885070414,0.012772975300343423,0.01365857503999052,2.4361779666897222e-05,2.534228259238193e-05,0.07307349079078626
BLR,2009,14.52711335449214,0.06847775574709211,0.01586038952035667,0.00012420990308807043,5.853171705420939e-05,0.07439818275041617
BLR,2010,14.661671364675614,0.010947351111368377,0.012303870613976541,2.0676936710584397e-05,2.4140832575485913e-05,0.06823652204481832
BLR,2011,13.371038776900306,0.005248781715160289,0.011042275233068576,1.0488747398542104e-05,1.9131814724620708e-05,0.06261006180730683
BLR,2012,12.921815273471621,0.010217278892105365,0.010840922499572848,1.9335857794941364e-05,2.1562157520550234e-05,0.06012030873634455
BLR,2013,12.943476216132058,0.002568421801717629,0.010417384376089472,5.633456323768845e-06,1.6974899865018496e-05,0.06005551849159576
BLR,2014,14.357839163242147,0.005198245429925609,0.011299274793313318,1.0282243897040113e-05,2.02085426409267e-05,0.06710741322663297
BLR,2015,14.07243115405687,0.005159354069325824,0.0110711336376881,9.9219791492456e-06,1.977533897787733e-05,0.0651035933316687
BLR,2016,13.890130265885675,0.007668684189581692,0.01001976435529581,1.4741717499653053e-05,2.111514836681045e-05,0.06227340687151496
BLR,2017,13.99482978466425,0.0027976029306783622,0.008791805768334528,6.108615270224014e-06,1.832253629820048e-05,0.06147704887762403
BLR,2018,15.849925883104033,0.003485522386626777,0.008894621946168748,7.679567264031586e-06,2.096519391205631e-05,0.06668431390041127
BLR,2019,16.336665621016714,0.0026147421615836343,0.00803143713608186,6.292101276330746e-06,2.1022940234439825e-05,0.06625853796300335
BLR,2020,16.007373020323346,0.026907068181968054,0.009235277012362025,4.993256911843193e-05,3.524162263616938e-05,0.06287759037687664
BLR,2021,14.858076814188367,0.024985525245281102,0.00858239517195994,4.637912569244078e-05,3.2705735534520585e-05,0.05678417271486079
BLR,2022,13.575213539607322,0.02287181094594393,0.007855358935296198,4.246518263279821e-05,2.9900977561712448e-05,0.05296827984253274
BLR,2023,12.448106463202429,0.020935231411330846,0.007208574401407408,3.8903879935383045e-05,2.7388425927900415e-05,0.048542479112447134
BLR,2024,12.483792285460261,0.021437993457987435,0.007271752488661496,3.980934937090639e-05,2.7733359977809632e-05,0.04868110117943033
BLR,2025,11.920770599073998,0.023948958128967794,0.0072778145602912965,4.424773528495844e-05,2.8575644876998247e-05,0.04648153013579029
BLZ,2000,0.036055486874996476,0.00050473331212462,9.844609300453601e-05,8.841730251105952e-07,3.316828767796805e-07,0.000232853959647772
BLZ,2001,0.036055486874996476,0.000497008841093808,0.00010197412949990801,8.675549936059998e-07,3.254693223126814e-07,0.000230222518584372
BLZ,2002,0.036055486874996476,0.000317636435756555,0.000514501669559365,4.816623841237838e-07,1.81182392373335e-07,0.00022217052324768002
BLZ,2003,0.08412946937499177,0.00076449529767902,0.00109341470315608,1.174099152852811e-06,4.4153648852664807e-07,0.00053898896204277
BLZ,2004,0.060092478124994124,0.000556242400258224,0.000706793458802104,8.605307857514783e-07,3.2356742432331746e-07,0.00038621487021041605
BLZ,2005,0.07211097374999294,0.000674746156563579,0.0009137988953545319,1.0482455727844204e-06,3.941170439855223e-07,0.00045852814078514096
BLZ,2006,0.02403699124999765,0.00022359482246101198,0.000319338836669559,3.5011915786354636e-07,1.352567663048307e-07,0.000148770783814869
BLZ,2007,0.036055486874996476,0.0003336453511003,0.000430800241891836,5.21709882937866e-07,2.018836519095226e-07,0.000208802608350788
BLZ,2008,0.012018495624998824,0.000112753076413778,0.000133478313662792,1.7720631405440448e-07,6.852377490544524e-08,7.005039414390001e-05
BLZ,2009,0.036055486874996476,0.000341058977222605,0.000444292323590455,5.3697448554602e-07,2.0689173427653078e-07,0.000210182461863895
BLZ,2010,0.03214022943806846,0.0002316281724974336,0.000381854452775052,3.6831674043698614e-07,1.513940056963328e-07,0.00017224423658946297
BLZ,2011,0.012018495624998824,9.8424619514056e-05,0.00015369058465922801,1.441227807962288e-07,5.686824940411324e-08,6.479404460721e-05
BLZ,2012,0.020121733813069635,0.0001060072495847356,0.00021549536342963497,1.5707751067628243e-07,7.029450016307685e-08,0.000102145020617173
BLZ,2013,0.012018495624998824,0.00010518615285399,0.00019831696001318,1.5176945923636958e-07,5.932198102509101e-08,6.2159523068764e-05
BLZ,2014,0.020121733813069635,0.0001019007852786956,0.000254419595271822,1.4289714747917262e-07,6.506783854812747e-08,9.8893368339649e-05
BLZ,2015,0.020121733813069635,0.0001031235609354836,0.000254201714894372,1.4276796810903782e-07,6.530512383210963e-08,9.6737495946945e-05
BLZ,2016,0.012018495624998824,0.000102817807017388,0.00019253072462022803,1.389864685786332e-07,5.481342389749255e-08,5.8876701116395996e-05
BLZ,2017,0.012018495624998824,0.000100802857893266,0.00018886835108356402,1.3296268385314147e-07,5.2915572198081214e-08,5.6792482246752e-05
BLZ,2018,0.02403699124999765,0.000205084804190811,0.000376655122595115,2.669908970010471e-07,1.0594684967698164e-07,0.00011014082349579601
BLZ,2019,0.06009247812499413,0.000501020483867589,0.0009218910191996821,6.33428715389036e-07,2.518722236281475e-07,0.00026607340678912005
BLZ,2020,0.036055486874996476,0.00029408063382029004,0.0005416709119404451,3.6049545110154363e-07,1.4307173141670673e-07,0.00015433754504504
BLZ,2021,0.036055486874996476,0.00029567017812388505,0.000543061722538845,3.632271818813668e-07,1.4390211035463262e-07,0.000146404923612705
BLZ,2022,0.0480739824999953,0.000394458452399034,0.00072444082283343,4.844272646547929e-07,1.9139569717844018e-07,0.00019422237784904402
BLZ,2023,0.036055486874996476,0.00030462190442619505,0.0005502458053938651,3.786045845977636e-07,1.490448775613266e-07,0.000139978679381405
BLZ,2024,0.043266584249995764,0.000365546285311434,0.000660294966472638,4.543255015173163e-07,1.7885385307359188e-07,0.000167974415257686
BMU,2000,0.46872132937495414,0.006561533057620075,0.001845617160047789,1.1494249326437746e-05,4.31187739813578e-06,0.003027101475421027
BMU,2001,0.4687213293749541,0.00646111493421948,0.00192451547177238,1.1278214916877858e-05,4.231101190064843e-06,0.0029928927415968
BMU,2002,0.4927583206249517,0.004341031288672932,0.0059832364516669715,6.58271924969114e-06,2.476159362436189e-06,0.0030363304843849946
BMU,2003,0.5167953118749494,0.004696185400028265,0.0066749523581,7.212323367524345e-06,2.7122955723776482e-06,0.003310932195405575
BMU,2004,0.5167953118749494,0.004783684642220705,0.005170042146220185,7.400564757463254e-06,2.782679849180577e-06,0.0033214478838096404
BMU,2005,0.5408323031249471,0.005060596174226832,0.009048906120731788,7.86184179588353e-06,2.955877829891526e-06,0.0034389610558885923
BMU,2006,0.5528507987499459,0.0051426809166032995,0.00936852321525911,8.05274063086196e-06,3.110905625011082e-06,0.0034217280277419396
BMU,2007,0.5648692943749447,0.0052271105005714325,0.011390742293055336,8.173454832693611e-06,3.162843879915931e-06,0.003271240864162296
BMU,2008,0.5648692943749447,0.005299394591447532,0.014319948635431807,8.32869676055667e-06,3.220617420555985e-06,0.0032923685247632614
BMU,2009,0.5768877899999435,0.005456943635561692,0.010237354349556029,8.591591768736716e-06,3.3102677484245124e-06,0.0033629193898223483
BMU,2010,0.5768877899999435,0.005558332933884814,0.013839753471767056,8.816366802285661e-06,3.4011064546943886e-06,0.0032370037071650106
BMU,2011,0.5648692943749447,0.004625957117160648,0.011750447880423792,6.773770697422487e-06,2.6728077219927404e-06,0.003045320096538888
BMU,2012,0.5408323031249471,0.004768932719962689,0.012496079033361392,7.026057992934753e-06,2.72759685355633e-06,0.002912883066062607
BMU,2013,0.5288138074999482,0.004628190725575551,0.013461752831043275,6.677856206400202e-06,2.6101671651033632e-06,0.00273501901502558
BMU,2014,0.5167953118749494,0.004380402189471295,0.01805062147484076,6.105063107410014e-06,2.3816238772887598e-06,0.00262586594423387
BMU,2015,0.5167953118749494,0.00443298154271313,0.018030444164925125,6.10000400470787e-06,2.391827144499696e-06,0.0025486486288372563
BMU,2016,0.5167953118749494,0.004421165701747665,0.017829747425706127,5.976418148880486e-06,2.3569772275920156e-06,0.002531698148005
BMU,2017,0.5167953118749494,0.004334522889410472,0.017490584960774113,5.717395405685284e-06,2.275369604517495e-06,0.00244207673661039
BMU,2018,0.4927583206249517,0.004204238485911597,0.016629317660334455,5.4733133885215585e-06,2.1719104183777502e-06,0.002257886881663812
BMU,2019,0.4687213293749541,0.00390795977416716,0.01548641442402942,4.940743980033912e-06,1.9646033442989315e-06,0.0020753725729551597
BMU,2020,0.45670283374995535,0.0037250213617236695,0.01477660099107892,4.566275713953035e-06,1.8122419312781315e-06,0.00195494223723716
BMU,2021,0.45670283374995535,0.0037451555895692177,0.014814541838212741,4.600877637164319e-06,1.8227600644924833e-06,0.001854462365760952
BMU,2022,0.49275832062495173,0.00404319913709011,0.01599202539183453,4.9653794627111555e-06,1.9618058960795578e-06,0.001990779372952728
BMU,2023,0.4927583206249517,0.003999878551412163,0.015925033463099543,4.8974984433393516e-06,1.9429423845721484e-06,0.001913041951545879
BMU,2024,0.46929363869043017,0.00380940814420206,0.01516669853628528,4.664284231751763e-06,1.850421318640141e-06,0.00182194471575798
BOL,2000,1.1179741466395574,7.958388123271884e-05,0.0016020024979132323,1.5498677576044796e-07,1.3139069840972832e-06,0.005700380765205548
BOL,2001,1.0180859868749963,0.00011685789809633674,0.001670245248118205,1.5376191579184953e-07,1.1836779976566518e-06,0.005208600483603395
BOL,2002,1.1937350868749965,0.0001175291496760443,0.0019229484086284458,1.7474735991532027e-07,1.393532438891458e-06,0.005945763178350348
BOL,2003,1.3851082835316795,0.00015591623598097906,0.0021738651916634374,2.0832056563844692e-07,1.6112841093690372e-06,0.006896338476469797
BOL,2004,1.4790166824999953,0.00015627511149560048,0.0023403939455845617,2.1954014751662747e-07,1.7234799281506818e-06,0.007279119242411735
BOL,2005,1.7819005824999952,0.0001574325970525602,0.0027721003936183332,2.557268012447275e-07,2.085346465431782e-06,0.008651578183565944
BOL,2006,1.6810128390533714,0.00011939130530852812,0.0027878920993561077,2.329642254783105e-07,1.9757010945212598e-06,0.008324948265573156
BOL,2007,1.8349743646267171,0.00011997967676762264,0.003077897291809578,2.513585753046428e-07,2.1596445927849992e-06,0.008965728864699714
BOL,2008,2.126690939397266,0.00012109448584800651,0.0033435892207765243,2.86211027607185e-07,2.5081691158108107e-06,0.01043099849036379
BOL,2009,2.2968589413467533,0.0001217447911449002,0.003519021031529372,3.065416247837069e-07,2.7114750875759898e-06,0.011120808018202746
BOL,2010,2.6249037263065143,0.00016065417457261893,0.004031515808287629,3.56443487924388e-07,3.0925133322290853e-06,0.012153118424442567
BOL,2011,2.7830532326310022,0.00012360280627887667,0.0040081709548478025,3.64629045288037e-07,3.292349292619097e-06,0.013015678077239967
BOL,2012,2.985361464018558,0.00019968742567593595,0.004634782934433073,4.1021784576541714e-07,3.5122765238851747e-06,0.013830210853503725
BOL,2013,3.078685064838479,0.00016238832203099683,0.00449943237393109,4.106584137285207e-07,3.6346625902694142e-06,0.014298079487053653
BOL,2014,3.5201751844312312,0.00020173124232330806,0.005237234996489128,4.7411400832019464e-07,4.151238149432634e-06,0.016457342037618863
BOL,2015,4.091844273750003,0.00024157164788069988,0.006031302719647196,5.531225633041516e-07,4.8233433125184964e-06,0.01894149520193682
BOL,2016,4.395052185428665,0.0002803861159890407,0.006306413971237646,6.00057073828595e-07,5.174708031008303e-06,0.0196894442048828
BOL,2017,4.645831773749992,0.0002436887380594325,0.006453376181803609,6.193094878392272e-07,5.477562517163297e-06,0.020425158694754104
BOL,2018,4.420186421249979,0.0006946953552687511,0.006064068256771826,7.208605586614702e-07,5.067867202190389e-06,0.018662366972840207
BOL,2019,4.001300816874978,0.0007307503078808761,0.00532671837716007,6.815239005144483e-07,4.548628696174706e-06,0.016302002833415666
BOL,2020,3.5114225212499792,0.0006912224698201143,0.004509483344684163,6.122871925303802e-07,3.96839064597419e-06,0.01373329205619437
BOL,2021,3.569684229999991,0.0006161336311241244,0.004397793055235802,5.978296413393295e-07,4.059635906366557e-06,0.013594288867867484
BOL,2022,3.697242534374993,0.0005789653570640886,0.004368692347971709,6.023603552725863e-07,4.222299730917342e-06,0.014393317530878753
BOL,2023,4.062706884197114,0.000505050508204143,0.004570988224451022,6.246054336924217e-07,4.677941122024411e-06,0.01584718466639935
BOL,2024,4.333589789447187,0.0005318501570464646,0.004873403924397134,6.64296121230751e-07,4.991813755465895e-06,0.016903845045722208
BOL,2025,4.228525899833999,0.00053144865028171,0.004759535987659018,6.517437518484235e-07,4.867214389413017e-06,0.016493950878778734
BRA,2000,23.930806326825998,0.2132105559282101,0.09516348635810364,0.0002576872278740616,0.0004343181691677199,0.11731974782870086
BRA,2001,25.983167546757482,0.21519958603764144,0.1001945872641499,0.00026005800923390045,0.00043402281627012566,0.12841132433778243
BRA,2002,23.59701379870192,0.1689128152490656,0.08971598406808831,0.00020917188916428278,0.00031023485969693733,0.11846618418607088
BRA,2003,21.614418473565895,0.12352174804138606,0.07698058778871783,0.0001181623071476388,0.00026123333583401867,0.10709764793662332
BRA,2004,27.044989856605753,0.13313939092634874,0.09094829621775222,0.00012049802904737793,0.0002947320128357244,0.13402027895818672
BRA,2005,26.80991454581626,0.14456697067333926,0.09549103267107187,0.00013981552070389228,0.00035514816151862476,0.1306490408073907
BRA,2006,27.559152334490488,0.16894496511077417,0.09749454282207592,0.0001760418071399026,0.0003768910745449429,0.1320813644995756
BRA,2007,26.80844976780103,0.18733796262069957,0.09738202907408192,0.00021862524344535536,0.0003610423421536959,0.12531461212059297
BRA,2008,35.40852109908075,0.19857956564289,0.11843493537867351,0.00023723745169518864,0.0003039695257516868,0.17176087263357936
BRA,2009,26.007572448768084,0.15790915065908784,0.09190268840620144,0.00018059141397493535,0.0002624545633516973,0.1258701938456524
BRA,2010,31.490257832776955,0.14892817983913864,0.09622020168536399,0.00015781447802764995,0.00026854801219220066,0.1435139540216692
BRA,2011,35.07907190767112,0.1731675991881881,0.10778360616168246,0.00015035779158411742,0.0003632390081274166,0.15904458352362008
BRA,2012,40.168111290160425,0.18776008196237226,0.12345101549174309,0.000166547467788499,0.0003469644011690633,0.1820816133755104
BRA,2013,67.8858921088533,0.33750125524853924,0.2151669551020024,0.0003140946053101966,0.0004411981483745744,0.30432823938430625
BRA,2014,84.50407967558202,0.4311539914621276,0.27507750212281384,0.0003718553475528552,0.000508207481924912,0.3723889941545914
BRA,2015,78.89669954179871,0.4028505004516222,0.25012808492424465,0.00032621381726678203,0.00046295352214811326,0.3403974075212034
BRA,2016,57.856030698297616,0.3103810829286515,0.17945409946274815,0.00020709260574414205,0.0004087646080957473,0.2379581635300695
BRA,2017,62.00066784538116,0.3148625607915541,0.18371603018063676,0.0002102363735433234,0.0003053843603660828,0.2570505458567561
BRA,2018,51.81345413306759,0.2503379503904858,0.14487279073358186,0.00013070535963007719,0.00026024736022490363,0.21083747095963723
BRA,2019,53.697419013502056,0.2249374884787854,0.137447107053085,8.771592855337832e-05,0.0002568289842451413,0.21619453090849916
BRA,2020,47.9775779343324,0.207049979312141,0.11823399564131887,6.637423581150301e-05,0.0002744470829531424,0.18997170504874827
BRA,2021,72.80022801301686,0.3474654179822033,0.1779487323403383,9.92362924344521e-05,0.00028393444240246027,0.27936708200077565
BRA,2022,42.94242630461396,0.15822524605205868,0.10470643023948754,5.7049731686714535e-05,0.00028242737008756105,0.16890930594463005
BRA,2023,39.73256605232206,0.1468970251260579,0.09776828456787572,5.354132164636353e-05,0.00025559748516257194,0.15638235096267866
BRA,2024,48.98288667036577,0.17800012940876792,0.11971686507942819,6.499716152310345e-05,0.00031229265701885283,0.19277498675151467
BRA,2025,51.97660462778636,0.1836126802796756,0.125107254706018,6.74235023607327e-05,0.00033264291684819574,0.20458432410752397
BRB,2000,0.4732582552325629,0.00639823536454042,0.001739469108995567,1.1210018261183775e-05,4.223888940553507e-06,0.00303388734338445
BRB,2001,0.6450835063130086,0.008780520492909482,0.002336041835050227,1.5327773010714413e-05,5.759639264274731e-06,0.0041083436492946445
BRB,2002,0.6811389931880051,0.0059292444343745695,0.007026839732777756,8.991999293985658e-06,3.391752561053822e-06,0.0041872456832030775
BRB,2003,0.6931574888130037,0.006225206962305218,0.007223658991411268,9.561489796905512e-06,3.6050497861820208e-06,0.004428839481817633
BRB,2004,0.7051759844380026,0.00645244280991426,0.007123317917001989,9.983125238393153e-06,3.7630633589010163e-06,0.004519563511800689
BRB,2005,0.7772869581879956,0.007197323303597036,0.008779065003313618,1.1182254233376175e-05,4.213596372596495e-06,0.004929972325496622
BRB,2006,0.8013239494379932,0.0073786601081322995,0.009199401349981252,1.1554900333172068e-05,4.473154524810175e-06,0.004949346171751934
BRB,2007,0.8253609406879909,0.007562658925192366,0.008746886936269847,1.1826392136933924e-05,4.5857106800336126e-06,0.004772304736385151
BRB,2008,0.8253609406879909,0.0076672401630557795,0.008933110994113912,1.2050997479374123e-05,4.669297930321267e-06,0.0048030424890252305
BRB,2009,0.8493979319379885,0.007958073768779717,0.00896696825732289,1.2530372786415822e-05,4.8371550365367216e-06,0.004943363628280695
BRB,2010,0.813342445062992,0.007758537353799749,0.010399852717576284,1.2307146785198819e-05,4.757058996428702e-06,0.004555686756708792
BRB,2011,0.8253609406879909,0.006692905093874643,0.01156607897760164,9.801304433671086e-06,3.876722196230228e-06,0.004443815965276818
BRB,2012,0.8854534188129849,0.007736299601524981,0.011440795564910981,1.1398770299372334e-05,4.434449465853597e-06,0.0047627579263173426
BRB,2013,0.7893054538129943,0.0068371309024282045,0.011602657754053908,9.86594560842864e-06,3.865610003381925e-06,0.004077934350792586
BRB,2014,0.8013239494379932,0.0067234389786655,0.010742218349400973,9.37148091449528e-06,3.6651969553804653e-06,0.004068225609623445
BRB,2015,0.8013239494379932,0.006804142172013503,0.010730065188687535,9.363704254296393e-06,3.6808577841230717e-06,0.003949345888375261
BRB,2016,0.8013239494379932,0.00678600623006645,0.01060554819532545,9.174010653673946e-06,3.6273672139861278e-06,0.003922097813714226
BRB,2017,0.7853901963760664,0.006451444839006904,0.010133161202198862,8.511413129784853e-06,3.4059590941795533e-06,0.0037058857386338857
BRB,2018,0.7853901963760664,0.006562775667943699,0.010096460075615753,8.545504944610793e-06,3.40966166316512e-06,0.003592631051639649
BRB,2019,0.7974086920010651,0.0065133282241164265,0.010032883086038929,8.236365172961728e-06,3.2937013806677866e-06,0.003524635528710411
BRB,2020,0.7772869581879954,0.0062737511550850404,0.009634229243363851,7.691463675866092e-06,3.0618781736409924e-06,0.0033240297453752685
BRB,2021,0.7652684625629966,0.0062091047075205,0.009507310153469012,7.628644634185733e-06,3.031625554198543e-06,0.003105246245165878
BRB,2022,0.7853901963760664,0.006311397172222367,0.009695433598299321,7.752545180284704e-06,3.0816936283574685e-06,0.0031705274603564667
BRB,2023,0.7853901963760664,0.006498662561596675,0.00981574241274904,8.078569742441125e-06,3.1989865281438055e-06,0.00304943945103981
BRB,2024,0.7853901963760664,0.006498662561596675,0.00981574241274904,8.078569742441125e-06,3.1989865281438055e-06,0.00304943945103981
BRN,2000,1.8595568025051439,4.476213109974626e-05,0.00321771440067842,2.343306374441034e-07,2.2118547923398723e-06,0.009442751413218976
BRN,2001,1.8919697552574273,4.4885998775344745e-05,0.0032891676832748082,2.3820313214440187e-07,2.2505797393426917e-06,0.00960710463806995
BRN,2002,1.9931238709512051,8.292830847387641e-05,0.0034555224737044714,2.624509320979042e-07,2.3616061567765453e-06,0.009883321249022818
BRN,2003,2.349666351226321,8.429085290545906e-05,0.00405608116794965,3.0504837380110197e-07,2.787580573808186e-06,0.011613723834006117
BRN,2004,2.3901825421666754,8.444568749995709e-05,0.004140615265139469,3.0988899217645885e-07,2.8359867575617427e-06,0.0116800230171418
BRN,2005,2.3901825421666754,8.444568749995702e-05,0.004143894594014779,3.098889921764602e-07,2.8359867575617605e-06,0.011542445926469275
BRN,2006,2.422595494918958,8.456955517555545e-05,0.00420948046464516,3.137614868767006e-07,2.8747117045646507e-06,0.011962221318769886
BRN,2007,2.487421400423525,8.481729052675233e-05,0.004339092380274681,3.2150647627724977e-07,2.952161598570381e-06,0.012130668324170892
BRN,2008,2.511731114987737,8.491019128345126e-05,0.004368695500630409,3.2441084730247883e-07,2.9812053088225157e-06,0.0123021167709824
BRN,2009,2.66150465980994,0.00012313830249538048,0.004637673716192166,3.5446738930648715e-07,3.1503191467607177e-06,0.01288058633374104
BRN,2010,2.7830532326310022,0.0001236028062788746,0.004860379067711782,3.6898924443253254e-07,3.2955376980214196e-06,0.012870431571819316
BRN,2011,2.7425370416906474,0.0001234479716843766,0.0048134637740526315,3.6058560866443306e-07,3.246219636627182e-06,0.012826573417307557
BRN,2012,2.8883953290759226,0.00012400537622456946,0.005057956267404977,3.74347138582082e-07,3.419543997987919e-06,0.013364020811559124
BRN,2013,3.2368345711629676,0.00012533695373725254,0.00567963794284092,4.1220566607575414e-07,3.834872125563017e-06,0.015024792341766737
BRN,2014,3.309763714855605,0.00012561565600734896,0.005784765684059466,4.170372194433265e-07,3.921009854626923e-06,0.015465194212990776
BRN,2015,2.640946786874996,0.00012305973958396781,0.004598567588033965,3.3313391823006774e-07,3.1209266490756113e-06,0.012221937755736084
BRN,2016,3.131492474718047,0.0001249343837915597,0.005417679253236388,3.9365713734966154e-07,3.706999627659026e-06,0.014018606395604588
BRN,2017,3.050460092837339,0.00012462471460256353,0.005243030823406207,3.8556314668201917e-07,3.6083391346381107e-06,0.013407416167286123
BRN,2018,3.155802189282259,0.00012502728454825848,0.0053875454369673855,3.994852200244707e-07,3.7274002991069964e-06,0.013279215941763694
BRN,2019,3.680321029637383,0.003938802878799937,0.006519212407138163,2.400629544220793e-06,1.6452024104580695e-05,0.01480722116019755
BRN,2020,4.401592193396884,0.007826838511047204,0.007584278305008067,4.371163313039424e-06,3.0168688918689382e-05,0.017050917072386585
BRN,2021,4.37129982547873,0.008478357645414538,0.0076574797018678035,4.6358842541937814e-06,3.1126535955690296e-05,0.016506514963008635
BRN,2022,4.283905689095635,0.008165863544775703,0.0074552262182290005,4.41351838301226e-06,2.895419607968889e-05,0.016697410852953117
BRN,2023,4.2792854182789295,0.007702200206003584,0.007403812454366666,4.13712116314664e-06,2.661940986006684e-05,0.016824910092267782
BRN,2024,4.238477193568558,0.007464570994310648,0.0073267360822591,4.010966149714341e-06,2.580581478602393e-05,0.01666095162896355
BTN,2000,0.0,0.0,0.0,0.0,0.0,0.0
BTN,2001,0.0,0.0,0.0,0.0,0.0,0.0
BTN,2002,0.0,0.0,0.0,0.0,0.0,0.0
BTN,2003,0.0,0.0,0.0,0.0,0.0,0.0
BTN,2004,0.0,0.0,0.0,0.0,0.0,0.0
BTN,2005,0.0,0.0,0.0,0.0,0.0,0.0
BTN,2006,0.0,0.0,0.0,0.0,0.0,0.0
BTN,2007,0.0,0.0,0.0,0.0,0.0,0.0
BTN,2008,0.0,0.0,0.0,0.0,0.0,0.0
BTN,2009,0.0,0.0,0.0,0.0,0.0,0.0
BTN,2010,0.0,0.0,0.0,0.0,0.0,0.0
BTN,2011,0.0,0.0,0.0,0.0,0.0,0.0
BTN,2012,0.0,0.0,0.0,0.0,0.0,0.0
BTN,2013,0.0,0.0,0.0,0.0,0.0,0.0
BTN,2014,0.0,0.0,0.0,0.0,0.0,0.0
BTN,2015,0.0,0.0,0.0,0.0,0.0,0.0
BTN,2016,0.0,0.0,0.0,0.0,0.0,0.0
BTN,2017,0.0,0.0,0.0,0.0,0.0,0.0
BTN,2018,0.0,0.0,0.0,0.0,0.0,0.0
BTN,2019,0.0,0.0,0.0,0.0,0.0,0.0
BTN,2020,0.0,0.0,0.0,0.0,0.0,0.0
BTN,2021,0.0,0.0,0.0,0.0,0.0,0.0
BTN,2022,0.0,0.0,0.0,0.0,0.0,0.0
BTN,2023,0.0,0.0,0.0,0.0,0.0,0.0
BTN,2024,0.0,0.0,0.0,0.0,0.0,0.0
BWA,2000,0.9953001783590055,0.008626340133406693,0.003951797314284741,2.1543745850014298e-05,1.6944346250737994e-05,0.0035584495821156
BWA,2001,1.1997320272515979,0.010449690448883886,0.004732732510470438,1.51456498192675e-05,1.69754806053158e-05,0.00428718012905754
BWA,2002,1.2704836096053909,0.011053645889918416,0.005067603519837681,2.19302808097241e-05,1.9833172121379098e-05,0.004397097904466403
BWA,2003,0.9135095941814049,0.00793568155138244,0.0036691020316370233,1.957690869361577e-05,1.5466341346153868e-05,0.003151184194502386
BWA,2004,0.843737505628803,0.007221269920453025,0.00346891866301243,3.090691485445923e-05,1.8435050359399636e-05,0.00294531311030125
BWA,2005,0.9321625676230062,0.008228346001389655,0.0037226570691479724,6.421302279175855e-06,1.1374438553335126e-05,0.0031486046637264143
BWA,2006,0.8708196294898056,0.007692550438529972,0.0034845573194234956,6.016895364707984e-06,1.0624035951160692e-05,0.0029337375151811643
BWA,2007,0.7276861071790045,0.0064423607918576535,0.002945117570612051,5.073279230949466e-06,8.873096546087088e-06,0.002408662025786505
BWA,2008,0.613429381332005,0.00535795562859585,0.00232900465014224,4.044069144679186e-06,7.504026021744016e-06,0.00203237482377657
BWA,2009,0.5418626201766044,0.004732860805259644,0.002057287794441478,3.5722610777999085e-06,6.628556319207239e-06,0.001826622949638356
BWA,2010,0.552526075152302,0.004825999999999952,0.002097773535156294,3.6425605296279995e-06,6.759001397409299e-06,0.001858317486031816
BWA,2011,0.42456076171859963,0.003506476918882608,0.001684846054771736,3.136275449902614e-05,1.3980121594803047e-05,0.001553586677873272
BWA,2012,0.2988297528411935,0.0021391961851429998,0.001124147508217275,6.861894918455768e-05,2.4135475822180897e-05,0.0012056240591319651
BWA,2013,0.7967519483179925,0.006219170340475796,0.002233177563542524,0.00010998661416718376,4.0740855417006875e-05,0.002927723054915816
BWA,2014,2.0266558435930073,0.01723077120568797,0.003456437368819608,8.000974394207073e-05,4.1272681758683904e-05,0.0069316290048643545
BWA,2015,2.588966109814012,0.022142230531900578,0.004451438553946087,8.371680732469831e-05,4.614296501752613e-05,0.008851608401407387
BWA,2016,2.3634977907310177,0.020576531583208085,0.004096400181491813,2.510276862373556e-05,2.7193965328805202e-05,0.007917901263378935
BWA,2017,2.6497648353526198,0.023076910876552788,0.004592173308491196,2.699000089125243e-05,3.0462476989204293e-05,0.009049747409211809
BWA,2018,2.7213315965080205,0.023702005699888732,0.004715355561435245,2.7461808958131693e-05,3.148312099589955e-05,0.009768969447055452
BWA,2019,2.187898126750818,0.01911004174199175,0.0037954508713765,1.4423846616022409e-05,2.339329675773013e-05,0.00823122431629875
BWA,2020,1.8967912769154118,0.01636557042751257,0.0032708224034965986,4.106852044625521e-05,2.8149864717009976e-05,0.00726422221288632
BWA,2021,2.1679946933010097,0.018532558439246307,0.003723127949074632,7.142025765911558e-05,3.7327041075782895e-05,0.008077005319659733
BWA,2022,2.231132304037009,0.019016756415219927,0.0038272030943757103,8.135776699029712e-05,3.89614702555166e-05,0.008776748334808905
BWA,2023,3.317642034803517,0.028843164100930102,0.0057450701936589505,4.09142914000529e-05,3.87612886000367e-05,0.013371839585344335
BWA,2024,3.5195127482511537,0.030516692226535212,0.006087007943298297,5.494016381839106e-05,4.361962308553051e-05,0.014183310539835198
CAF,2000,0.012018495624998824,9.497975221752801e-05,0.000133265619419786,6.172345895184e-06,2.0423172859820003e-06,7.7617986549256e-05
CAF,2001,0.02403699124999765,0.000195975221969316,0.000292338843659247,1.1981647774125e-05,3.96548059005e-06,0.000153481679056248
CAF,2002,0.02403699124999765,0.000184740029165073,0.000307105473281211,1.2659683186476e-05,4.188017295369e-06,0.00014811368216512198
CAF,2003,0.02403699124999765,0.000193698154864905,0.00032456927621148297,1.211906705655e-05,4.0105827097919996e-06,0.000153996846297936
CAF,2004,0.02403699124999765,0.00020207094200541,0.00032792745391895396,1.1613775667232e-05,3.844741989741e-06,0.000154485948084168
CAF,2005,0.02403699124999765,0.00019031455405380598,0.000306389645778843,1.2323264813649e-05,4.0776020649330004e-06,0.000152842713595047
CAF,2006,0.02403699124999765,0.00018897946765841398,0.00031344786183196496,1.2403836270711e-05,4.104046268688e-06,0.000148770783814869
CAF,2007,0.012018495624998824,9.8357558728208e-05,0.0001569119153792,5.968497819746e-06,1.9754126991910557e-06,6.9600869450262e-05
CAF,2008,0.012018495624998824,0.00010216028270194802,0.000123175204358898,5.739006295878e-06,1.9000917252570745e-06,7.005039414390001e-05
CAF,2009,0.012018495624998824,0.00010117742363247801,0.00011955236993828,5.798321099466e-06,1.919559323448188e-06,7.0060820621298e-05
CAF,2010,0.02403699124999765,0.000198540139735965,0.000212024529433668,1.1826856921323e-05,3.914676980433e-06,0.00013487515446521098
CAF,2011,0.02403699124999765,0.000181908365523165,0.000243576938294565,1.2828340010382e-05,4.176517073447999e-06,0.00012958808921441998
CAF,2012,0.02403699124999765,0.000174720271078446,0.00023960652875046898,1.3260175246326e-05,4.246630406268e-06,0.000129461469602784
CAF,2013,0.0,0.0,0.0,0.0,0.0,0.0
CAF,2014,0.0,0.0,0.0,0.0,0.0,0.0
CAF,2015,0.0,0.0,0.0,0.0,0.0,0.0
CAF,2016,0.0,0.0,0.0,0.0,0.0,0.0
CAF,2017,0.0,0.0,0.0,0.0,0.0,0.0
CAF,2018,0.0,0.0,0.0,0.0,0.0,0.0
CAF,2019,0.0,0.0,0.0,0.0,0.0,0.0
CAF,2020,0.0,0.0,0.0,0.0,0.0,0.0
CAF,2021,0.0,0.0,0.0,0.0,0.0,0.0
CAF,2022,0.0,0.0,0.0,0.0,0.0,0.0
CAF,2023,0.0,0.0,0.0,0.0,0.0,0.0
CAN,2000,128.75002295412568,0.6205636811026368,0.3603172674199769,0.000541162659807595,0.0003180047544120125,0.4996140564236886
CAN,2001,131.1078171818504,0.6255297023680438,0.3455911118747082,0.000644560931278825,0.00033844971340580296,0.5178943364121853
CAN,2002,135.88442257142685,0.6387867421363168,0.38388242088935925,0.0007101424243750176,0.00037057316929801497,0.5318637769273182
CAN,2003,129.6223854026265,0.6324901553280848,0.3267975713247361,0.0007297056050312585,0.00036990238272590443,0.5033423179117112
CAN,2004,122.56426552890638,0.5832172429730587,0.29659225666735467,0.0007323711068901823,0.0003707260387048793,0.477883040308564
CAN,2005,121.12817909166421,0.523446005994838,0.28472768984885016,0.0007706850485775002,0.00037609903349265924,0.46029546927809556
CAN,2006,120.75966719695288,0.4601405205365619,0.26431534970545517,0.0006476983550202679,0.0003352151624680126,0.45860171705132063
CAN,2007,129.95905403698399,0.4930704873715244,0.28277547554984567,0.0007653026692184837,0.00037644749240599144,0.4806114978193225
CAN,2008,119.07636048859735,0.42850284265189786,0.2684160932483359,0.0006258292607571268,0.00032437868605919725,0.44671267684237786
CAN,2009,103.07583812820785,0.3847770958977976,0.2608479199673956,0.0006192131933067193,0.0003214334804631167,0.3963137284317186
CAN,2010,107.26444622708843,0.3346741531538978,0.27364764566041533,0.0005709574302048142,0.00030777192886453057,0.404165168957116
CAN,2011,105.11671934620657,0.29387494754318566,0.2407008010038817,0.0005239572285928814,0.0002864500647341217,0.4092189949282488
CAN,2012,100.22205713388149,0.28464719490835066,0.21079268795764622,0.0005462876275343264,0.00029122879368157146,0.39410206383641816
CAN,2013,94.92069661069979,0.27882395093120904,0.21155113181286853,0.0005438214750363525,0.00028085153784021067,0.3636991829188577
CAN,2014,95.89872266051921,0.2646436427614181,0.22130657563187617,0.0004156488088600723,0.0002334484271839496,0.3666577041511985
CAN,2015,92.26511482756452,0.24602063684168074,0.20712080050978252,0.0004435558296748548,0.00024871170146116355,0.35650307944405923
CAN,2016,91.70013506055533,0.24825051947203117,0.20950541026415426,0.00044985715010339983,0.0002516836572342509,0.34781047116139097
CAN,2017,91.7250485275456,0.2396997801127333,0.20514978804960546,0.00036755563893501507,0.000229112860215986,0.34852128674028093
CAN,2018,82.99462159084328,0.21415131355809866,0.1928408866890529,0.0003978654485980142,0.00023633363328104124,0.32302698283816184
CAN,2019,82.26985017759263,0.19957543315564072,0.1894038807084454,0.0003381352576836955,0.00021875255816717514,0.3219815696619091
CAN,2020,77.02644489533272,0.1684359510524046,0.17457116440643045,0.0005562351538940228,0.000274415083929505,0.2988019397800159
CAN,2021,76.1417713557652,0.17257884022263187,0.1682159834590568,0.0007606363909332691,0.000346604733376071,0.28777352754305363
CAN,2022,71.17864685792868,0.15442975792062122,0.15820857733748744,0.0006210795371867888,0.0002993667641636701,0.27843508203277473
CAN,2023,68.75275888151727,0.14305781994693823,0.15106187860009038,0.0005863128978864409,0.000284434209118735,0.271248384939936
CAN,2024,73.06566276263803,0.15150196126297963,0.16067981463427847,0.0006212282062883663,0.0003016054601937164,0.28825257839241675
CAN,2025,76.93364036331126,0.1570787036657739,0.16983779164106041,0.000647690322836865,0.00031511141745061365,0.30345812334524547
CHE,2000,1.2330744909573856,0.003881365673333409,0.0012702364297799379,1.0235588537934963e-05,4.193885244862261e-06,0.007569451068678323
CHE,2001,1.2730452352693098,0.0037180994791119054,0.001231239570021377,1.2737227571479277e-05,5.127104077026957e-06,0.007766180927172284
CHE,2002,1.2892517116454514,0.0031614553180220398,0.0009973101851320548,1.2815256895764337e-05,5.178512345638459e-06,0.0075889707827203196
CHE,2003,1.309373445458521,0.00226299820333988,0.000867270437644401,1.2741251723466258e-05,5.150034256535034e-06,0.007945253950594026
CHE,2004,1.3294951792715908,0.0024073183371725263,0.0008624472832151059,1.2899860873387057e-05,5.227923174839043e-06,0.00806555145324893
CHE,2005,1.3772964384573714,0.0021988880642500085,0.0008185343787358289,8.594187379875545e-06,3.5705584646274658e-06,0.008319535634501413
CHE,2006,1.4250976976431518,0.0023564118014311034,0.000855778045865513,8.147903213940489e-06,3.3783661008008756e-06,0.00849251280258376
CHE,2007,1.3247617518920185,0.0013426919462368129,0.0008705513958384859,1.3676381724302985e-06,7.628163605809321e-07,0.007447446663543699
CHE,2008,1.3166585137039477,0.0026784530000997083,0.000901702986992538,1.025750570740358e-05,4.207822059397934e-06,0.007453390402912274
CHE,2009,1.2806030268289512,0.002090142848253858,0.000801287241695595,7.073518606357133e-06,3.015933802507455e-06,0.0072293707529556064
CHE,2010,1.3538048938358034,0.0015332223188820398,0.000748849900627512,4.387712506631769e-06,2.154700665377857e-06,0.007264326431865856
CHE,2011,1.313561426209664,0.001062059995399674,0.000673565147648783,2.595955253459191e-06,1.53518507296239e-06,0.006852922049871359
CHE,2012,1.3574474279585165,0.000997638163259623,0.000639070701435514,1.985543189531186e-06,1.1948727391868399e-06,0.007080633237706418
CHE,2013,1.3247617518920185,0.0010155316418505973,0.000655448370047282,2.1821007516065054e-06,1.2346114140099087e-06,0.006721317615876925
CHE,2014,1.3038218481363044,0.0009322044235278576,0.0006097375157147851,2.1630659640570886e-06,1.1200385245588421e-06,0.006557866106735791
CHE,2015,1.2361715784516691,0.0008768700376222295,0.000585976782441792,2.0402076222928416e-06,1.1433674498739605e-06,0.006033962197721799
CHE,2016,1.3652779428323727,0.00096457848070087,0.000675711678657002,2.59949279027942e-06,1.500998876167412e-06,0.006567147001598528
CHE,2017,1.3166585137039477,0.0009736839420497993,0.0006460433834981551,2.5094922016548952e-06,1.3680827165492783e-06,0.006143243087411668
CHE,2018,1.2842455609516645,0.0011413152920635506,0.000684084574197058,1.3511877492686547e-06,6.99414951484146e-07,0.005807895804487424
CHE,2019,1.2842455609516645,0.0010854586653212097,0.000664282401879986,1.3543503263964907e-06,6.843691657991847e-07,0.005610336827852243
CHE,2020,1.2602085697016667,0.0010773802919935268,0.0006913038862375251,1.3206868996629339e-06,6.640655346739558e-07,0.005314620931681016
CHE,2021,1.1836368918863163,0.0009517587828577292,0.000597706992164484,1.2739267765977413e-06,6.138957139622021e-07,0.004762996488341824
CHE,2022,1.143120700945962,0.000919328810481166,0.000559344028688736,1.2716600455895447e-06,5.780470822307461e-07,0.004599496140080519
CHE,2023,1.0626337656936837,0.0008659539623897277,0.000520389155494111,1.2097071134369143e-06,5.175134293231173e-07,0.004127176276598763
CHE,2024,1.1129871180535926,0.0009107379234165177,0.000545199422113987,1.271894913345445e-06,5.382426959592941e-07,0.004322663742631419
CHE,2025,1.1213793434469108,0.0009182019169209828,0.000549334466550633,1.2822595466635334e-06,5.416975737319902e-07,0.004355244986970195
CHL,2000,13.960859158874651,0.07919448457528361,0.045643347969289635,7.733687431717344e-05,9.76143356456021e-05,0.0603912239081453
CHL,2001,11.96098858823815,0.0527433714520671,0.032318072065667856,5.5867878733737155e-05,6.646069285275891e-05,0.05473217806147397
CHL,2002,12.08361667014829,0.05970890074472272,0.03613513418897232,6.284060959408456e-05,7.410075299817563e-05,0.052608080144775575
CHL,2003,13.744500903066836,0.06364914258528019,0.04070459978031708,7.227503783862458e-05,7.741962296008896e-05,0.06168246675273864
CHL,2004,17.032599095155586,0.09433901206476619,0.053439495976231044,0.0001065877277405786,0.00011178966019625432,0.07607716333832462
CHL,2005,17.295767846864525,0.09873737448191125,0.05527830954080419,0.00011081020145449803,0.0001147831874583403,0.07695624093483332
CHL,2006,16.7872627205568,0.10996764787103308,0.05632955857152041,0.00011399259025496948,0.0001320628403266724,0.07103819869082906
CHL,2007,22.585321314293125,0.15172945595045953,0.10683188525794027,0.0001476708335691063,0.00014892732039584257,0.10320393555638727
CHL,2008,24.199474274236174,0.17256306963872498,0.11668679853353803,0.000154114297586358,0.0001797793825295134,0.10707898956170894
CHL,2009,21.264389025256435,0.15458977342653812,0.10566394027678391,0.00013377910510122335,0.0001723611287417763,0.09303690722653804
CHL,2010,25.329498613836137,0.17590457871630039,0.10182188759694147,0.00014856310209884565,0.00021153336738159246,0.10284318165165414
CHL,2011,29.31791717066219,0.20038110511270857,0.10483709484666678,0.0001599158783260988,0.00022790518109636355,0.11897731430412188
CHL,2012,33.96397577252621,0.23740214313431793,0.10462643803999398,0.0001778205096571072,0.0002483889226260668,0.13735401881525588
CHL,2013,34.012846955507904,0.25993933431825106,0.0971222883759463,0.00017325570200999428,0.00026327758938570373,0.12887678781906717
CHL,2014,27.59191290499105,0.21412099117620473,0.07925438538536692,0.00012365761128047405,0.00020508275355532964,0.10374719381093869
CHL,2015,30.26646337781574,0.232169352240927,0.08392501857456515,0.00011846332680950046,0.00021328409432973256,0.11223062816743508
CHL,2016,32.759053419542774,0.24701028517105825,0.08704980148933286,0.00016472629449214909,0.00021562433178366362,0.11974882207367529
CHL,2017,33.252543472667604,0.2502646898469914,0.08559570076619051,0.0001983745571621082,0.0002099312595650361,0.12151733680409144
CHL,2018,31.006567461779284,0.2331689661366148,0.07736711600887869,0.00018202367578755264,0.000186321952513042,0.1157444404211019
CHL,2019,36.5119859961578,0.26465730336984084,0.08581363469711739,0.00020457953232657045,0.00020092002397366243,0.1400191837390624
CHL,2020,34.73830797011913,0.24482615188887813,0.07802815916150116,0.00018894187980134292,0.0001753386147489994,0.13378075482412885
CHL,2021,33.28668453722658,0.2391266031210498,0.07724574971567338,0.00018539924336462944,0.00016590017030509955,0.1249677977321946
CHL,2022,29.98621322675852,0.20145313483932045,0.0664963774287656,0.00015801877194204157,0.00013730801648710492,0.11771099408838007
CHL,2023,23.73850810239646,0.14717195656832427,0.049475721686761766,0.0001152055846803219,9.954500638545389e-05,0.09447548297108606
CHL,2024,19.77774452041288,0.1302186308646471,0.041542309597428634,9.727290092280759e-05,8.752687734574155e-05,0.07892159677723519
CHL,2025,22.497769093405864,0.15175292921155842,0.04802326410403644,0.00011380636197264747,0.00010124725189824514,0.0898119074647894
CHN,2000,1112.635936746814,8.235067641618073,5.384936288459553,0.009517870482908792,0.018038236465513346,4.546628524238281
CHN,2001,1183.2105327144216,8.688506668850188,5.543973915309182,0.010139122603217166,0.01927242897214351,4.8901644779596305
CHN,2002,1340.2874700510001,9.73873441858476,6.112348750713035,0.01147442643108303,0.02188802816000555,5.271703452783436
CHN,2003,1584.6533383204624,11.399634504659634,7.08804696731907,0.013681341417364119,0.02600734841958015,6.1204432941471705
CHN,2004,1798.5350242448337,12.650285582234574,7.819110064902135,0.01541589806760414,0.02924561928869561,6.673245995573564
CHN,2005,2049.5333494199594,14.208833808385101,8.73322281384509,0.017125073787312033,0.03323821846972717,7.241408178459768
CHN,2006,2324.384883616927,13.901077051323849,9.282180828167371,0.019106392062166418,0.03771544178005926,7.989703047312804
CHN,2007,2618.493039540446,13.051544851358418,9.77257151670338,0.021112162738477654,0.04216154943688977,8.613286934446137
CHN,2008,2607.5194562030706,10.725491544580711,9.384078083311739,0.02125414214734702,0.04278753173562628,8.385440786503993
CHN,2009,2743.8253623364017,8.817781246975176,8.626894277028336,0.022417568541189935,0.04540491114409627,8.547104407483044
CHN,2010,3006.1673079154243,6.749616956215124,8.044027287930946,0.02464891115066939,0.049113914279798214,9.42194542489678
CHN,2011,3398.288520179453,6.814433772453221,8.76520513001067,0.026075315949971672,0.05184954196978392,10.989713023149818
CHN,2012,3412.378493515891,5.757428111586327,8.165485994170066,0.024992516595045155,0.04948085334064199,10.668974222178262
CHN,2013,3670.701028584411,5.0476278272266395,7.212285164209555,0.025016936479128178,0.04921933078255266,11.155292139744844
CHN,2014,3784.5458307930626,4.2120492877739055,5.718406728903538,0.023233829836456735,0.045278766746040144,11.33978579041347
CHN,2015,3618.187707544131,3.319754442557492,4.62826047887488,0.020553445774502018,0.03961418927716183,10.920932596771799
CHN,2016,3721.0050472784696,2.2716886215694365,4.261808099218,0.021014609411171576,0.03991468427488352,10.464507708812834
CHN,2017,3942.352983831734,1.5621334431555673,3.85587136528479,0.021881151016408976,0.04134611436452014,11.398230348883066
CHN,2018,4221.913195516057,1.4615077304933695,3.701433581042989,0.022867678410716293,0.043113124116358086,12.797007915075941
CHN,2019,4279.037592265403,1.281987556084186,3.347069422055761,0.022734138860901587,0.0428069901177187,13.400410404865779
CHN,2020,4253.617830513754,1.102250248040496,2.927324456517896,0.02259360101567639,0.04228923448475148,13.448306130464642
CHN,2021,4663.427676041914,1.160527045909241,3.10054709682755,0.023623465318697547,0.044220364561615745,14.601248494227283
CHN,2022,4729.658360238796,1.1617862524828806,3.0983481430819886,0.024331334979762653,0.04494454629191282,16.168207578550376
CHN,2023,5009.814219278975,1.1994519133874806,3.1488509821553303,0.02491572019343132,0.04584748836449833,17.037336555989814
CHN,2024,5103.749993201331,1.2236638528064252,3.226926859481476,0.025518550716688,0.046623621711432736,17.36681115366733
CHN,2025,5055.9956601726435,1.2124650680962659,3.1977186342458426,0.025291157538173972,0.0461869487616735,17.204637813713887
CIV,2000,1.389568987597037,8.095482509686908e-05,0.001609982081162997,7.501021828475183e-06,4.070192896125238e-06,0.007060392909943336
CIV,2001,1.4057754639731788,8.101675893466828e-05,0.0016289156982830031,7.502958075825333e-06,4.089555369626665e-06,0.007142355379826337
CIV,2002,1.6245628950510904,8.18528657449577e-05,0.001874374948085251,7.529097415052289e-06,4.3509487618960985e-06,0.008046510774435077
CIV,2003,1.4868078458538867,0.00011960559711274341,0.001708177992328369,5.202520333562028e-06,3.4281680072688226e-06,0.007344142366573559
CIV,2004,2.195206095624999,0.00014799519982301978,0.002449700681285952,3.737240338685e-06,3.7658228388420004e-06,0.01071158860960895
CIV,2005,1.8757632788812855,0.00014677443356025255,0.002119905518046954,3.699075330259528e-06,3.38417275458734e-06,0.009047684161458451
CIV,2006,2.429143095624999,0.00016952980944882678,0.0026735211433918655,2.5195445265654997e-06,3.636485175017206e-06,0.011979278207839958
CIV,2007,1.681285562367586,0.00014603122750666097,0.0018937937335547102,3.6758403620567712e-06,3.1518230725707497e-06,0.008195397305521601
CIV,2008,1.7218017533079402,9.495176178822402e-05,0.001962135298567457,6.772632364310169e-06,4.215032703811697e-06,0.008428960401793667
CIV,2009,1.6650790859914446,9.473499335592672e-05,0.0019042237520145511,6.76585549858465e-06,4.147264046556697e-06,0.008047722517729027
CIV,2010,1.968268709758563,0.0010837704263823968,0.00239065903540243,6.684933192126818e-06,4.484126663345346e-06,0.009148990680470485
CIV,2011,1.9364012036347091,0.00032789349328892414,0.002132621806692414,4.6630986826924905e-06,3.5427338309518847e-06,0.009055328038024951
CIV,2012,2.475772759150662,0.005266130480693422,0.0033981753857427943,1.6039954751418818e-05,7.688841644307526e-06,0.011689832029805327
CIV,2013,3.7681828431249844,0.0024007932258084982,0.003971904718114342,1.0907234024392608e-05,6.838764582963306e-06,0.017552476724389237
CIV,2014,4.132750596401621,0.007643933347625879,0.0047558459549640695,2.14449512219133e-05,1.0446091777959117e-05,0.01949309821454103
CIV,2015,4.148707368749965,0.005642692129614028,0.004018420327723388,1.7274938841522016e-05,8.760542604435586e-06,0.01929324647146381
CIV,2016,3.876912078124984,0.00020309452971522884,0.001888784319857711,4.8430685129548474e-05,1.7214308716555576e-05,0.017362192226130384
CIV,2017,4.179908178125003,0.0009078573455803045,0.002370591967692727,5.674903074599358e-06,4.702462517150844e-06,0.01837515024797827
CIV,2018,3.6514498956249986,0.00010232600602750572,0.0019143728443979078,6.799417727569071e-06,4.4985600435460834e-06,0.015353594638675794
CIV,2019,3.893353095625008,5.253438256337482e-05,0.002090401649552538,9.900424252552048e-06,5.439461684937537e-06,0.01578339965308704
CIV,2020,3.992537895625009,5.291342210119752e-05,0.002212818697569212,9.900968436366563e-06,5.394434836815318e-06,0.015522822985512344
CIV,2021,4.1083282956249985,0.00020547441333489447,0.0023123017421003297,5.877402374096457e-07,2.7847049542854753e-06,0.015589778216370084
CIV,2022,4.418112495625018,0.00020530663040832387,0.0024731487311288303,6.725344200307659e-07,2.8677373625774006e-06,0.017168202960738725
CIV,2023,4.28022724000198,0.0001952085405925347,0.002385651809786279,1.2330109697615487e-06,2.781203410502378e-06,0.016698564168108162
CIV,2024,4.28022724000198,0.0001952085405925347,0.002385651809786279,1.2330109697615487e-06,2.781203410502378e-06,0.016698564168108162
CMR,2000,0.036055486874996476,0.000113105020771908,0.00046133829172287605,2.8887104226588e-05,9.530491555044e-06,0.000232853959647772
CMR,2001,0.06009247812499413,0.000188508367953178,0.0007688971583453442,4.8145173710984e-05,1.5884152591734e-05,0.00038370419764061705
CMR,2002,0.0961479649999906,0.000301613388725088,0.00123023980243986,7.7032277937564e-05,2.5414644146784e-05,0.0005924547286604879
CMR,2003,0.13220345187498705,0.000414718409496992,0.00169157838474824,0.00010591938216416,3.4945135701823996e-05,0.00084698265463864
CMR,2004,0.1562404431249847,0.000709149149016385,0.001986582528852098,0.000111968147969987,3.6942501257036996e-05,0.001004158662547089
CMR,2005,0.18027743437498234,0.001976036897656393,0.002225853218763273,5.9369089817847e-05,1.9598404406408556e-05,0.0011463203519628592
CMR,2006,0.4255191812305388,0.0026999999999999667,0.004294946539346289,0.00025854721552345496,8.535091738555199e-05,0.002633641684249236
CMR,2007,0.9043252763069609,0.004281176742918105,0.008045379551590475,0.00033242997895557673,0.00011019076300440721,0.004952786010585372
CMR,2008,0.972600428223857,0.0035612386767559794,0.00875744178463515,0.0004274289272773189,0.00014153770215456673,0.005364272097573475
CMR,2009,1.186114274902866,0.005011021908323686,0.01206659514359996,0.0006074907056639974,0.00020099752742166972,0.006646032559596172
CMR,2010,1.280094333052639,0.0054410528752424775,0.013206777168765015,0.0006665207921298964,0.00022056857316587634,0.006907421244922122
CMR,2011,1.034002827247321,0.004850929007566979,0.010410436235826532,0.0004904158245933192,0.0001598389802888154,0.005398554129142011
CMR,2012,0.862374679614448,0.004610712239134653,0.00878892422471151,0.00039101197013328634,0.0001254644662006645,0.004501416012644744
CMR,2013,1.3566495637844533,0.005012260585079618,0.010757843527820424,0.0004551018082548916,0.00014390068847124315,0.006699427315858328
CMR,2014,1.7116609054192229,0.005423313460322166,0.012322222901488954,0.000509037875034453,0.0001583732505660986,0.008338992078860968
CMR,2015,2.622837740630264,0.010616580068487284,0.022152227376467562,0.0010012371349512415,0.00030558448822236945,0.012637909086242332
CMR,2016,2.0547524755214943,0.006553932798700227,0.01417632048287534,0.0006194158939797584,0.0001860458225026651,0.009626367041364815
CMR,2017,2.1999305944288996,0.00677436633556482,0.014350315581323655,0.0006370202438319511,0.00018798272011534784,0.010013804722590598
CMR,2018,2.5769631988737833,0.006945697913077473,0.015156376546929945,0.000654600339834811,0.00018987883193836102,0.011243525306445637
CMR,2019,2.3196970252391065,0.005735357276969602,0.012682002502241945,0.0005611987096866715,0.00015982650312879236,0.009745363033616863
CMR,2020,2.4837992373841122,0.004526626920644498,0.011694029133344651,0.00046801163376843276,0.00013111586285696598,0.009949186481600444
CMR,2021,2.226223276832578,0.004505666946158584,0.010823756925294737,0.0004628220623026591,0.00012035401679517435,0.008644269063065693
CMR,2022,2.0635267110373863,0.004684923740104962,0.01040309138877989,0.0004832859816200679,0.00011722008939960278,0.00813757655142441
CMR,2023,1.2935181536349674,0.0015663202800671363,0.005234471795884585,0.00016695902173564402,3.831714383030236e-05,0.0050414644544813396
CMR,2024,1.3077672250726913,0.0016122975876315354,0.00531712597738666,0.000171868176976468,3.943000713084985e-05,0.00509690721824111
COD,2000,0.0,0.0,0.0,0.0,0.0,0.0
COD,2001,0.012018495624998824,3.7701673590636004e-05,0.000153779493387228,9.629034742196e-06,3.176830518348e-06,7.674083952812401e-05
COD,2002,0.012018495624998824,3.7701673590636004e-05,0.000153779493387228,9.629034742196e-06,3.176830518348e-06,7.4056841082561e-05
COD,2003,0.012018495624998824,3.7701673590636004e-05,0.000153779493387228,9.629034742196e-06,3.176830518348e-06,7.6998423148968e-05
COD,2004,0.012018495624998824,3.7701673590636004e-05,0.000153779493387228,9.629034742196e-06,3.176830518348e-06,7.7242974042084e-05
COD,2005,0.012018495624998824,3.7701673590636004e-05,0.000153779493387228,9.629034742196e-06,3.176830518348e-06,7.6421356797524e-05
COD,2006,0.028224972001140446,3.776360742843522e-05,0.000128194018245935,9.630970989546143e-06,3.196192991849438e-06,0.00015420600363010202
COD,2007,0.05253468656535289,3.785650818513402e-05,0.000183412407582135,9.633875360571359e-06,3.2252367021015957e-06,0.000266828938286951
COD,2008,0.05253468656535289,3.785650818513402e-05,0.00022811630352803403,9.633875360571359e-06,3.2252367021015957e-06,0.000268128830344132
COD,2009,0.05253468656535289,3.785650818513402e-05,0.000188049927576561,9.633875360571359e-06,3.2252367021015957e-06,0.000265591744570019
COD,2010,0.05253468656535289,3.785650818513402e-05,0.000190504958640091,9.633875360571359e-06,3.2252367021015957e-06,0.000254282987853869
COD,2011,0.05253468656535289,3.785650818513402e-05,0.000189425907124519,9.63341426017921e-06,3.1695764379555816e-06,0.000253898704539635
COD,2012,0.012018495624998824,3.7701673590636004e-05,1.5430797730882e-05,9.629034742196e-06,3.074694345178e-06,6.4730734801392e-05
COD,2013,0.012018495624998824,3.7701673590636004e-05,1.4244596241007001e-05,9.629034742196e-06,3.023626258593e-06,6.2159523068764e-05
COD,2014,0.008103238188070813,3.09669188996066e-08,5.7582020530140005e-06,6.711226112244624e-10,6.723352428305066e-09,3.7826718473745e-05
COD,2015,0.012018495624998824,3.7701673590636004e-05,1.3517646226329e-05,9.629034742196e-06,2.921490085424e-06,5.9270898345052e-05
COD,2016,0.012018495624998824,3.7701673590636004e-05,1.3481194876104e-05,9.629034742196e-06,2.870421998839e-06,5.8876701116395996e-05
COD,2017,0.012018495624998824,3.7701673590636004e-05,1.3456777782129e-05,9.629034742196e-06,2.819353912254e-06,5.6792482246752996e-05
COD,2018,0.012018495624998824,3.7701673590636004e-05,1.3439279739112e-05,9.629034742196e-06,2.768285825669e-06,5.507041174789901e-05
COD,2019,0.012018495624998824,3.7701673590636004e-05,1.3426124756828e-05,9.629034742196e-06,2.717217739084e-06,5.3214681357824005e-05
COD,2020,0.012018495624998824,3.7701673590636004e-05,1.3415874407290999e-05,9.629034742196e-06,2.6661496525000005e-06,5.1445848348347e-05
COD,2021,0.0,0.0,0.0,0.0,0.0,0.0
COD,2022,0.0,0.0,0.0,0.0,0.0,0.0
COD,2023,0.0,0.0,0.0,0.0,0.0,0.0
COD,2024,0.0,0.0,0.0,0.0,0.0,0.0
COG,2000,0.0,0.0,0.0,0.0,0.0,0.0
COG,2001,0.0,0.0,0.0,0.0,0.0,0.0
COG,2002,0.0,0.0,0.0,0.0,0.0,0.0
COG,2003,0.04051619094035406,1.5483459449802348e-07,4.6443796899018e-05,4.840618375359568e-09,4.8406183753595676e-08,0.000199646811632544
COG,2004,0.048619429128424874,1.858015133975335e-07,5.5732357099167e-05,5.8087420504314795e-09,5.8087420504314785e-08,0.00023682610415872102
COG,2005,0.0567226673164957,2.1676843229716862e-07,6.502138524072001e-05,6.776865725503403e-09,6.776865725503401e-08,0.000273038433185344
COG,2006,0.0567226673164957,2.1676843229721023e-07,6.5021169655808e-05,6.776865725503396e-09,6.776865725503396e-08,0.000279372141029336
COG,2007,0.048619429128424874,1.8580151339762264e-07,5.5732439950684005e-05,5.808742050431477e-09,5.8087420504314745e-08,0.00023667368260402304
COG,2008,0.0648259055045665,2.477353511968155e-07,7.4310036662259e-05,7.744989400575313e-09,7.744989400575314e-08,0.000316925497920375
COG,2009,0.14977354482220265,9.531996407598723e-05,0.00034469173864031704,6.200042581998223e-06,2.210586905006114e-06,0.000734865962046957
COG,2010,0.26321887945519407,7.665042336982373e-05,0.000441309840995148,7.3664526376402296e-06,2.724500987775197e-06,0.0012258791230844472
COG,2011,0.3766642140881854,3.90951849411183e-05,0.000541626823726954,9.668450404044891e-06,3.5200884874962137e-06,0.0017667359839990309
COG,2012,0.5267104822246028,2.012849728474333e-06,0.0005778699211803409,5.183437937644505e-08,5.187967390153679e-07,0.002431928578025802
COG,2013,0.46198350000000105,1.7654924174037999e-06,0.0005068559207682439,4.16131874005971e-08,4.1668640317820004e-07,0.002141683618340288
COG,2014,0.493287300000001,1.8851214118071e-06,0.000541200443490405,4.08548105308357e-08,4.0928629880199996e-07,0.002302713975660206
COG,2015,1.2538201326372576,0.0011236358824761204,0.002064947503486942,0.00012292852468600687,3.816671171481269e-05,0.005856458659368766
COG,2016,1.3597076757106077,0.000815487962244727,0.0020046787709693476,9.390672957766295e-05,2.8933319182742905e-05,0.00614185141820917
COG,2017,1.3077184357736846,0.0005204628073097885,0.0018383497919239418,5.218143975520617e-05,1.6188229080044432e-05,0.005770646426271496
COG,2018,1.4938201907850983,0.0006865093830872558,0.0021890321328134473,6.592958143645321e-05,1.9970989018928045e-05,0.0063202955364190724
COG,2019,2.088999112636981,0.0009009579363671295,0.0030811212601885825,8.875506608079584e-05,2.643615627452585e-05,0.008520325030515388
COG,2020,2.1820499901426875,0.0009607415334531706,0.0032806903875016807,9.700638528770403e-05,2.827667615818505e-05,0.008542658798793692
COG,2021,2.254979133835325,0.0009704461632314782,0.003367164460811344,9.64144646806992e-05,2.6202982530817358e-05,0.008596819304120488
COG,2022,2.8822982851252763,0.0013586090898072777,0.004334164154003673,0.0001324847300163879,3.353436454057841e-05,0.011232469430277859
COG,2023,3.04827830632362,0.001403308538833239,0.004539352427955967,0.00014170242155713746,3.3646079318877546e-05,0.011888138253233052
COG,2024,3.2111087303862718,0.0014039308032193162,0.004752880653136853,0.0001417120304870568,3.374264281701936e-05,0.012523401627451733
COK,2000,0.02403699124999765,0.000284052520986264,0.0006906782541336211,4.6116141621163265e-07,1.415294287316205e-07,0.000155235973098513
COK,2001,0.02403699124999765,0.00028828687615134295,0.000587965341807999,4.708057144944916e-07,1.4544358177846738e-07,0.000153481679056248
COK,2002,0.02403699124999765,0.00028491825282666,0.00037109089664432696,4.626965077183035e-07,1.4161925105488848e-07,0.00014811368216512198
COK,2003,0.02403699124999765,0.00028131359953464,0.00029625722188290297,4.5506826262745946e-07,1.3923366336993e-07,0.000153996846297936
COK,2004,0.02403699124999765,0.000260679786841569,0.000292973481153471,4.120181027258157e-07,1.2657940511053094e-07,0.000154485948084168
COK,2005,0.02403699124999765,0.00025351221923804396,0.00044254055973026697,3.970992940686069e-07,1.2224148647877498e-07,0.000152842713595047
COK,2006,0.02403699124999765,0.000254333686322283,0.000426345528858774,3.9884883061888324e-07,1.2280324578962913e-07,0.000148770783814869
COK,2007,0.02403699124999765,0.000254722124252163,0.000347083371322656,3.9965816724686806e-07,1.2303968321941852e-07,0.00013920173890052398
COK,2008,0.02403699124999765,0.000250043742639453,0.000325510093349412,3.899766771388281e-07,1.2029975461857394e-07,0.0001401007882878
COK,2009,0.02403699124999765,0.00025233351070938297,0.000289806987590652,3.9588241590441476e-07,1.2353962635560656e-07,0.000140121641242596
COK,2010,0.02403699124999765,0.000249259809323688,0.000347345525331573,3.892026407260128e-07,1.2122051513045312e-07,0.00013487515446521098
COK,2011,0.02403699124999765,0.000249761069498967,0.00040423068194699697,3.7137799280381865e-07,1.1151775140788676e-07,0.00012958808921441998
COK,2012,0.02403699124999765,0.00028552333612394095,0.000438699758475585,4.2195290853987165e-07,1.2131024091418412e-07,0.000129461469602784
COK,2013,0.02403699124999765,0.000270633706287303,0.00047048482322350197,3.7745670039726405e-07,1.0632539146749498e-07,0.000124319046137526
COK,2014,0.02403699124999765,0.000261818637662139,0.00048545940903560697,3.476207542662607e-07,9.598853023048696e-08,0.000122133299731809
COK,2015,0.02403699124999765,0.000275233377005046,0.00047868597151616094,3.552168370942911e-07,9.302209776747721e-08,0.000118541796690105
COK,2016,0.02403699124999765,0.000285778813336869,0.00048506530789596,4.0575222045144934e-07,1.112369291207571e-07,0.000117753402232791
COK,2017,0.02403699124999765,0.000270807872929824,0.000459823776381258,4.19558199098388e-07,1.1969929465109845e-07,0.000113584964493507
COK,2018,0.02403699124999765,0.000267598453592031,0.00044517039012932397,4.285459675001469e-07,1.3422698159268548e-07,0.00011014082349579601
COK,2019,0.02403699124999765,0.000262215309736149,0.00042192026271222,4.150863098574977e-07,1.2739740502821882e-07,0.000106429362715647
COK,2020,0.02403699124999765,0.00025917145408341,0.000387369144300876,4.0843813158235656e-07,1.250568658602918e-07,0.000102891696696693
COK,2021,0.012018495624998824,0.000123244857335304,0.00019096770335162,1.920906643344144e-07,6.042993372985241e-08,4.8801641204236004e-05
COK,2022,0.012018495624998824,0.000123272695561102,0.000193933229911268,1.9219558394412688e-07,6.052520163125268e-08,4.8555594462262e-05
COK,2023,0.012018495624998824,0.000123286742621592,0.00019818245882427,1.9222300349610778e-07,6.05306661259613e-08,4.6659559793802e-05
COK,2024,0.012018495624998824,0.000123286742621592,0.00019818245882427,1.9222300349610778e-07,6.05306661259613e-08,4.6659559793802e-05
COL,2000,7.3646700055303995,0.018392908311269426,0.013508341256064014,1.690107809540679e-05,2.8900598848830907e-05,0.03413769900529492
COL,2001,7.590271011187997,0.021965333608978177,0.015047399387070044,1.968912769827385e-05,3.327198341630266e-05,0.03465793704686182
COL,2002,7.347812690843219,0.02116683258216811,0.01455196157021568,1.9089551406288705e-05,3.204136448850665e-05,0.03263190827535719
COL,2003,7.457059210400449,0.027150526475291217,0.01683404127862291,2.3589112350599755e-05,3.911897468491665e-05,0.03179628925378744
COL,2004,6.115741214686936,0.017232689410839216,0.011902866519575584,1.6337006627581008e-05,2.5821849927419255e-05,0.027104001613149218
COL,2005,6.959057009391045,0.021508632507517177,0.014293806070676346,1.9494594084998955e-05,3.187016740130175e-05,0.030002341706229386
COL,2006,7.256800652385446,0.024336324801159277,0.015554502127485997,2.11405854784386e-05,3.578400435740052e-05,0.031135249715643167
COL,2007,7.466425344210057,0.025515782803313635,0.016399487163389688,2.1649908580773385e-05,3.739728279714919e-05,0.0313961773017172
COL,2008,6.299890362183263,0.024491984194980224,0.014825035869932803,2.0938991073700875e-05,3.470150980986164e-05,0.0261995511063483
COL,2009,10.734527153480615,0.03557538555508833,0.02433916096640079,2.8167296744452656e-05,5.28301095830272e-05,0.04536377073822189
COL,2010,12.341802834286996,0.051975183279923926,0.0357574023265968,5.781466778188566e-05,6.406367775578715e-05,0.05262243893006746
COL,2011,7.780145607902379,0.034381488863061714,0.022291782729979063,4.227500542841422e-05,3.759729695014236e-05,0.03433024633622275
COL,2012,9.114374552300344,0.04250730911491214,0.027363079191409102,4.683255465047763e-05,4.474842559847469e-05,0.03941367238018949
COL,2013,14.251608243807526,0.047846858087007005,0.04142104597035452,3.476515400078717e-05,5.56444089085519e-05,0.059776579890350845
COL,2014,16.451294637399457,0.05864455593292993,0.04760320928449222,4.4914977644937144e-05,6.120942910757474e-05,0.06976527300104761
COL,2015,18.271106588529186,0.07238638034843747,0.054625810615754514,5.8342116188009204e-05,6.85691317244726e-05,0.07739337239905925
COL,2016,17.81734308412613,0.07511987377838027,0.054014837842945126,7.15726888578321e-05,6.79026726221999e-05,0.0740124737667912
COL,2017,11.225939066237354,0.040238572415731415,0.031937241131297506,4.424951983063919e-05,3.605817376565301e-05,0.0468184633931258
COL,2018,13.541865717628127,0.05093210720939914,0.03821239959427859,5.375347206660239e-05,4.417763681735263e-05,0.05494040607972143
COL,2019,15.535926656274956,0.07712352206220603,0.04647704651825923,7.222909028234623e-05,5.9827709750584586e-05,0.0613634747276135
COL,2020,18.785689456536584,0.0825079205638224,0.051923256243894655,7.560657244840483e-05,6.406433378763198e-05,0.07318519651468879
COL,2021,13.323091629545363,0.05051260020946895,0.0360693975741193,5.135776825308107e-05,3.952324963417324e-05,0.050739405147595035
COL,2022,13.368808906622556,0.05036085526290124,0.035571060439047335,5.125452057896108e-05,3.873077578940724e-05,0.05246559766427805
COL,2023,16.10071884538319,0.0687980187651103,0.04329315274651634,6.61196937632837e-05,4.973529948116144e-05,0.06367376226871642
COL,2024,19.35495656828481,0.08125449484924205,0.05106421179066721,7.668262808664157e-05,5.9198422842972304e-05,0.0765629381505711
COL,2025,11.448250956945014,0.04667976898547449,0.03123897455219296,4.791619627878631e-05,3.424923456591295e-05,0.045168699048996244
COM,2000,0.02403699124999765,0.000189959504435055,0.00031265663476986,1.255513123842e-05,4.084255041549e-06,0.000155235973098513
COM,2001,0.02403699124999765,0.000195975221969316,0.000305098670667693,1.2184857339350999e-05,3.965097091464e-06,0.000153481679056248
COM,2002,0.02403699124999765,0.000184740029165073,0.000312158203635324,1.287639556779e-05,4.187641207896e-06,0.00014811368216512198
COM,2003,0.036055486874996476,0.00029054723229736,0.0006068098415689159,1.84875199114e-05,6.01530106986e-06,0.000230995269446904
COM,2004,0.036055486874996476,0.000303106413008116,0.000597062068796332,1.771448880008e-05,5.76653170532e-06,0.00023172892212625199
COM,2005,0.036055486874996476,0.00028547183108071003,0.000510193267178135,1.8799916327475002e-05,6.115833450475001e-06,0.00022926407039257002
COM,2006,0.036055486874996476,0.00028346920148762,0.000567758739640415,1.8923180337725e-05,6.15550107711e-06,0.0002231561757223
COM,2007,0.036055486874996476,0.000295072676184625,0.000395616851419505,1.820897396179e-05,5.9256621176050005e-06,0.00020880260835078501
COM,2008,0.036055486874996476,0.000306480848105848,0.00040629245462579604,1.7506788682236003e-05,5.699691670584001e-06,0.0002101511824317
COM,2009,0.036055486874996476,0.00030353227089743504,0.000503947266818705,1.7688276787925e-05,5.7580964101400004e-06,0.000210182461863895
COM,2010,0.0480739824999953,0.00039708027947193,0.00070509378460056,2.4053967771755998e-05,7.82858357988e-06,0.00026975030893042196
COM,2011,0.0480739824999953,0.00036381673104633,0.0006024533704236,2.6083221610314e-05,8.480382180366e-06,0.00025917617842883997
COM,2012,0.0480739824999953,0.000349440542156892,0.0006009676884507119,2.6953167910776e-05,8.759323622268e-06,0.000258922939205568
COM,2013,0.0480739824999953,0.000335482256926626,0.000695654955458958,2.7800301510191998e-05,9.031121840309999e-06,0.000248638092275052
COM,2014,0.036055486874996476,0.000254420164155825,0.00045660602328344,2.0666187142485002e-05,6.71335480663e-06,0.00018319994959771003
COM,2015,0.036055486874996476,0.000288275065815215,0.00051535937619274,1.855916085842e-05,6.033710859815e-06,0.000177812695035155
COM,2016,0.0480739824999953,0.000426919745068644,0.0007289512198363079,2.2073215566834e-05,7.181355645714e-06,0.000235506804465582
COM,2017,0.07211097374999294,0.000667161739995678,0.001081495866579678,3.1395263877071994e-05,1.0215786985686e-05,0.000340754893480521
COM,2018,0.08412946937499177,0.00076170477357659,0.0011716518081167002,3.7610518818210006e-05,1.223180912437e-05,0.00038549288223529
COM,2019,0.08412946937499177,0.00078813439222133,0.001154365227841166,3.5913830501329e-05,1.1681054444191001e-05,0.000372502769504767
COM,2020,0.10816646062498941,0.001003178097859158,0.0014018363090113981,4.6749773288283e-05,1.520016134559e-05,0.000463012635135115
COM,2021,0.10816646062498941,0.00097016809791239,0.001337311142564228,4.8793727406801004e-05,1.5858741941211e-05,0.00043921477083811605
COM,2022,0.10816646062498941,0.0009616401334381662,0.001306394937584156,4.930841061680801e-05,1.6023667919882002e-05,0.00043700035016034603
COM,2023,0.10816646062498941,0.0009417224268698681,0.001261491213894884,5.0536100310878004e-05,1.6418859499518e-05,0.0004199360381442241
CPV,2000,0.10816646062498941,0.0008548177699577461,0.002004536875995514,5.555111305665601e-05,1.8380855573836e-05,0.000698561878943306
CPV,2001,0.13220345187498705,0.001077863720831248,0.002401782829749264,6.589906275768001e-05,2.1810143245263998e-05,0.0008441492348093601
CPV,2002,0.14422194749998588,0.001108440174990438,0.0025802308924380538,7.595809911885599e-05,2.5128103772214e-05,0.0008886820929907319
CPV,2003,0.1562404431249847,0.001259038006621902,0.002944655108171234,7.877393586759e-05,2.606878761365e-05,0.001000979500936579
CPV,2004,0.16825893874998354,0.00141449659403787,0.0030882836110772307,8.129642967062399e-05,2.6913193928187e-05,0.001081401636589176
CPV,2005,0.18027743437498234,0.0014273591554035542,0.004379953697294616,9.2424486102362e-05,3.0582015487003e-05,0.0011463203519628592
CPV,2006,0.1922959299999812,0.0015118357412673119,0.004957184030630208,9.9230690165688e-05,3.2832370149504e-05,0.001190166270518952
CPV,2007,0.20431442562498003,0.001672078498379536,0.00509892077231836,0.00010146446293570601,3.3582015886224e-05,0.001183214780654452
CPV,2008,0.21633292124997883,0.0018388850886350843,0.007173329687444424,0.00010330211332582401,3.420165105462e-05,0.001260907094590192
CPV,2009,0.2403699124999765,0.0020235484726495497,0.0072641414944558495,0.00011596642198934999,3.839118646896e-05,0.00140121641242596
CPV,2010,0.2644069037499741,0.00218394153709564,0.008515784394039409,0.00013009542613455402,4.3061446784752004e-05,0.001483626699117302
CPV,2011,0.2644069037499741,0.002000992020754792,0.007669573513025347,0.00014111174011418402,4.5941687807932e-05,0.0014254689813586363
CPV,2012,0.24036991249997652,0.001747202710784471,0.005795977788082186,0.00013260175246324098,4.2466304062664996e-05,0.001294614696027845
CPV,2013,0.2523884081249753,0.0017612818488647681,0.005727722323435936,0.000143636473105376,4.5235425388512e-05,0.001305349984444032
CPV,2014,0.2644069037499741,0.0018657478704760281,0.006318085156324293,0.00014920938861105802,4.6213899156386e-05,0.0013434662970498762
CPV,2015,0.2644069037499741,0.0021140171493116023,0.007325899886027936,0.000134176721332696,4.0910971318438e-05,0.001303959763591154
CPV,2016,0.28844389499997175,0.002561518470411864,0.00847818823296114,0.00013064580456483599,3.9201115517892e-05,0.001413040826793492
CPV,2017,0.27642539937497296,0.0025574533366501,0.007986389535607385,0.0001187146261392,3.501586534719e-05,0.00130622709167531
CPV,2018,0.2644069037499741,0.0023939292883835383,0.007009488081646006,0.000116519026889964,3.373202803602094e-05,0.00121154905845375
CPV,2019,0.28844389499997175,0.002702175059044548,0.007494054499995264,0.00012137025450218399,3.451322123021516e-05,0.0012771523525877638
CPV,2020,0.27642539937497296,0.002563677361195615,0.006719618301254355,0.00011770806654403999,3.283635023830582e-05,0.0011832545120119848
CPV,2021,0.27642539937497296,0.0024793184724427697,0.006388682906358375,0.000122820877767105,3.184944097434045e-05,0.0011224377476974198
CPV,2022,0.28844389499997175,0.002564373689168436,0.006506938590640776,0.000129503771264196,3.138811827232259e-05,0.001165334267094264
CPV,2023,0.28844389499997175,0.0025112598049863,0.0062679123210691075,0.000132707474144748,3.0181513066904247e-05,0.001119829435051248
CPV,2024,0.28844389499997175,0.0025112598049863,0.0062679123210691075,0.000132707474144748,3.0181513066904247e-05,0.001119829435051248
CRI,2000,0.0480739824999953,0.000218199738158886,0.00029317266083818795,2.0051123656511867e-07,7.642099391038146e-08,0.000310471946197026
CRI,2001,0.08412946937499177,0.00036262322491652,0.00060000940056579,3.0953215022619693e-07,1.1827111502497413e-07,0.00053718587669687
CRI,2002,0.0961479649999906,0.000335267287861836,0.0005203784585592241,1.8345186056855338e-07,7.149138674634987e-08,0.0005924547286604879
CRI,2003,0.13220345187498705,0.0005597067347291839,0.000816124091871616,4.646150142185398e-07,1.777062422729282e-07,0.00084698265463864
CRI,2004,0.06009247812499413,0.00026431274136272604,0.00037227586715111804,2.3248826357744114e-07,8.87395857766996e-08,0.00038621487021042104
CRI,2005,0.21633292124997885,0.001015196032237923,0.00151488465117129,9.739344785391441e-07,3.706787055051298e-07,0.001375584422355423
CRI,2006,0.4831895703871452,0.0026399999999999484,0.003582996660361368,2.9767325550119e-06,1.1275768023368001e-06,0.002990577746192434
CRI,2007,0.6516586890616939,0.003569999999999976,0.0048783148785329035,4.0351174723552e-06,1.5283892622498002e-06,0.003773850967601136
CRI,2008,0.6046157267571404,0.0027799999999999683,0.004570785105748756,2.5986971863438005e-06,9.898875590840002e-07,0.0035240325650109806
CRI,2009,0.36055486874996473,0.0017923640576374801,0.002487617844738885,1.8391564528775961e-06,6.985358795877248e-07,0.00210182461863894
CRI,2010,0.5373819725185253,0.002809999999999936,0.004859329803113792,3.03932460214e-06,1.152613621188e-06,0.00301533065417504
CRI,2011,0.635038220091582,0.006729999999999969,0.004845208143211952,1.0701587939567e-05,4.0176154177552e-06,0.003423614405975378
CRI,2012,0.5629238519490468,0.008149999999999972,0.0035109592192374035,1.379637903649789e-05,5.164947085153374e-06,0.0030318665256322446
CRI,2013,0.828666683593372,0.010669999999999919,0.00570267360684696,1.7217016073647304e-05,6.444587862121166e-06,0.00428585468950008
CRI,2014,0.7469449808741981,0.009449999999999936,0.005144982523545696,1.48766691311884e-05,5.564668000269219e-06,0.0037952693115153443
CRI,2015,0.08412946937499177,0.001292417408595225,0.000644339558067579,2.0842503703672174e-06,7.776424144332358e-07,0.000414896288415367
CRI,2016,0.1562404431249847,0.002391813770927468,0.00117582285129685,3.7777552714680388e-06,1.4076552269067984e-06,0.0007653971145131531
CRI,2017,0.036055486874996476,0.00057423767548764,0.000273627745145608,8.953977965323044e-07,3.330707265045393e-07,0.00017037744674025998
CRI,2018,0.13220345187498705,0.0020565063324423363,0.000973190954821376,3.1254624720654704e-06,1.161124705541184e-06,0.00060577452922688
CRI,2019,0.08412946937499177,0.0012878997228071,0.0006035085199510401,1.909507782329218e-06,7.084010023649881e-07,0.00037250276950477005
CRI,2020,0.012018495624998824,0.00019141255849588,8.676770842164e-05,2.7969889353707453e-07,1.0356192934118498e-07,5.1445848348346e-05
CRI,2021,0.0,0.0,0.0,0.0,0.0,0.0
CRI,2022,0.0,0.0,0.0,0.0,0.0,0.0
CRI,2023,0.012018495624998824,0.00019141255849588,8.673670811568e-05,2.8004812684113813e-07,1.036971814178436e-07,4.6659559793802e-05
CRI,2024,0.012018495624998824,0.00019141255849588,8.673670811568e-05,2.8004812684113813e-07,1.036971814178436e-07,4.6659559793802e-05
CRI,2025,0.0,0.0,0.0,0.0,0.0,0.0
CUB,2000,10.576475503125465,0.15579280206264604,0.025934783392456844,0.00028018583247034235,0.00010590264289164929,0.06728649307360322
CUB,2001,9.05708396253434,0.1326026970120958,0.020700578489837432,0.00023863805806076296,9.029116816690073e-05,0.0569029717293718
CUB,2002,12.673770137923523,0.1897826219759877,0.02753289151301919,0.0003413092658208229,0.00012876739915963287,0.07725898671915264
CUB,2003,13.158434100164865,0.19391345380483838,0.027739371294347483,0.0003487268406999517,0.00013179924248179605,0.08296487280679904
CUB,2004,13.098688346325906,0.18929401121592276,0.027937504789613595,0.00033995513715593924,0.00012868101571906202,0.08255216575862842
CUB,2005,12.923394450656849,0.1849341527125827,0.02812042651043097,0.0003317673385473318,0.00012565574501151834,0.08049631863082303
CUB,2006,12.920471285844613,0.1711947873036644,0.035536461154332996,0.00030317286784343637,0.0001151500297943593,0.07838449195582031
CUB,2007,13.521411158314928,0.17326534471474941,0.04072660965528683,0.00030509799585623547,0.00011605130832357138,0.0770132217974851
CUB,2008,13.831633056441543,0.1805854390458554,0.04496558009640736,0.00031925159846737255,0.00012138039650315532,0.0792809515142076
CUB,2009,13.739720106978602,0.1815751045992047,0.04260638956438274,0.00032139557323806,0.0001220812564026712,0.07875424354369623
CUB,2010,14.06183663551409,0.18342486448366024,0.049651196785245794,0.0003232147665771663,0.00012270080233339368,0.07763076333777658
CUB,2011,14.533750148197507,0.19355440354757128,0.04914252797586405,0.0003345794808643411,0.00012670265691747365,0.07752022923079667
CUB,2012,14.909097328109269,0.19980448501534423,0.04968163152632561,0.00033870531041112125,0.000128148782353022,0.07939711866689868
CUB,2013,15.110522514964618,0.20415425990702152,0.0493755691715166,0.0003392439522248302,0.00012815814857087282,0.0775538073108446
CUB,2014,15.636801685581544,0.2094859900252752,0.046556981732262595,0.0003426468219826023,0.00012980903991599324,0.07880418291368664
CUB,2015,16.123512330377153,0.21278632447192625,0.04706572944372324,0.00034024828496876525,0.0001288995951525349,0.07900566813954406
CUB,2016,16.29741734737492,0.21614627087470548,0.04682885556410847,0.00033895149985834383,0.00012822954225645967,0.07913761106775702
CUB,2017,14.351352069096693,0.18315600631882978,0.03958425618952414,0.00027969498035519664,0.00010594513618468339,0.06729101524432532
CUB,2018,14.438985283829798,0.18789565386351284,0.03956900044478889,0.0002816577529384081,0.00010640761740504758,0.06560131749193523
CUB,2019,15.099459803748656,0.19978995848957753,0.04108728450205505,0.0002933403380940906,0.00011046028231189558,0.06634105122377155
CUB,2020,13.881982758123751,0.1776881389566247,0.03650147230005068,0.00025281888583896596,9.503096874695679e-05,0.05897749406364054
CUB,2021,10.469979999014228,0.1378333882018405,0.02791383764380429,0.00019752937490786045,7.42312108402258e-05,0.04227741256546331
CUB,2022,10.401539794942966,0.13396417265074917,0.02726902206152377,0.0001921046889979324,7.245971802581459e-05,0.04185414454773458
CUB,2023,11.36911307107591,0.14566062910846272,0.029622102145675927,0.0002092947001245129,7.9090399998958e-05,0.04416360368253966
CUB,2024,11.131907609113892,0.14107613094707988,0.0287746573544729,0.0002027191792272223,7.674502870905998e-05,0.04324420688026234
CYM,2000,0.3485363731249659,0.0048790886838713365,0.0013011081671830001,8.547005909402387e-06,3.206267808870255e-06,0.00225092160992842
CYM,2001,0.3725733643749635,0.005135758024636053,0.001453206170409983,8.96473493392863e-06,3.363182997230901e-06,0.002378966025371849
CYM,2002,0.3845918599999624,0.003388121981403264,0.00449114536725192,5.137732097320114e-06,1.932612185315661e-06,0.0023698189146419517
CYM,2003,0.40862885124996007,0.0037132628744409807,0.004913333327380371,5.702767313856404e-06,2.144605801415032e-06,0.002617946387064912
CYM,2004,0.36055486874996473,0.003337454401549335,0.004188760536408659,5.163184714509031e-06,1.94140454593965e-06,0.00231728922126252
CYM,2005,0.3845918599999624,0.003598646168339088,0.004676365213323552,5.590643054850422e-06,2.101957567922436e-06,0.002445483417520752
CYM,2006,0.4446843381249565,0.00413650421552872,0.005438347901213808,6.477204420475731e-06,2.5022501766395025e-06,0.0027522595005750323
CYM,2007,0.4687213293749541,0.00433738956430392,0.005952379338414239,6.7822284781923716e-06,2.6244874748240226e-06,0.0027144339085601998
CYM,2008,0.49275832062495173,0.004622876132964874,0.006285499925956964,7.265458876230379e-06,2.809474771123188e-06,0.002872066159899902
CYM,2009,0.4927583206249517,0.004661139355375608,0.006520727790469494,7.338651302462518e-06,2.827520368445739e-06,0.002872493645473242
CYM,2010,0.49275832062495173,0.004747742714359924,0.0077066089898170384,7.530646643619118e-06,2.905111763384768e-06,0.002764940666536834
CYM,2011,0.4927583206249517,0.0040354094000763265,0.008649674363324042,5.909034012645637e-06,2.331598225568267e-06,0.002656555828895619
CYM,2012,0.480739824999953,0.0042390513066335005,0.00775280168443612,6.245384882608527e-06,2.4245305364948494e-06,0.0025892293920557028
CYM,2013,0.49275832062495173,0.004312632267013583,0.008950338744415485,6.222547828691624e-06,2.4322012220286447e-06,0.002548540445819324
CYM,2014,0.49275832062495173,0.004176662552751684,0.009553436174083734,5.821106683810181e-06,2.2708506736939138e-06,0.0025037326445020657
CYM,2015,0.5047768162499506,0.0043298889486965125,0.009775507345899648,5.958143446459633e-06,2.3362032574186257e-06,0.00248937773049216
CYM,2016,0.5288138074999482,0.00452398350876509,0.010127015115596756,6.115404617459738e-06,2.4117906514900035e-06,0.002590574849121448
CYM,2017,0.5288138074999482,0.004435325747303734,0.009934376188807714,5.850358089538411e-06,2.3282851767163224e-06,0.0024988692188571103
CYM,2018,0.5167953118749494,0.00440932329010239,0.009680796135897745,5.7403042855228295e-06,2.2778572680554635e-06,0.0023680277051596438
CYM,2019,0.5528507987499459,0.00460938845158183,0.01013902392651267,5.82754418157902e-06,2.317224457378718e-06,0.00244787534245989
CYM,2020,0.5288138074999482,0.004313182629364256,0.009497201937890226,5.28726661615647e-06,2.0983853941119628e-06,0.0022636173273272303
CYM,2021,0.5408323031249471,0.004435052671858328,0.009737986950526153,5.448407728221116e-06,2.158531655319988e-06,0.002196073854190596
CYM,2022,0.5408323031249471,0.004437657589489152,0.009742808671268113,5.449806727365874e-06,2.153201593257909e-06,0.0021850017508017482
CYM,2023,0.5408323031249471,0.004569328566392944,0.00986680933330539,5.679068768966938e-06,2.2356731634199214e-06,0.002099680190721128
CYM,2024,0.5408323031249471,0.004569328566392944,0.00986680933330539,5.679068768966938e-06,2.2356731634199214e-06,0.002099680190721128
CYP,2000,2.892326547604698,0.03279692799999985,0.005353923096759709,8.12159153701189e-05,3.0482917114877718e-05,0.018679256545310143
CYP,2001,2.8288126126117676,0.029827731999999947,0.005313903667019644,8.071375054875554e-05,3.0297054209688626e-05,0.018062614617758783
CYP,2002,2.932316802970609,0.03033513799999978,0.005534203760639646,8.385559422416059e-05,3.147676877191771e-05,0.018068660692409703
CYP,2003,3.4536059404545774,0.032839427939972354,0.005936773662560115,9.853057211059419e-05,3.698483101183014e-05,0.022126081324170464
CYP,2004,3.3093376316243455,0.03125074074881514,0.00616646096537352,9.413268874086667e-05,3.5333457401857244e-05,0.02126914122632334
CYP,2005,3.5169264096711306,0.03389008980322002,0.006520443583411374,9.937864672188742e-05,3.7301242069343304e-05,0.022362889364045343
CYP,2006,3.5918372376721357,0.027351303307506406,0.00672048637373904,0.0001023161355895499,3.8405477583757544e-05,0.022230754075095376
CYP,2007,3.752431419858466,0.025339724953584157,0.006984057322538105,0.00010603964377540548,3.980142431777831e-05,0.021730880263531805
CYP,2008,3.9096927143518454,0.020360435640504364,0.00630682212904304,0.00011001909542451083,4.129414828030295e-05,0.022787836694986085
CYP,2009,3.950703061993167,0.015962958274397428,0.007389835769615529,0.0001051317474683823,3.944744373855592e-05,0.023030294904679213
CYP,2010,3.815760682973937,0.020229893532890477,0.006306570600637125,9.546571756062028e-05,3.580747857712002e-05,0.021410804129590576
CYP,2011,3.691195104687374,0.019378128355790475,0.0097201925253067,9.576203850932771e-05,3.592644222369614e-05,0.01989994985475195
CYP,2012,3.5014843231571082,0.014739711767609125,0.010918188613585674,8.136342661195771e-05,3.0503667062580113e-05,0.018858737416525623
CYP,2013,2.802457297530598,0.012115964948078773,0.006319434498696396,5.9398431917702514e-05,2.225473621289024e-05,0.014494277359700424
CYP,2014,2.9005928125951193,0.015121173312655696,0.006990261118874658,7.213927226365935e-05,2.7057162002111004e-05,0.014738074649032528
CYP,2015,2.983712745243525,0.011377430677639997,0.004856176388200031,7.750859629842282e-05,2.907863624001111e-05,0.014714598260228058
CYP,2016,3.256653383158768,0.014614298674208505,0.004053199245393148,7.857043229551242e-05,2.984648961555801e-05,0.015953827655527317
CYP,2017,3.2617318597885228,0.01472611810821845,0.0036480633620951074,6.53384111313961e-05,2.4594255375360414e-05,0.015413064539908166
CYP,2018,3.314666734373489,0.015394640844230917,0.003622225347906424,6.354131353581532e-05,2.369633983703719e-05,0.015188262122367756
CYP,2019,3.2525070598151706,0.014218820842983523,0.0038993732372207255,5.768712627481502e-05,2.1263246464141193e-05,0.014401230586806812
CYP,2020,2.9896706117658787,0.0100896230297633,0.0029181163916283,4.328555751999582e-05,1.56560719007994e-05,0.012797453666704699
CYP,2021,3.0624533162267924,0.008432906960073485,0.002930253945150672,4.640117977532773e-05,1.692622014729325e-05,0.012435229217237189
CYP,2022,3.0921591067987593,0.008364828455572643,0.0029055119806951977,4.307477270082227e-05,1.576549011478585e-05,0.012492547177885392
CYP,2023,2.9404621439539937,0.007924181085607943,0.0027303184989339365,3.86769888013146e-05,1.4228782294985491e-05,0.011415793915325849
CYP,2024,3.051422979574899,0.00822320678695164,0.0028333493856861603,4.0136497812684965e-05,1.4765717475928341e-05,0.011846578591375882
CYP,2025,2.961267300632913,0.007980248404609886,0.002749636790199978,3.8950646740946535e-05,1.4329457641412274e-05,0.011496566042085229
CZE,2000,44.00329422627037,0.10449558363875618,0.06540478027658606,0.00018706871768549066,0.0004465231858147494,0.16113253922092882
CZE,2001,43.7316930580319,0.10125871890941342,0.06594759722579142,0.00018565860394396066,0.00044279098811071454,0.1620006847394599
CZE,2002,42.26244784254821,0.10084487881911817,0.06520233276701085,0.00018139247985842383,0.00043065050819284174,0.15090220956060454
CZE,2003,41.3798495912551,0.09713809415042439,0.06238194804744234,0.0001777854160546628,0.0004210728346005277,0.14677744609855095
CZE,2004,54.704555639059215,0.12377385977330564,0.08465306720933015,0.0002668395953750991,0.0005743801505047226,0.19155525877125915
CZE,2005,54.051046667513354,0.12345735020680242,0.07978183263410796,0.00027488789525949406,0.0005710470961666692,0.18857459085297223
CZE,2006,40.577241099413065,0.09438642853906112,0.060355979689214766,0.0002373499586387988,0.0004330177513737588,0.1424630126080124
CZE,2007,46.180227932577516,0.10341695278355958,0.06742677152039298,0.0002219821705954366,0.00047327932247987734,0.157719172326117
CZE,2008,53.2180172298556,0.10632697941990617,0.07479871654590917,0.00025719963087567944,0.0005649545182282171,0.18327663948696296
CZE,2009,49.98723288929614,0.10378721365014058,0.07057120384008354,0.00023635048283769035,0.0005413616809466266,0.17455724067144077
CZE,2010,40.70038652839621,0.08072273573674187,0.053094126395107265,0.00023100024026168645,0.00043047265332860936,0.14286100823662587
CZE,2011,40.902623370202505,0.08031257525119247,0.05068594263518445,0.00021939520344328874,0.0004455114831595101,0.14819469720290046
CZE,2012,38.2706911435311,0.07307484208966777,0.04507966749490333,0.0002402561970734493,0.00043824262747124107,0.1387504297144826
CZE,2013,37.066000131001815,0.06690186584507815,0.03929225841111724,0.0002428005095963588,0.0004232252857788698,0.1298884342869728
CZE,2014,37.483746718944346,0.06533764969351735,0.038328828627535234,0.0003065509072860141,0.00045096370374686197,0.13034959007130786
CZE,2015,39.24975440154974,0.061957432665987244,0.03633634379718042,0.0003277295931094811,0.0004490899434908364,0.13668166981704852
CZE,2016,39.85319468145749,0.048520918925931064,0.032049630479605476,0.0002479569629468528,0.0003887462306070962,0.13811234389811622
CZE,2017,38.955210903727384,0.04620123242652819,0.03003554776419111,0.000276258369718752,0.0003684477614426384,0.1368127265811287
CZE,2018,38.68684803392683,0.03915247901190624,0.028360896058905016,0.0003146004338008082,0.0003482057680856849,0.14149688560657178
CZE,2019,34.90537416862337,0.029744490845610184,0.02423453666109628,0.00024758798550380737,0.00023293186852974492,0.13309317189654563
CZE,2020,28.119918572076706,0.019314756395875054,0.018074464629376435,0.0002052001715035809,0.00012706857156234,0.10827583844934416
CZE,2021,30.64603966976813,0.01752093648211361,0.021152741457137938,7.21440959501426e-05,0.00010497079647495258,0.11424257508677152
CZE,2022,33.40200566215602,0.019858185351931925,0.022842634498189573,7.41572242138987e-05,0.00011630846824562123,0.1312543744847406
CZE,2023,28.287780178628392,0.016808961070160233,0.019281595644808497,6.285049786135386e-05,0.00010117199021473651,0.11380702062649323
CZE,2024,25.193299967004947,0.014834902200916612,0.01717924134229911,5.0792513067697666e-05,8.794726040382622e-05,0.10134155272467926
CZE,2025,25.097874780575815,0.014561310715879362,0.017103536597435708,2.2140059428809006e-05,7.704227969880243e-05,0.10098356530347206
DEU,2000,295.0320936053592,0.30392160373051735,0.24625637929161834,0.0005138804956937543,0.0012765088957687478,1.1165863794205364
DEU,2001,312.217281388762,0.30383901042625794,0.25894347972393905,0.0005928247164642426,0.0014095704504804023,1.1990609964496248
DEU,2002,312.1015744557028,0.2763970977761194,0.2581593367265293,0.0005773995963256652,0.0014434998903412482,1.150711628822766
DEU,2003,286.65113121342847,0.2717348080580306,0.26634354054651393,0.0007211168832898793,0.0014378375553163805,1.0554242322323275
DEU,2004,284.3256896922765,0.25880764267794604,0.24824919801886844,0.0007250125242213175,0.0014419866366477754,1.0444145580110697
DEU,2005,285.0959961566815,0.26159722668051283,0.24894975203808206,0.0007767157655896115,0.0014425749023851146,1.0524510639362452
DEU,2006,293.4789698235268,0.26802160141560427,0.25639358555476843,0.0007886204454442272,0.0014344861938997556,1.079215140572882
DEU,2007,302.5687297002557,0.27666133028749706,0.27237745738994545,0.0007959838192186838,0.0014728317482889646,1.085224802496248
DEU,2008,282.48132711395857,0.2539110258818898,0.26326367538538875,0.0007692721415520068,0.001425287043407785,1.0358231788284378
DEU,2009,261.40556283457994,0.22990021571620328,0.24519840593375794,0.0007045280424150124,0.0013678607310973858,0.9671820918441499
DEU,2010,270.05342769418166,0.2514197236359724,0.255262671954799,0.0007503703305257025,0.0013667994561297207,0.9942627416515056
DEU,2011,268.14141108261794,0.2275056095363656,0.2563756503363854,0.0006311705712427279,0.0012667226866037808,1.0097152097983972
DEU,2012,278.1268785878892,0.24042575217084575,0.2688301476203825,0.0006270596091747985,0.0012257012246661852,1.041181233543327
DEU,2013,282.09121847946557,0.23581379314629203,0.266945975022796,0.0005804862645286766,0.0010924224524427604,1.017848627368272
DEU,2014,270.62267285706207,0.21280403884979238,0.25773859557126827,0.000502445120186821,0.0009526583367143263,0.9678703423463795
DEU,2015,267.38034277073024,0.2077878466151483,0.25335055505510334,0.00046896877700297525,0.0008497640914765055,0.9591766334093039
DEU,2016,266.6273321598718,0.18415570885778354,0.24992036863759554,0.0004309365537832999,0.0007730489308563848,0.9541909040520611
DEU,2017,245.58157124035472,0.17510739410965848,0.2373319057539964,0.00039957582916371094,0.0006928110375793313,0.892982691839167
DEU,2018,236.74158779996492,0.17761569166010754,0.22883186540722528,0.00036301426991494585,0.0005872544049765377,0.8850527001174223
DEU,2019,191.41576340632398,0.15034663587759328,0.19189288628094553,0.00031054512387635,0.0004044831502872255,0.7410671426507479
DEU,2020,161.8345793362341,0.13050567636152488,0.16595825777274203,0.0002643418573042852,0.0002677988191466394,0.6282862466565866
DEU,2021,185.25420306587742,0.1391377245349001,0.18206713418047132,0.00026195537681953805,0.00029917815725169717,0.6966539060313973
DEU,2022,194.41740436991705,0.14504813310762588,0.18806891773517942,0.00025729211899902385,0.0003108437707992711,0.7646547409223645
DEU,2023,161.65383497936745,0.12576789954768938,0.1554274010271246,0.0002415716511571656,0.00026885440944366084,0.645761691934394
DEU,2024,144.3241338857714,0.11513119234934366,0.1393110243247296,0.00023390178765664952,0.00024353189508952795,0.5758827997841758
DEU,2025,141.62792091025446,0.10895911541725067,0.13554745849914518,0.00021753393182326027,0.0002356663435348922,0.5649935766889317
DJI,2000,0.14422194749998588,0.00113975702661033,0.0036933969138619317,7.533078743052e-05,2.4505530249294e-05,0.000931415838591078
DJI,2001,0.1562404431249847,0.00127383894280056,0.004300801405484756,7.920157270577999e-05,2.5773131094517998e-05,0.000997630913865607
DJI,2002,0.15624044312498472,0.00120081018957296,0.00370020170808536,8.369657119062e-05,2.721966785132e-05,0.00096273893407328
DJI,2003,0.15624044312498472,0.0012590380066219002,0.0039831592662961995,8.011258628272e-05,2.606630463606e-05,0.0010009795009365801
DJI,2004,0.16825893874998354,0.0014144965940378902,0.004056612555033742,8.2667614400382e-05,2.6910481291496e-05,0.001081401636589164
DJI,2005,0.2403699124999765,0.0019031455405380598,0.005071044419913479,0.00012533277551649,4.077222300315e-05,0.00152842713595047
DJI,2006,0.24036991249997652,0.001889794676584159,0.005019513643882883,0.000126154535584838,4.1036673847406996e-05,0.0014877078381486809
DJI,2007,0.2523884081249753,0.002065508733292352,0.0050652233612528,0.000127462817732544,4.1479634823232e-05,0.0014616182584555203
DJI,2008,0.2644069037499741,0.0022475262194428702,0.005629243184323409,0.000128383117003034,4.1797738917622e-05,0.001541108671165782
DJI,2009,0.27642539937497296,0.002327080743546965,0.00569321028254055,0.00013561012204075,4.4145405811079996e-05,0.001611398874289855
DJI,2010,0.3004623906249706,0.002481751746699572,0.0059876279635503295,0.000150337298573476,4.8928647374254e-05,0.001685939430815132
DJI,2011,0.31248088624996945,0.002364808751801145,0.005894471160358638,0.000169540940467041,5.512248417237901e-05,0.00168464515978746
DJI,2012,0.31248088624996945,0.0022713635240197982,0.007232990943486633,0.00017519559142004402,5.6935603544742e-05,0.001682999104836192
DJI,2013,0.3365178774999671,0.002348375798486382,0.007772716945395535,0.000194602110571372,6.3217852882181e-05,0.001740466645925399
DJI,2014,0.08412946937499177,0.0005936470496969201,0.00193070705717917,4.8221103332470006e-05,1.566449454881e-05,0.0004274665490613301
DJI,2015,0.14422194749998588,0.00115310026326087,0.0037356668257068895,7.4236643433684e-05,2.4134843439252e-05,0.00071125078014063
DJI,2016,0.07211097374999294,0.000640379617602966,0.001981470854584764,3.3109823350251e-05,1.0772033468571e-05,0.000353260206698373
DJI,2017,0.0480739824999953,0.000444774493330452,0.0013065666463557481,2.0930175918048e-05,6.810524657124e-06,0.000227169928987014
DJI,2018,0.036055486874996476,0.00032644490296139506,0.00090995464102762,1.6118793779230003e-05,5.242203910445e-06,0.000165211235243695
DJI,2019,0.07211097374999294,0.000675543764761137,0.0017930582946881098,3.0783283286859e-05,1.0012332380733e-05,0.00031928808814694096
DJI,2020,0.10816646062498941,0.001003178097859158,0.002540360007288753,4.6749773288283e-05,1.520016134559e-05,0.000463012635135115
DJI,2021,0.10816646062498941,0.00097016809791239,0.002423429698626937,4.8793727406801004e-05,1.5858741941211e-05,0.00043921477083811605
DJI,2022,0.10816646062498941,0.000961640133438166,0.0023674044050861617,4.9308410616803e-05,1.6023667919883002e-05,0.00043700035016034803
DJI,2023,0.10816646062498941,0.000941722426869861,0.002286031406608872,5.0536100310878004e-05,1.641885949951e-05,0.00041993603814422003
DJI,2024,0.10816646062498941,0.000941722426869861,0.002286031406608872,5.0536100310878004e-05,1.641885949951e-05,0.00041993603814422003
DMA,2000,0.036055486874996476,0.00050473331212462,0.000131900774287135,8.841730251105705e-07,3.3168287677962084e-07,0.00023285395964776998
DMA,2001,0.036055486874996476,0.00049700884109381,0.00013667121197544,8.675549936059937e-07,3.25469322312649e-07,0.00023022251858437
DMA,2002,0.036055486874996476,0.000317636435756556,0.00038085461367190005,4.81662384123679e-07,1.8118239237338693e-07,0.00022217052324768002
DMA,2003,0.036055486874996476,0.00032764084186244003,0.000415265624917335,5.031853512225557e-07,1.8922992365429838e-07,0.00023099526944690002
DMA,2004,0.060092478124994124,0.000556242400258224,0.000806144060614352,8.605307857515572e-07,3.2356742432332736e-07,0.00038621487021041605
DMA,2005,0.07211097374999294,0.000674746156563579,0.000984060865563264,1.0482455727843223e-06,3.9411704398554666e-07,0.00045852814078514096
DMA,2006,0.07211097374999294,0.000670784467383045,0.001060380304507701,1.0503574735903285e-06,4.0577029891453256e-07,0.00044631235144460696
DMA,2007,0.08412946937499177,0.0007785058192340401,0.00119870289801393,1.217323060188346e-06,4.710618544555248e-07,0.00048720608615184
DMA,2008,0.08412946937499177,0.000789271534896449,0.001247543497391587,1.2404441983806048e-06,4.79666424337846e-07,0.000490352759007298
DMA,2009,0.08412946937499177,0.000795804280186091,0.001308434235872137,1.2529404662739662e-06,4.82747379978384e-07,0.00049042574434909
DMA,2010,0.0961479649999906,0.0009263888223141359,0.001752498769528596,1.4693944670475569e-06,5.668510757823458e-07,0.0005395006178608439
DMA,2011,0.08412946937499177,0.000688972336598392,0.0018322657808312992,1.0088594655736239e-06,3.980777458288036e-07,0.000453558312250472
DMA,2012,0.0961479649999906,0.0008478102613266959,0.002054051425499652,1.2490769765213955e-06,4.849061072989908e-07,0.000517845878411136
DMA,2013,0.08412946937499177,0.0007363030699779259,0.0019262646163547051,1.0623862146546874e-06,4.152538671756858e-07,0.00043511666148134804
DMA,2014,0.0961479649999906,0.00081495854687838,0.002449272440061228,1.135825694401802e-06,4.4309281437936337e-07,0.000488533198927236
DMA,2015,0.10816646062498941,0.000927833346149255,0.002752351424097106,1.276745024240975e-06,5.006149837325967e-07,0.000533438085105471
DMA,2016,0.0961479649999906,0.0008225424561391079,0.002419302240862032,1.1118917486286442e-06,4.3850739118005733e-07,0.000471013608931164
DMA,2017,0.08412946937499177,0.00070562000525287,0.00207662139467598,9.307387869718221e-07,3.704090053866894e-07,0.00039754737572727
DMA,2018,0.07211097374999294,0.000615254412572433,0.0017748646039300409,8.009726910027522e-07,3.178405490310009e-07,0.000330422470487388
DMA,2019,0.0961479649999906,0.00080163277418814,0.002316859309577472,1.0134859446222414e-06,4.0299555780509023e-07,0.000425717450862588
DMA,2020,0.0961479649999906,0.0007842150235207679,0.002268842464239084,9.613212029371378e-07,3.8152461711133264e-07,0.000411566786786772
DMA,2021,0.0961479649999906,0.0007884538083303599,0.002274668012696292,9.686058183501573e-07,3.8373896094578545e-07,0.00039041312963388
DMA,2022,0.10816646062498941,0.00088753151789783,0.0025602685924528703,1.0899613454728504e-06,4.306403186516332e-07,0.00043700035016034803
DMA,2023,0.10816646062498941,0.000913865713278583,0.002592854165173155,1.1358137537929762e-06,4.4713463268409915e-07,0.00041993603814422003
DNK,2000,22.549472940501254,0.011366915586911757,0.03647317753047946,7.27736645909857e-05,3.830307560894829e-05,0.09447464905956085
DNK,2001,23.627329918097224,0.009454489635205749,0.03654907191358832,7.44319993905933e-05,3.857184357065078e-05,0.09840070214642005
DNK,2002,24.013336740992088,0.009347354119125871,0.03835411692886412,7.864982307673848e-05,3.959005722845647e-05,0.09603136555979981
DNK,2003,29.554371801964294,0.019078774244574066,0.05139048362396502,7.811776140819409e-05,3.663115080985714e-05,0.11099677588528936
DNK,2004,22.644317290405795,0.011322264034713767,0.0377148434423435,6.20151748402043e-05,2.940315674415109e-05,0.08573370620469639
DNK,2005,19.141882451904056,0.009454483384763146,0.03157933318833855,5.879252660557775e-05,2.740747606302158e-05,0.0727060962625186
DNK,2006,28.28236919025514,0.012352683732953486,0.039236651878682666,7.292795611423453e-05,3.415987963334373e-05,0.1038724597455606
DNK,2007,22.782358204936898,0.010922131018176717,0.02941873233060073,5.984728261435917e-05,2.7892615024947562e-05,0.0817031147782406
DNK,2008,20.39933731593836,0.008199452263050293,0.021015462545470584,5.39841276572691e-05,2.5545455130695115e-05,0.07462745206777119
DNK,2009,20.4702467079363,0.005120236210301869,0.01685378293470781,4.9301310719014904e-05,2.356593245453373e-05,0.07549844778988994
DNK,2010,19.829584882788257,0.0037043555105784652,0.014478090562445301,3.9320196183453376e-05,2.0234635696345756e-05,0.07218277877820385
DNK,2011,16.046962175497328,0.003099392802245202,0.012270011870509696,2.7210451799293736e-05,1.4264018931555189e-05,0.05989856309448899
DNK,2012,12.146118606666322,0.0030276376862634034,0.009244523236366995,2.1267537438382065e-05,1.0963744412288215e-05,0.04547835664163189
DNK,2013,15.441388774482302,0.003494141936670153,0.010071486229488103,2.20852304558364e-05,1.1229875691694746e-05,0.0547844346357376
DNK,2014,11.910456240665209,0.003098007706999176,0.007737586332284426,2.0428890984414677e-05,9.805440345912713e-06,0.04195334740069542
DNK,2015,8.062543093632398,0.003150509644830644,0.005832894008234712,1.7039875909722084e-05,7.803342339236531e-06,0.028994029480522758
DNK,2016,9.861397277639819,0.0031055646959498996,0.006725770281863318,1.4943452752190725e-05,7.082674946732798e-06,0.034821527663633056
DNK,2017,7.2613891748609625,0.002872308391664315,0.005597810687207223,1.1969291985433392e-05,5.530926972166052e-06,0.02626280235383277
DNK,2018,7.57892632409471,0.0027972145368927413,0.005498451993500808,1.0549217883752022e-05,5.050550210638316e-06,0.02821089875482119
DNK,2019,4.50840837259235,0.002639631960113672,0.003616204448043516,9.481399246245738e-06,4.291014230974948e-06,0.017619347692054387
DNK,2020,3.9487518144104694,0.0026796932505431864,0.003014263227578902,9.225759168666806e-06,3.8014408629312635e-06,0.015437519605235992
DNK,2021,5.290850584310269,0.002104067859157195,0.003288172552353988,7.064714166012286e-06,3.3406415426778813e-06,0.019937829509387703
DNK,2022,5.478572653682026,0.002577600596525649,0.003438505389184719,7.966774824900182e-06,3.4159574177597784e-06,0.021626525404275655
DNK,2023,3.5250599434839556,0.0020250737685963433,0.002322626201613371,6.472862981242355e-06,2.7495969816057394e-06,0.014045216561245792
DNK,2024,2.806315387089314,0.0020291067793130483,0.001993257842750816,6.700826218596907e-06,2.7306234282943567e-06,0.011145137240928414
DNK,2025,1.530683871709752,0.0028204693263476246,0.001637941601896154,9.921677465770916e-06,3.428165636059421e-06,0.00596433173704537
DOM,2000,9.391744650463385,0.094521999999999,0.06938492265201254,0.0001524577638169777,5.8965809801352794e-05,0.06065387322165743
DOM,2001,9.694347428304921,0.11061509053463503,0.0626591204733896,0.00018509632813545651,7.26361741374407e-05,0.061552166024253764
DOM,2002,10.311399227807401,0.11529199999999984,0.06698305714997092,0.0001894865348767248,7.826684084012161e-05,0.06199915022609575
DOM,2003,8.929618776903915,0.08956017733345321,0.0544437460566887,0.00014112369586303586,6.633512959854249e-05,0.052624690095382176
DOM,2004,7.69995737919528,0.07981725074471854,0.047003549026756464,0.00012539724934383355,5.950545775802341e-05,0.04527977249263522
DOM,2005,8.42492871687775,0.09388772926069669,0.05150123648763178,0.00015190630043099312,7.05442714342761e-05,0.04893606553472356
DOM,2006,8.80866351116633,0.09574483400658898,0.052167211239709514,0.00015397770263687698,7.41080700940926e-05,0.0490720981613197
DOM,2007,9.007541882775362,0.09596606545630913,0.0513718240209911,0.00015422785451385358,7.597708199914662e-05,0.046783695217525505
DOM,2008,9.332785709180905,0.09518917029247076,0.0531301057270306,0.0001501187183801012,7.56281883307941e-05,0.04864490172809828
DOM,2009,8.353841576958274,0.08194308217864152,0.04665055231673024,0.0001268972429298029,6.664979196383681e-05,0.043036241533964695
DOM,2010,8.925495243434748,0.08353546725491884,0.04805447087777212,0.0001314889712803255,6.82366696714627e-05,0.044455959333407076
DOM,2011,9.496959679862767,0.08502786623262261,0.05143021211896169,0.00012884293040253333,6.43209158246031e-05,0.04632533358036453
DOM,2012,11.413273648495931,0.10332022724841163,0.06159482433738545,0.00015533739645809896,7.366047525497318e-05,0.05595106943517776
DOM,2013,11.141422090579061,0.10525901581319272,0.06382369794325855,0.00015832599450414336,7.244050121219393e-05,0.05277994490863605
DOM,2014,10.089968858864413,0.09138512126511968,0.0564165727080395,0.00013081357217958696,6.0651982981767434e-05,0.04627719717395052
DOM,2015,10.904459489355032,0.10208727541072359,0.06144032001451007,0.00014595998914845005,6.462470958160674e-05,0.049592212708800376
DOM,2016,10.9943078135361,0.10546277824291361,0.06146526816761852,0.00014844966428129681,6.602280844413564e-05,0.0493987431298369
DOM,2017,10.119677188154112,0.09103913489573894,0.05342962000991892,0.0001242951907732401,5.834203290425981e-05,0.04381256793684221
DOM,2018,11.214086098089707,0.10783803541929918,0.06029635358551535,0.0001477515093293681,6.716334036636342e-05,0.048177957976698854
DOM,2019,12.64319837698492,0.11456459038183672,0.06454878455763172,0.00014739035135219252,7.28023187097449e-05,0.0525354752837306
DOM,2020,11.8869141380729,0.08821091766338629,0.05355228222318166,9.382808469374111e-05,6.291689607603345e-05,0.04687183832941286
DOM,2021,12.423191753100909,0.08739071200803353,0.05376751940474301,9.523987996467028e-05,6.303561195546037e-05,0.047392706715917665
DOM,2022,13.592663980000228,0.1019295903818371,0.06165314193950896,0.00010543173644204587,6.885904544618013e-05,0.053684147542248
DOM,2023,14.529389644562011,0.1065945897815247,0.06453751206111516,0.00011163239117968564,7.049524316424343e-05,0.05757460256660998
DOM,2024,13.894106092749318,0.10261808653075294,0.061925268931813535,0.00010869353193097702,6.76863220853835e-05,0.05503130544238865
DOM,2025,12.397163712788856,0.09185108404657039,0.055394575242861774,9.651121300206741e-05,6.058031917006758e-05,0.04912441001324168
DZA,2000,13.39962274919982,0.002148649029591261,0.020708335934203983,2.21009247637897e-06,1.5406128701905786e-05,0.06885241172001545
DZA,2001,14.007633147877923,0.002101033482346504,0.02054507775666144,2.2682291854822773e-06,1.6146895699174824e-05,0.0718711714283412
DZA,2002,14.558263356063982,0.0018734179351018014,0.020633167050424228,2.2672941646279444e-06,1.6870785059313025e-05,0.07268295409275807
DZA,2003,15.416939069426691,0.0019266384946673583,0.02177194931792808,2.3843878407124914e-06,1.7882321913924166e-05,0.07684991933583182
DZA,2004,16.295276582099014,0.001939982921908524,0.02273652522729531,2.4922269603956546e-06,1.8928833129509062e-05,0.08030709391435094
DZA,2005,17.585541569498965,0.0022045969928245635,0.024533165420102712,2.7218032201427015e-06,2.0395716214555135e-05,0.08570323674632875
DZA,2006,18.46971958974703,0.002337817552390089,0.025507779067341897,2.865150998430737e-06,2.141475424122444e-05,0.09188227922899524
DZA,2007,19.46469022541301,0.0023615955164958194,0.026846663968967642,2.989825612340397e-06,2.2597740417826714e-05,0.09542581647943399
DZA,2008,21.006033142613195,0.0023475101980056463,0.028853918985902293,3.168173708728234e-06,2.4444981344199582e-05,0.1033757663820333
DZA,2009,20.034592244305916,0.0018643825391967965,0.026190659887255757,2.9128686043252163e-06,2.3422169400028127e-05,0.09725940339727572
DZA,2010,27.558323124374926,0.0024776273648073,0.03859562980193639,3.981519004074425e-06,3.224303956431365e-05,0.12784541190424573
DZA,2011,31.134545910332193,0.0032851203962809107,0.04314804389120753,4.6393459256472e-06,3.62875052011533e-05,0.14604834131748076
DZA,2012,33.965483593749916,0.002765702850477966,0.04665630395755957,4.823564341952627e-06,3.982214289015938e-05,0.15747221550909554
DZA,2013,32.89102454187483,0.002347383565371661,0.04516380748946276,4.574888855361787e-06,3.865750953600933e-05,0.15285784692016116
DZA,2014,35.49297050749985,0.0017924908635701914,0.048157599385606015,4.721699396263688e-06,4.192850791560625e-05,0.1659030792093929
DZA,2015,40.12764032437504,0.0025256616218934267,0.05428133407789956,5.483221567714063e-06,4.7260065200710294e-05,0.18576965702656167
DZA,2016,39.529541411249824,0.002636343190778655,0.052753760597172746,5.444575193420611e-06,4.651302286366047e-05,0.17710445302012837
DZA,2017,41.411146394999975,0.0010619925741008637,0.054354151466648536,5.210027620023696e-06,4.919489766265399e-05,0.18194355750480085
DZA,2018,42.48096967750006,0.001216703933114071,0.055001006082160915,5.350851686794613e-06,5.026443576964762e-05,0.17869819348517638
DZA,2019,43.356202590624974,0.001107081445290347,0.05534772034593878,5.380886961367938e-06,5.117288923888241e-05,0.17582569589343328
DZA,2020,42.38414479499996,0.0010657109348158125,0.05336119188445356,5.215928823448711e-06,4.9870899693190264e-05,0.16485115314718513
DZA,2021,47.936025195000084,0.001086927715823197,0.06001455147366106,5.861373616999111e-06,5.646126880384047e-05,0.18194124483298063
DZA,2022,51.11305048625006,0.0011743803611629997,0.06365840959755989,6.250905900097653e-06,6.022407472871816e-05,0.1986453967861472
DZA,2023,46.98538993364852,0.00100798332828045,0.05820922963371168,5.722194811244149e-06,5.540346165309719e-05,0.18330282321732644
DZA,2024,47.163111339933,0.0010086624992794264,0.058429040264901796,5.742925977732637e-06,5.5613914403813665e-05,0.18399618197308162
ECU,2000,2.311776816355354,0.0301569999999999,0.014588872975420799,5.26994541023793e-05,2.06522429944747e-05,0.014929943599889698
ECU,2001,3.042821663162964,0.03576699999999989,0.019946097813272723,6.316225996858292e-05,2.7531337044462206e-05,0.019429111284093106
ECU,2002,3.297390978101091,0.036531145775999106,0.01989882220515919,6.422517921376636e-05,2.7236647708997925e-05,0.01995306749788497
ECU,2003,3.093960880755798,0.03396788147680073,0.01658747272106894,5.9223826055155883e-05,2.3523243806782622e-05,0.019093756839787455
ECU,2004,3.552437762710931,0.03389838850649912,0.020162403544340516,5.848449475178725e-05,2.4869658562059502e-05,0.021859037909086214
ECU,2005,4.614769334210889,0.04266677397770342,0.02704720314058983,7.917929444167904e-05,4.13074467338666e-05,0.028222146055047997
ECU,2006,5.731225810424345,0.049685316381566584,0.035769574597941535,9.353044449287101e-05,5.2445880936665504e-05,0.034375025136422696
ECU,2007,5.987629678241342,0.0561118763653185,0.03712657279941484,9.627035504229913e-05,4.11610007378563e-05,0.03373873380198236
ECU,2008,5.182438585147983,0.050223392060841275,0.03179662418447502,8.892499717993795e-05,4.00762522610541e-05,0.029372027058696865
ECU,2009,6.886318345624659,0.0635280718879758,0.0467321049730409,0.00010944025304584724,4.849105430021711e-05,0.039074066465502676
ECU,2010,8.211859704502523,0.06937122753430185,0.058564195949154935,0.0001163527557275056,5.300079080959609e-05,0.04497226161802348
ECU,2011,6.946624378360958,0.06990973572621367,0.047989354121878464,0.00012184077550809039,5.48093343266146e-05,0.03674304710514316
ECU,2012,7.33801063909433,0.07770790178732578,0.04974359341622682,0.0001303394316355382,5.1953007661129796e-05,0.038535965884112754
ECU,2013,8.311474285282346,0.08566545662574432,0.05727392851244141,0.00014093762805429124,5.709176064022869e-05,0.042221313292113684
ECU,2014,8.767625986034641,0.0914386227771251,0.06220498407523493,0.00014727276111829127,5.8456096022852095e-05,0.0439412010691137
ECU,2015,8.861487680973662,0.09015042575374532,0.060982245632509466,0.00014191000426858324,5.66785537103806e-05,0.043264402845509566
ECU,2016,7.596052737193641,0.07614182674176846,0.05334994380958222,0.0001259913344150111,5.089743086457574e-05,0.03667887158121
ECU,2017,5.217722181454327,0.05122919852755674,0.037431586039502106,8.882556556242337e-05,3.6573611843820946e-05,0.02429851830930586
ECU,2018,5.757678248364286,0.06106977721829,0.04537366797953174,0.00010634116756885682,4.31236366149178e-05,0.026026613330102744
ECU,2019,5.132393335455452,0.05087645985119739,0.04008955309457987,8.707974134990765e-05,3.5390782369763184e-05,0.02240279875791525
ECU,2020,4.5177375344248745,0.04421690778151154,0.03666825291983451,7.550057701553157e-05,3.105603599488393e-05,0.01905762961443295
ECU,2021,4.411269638322954,0.042175833884455304,0.035165332896212806,7.148692605324029e-05,2.938638586431086e-05,0.01772633712464957
ECU,2022,5.543009949908091,0.05708362098060549,0.04686532567503131,9.660362079649912e-05,3.838033908511483e-05,0.02229517836279193
ECU,2023,5.790322441543766,0.06177471028526789,0.05047801869857692,0.00010501112118121079,4.148428625440335e-05,0.022490967588923265
ECU,2024,5.514663596673037,0.058504410909438205,0.04786387989563902,9.945566250993309e-05,3.932730446454744e-05,0.021420773718054543
ECU,2025,4.620350737267859,0.04767616174342093,0.03924290769007884,8.106327987970369e-05,3.220870746917934e-05,0.017949122726625907
EGY,2000,36.3362567437487,0.21144481913587904,0.06884167656406959,0.0003826024124711475,0.00017039687692086759,0.20272082710811562
EGY,2001,44.041698620623535,0.21902099181231696,0.07633442932378337,0.00039623302442893323,0.0001836644690927326,0.2416275863136677
EGY,2002,44.35545730437397,0.17034272091157016,0.07954549481374198,0.00030534748859103815,0.0001525452814799316,0.23333134708616
EGY,2003,49.101494999373855,0.1716961120380521,0.0844422067227676,0.00030710903414280416,0.00015830962422940206,0.25942570802251996
EGY,2004,49.29657548562429,0.1267994242874935,0.09034539924762788,0.00023085457936057152,0.0001339865668630244,0.25300925640340066
EGY,2005,56.381623918656125,0.1879490085417033,0.1012381697160174,0.000341018485340378,0.0001791245444151078,0.2901795001088511
EGY,2006,59.09280082925985,0.21301422698140365,0.10442840243213888,0.00038757663945039426,0.0001982398718374318,0.3081124669618145
EGY,2007,59.937646746169186,0.20430901728651366,0.10453074936556869,0.00037126178247568137,0.0001935261480772009,0.303858168939176
EGY,2008,65.83286002839074,0.26219748178822855,0.11891826941061746,0.000475394532031886,0.00023525037056988183,0.33761029218631955
EGY,2009,70.43054441447013,0.28201975083498715,0.12546611621651554,0.0005105948821008704,0.00025217021114727715,0.3581205248614644
EGY,2010,67.68257730632415,0.2612951211071486,0.11863075030872457,0.0004745257034568005,0.00023723257503428392,0.32874312911853076
EGY,2011,72.46437479464475,0.22917140282541887,0.11827543557987713,0.0003917629814832455,0.0002133090088189691,0.34873536312760633
EGY,2012,79.17331080261258,0.33031239137254004,0.14011103126650826,0.0005293333945052903,0.0002641906467103981,0.381686433507511
EGY,2013,80.66773162924471,0.39205313877730524,0.14983087624604616,0.0005936236201666018,0.00028435925506088217,0.38731028286174773
EGY,2014,85.97476154552163,0.4361995121298939,0.17096898017203793,0.0006240855419151002,0.00029646088421308797,0.4131220752859221
EGY,2015,91.75368621756044,0.45990881725040417,0.18003020871406228,0.0006209211788801687,0.0002969098549952491,0.4340555427221097
EGY,2016,91.02222823804357,0.3698337556079604,0.1718101597000366,0.0005177772659674402,0.0002669491245199975,0.4175431061837147
EGY,2017,99.02241962827914,0.28574773658376723,0.17763392465978262,0.0004160665582791149,0.0002460345469230927,0.44101391220397945
EGY,2018,94.96663186749868,0.19507480346570202,0.16333596126334607,0.00029578123284434575,0.00020386545945346785,0.40391067907562034
EGY,2019,83.25480105329457,0.09342559081061481,0.13609927349099418,0.00015028630630525987,0.00014402056902445464,0.3396277931812132
EGY,2020,87.66262030312437,0.10010815877587517,0.1418467888465441,0.0001659122100271258,0.00015420876050724157,0.3432094017675059
EGY,2021,82.45474020437473,0.06105898632186526,0.13024692225919357,0.00010561853340600226,0.00012884139798164935,0.3138470759295541
EGY,2022,83.19913228562439,0.10120867667155492,0.13395248949591398,0.00017132540982618943,0.00015136365094017243,0.3242489411764628
EGY,2023,90.54555252160807,0.22876737848727363,0.1547155514002182,0.0003817407681888631,0.00022915757680368578,0.35297809975579486
EGY,2024,97.40887089611854,0.2460147585494342,0.166435457898089,0.0004105252878319307,0.0002464779350621867,0.37973381708572296
EGY,2025,98.75945890609077,0.24946415019863896,0.16874618883674586,0.0004162796166386466,0.00024991586532492583,0.3849988349921137
ERI,2000,0.16825893874998354,0.001173730793861829,0.001971174094728447,9.7487008942407e-05,3.1679514916518e-05,0.0010866518116895909
ERI,2001,0.18027743437498234,0.001418748097859551,0.0021775029332515424,9.4529601511775e-05,3.0749733100775005e-05,0.0011511125929218541
ERI,2002,0.20431442562498003,0.001953225509992016,0.0024345925240007544,8.5879284147306e-05,2.8009856621032e-05,0.001258966298403528
ERI,2003,0.21633292124997883,0.0022632669047006485,0.0025497372295582603,7.891957383858801e-05,2.5792092563583832e-05,0.0013859716166814001
ERI,2004,0.21633292124997883,0.0023800517505286763,0.0025748624582451122,7.17313406859e-05,2.3478845182765034e-05,0.0013903735327574962
ERI,2005,0.22835141687497768,0.002350220300310508,0.0027353473931567237,8.569117035926701e-05,2.799320431102436e-05,0.001452005779152962
ERI,2006,0.21633292124997885,0.002279374289032806,0.0025844054428767692,7.7928146969472e-05,2.547304119733832e-05,0.001338937054333821
ERI,2007,0.22835141687497768,0.0024439555468753708,0.002822795942186143,7.9921664888303e-05,2.613651809399705e-05,0.0013224165195549829
ERI,2008,0.21633292124997883,0.0025264353082169043,0.00266213105060756,6.2721274911344e-05,2.0579313321278547e-05,0.001260907094590192
ERI,2009,0.22835141687497768,0.0026657747324121,0.0028100835353994658,6.6268454901399e-05,2.174277465648204e-05,0.0013311555918046778
ERI,2010,0.24036991249997652,0.002768810315246061,0.0029601189805139472,7.205017546213601e-05,2.3625334136201507e-05,0.001348751544652096
ERI,2011,0.2523884081249753,0.0028091744555502718,0.003113748176763776,8.1517457974144e-05,2.6682237558425608e-05,0.001360674936751424
ERI,2012,0.2523884081249753,0.002716630196853152,0.003119049749282496,8.7065051004256e-05,2.845739071888993e-05,0.0013593454308292161
ERI,2013,0.21633292124997885,0.00220528568321118,0.0026805350717018193,8.211562762854601e-05,2.679523285924636e-05,0.001118871415237734
ERI,2014,0.21633292124997885,0.002217603587389821,0.0026798282943372633,8.124021270252e-05,2.650553220946625e-05,0.001099199697586281
ERI,2015,0.20431442562498003,0.002185010754074954,0.00258275701228233,7.101136805620001e-05,2.318426365780449e-05,0.001007605271865868
ERI,2016,0.21633292124997885,0.0022915462123510293,0.0025456240401183724,7.633718549118002e-05,2.4903797922390174e-05,0.001059780620095119
ERI,2017,0.26440690374997416,0.002827660975861689,0.0029651354436561663,9.139618310341201e-05,2.9808020146177705e-05,0.001249434609428577
ERI,2018,0.2644069037499741,0.002921392639229884,0.0029001319017819224,8.534497752503e-05,2.784155688734997e-05,0.00121154905845375
ERI,2019,0.27642539937497296,0.003073478679588065,0.00289230291334544,8.781097605763e-05,2.8636961361435396e-05,0.001223937671229945
ERI,2020,0.28844389499997175,0.0032767688335518363,0.002928186018362916,8.707648084095599e-05,2.8399098003501087e-05,0.001234700360360316
ERI,2021,0.28844389499997175,0.0033516490131202327,0.0029443124269913222,8.232620212408e-05,2.6860770985078796e-05,0.001171239388901631
ERI,2022,0.31248088624996945,0.0036429080863402893,0.003145918125106185,8.8360726852788e-05,2.8827188953687133e-05,0.0012624454560187862
ERI,2023,0.3485363731249659,0.004004844702972168,0.0034008888681411158,0.000102121691879372,3.3298799168097406e-05,0.001353127234020276
ERI,2024,0.31685124829542355,0.00364076791179288,0.00309171715285556,9.283790170852e-05,3.027163560736128e-05,0.0012301156672911602
ESH,2000,0.060092478124994124,0.0005363407568974,0.00016901666566980798,1.7710360069990426e-06,6.813852153164917e-07,0.00038808993274628
ESH,2001,0.060092478124994124,0.000536948001831784,0.000169685200187208,1.7737795189956213e-06,6.785671392968264e-07,0.000383704197640616
ESH,2002,0.07211097374999294,0.000644522092170057,0.000213196910798826,2.1281634394244396e-06,8.112769541271194e-07,0.00044434104649536594
ESH,2003,0.07211097374999294,0.000606552403471344,0.000211906052761401,2.115222313564256e-06,8.051757808143877e-07,0.000461990538893808
ESH,2004,0.07211097374999294,0.000603672525876195,0.000215862829852095,2.108536635624983e-06,8.277527095869617e-07,0.000463457844252504
ESH,2005,0.07211097374999294,0.000605210380226028,0.00021806480452220097,2.15194133752394e-06,8.401849353737313e-07,0.00045852814078514096
ESH,2006,0.07211097374999294,0.0006190924718723669,0.000224620624646928,2.201838817546199e-06,8.536828408420821e-07,0.00044631235144460696
ESH,2007,0.07211097374999294,0.000584279737965279,0.000220672113579279,2.265680410928524e-06,8.783428992009298e-07,0.000417605216701572
ESH,2008,0.07211097374999294,0.000605247264745164,0.000233073647434017,2.2463345490129108e-06,8.550186457412449e-07,0.00042030236486339997
ESH,2009,0.07211097374999294,0.000647160530740974,0.000243353044340676,2.3151997370107303e-06,8.837250605849822e-07,0.000420364923727788
ESP,2000,100.70949367361538,0.9968638433047405,0.29844785545246916,0.0006102997136313621,0.0003077962803794098,0.42379660956048537
ESP,2001,95.39965878435191,0.9591226432754814,0.2704249465871301,0.0006137310527208793,0.0003115790341185191,0.4117836026411943
ESP,2002,110.95195148507514,1.0864300925837134,0.3155915660980062,0.0007111532841895209,0.00035327177817208607,0.4637328606242346
ESP,2003,104.79822626494037,0.9284509764996687,0.28007111277054925,0.0006195069562349772,0.00031657412823663965,0.4390652274658966
ESP,2004,116.0162420630037,0.9858844700261125,0.311530734392619,0.0007228247198092855,0.0003648249597198067,0.49194164586834976
ESP,2005,126.95746224545167,0.9966705856411864,0.32041241290125383,0.0007970587191711781,0.00039917531345200934,0.5458517983071367
ESP,2006,119.82944564948237,0.9289453259224,0.28313764364838767,0.0005010215389245922,0.00028606182533230467,0.5155119713669194
ESP,2007,121.81463976863489,0.8458140903567237,0.2788578416475319,0.00037648813233354616,0.00023778201398078804,0.5003449406521694
ESP,2008,107.99365588146954,0.1834374703070931,0.17642380681298656,0.00035130920958517285,0.00019376887438028146,0.47195631695658274
ESP,2009,91.3429341317642,0.10788640038012834,0.13310135661879416,0.0003605260477833185,0.00018937910888972985,0.409843457457168
ESP,2010,75.14984914590008,0.06764024666125999,0.09409932313644248,0.0002934273291359593,0.00015691191884891422,0.3317951884238069
ESP,2011,89.39112613618285,0.12599710952587462,0.1414636691095584,0.0002845367134737234,0.00015095499645472192,0.3778056085166896
ESP,2012,93.94989146170477,0.14761061625723398,0.15661532957575233,0.00029288920602785543,0.00014809525821968196,0.387338461947902
ESP,2013,72.28687205417816,0.10065209128689803,0.10830360364132038,0.00023465704075449964,0.00011603062729053569,0.2955196000677353
ESP,2014,72.31631532340994,0.1245377678404748,0.11732439042794846,0.0002022634260785019,9.78474594789235e-05,0.2886925740220392
ESP,2015,83.45397054062578,0.14250493898763605,0.1268416964732828,0.0002643233051702451,0.00011848697119785967,0.33094193075053635
ESP,2016,70.57916455797564,0.09635828746811828,0.09559662263533722,0.00024476785377575085,0.00010916039159647472,0.28209783994547394
ESP,2017,82.75197310351942,0.09686088884483249,0.09029712232714984,0.00021568702468490678,0.0001033791621755504,0.3251856026282954
ESP,2018,73.34133270858734,0.07134168709597907,0.06534450316870975,0.00018490622478657838,8.836218922300115e-05,0.29021539515110195
ESP,2019,58.20253466233022,0.02927041086712713,0.0458102249032626,0.0001371446195795767,7.702899356193717e-05,0.2363733109477405
ESP,2020,43.30337825289289,0.013250484257380155,0.03298485936061435,9.886570213870606e-05,5.6820865035203314e-05,0.17169659992409936
ESP,2021,42.80615614723251,0.010339598420612287,0.032432044100013054,9.048555866043229e-05,5.4557577129228765e-05,0.16457554924696252
ESP,2022,46.80360213182438,0.009702510705027825,0.0331349455293458,8.382165745586515e-05,5.375805751495199e-05,0.18361294557164817
ESP,2023,38.575305531869645,0.006732305457643504,0.02736688134130491,7.304527816646897e-05,4.710266771611899e-05,0.1508034724484149
ESP,2024,32.505582068904076,0.006092611527030184,0.02410085234096874,7.220902162296838e-05,4.2468141057933015e-05,0.12699073577449824
ESP,2025,34.6032427925052,0.004956651578874698,0.02492772131776616,6.971479731814623e-05,4.4951497107314836e-05,0.13496716306474607
EST,2000,6.411682488760804,0.015491640812456834,0.002351671151511578,0.0001791671968356413,6.750660016300159e-05,0.041182855937777325
EST,2001,6.387645497510806,0.01434967300953044,0.002533277199530922,0.00017849882075939098,6.725560075965806e-05,0.04057333796164957
EST,2002,6.435446756696589,0.014032668129883012,0.0026217076281172306,0.00018056323634497713,6.800323993404008e-05,0.03948684863111597
EST,2003,7.725341046008389,0.01705979389742117,0.0030662566049076885,0.00021777421055231653,8.197568174083783e-05,0.04930187322737113
EST,2004,7.845526002258378,0.015102478703543247,0.002799541698442578,0.00022121972895455745,8.327000462744725e-05,0.05022152561277405
EST,2005,7.693473539884536,0.012102790844040074,0.002373734057434887,0.00021639792990877827,8.147721975977223e-05,0.048694710897036274
EST,2006,7.308881679884572,0.012472199961036039,0.002124402192211756,0.00020537218937310213,7.73345700375571e-05,0.04505207908233431
EST,2007,9.343377251317875,0.016246932556837613,0.002760420840949996,0.0002653178914164097,9.979260670778725e-05,0.054026571228143146
EST,2008,7.9855599690072205,0.012360962296015297,0.0024286779609240137,0.00022569698516035474,8.493344720888362e-05,0.046437627785615235
EST,2009,6.462308112126653,0.01006376863598477,0.0021147413282120507,0.00018432057973020427,6.929321185095367e-05,0.03763896377155369
EST,2010,9.275181535004808,0.01588549554488862,0.002989965848574915,0.0002635941440278629,9.913556339020995e-05,0.05196343740418596
EST,2011,9.12677160675368,0.013260467265746239,0.002895986606618094,0.0002598020356831236,9.769192518134488e-05,0.049157277089729064
EST,2012,8.229026969001481,0.006705796973678349,0.0024428129599874436,0.00023499019215856778,8.833173278666688e-05,0.044296018277811995
EST,2013,9.48107109883549,0.007731219509170447,0.002404429598837736,0.0002708588909171639,0.00010191136554409661,0.04900460377526599
EST,2014,8.703784140647493,0.007078127926938624,0.002234785325428147,0.00024880634147368875,9.361422066537902e-05,0.044200007074108164
EST,2015,6.7585825220004825,0.006561322200301775,0.0017891891554083527,0.00019329706848079812,7.264728209792917e-05,0.03332590716677789
EST,2016,8.333005448875328,0.007638940284716078,0.0021515403163891353,0.00023423129688655218,8.916923142009695e-05,0.04081514825261075
EST,2017,8.906303893669675,0.007483690583798784,0.002270563737925682,0.0002341650143700865,8.85866471231061e-05,0.042053731601836564
EST,2018,8.176765005750344,0.006705722923740739,0.0020791475569554006,0.00020272029553776476,7.591473155145817e-05,0.03746093427659755
EST,2019,4.298706176312651,0.0035295850650427594,0.001441080738537357,0.00010068485612320885,3.739334316110755e-05,0.019030481864968966
EST,2020,2.4478578500628316,0.0019878248151174137,0.0011205231901727562,5.426170804024195e-05,1.998924477851471e-05,0.010475002665795482
EST,2021,3.397319004437739,0.00276140958415109,0.0011263735454854161,7.208476202811592e-05,2.663654259067434e-05,0.013792805668893533
EST,2022,4.775530743875676,0.003877727501874498,0.001560989085495215,9.655526050515818e-05,3.580971164536697e-05,0.0192909848218275
EST,2023,2.315654398187845,0.00188011047715638,0.00074606210873509,4.452761752549873e-05,1.6579005201422855e-05,0.00899024929252831
EST,2024,2.158204946039746,0.0017320371821675019,0.000694747295962894,4.102228159778893e-05,1.5300574816227653e-05,0.008379444783508294
EST,2025,1.913225199601414,0.0015324370191861908,0.0006157989808257399,3.629510268385079e-05,1.3541421506246144e-05,0.00742835677017709
ETH,2000,0.012018495624998824,3.7701673590636004e-05,0.000153779425647786,9.629034742196e-06,3.1766785356980002e-06,7.7617986549256e-05
ETH,2001,0.012018495624998824,3.7701673590636004e-05,0.000153779425647786,9.629034742196e-06,3.1766785356980002e-06,7.674083952812401e-05
ETH,2002,0.012018495624998824,3.7701673590636004e-05,0.000153779425647788,9.629034742196e-06,3.1766785356980002e-06,7.405684108256e-05
ETH,2003,0.012018495624998824,3.7701673590636004e-05,0.00015377939855200202,9.629034742196e-06,3.1766785356980002e-06,7.6998423148968e-05
ETH,2004,0.012018495624998824,3.7701673590636004e-05,0.000153779425647788,9.629034742196e-06,3.1766785356980002e-06,7.7242974042084e-05
ETH,2005,0.012018495624998824,3.7701673590636004e-05,0.00015377949790318902,9.629034742196e-06,3.1766785356989997e-06,7.6421356797524e-05
ETH,2006,0.012018495624998824,3.7701673590636004e-05,0.000153779497903188,9.629034742196e-06,3.1766785356980002e-06,7.438539190743401e-05
ETH,2007,0.036055486874996476,0.00010734166911662,0.00046285580246620397,2.7806478530484e-05,9.050431568636e-06,0.000208802608350788
ETH,2008,0.012018495624998824,3.7701673590636004e-05,0.000153779868019972,9.629034742196e-06,3.1766785356989997e-06,7.005039414390001e-05
ETH,2009,0.0480739824999953,0.000150806694362544,0.000615119338963548,3.8516138968782e-05,1.2706714142795999e-05,0.000280243282485192
ETH,2010,0.036055486874996476,7.7661801510085e-05,0.00047066525489366503,1.9552442027075003e-05,6.580586725475e-06,0.000202312731697815
ETH,2011,0.036055486874996476,9.9767432682795e-05,0.000464848146000555,2.57000667082e-05,8.420132638565e-06,0.00019438213382163
ETH,2012,0.012018495624998824,2.333629358862e-05,0.000157559694317246,5.808049308296001e-06,1.9812466628775857e-06,6.4730734801392e-05
ETH,2013,0.012018495624998824,3.7701673590636004e-05,0.00015377949790318902,9.629034742196e-06,3.1766785356989997e-06,6.2159523068764e-05
ETH,2014,0.0,0.0,0.0,0.0,0.0,0.0
ETH,2015,0.0,0.0,0.0,0.0,0.0,0.0
ETH,2016,0.0,0.0,0.0,0.0,0.0,0.0
ETH,2017,0.0,0.0,0.0,0.0,0.0,0.0
ETH,2018,0.0,0.0,0.0,0.0,0.0,0.0
ETH,2019,0.012018495624998824,3.7701673590636004e-05,0.000157375017762321,9.629034742196e-06,3.1766785356989997e-06,5.3214681357824005e-05
ETH,2020,0.012018495624998824,0.000119042755687016,5.2184861343529996e-05,4.31615775292887e-07,1.5042612720938314e-07,5.1445848348347e-05
ETH,2021,0.0,0.0,0.0,0.0,0.0,0.0
ETH,2022,0.0,0.0,0.0,0.0,0.0,0.0
ETH,2023,0.0,0.0,0.0,0.0,0.0,0.0
ETH,2024,0.0,0.0,0.0,0.0,0.0,0.0
ETH,2025,0.0,0.0,0.0,0.0,0.0,0.0
FIN,2000,15.235198918519387,0.040088443352616784,0.019210518209856857,0.00012302515935129574,6.160083903649244e-05,0.07030949127370495
FIN,2001,19.560336662094088,0.06070108084638959,0.02865482543455255,0.0001752962968166503,9.392146870444349e-05,0.09156288326376191
FIN,2002,22.069634615157916,0.06217150734252762,0.03096677300788005,0.0001911362482758704,9.906615312712118e-05,0.09824430733337845
FIN,2003,26.023807130626295,0.07993541938011489,0.03776361037655406,0.00021527913074621122,0.00010750863763937605,0.11582783574304843
FIN,2004,22.60070034920377,0.06743473745260128,0.03040682446843795,0.0001898613230398363,9.530830221054836e-05,0.10089668561063952
FIN,2005,14.057025705883802,0.04433321398484599,0.018107906806403323,0.00013696980312621088,7.574072445111531e-05,0.06577772922682458
FIN,2006,25.61045520441012,0.07121973239830692,0.03551717804785072,0.0001913793948166017,0.0001015044868934752,0.10904841768171139
FIN,2007,20.3988221899164,0.06872216494951582,0.028944473687288717,0.00019800031057409643,9.916089307546256e-05,0.08895786194420047
FIN,2008,16.725826301013043,0.047758838398887726,0.023153305180783807,0.0001609167127393316,8.396970338428553e-05,0.0740275702672218
FIN,2009,18.022603178438672,0.040878575765863644,0.023623620010043665,0.00013394036561093276,6.83021642706462e-05,0.07589087401323355
FIN,2010,23.270275225532597,0.059313074104775224,0.03204827220013035,0.00018286562460643677,9.539103192035675e-05,0.09587380352398077
FIN,2011,17.411730357192926,0.0528798858590043,0.024312306833627017,0.00014921150503611802,7.799939550959885e-05,0.07410316050022389
FIN,2012,12.621398802294891,0.03742526382613476,0.01764143549183368,9.977275747436129e-05,5.6661557181159845e-05,0.05365773124001012
FIN,2013,15.749560892263498,0.03800719405094209,0.01869766962647463,8.886087591731853e-05,4.248092715895431e-05,0.061846851900470595
FIN,2014,12.912329451294553,0.035814728327799715,0.01609521718855253,8.327854007760645e-05,3.8981156305019815e-05,0.05169735416039299
FIN,2015,9.873184905611444,0.028753826136938075,0.012387023739380734,6.929499379014121e-05,3.4792098045490185e-05,0.04052415843815474
FIN,2016,11.20939076590714,0.02628607745005007,0.01316565161471296,6.238822032095274e-05,3.2907291683574146e-05,0.04399713281518121
FIN,2017,10.000201695295939,0.022025548358129265,0.011836045675868812,5.803133404777296e-05,2.9224690617554623e-05,0.03951653438360829
FIN,2018,10.862496260447326,0.024952320416292192,0.01342049660729891,5.8058063976578936e-05,2.8768244404368085e-05,0.04379822621989442
FIN,2019,8.876349220506585,0.019916527118068815,0.01122504648781935,5.5632987355322175e-05,2.5259154438537923e-05,0.036131655110379926
FIN,2020,6.206731689468534,0.012324940960484069,0.007281081582108401,3.9888004215426593e-05,1.69218786490147e-05,0.025087096282864794
FIN,2021,6.573211711994363,0.011006180293250976,0.006761249567488244,3.257349719031272e-05,1.4231676566112894e-05,0.025541562505803687
FIN,2022,6.52385831197833,0.009108555992559119,0.005998705011248507,2.851154830824197e-05,1.3381478702377191e-05,0.025954330755082078
FIN,2023,3.7901198888154903,0.006436431703039446,0.0037517721030843874,1.829193171365551e-05,7.665152639874853e-06,0.014940523552023223
FIN,2024,2.7374718676898455,0.004985897770087679,0.002832196296207366,1.486395105830405e-05,5.969114336067593e-06,0.0107503198519263
FIN,2025,1.9005693319464492,0.004002102036614507,0.0021569121446717403,1.2858096581142123e-05,4.802844149806939e-06,0.007406131205344427
FJI,2000,0.16825893874998354,0.0019883676469038478,0.003765618453336453,3.2281299134827635e-06,9.907060011212635e-07,0.0010866518116895909
FJI,2001,0.15624044312498472,0.00187386469498374,0.00277943949524656,3.060237144215237e-06,9.453832815599865e-07,0.0009976309138656002
FJI,2002,0.19229592999998119,0.002279346022613275,0.003858449336452975,3.701572061746694e-06,1.1329540084390363e-06,0.001184909457320975
FJI,2003,0.31248088624996945,0.0036570767939503204,0.00714510439554584,5.915887414158642e-06,1.8100376238090167e-06,0.0020019590018731603
FJI,2004,0.3004623906249706,0.0032584973355196103,0.00697325179100428,5.150226284073876e-06,1.582242563881579e-06,0.001931074351052084
FJI,2005,0.3365178774999671,0.0035491710693326154,0.005869520625682476,5.55939011696191e-06,1.71138081070279e-06,0.002139797990330658
FJI,2006,0.3365178774999671,0.0035606716085119458,0.00625360384438813,5.58388362866562e-06,1.719245441054731e-06,0.0020827909734081546
FJI,2007,0.21633292124997883,0.0022924991182695005,0.004050800409702004,3.5969235052218496e-06,1.1073571489747132e-06,0.0012528156501047322
FJI,2008,0.21633292124997885,0.0022503936837550502,0.003242030537966652,3.5097900942509925e-06,1.0826977915670966e-06,0.0012609070945902002
FJI,2009,0.24036991249997652,0.002523335107093826,0.003784416711418753,3.958824159045065e-06,1.2353962635559608e-06,0.001401216412425976
FJI,2010,0.3365178774999671,0.003489637330531632,0.005206790184721776,5.44883697016403e-06,1.6970872118262899e-06,0.0018882521625129538
FJI,2011,0.28844389499997175,0.002997132833987604,0.00348234506167932,4.456535913645868e-06,1.338213016894533e-06,0.0015550570705730397
FJI,2012,0.22835141687497768,0.0027124716931774388,0.002796796594696581,4.0085526311301515e-06,1.1524472886847408e-06,0.0012298839612264409
FJI,2013,0.2523884081249753,0.002841653916016672,0.0035619772718129277,3.963295354174026e-06,1.1164166104085993e-06,0.001305349984444032
FJI,2014,0.3725733643749635,0.004058188883763188,0.0057912623226090846,5.3881216911284925e-06,1.4878222185724563e-06,0.001893066145843021
FJI,2015,0.3845918599999624,0.0044037340320807845,0.00589466731176096,5.6834693935114005e-06,1.488353564279471e-06,0.00189666874704168
FJI,2016,0.3365178774999671,0.004000903386716179,0.005226571148061441,5.6805310863217094e-06,1.55731700769052e-06,0.001648547631259075
FJI,2017,0.3105519522469128,0.003498770405476554,0.004572294532181034,5.4205876457701454e-06,1.5464851340943171e-06,0.0014674895082535532
FJI,2018,0.36055486874996473,0.0040139768038804655,0.00513932574603861,6.4281895125041165e-06,2.0134047238902036e-06,0.0016521123524369402
FJI,2019,0.3845918599999624,0.004195444955778384,0.0051956391638173435,6.6413809577208825e-06,2.0383584804513707e-06,0.001702869803450352
FJI,2020,0.31248088624996945,0.0033692289030843206,0.00387576104022028,5.309695710572436e-06,1.6257392561836599e-06,0.001337592057057
FJI,2021,0.31248088624996945,0.0032043662907179204,0.0038213946334129203,4.9943572726968294e-06,1.5711782769760097e-06,0.0012688426713101202
FJI,2022,0.3365178774999671,0.0034516354757108277,0.0041792550718634525,5.38147635043615e-06,1.6947056456749147e-06,0.001359556644943308
FJI,2023,0.3365178774999671,0.003452028793404576,0.00427082582275692,5.382244097891919e-06,1.6948586515267676e-06,0.0013064676742264559
FJI,2024,0.3365178774999671,0.003452028793404576,0.00427082582275692,5.382244097891919e-06,1.6948586515267676e-06,0.0013064676742264559
FLK,2000,0.012018495624998824,0.00016824443737487399,3.8197012709028004e-05,2.94182533961362e-07,1.0956558764677866e-07,7.7617986549257e-05
FLK,2001,0.012018495624998824,0.000165669613697936,4.3657254961796e-05,2.8861963030687785e-07,1.0747295996002089e-07,7.674083952812401e-05
FLK,2002,0.012018495624998824,0.00010587881191885201,0.00011827349180047002,1.5944167039509307e-07,5.887938505319589e-08,7.4056841082561e-05
FLK,2003,0.012018495624998824,0.000109213613954146,0.00011216502841074401,1.6664650643694558e-07,6.158966736552309e-08,7.6998423148968e-05
FLK,2004,0.012018495624998824,0.000111248480051644,0.000110180937402692,1.710428323490783e-07,6.32434571658273e-08,7.7242974042084e-05
FLK,2005,0.012018495624998824,0.000112457692760596,0.00011653881791898401,1.7365533504504519e-07,6.422621649673425e-08,7.6421356797524e-05
FLK,2006,0.012018495624998824,0.00011179741123050599,0.00011976894948724001,1.7385103078964823e-07,6.622220607588195e-08,7.438539190743401e-05
FLK,2007,0.012018495624998824,0.000111215117033434,0.000123952456859498,1.7268124386548457e-07,6.588674941048874e-08,6.9600869450262e-05
FLK,2008,0.012018495624998824,0.000112753076413778,0.000122984616199094,1.7599881644208373e-07,6.712859210617878e-08,7.005039414390001e-05
FLK,2009,0.012018495624998824,0.00011368632574087001,0.00012711615817739602,1.7781140271606302e-07,6.756905716174446e-08,7.0060820621299e-05
FLK,2010,0.012018495624998824,0.000115798602789267,0.000147567245421255,1.8250179749362974e-07,6.948375534783817e-08,6.7437577232605e-05
FLK,2011,0.012018495624998824,9.8424619514056e-05,0.000144200750196236,1.433279689341645e-07,5.5609583050563495e-08,6.479404460721101e-05
FLK,2012,0.012018495624998824,0.00010597628266583702,0.00015129240838392,1.5615197970384286e-07,5.967821410322041e-08,6.4730734801392e-05
FLK,2013,0.012018495624998824,0.00010518615285399,0.000173294274965249,1.5237542076362506e-07,5.863357785412146e-08,6.2159523068764e-05
FLK,2014,0.012018495624998824,0.000101869818359797,0.000179464405027558,1.4309670635872906e-07,5.485478961160211e-08,6.1066649865904e-05
FLK,2015,0.012018495624998824,0.00010309259401658499,0.000179042106516695,1.4360815598612074e-07,5.536039865339038e-08,5.9270898345052e-05
FLK,2016,0.012018495624998824,0.000102817807017388,0.00018316073709340503,1.5019386341871177e-07,5.8183183368773046e-08,5.8876701116395996e-05
FLK,2017,0.012018495624998824,0.000100802857893267,0.000185693879534036,1.5115604191577433e-07,5.8939523118235384e-08,5.6792482246752996e-05
FLK,2018,0.012018495624998824,0.00010254240209540501,0.000193812844194535,1.5485724163438903e-07,6.026417853151128e-08,5.507041174789901e-05
FLK,2019,0.012018495624998824,0.00010020409677351801,0.000197267627033525,1.4979351279781988e-07,5.834531790512859e-08,5.3214681357824005e-05
FLK,2020,0.012018495624998824,9.8026877940096e-05,0.000201673216582912,1.4490560971661594e-07,5.628853703108892e-08,5.1445848348347e-05
FLK,2021,0.012018495624998824,9.8556726041296e-05,0.00020309519566535602,1.4599887024870112e-07,5.663879522237141e-08,4.8801641204236004e-05
FLK,2022,0.012018495624998824,9.861461309975899e-05,0.00020375398429246599,1.4600942088196716e-07,5.6507062752539445e-08,4.8555594462262e-05
FLK,2023,0.012018495624998824,0.00010154063480873201,0.000209223862553827,1.5229500964474936e-07,5.882879397068319e-08,4.6659559793802e-05
FRA,2000,37.253109967800874,0.22879272896338598,0.11357618582933973,0.0002583319967361544,0.0001064116096957379,0.1627337177790288
FRA,2001,31.230454385933772,0.16739541972399857,0.08910524767022848,0.00022083696970215464,9.299991466491688e-05,0.1408698747528379
FRA,2002,34.84259631399036,0.16559945878953947,0.09950678439416225,0.0002287407197949293,9.696025543738605e-05,0.14995544048879267
FRA,2003,37.86985616309701,0.17698722936116687,0.10508542999768086,0.0002586812893611087,0.00010776354480539647,0.16456654566812176
FRA,2004,36.75412153928035,0.14928054242982158,0.09729797439645307,0.0002378394687305557,0.00010049277428168912,0.15947397065314112
FRA,2005,41.46401439823994,0.14487085428794078,0.10489017134849879,0.0002759551730192798,0.00011599818200569114,0.17921955892201016
FRA,2006,36.657870523997275,0.13256037475073568,0.08851101104355567,0.00026502390633826564,0.00011088446774021191,0.16041808315692496
FRA,2007,38.12895566208516,0.13594085569731473,0.08511579920381998,0.0002614495496891778,0.00010984510118472836,0.159702617970988
FRA,2008,34.64080386251322,0.11117727392830964,0.06348894455512495,0.00022999311042599873,9.770354820926995e-05,0.14733160774888604
FRA,2009,33.417110207693916,0.09334545217407225,0.057390513230709754,0.00019735421272455082,8.628744088049704e-05,0.14142182701220948
FRA,2010,41.077204916572,0.10199673608287325,0.06496788807492959,0.0002226198046271768,9.86888981758261e-05,0.16855529798339033
FRA,2011,35.18911603480972,0.06160188521609106,0.047288395978464244,0.00020956669407045286,9.273599685982799e-05,0.1537784425121243
FRA,2012,37.7363227594918,0.08744174770580893,0.05845460090963969,0.0002219112039909375,9.377403287967708e-05,0.16010784148697255
FRA,2013,37.2601180639952,0.07884359733251639,0.05489949050887255,0.00017920419015641717,7.532396395834476e-05,0.15018242391287395
FRA,2014,24.26727587668421,0.045319128501142295,0.031706127005208425,0.00015699902126017922,6.234699519074942e-05,0.10298017524556777
FRA,2015,27.13306302708641,0.034368030483860376,0.030259721039664032,0.00014137564954312323,5.781374357793276e-05,0.11540502547729993
FRA,2016,30.486931854717298,0.025318527307755474,0.02676499657575135,0.00013411354179405268,5.974537466535311e-05,0.12991127601015595
FRA,2017,35.380026481614316,0.0256302414141026,0.0304754561008537,0.00013950560310957443,6.277615055799065e-05,0.14729611321843494
FRA,2018,26.45232112433314,0.021079217415690032,0.02574545497227175,0.00012143976309520505,5.2225579800883285e-05,0.10984848853989035
FRA,2019,25.52460133644008,0.012114205468143452,0.02277309640701767,0.00011058031569174492,5.017615939794761e-05,0.10569494131649407
FRA,2020,23.06932292237489,0.008119231307018865,0.02089216616076427,9.613489022894434e-05,4.3323638147422056e-05,0.09261630993020392
FRA,2021,24.668504115479266,0.01599189705140203,0.022759301085790766,9.973557032424373e-05,4.42132256312534e-05,0.09532682666650061
FRA,2022,28.253945596906433,0.014922220384841098,0.024442391148409928,9.928155988474718e-05,4.751429663020486e-05,0.11122818917419705
FRA,2023,20.650492098372723,0.011795787663362076,0.01901249657604482,8.72147999561684e-05,3.9319018456482965e-05,0.08062970894560395
FRA,2024,15.544999979138908,0.011385008819512734,0.016124839855369708,8.792170463990267e-05,3.551375718026745e-05,0.060633960299442416
FRA,2025,16.572782535973573,0.012827552140938215,0.01722152286214827,9.547220866321949e-05,3.780880427923497e-05,0.0647236653754915
FRO,2000,0.10816646062498941,0.00096541336241532,0.00030422999820565804,3.187864812598277e-06,1.226493387569685e-06,0.000698561878943306
FRO,2001,0.13220345187498705,0.00118128560402992,0.00037330744041185604,3.902314941790367e-06,1.492847706453018e-06,0.0008441492348093601
FRO,2002,0.10816646062498941,0.0009667831382550881,0.00031979536619823807,3.192245159136659e-06,1.2169154311906793e-06,0.00066651156974304
FRO,2003,0.13220345187498705,0.0011120127396974562,0.000388494430062576,3.8779075748678025e-06,1.4761555981597106e-06,0.00084698265463864
FRO,2004,0.12018495624998825,0.001006120876460325,0.00035977138308682495,3.5142277260416386e-06,1.379587849311603e-06,0.00077242974042084
FRO,2005,0.10816646062498941,0.0009078155703390341,0.00032709720678329805,3.22791200628591e-06,1.2602774030605966e-06,0.000687792211177722
FRO,2006,0.10816646062498941,0.0009286387078085461,0.00033693093697039004,3.3027582263192982e-06,1.280524261263123e-06,0.0006694685271669081
FRO,2007,0.12018495624998825,0.0009737995632754649,0.000367786855965465,3.776134018214207e-06,1.4639048320015499e-06,0.0006960086945026199
FRO,2008,0.13220345187498705,0.001109619985366139,0.0004273016869623761,4.118280006523669e-06,1.5675341838589488e-06,0.000770554335582891
FRO,2009,0.13220345187498705,0.001186460973025118,0.00044614724795791005,4.244532851186339e-06,1.6201626110724674e-06,0.0007706690268342911
FRO,2010,0.15624044312498472,0.00133038426558728,0.00051670908892972,4.812725715683313e-06,1.8428192203785911e-06,0.00087668850402386
FRO,2011,0.13220345187498705,0.00112381438222132,0.000430157264022708,4.030846180112874e-06,1.4967793288506292e-06,0.0007127344906793182
FRO,2012,0.14422194749998588,0.0012571749047541778,0.000468211913716806,4.424167067872491e-06,1.632502594053643e-06,0.000776768817616704
FRO,2013,0.14422194749998588,0.001253987210443914,0.00048671270158665594,4.61375767118262e-06,1.668323925445099e-06,0.000745914276825156
FRO,2014,0.12018495624998825,0.001064108241375135,0.00042051476833866,4.034267996254274e-06,1.4362016888482875e-06,0.0006106664986590449
FRO,2015,0.10816646062498941,0.0009828305235777082,0.000411418128612764,3.899577860723828e-06,1.378976406473456e-06,0.000533438085105471
FRO,2016,0.13220345187498705,0.0012277386279463361,0.000515557732028848,4.223830812533955e-06,1.516741967235872e-06,0.000647643712280352
FRO,2017,0.13220345187498705,0.001234680528198608,0.000523488389753424,4.450407186349948e-06,1.5768202424066313e-06,0.000624717304714288
FRO,2018,0.14422194749998588,0.001316070713138112,0.000589090874460174,5.197365046468551e-06,1.8222793135673153e-06,0.000660844940974776
FRO,2019,0.18027743437498234,0.0017409217414786151,0.00076775783318018,6.485797233855183e-06,2.2620444815308364e-06,0.000798220220367362
FRO,2020,0.19229592999998119,0.00190468409099225,0.000834957781496475,6.905852404686192e-06,2.40681803535013e-06,0.00082313357357355
FRO,2021,0.20431442562498003,0.00206189829122433,0.000856571620986224,6.961722601189383e-06,2.4038532515601695e-06,0.000829627900471994
FRO,2022,0.20431442562498003,0.0020017813018868343,0.000833737805679506,7.293773814518571e-06,2.4939311785799344e-06,0.0008254451058584381
FRO,2023,0.20431442562498003,0.002019800867229704,0.000836574061068824,7.376920628985631e-06,2.5053152542829095e-06,0.0007932125164946321
GAB,2000,0.3783976850113951,0.0006838913521405031,0.002118008429599736,9.920821024632244e-05,3.304526877290732e-05,0.002218626690050637
GAB,2001,0.38704636982789553,0.0005310882783202032,0.001775693772746405,9.604415881648094e-05,3.200633214224838e-05,0.002183508919603342
GAB,2002,0.4032528462040371,0.0005312277208471546,0.001818320046024097,9.480823440821108e-05,3.161941873851882e-05,0.002198610669966029
GAB,2003,0.4594300668921032,0.0006841664035275203,0.002220525635824895,9.977075872322016e-05,3.3323536639413516e-05,0.00258385248647666
GAB,2004,0.4792790773909581,0.0007980598721003568,0.002674417870645152,0.00011507481748373402,3.837723585071604e-05,0.002727290940957792
GAB,2005,0.5715117849540207,0.0010635614655624005,0.00346352371456015,0.0001575822705248881,5.245341331958576e-05,0.003270957213527063
GAB,2006,0.5354562980790242,0.0009493998149344186,0.003121633398133824,0.0001455701843203111,4.84614391404608e-05,0.003017033667664525
GAB,2007,0.6895417490392672,0.0014308980406480755,0.004482364544256614,0.0002987804397615411,9.895786960032275e-05,0.003776275962927045
GAB,2008,0.6849571195870121,0.0010611937586772668,0.003605719156601122,0.00020233338158354012,6.727217872248886e-05,0.0036648855873512498
GAB,2009,0.6379740303438759,0.0006071235552299182,0.00240933378248952,0.00011908472770877695,3.986361781256954e-05,0.0032718132933767363
GAB,2010,0.7354856119149403,0.0005306078617485593,0.002271902165979606,0.00012502442984767902,4.1920521547318264e-05,0.0035599618299541167
GAB,2011,0.8528462039848598,0.0005682459312061553,0.002516927303643419,0.0001421026429413323,4.6837418730144734e-05,0.004111048023986458
GAB,2012,0.9048354439217832,0.0007567700609106277,0.002779371946616485,0.00018949285338540337,6.114804465232863e-05,0.00436258613292188
GAB,2013,0.8319063002291459,0.0007564529863256171,0.0032868192902596486,0.00019009309554821754,6.021391968906118e-05,0.003985461107949788
GAB,2014,0.848658223233717,0.0006060304813635931,0.003032267693108856,0.0001493947667945092,4.665859036571764e-05,0.004041030594227814
GAB,2015,0.8570341847360026,0.0005304556183753705,0.0028201479461774357,0.00013485914519758147,4.14286591030696e-05,0.004014453372991661
GAB,2016,0.970479519368994,0.000530889155239965,0.0032457871523693727,0.0001348664952881903,4.078748598885952e-05,0.004411592278805677
GAB,2017,0.9341513091797826,0.0004930945808926272,0.003202166079805375,0.0001252343677046506,3.7222282309091066e-05,0.004154312261606746
GAB,2018,1.066082037740555,0.0009831234368141994,0.003925947412375917,0.0002504088144469587,7.251609040130544e-05,0.004599629244942396
GAB,2019,1.1063255053666943,0.0010585887178332705,0.004174260202606964,0.00026966679903886367,7.662201514263171e-05,0.004609869999481638
GAB,2020,1.0822885141166967,0.0009831853706519825,0.0041481312062730605,0.00025040749357764654,6.984752430498105e-05,0.00432965990975774
GAB,2021,1.1504842304297616,0.0011717247055240759,0.004445339700384254,0.0002985507080875141,7.724773311743568e-05,0.0044641644100443505
GAB,2022,1.2323044747365839,0.0014030037911332118,0.004806012177888928,0.00035760973680058387,8.627694719370484e-05,0.004857062098848284
GAB,2023,1.178250423888385,0.0014129481790584935,0.00461450389317302,0.0003601997414040361,8.143585517629272e-05,0.0045882314350493775
GAB,2024,1.184642706308522,0.0014129726074767004,0.004636807785581177,0.0003602001186246578,8.143964599827917e-05,0.004613170158402531
GBR,2000,180.2194762857941,0.9293400197673288,0.3636578203840671,0.00034983919690233613,0.0002171384812716913,0.7580162812759349
GBR,2001,186.32050218434702,0.8461098343200447,0.3877717134281179,0.00036915889723744945,0.00022296609986443351,0.7742659371592574
GBR,2002,186.01862172880342,0.8055553668337971,0.37664395750139723,0.0003619285560686196,0.0002216024164599306,0.7514797784235582
GBR,2003,196.11503429196284,0.7766958475774233,0.41004696078546543,0.000374618695066656,0.00022785157891245717,0.7809335399059577
GBR,2004,188.26833532779816,0.6015362959976297,0.3885091602529027,0.00035355324219851086,0.00022304099127361043,0.7527807070968152
GBR,2005,191.43725423054977,0.47585609338201285,0.40308778920625965,0.000386046373878275,0.00023320933497741165,0.7569611133335648
GBR,2006,200.73293325488848,0.4620215759755608,0.4234728052728757,0.0004198411125408718,0.0002428546238432167,0.7885253892790343
GBR,2007,197.83458765373044,0.3785893668224608,0.39312237892200325,0.00038595138079145885,0.0002393282789708143,0.7744768067771033
GBR,2008,192.9548855809556,0.2994282998895974,0.3098260766671911,0.000417187589595275,0.00025452802102532017,0.7751226874357358
GBR,2009,169.37139608623932,0.23660279784953575,0.2743277908706543,0.00037788344632017583,0.00023390304644509995,0.6912914518751107
GBR,2010,175.1401316794614,0.2403871625414718,0.2615799600499876,0.00032301141818139045,0.0002180682586270847,0.6935765627961338
GBR,2011,162.48859855911087,0.2387918646390021,0.24915754916167837,0.0002643965014823209,0.00018077305529896204,0.6481952385053518
GBR,2012,174.44299254803946,0.2972782277302619,0.2954897506210493,0.0002794547197035099,0.00016677983047235816,0.6676120340954977
GBR,2013,162.38889448117197,0.24702709006379264,0.27600775433456515,0.00023050613398993504,0.00014431631451673947,0.6072650806126224
GBR,2014,137.8255425524468,0.18017939218481188,0.22192654195971578,0.00017736219469254423,0.0001223618565964361,0.5260255195299413
GBR,2015,113.87936333438147,0.1570482673694053,0.18529513763826522,0.00016661111892931246,0.0001094599803082439,0.44099865367281643
GBR,2016,93.17955463170946,0.09861895760778477,0.11922331027693028,0.00015186093879179804,0.00011720187128727537,0.38675911245908884
GBR,2017,81.89580936219984,0.08687246052709327,0.09964576265966238,0.00012767246945857456,0.00010196320334421384,0.3408900398414972
GBR,2018,74.05775632328661,0.0791756655770035,0.089780925088689,0.0001320898938091875,9.688209716365414e-05,0.30425118521866507
GBR,2019,65.20444104904256,0.06355217299065874,0.07369608927811941,0.00010750943190094059,8.263768257903533e-05,0.265473545746474
GBR,2020,54.54781676457942,0.057357997036228334,0.06689535922349008,7.991192221823333e-05,6.405734958563262e-05,0.21438359648559946
GBR,2021,60.25858985471092,0.047286689045057145,0.06427658204564923,8.401921243876479e-05,6.938733400812273e-05,0.23012728104252048
GBR,2022,61.14053565423117,0.06168951954718692,0.06954978799117938,0.00011660018749856645,8.116530861210827e-05,0.23915940591981366
GBR,2023,54.17129896563861,0.05856484648998199,0.062372101364080876,0.00011138845793498951,7.508291147390206e-05,0.21166430039685627
GBR,2024,46.4890135301669,0.060445573062869955,0.05718728810295308,0.0001172072082833549,7.118717403829961e-05,0.18144224940493783
GBR,2025,47.886982189435585,0.06614724518980242,0.060684848446381494,0.00013045787010764774,7.718315881342317e-05,0.1866750611791922
GEO,2000,0.8489309465479318,0.0026099766275009787,0.0013030820170545512,4.748828138771107e-06,2.5662163959141916e-06,0.004536964126778421
GEO,2001,0.7326612477348715,0.00038102249868835034,0.000844043274268333,5.543180991594951e-07,9.755687740752231e-07,0.003793274004877617
GEO,2002,0.27077667101483527,0.00039047560845169375,0.000308278489501007,5.233472443870692e-07,4.329531539390498e-07,0.001411911352483988
GEO,2003,0.39669247812499514,0.000390956801833458,0.000449753109057144,5.383908690590667e-07,5.833894006589879e-07,0.0020436158717253602
GEO,2004,0.5609794693749917,0.0005539070025660615,0.000632109705516195,7.685457270994083e-07,8.288246839554397e-07,0.002863445650813855
GEO,2005,0.6595434518749871,0.0008625818008813706,0.000786297209324131,1.1660945601677378e-06,1.031466409565667e-06,0.0033790220311577155
GEO,2006,1.1344504824999955,0.00031256362841767453,0.00106376786821935,5.211592244544478e-07,1.4401960486440583e-06,0.005648194897726142
GEO,2007,0.9070172304355015,0.0003116944811819283,0.000803443591274069,4.939869371895258e-07,1.168473175994983e-06,0.004459638537138709
GEO,2008,0.6647980956249977,4.0196302585039306e-05,0.000600275185774107,9.079190665716482e-08,7.831002830371862e-07,0.0032614057350683163
GEO,2009,0.5141465399711744,0.00011493206898698476,0.0005117891409315159,9.552507637827288e-08,5.807944131796691e-07,0.0025174473644587808
GEO,2010,0.35626975696090096,7.667299085615585e-05,0.000359559434308945,6.529692371063132e-08,4.03331670037655e-07,0.001667007521559566
GEO,2011,1.1260522956249988,4.1959007947018006e-05,0.000880384332811632,1.4532958224005656e-07,1.3337359944250587e-06,0.005264418639435611
GEO,2012,1.2671867999999997,4.842615995667e-06,0.0009332857989732421,1.5052315627430001e-07,1.5133815045654e-06,0.0058508571532528
GEO,2013,1.0818324,4.134275139916899e-06,0.0007967713600943881,1.281169723068e-07,1.2917601468071999e-06,0.005015206666189824
GEO,2014,1.2321243,4.7086229463802e-06,0.00090744524470584,1.454593681137e-07,1.4709162688407e-06,0.005751678272196588
GEO,2015,1.4011536,5.3545766383822995e-06,0.00103920145408793,1.6487989214029998e-07,1.6723531917087e-06,0.006478454278553249
GEO,2016,1.1469356460444002,0.0001885468669885947,0.000833833793928098,1.6922306910783906e-07,1.4826446455986258e-06,0.005105696024433292
GEO,2017,1.1653364460444,0.0001886171865408604,0.000827156138958057,1.6933457272055328e-07,1.498392057813391e-06,0.005097218873150693
GEO,2018,1.0931782230222,9.62595320680471e-05,0.0007558553364917169,1.4269452971722116e-07,1.3529636181147515e-06,0.004588906919149456
GEO,2019,1.4952333,5.714106788228899e-06,0.0010060053760357198,1.720364174813e-07,1.7753493009020997e-06,0.0060598476577846914
GEO,2020,1.3573395000000001,5.187138923993501e-06,0.0008894133334693319,1.5526552671290002e-07,1.6094732133315002e-06,0.0052756711367039095
GEO,2021,1.0941744,4.1814406932659e-06,0.0007110136071187379,1.2526604634340003e-07,1.297382593595e-06,0.004151184736942264
GEO,2022,1.6615136999999998,6.341932840344798e-06,0.001070618925136284,1.903756127749e-07,1.9700247061549996e-06,0.00645572442127578
GEO,2023,1.8067089781735002,6.8878350584834e-06,0.00115430756610762,2.0718411602410003e-07,2.1421119018981e-06,0.007048658432923185
GEO,2024,1.4715513706282712,5.610091743286479e-06,0.000940175148047076,1.6874996116745539e-07,1.7447346215459885e-06,0.005741081216380913
GEO,2025,1.440130344920906,5.490303307486768e-06,0.0009201002338539,1.6514675914964493e-07,1.707480501512978e-06,0.005618495852330075
GHA,2000,0.4803315532362,0.007649999999999966,0.0025954244628905838,1.4095969289827299e-05,5.2859884836852e-06,0.00310208275657414
GHA,2001,0.8664804489751059,0.013799999999999934,0.004681941794921664,2.5428023032629597e-05,9.535508637235999e-06,0.00553267556637831
GHA,2002,1.8899319937790304,0.030099999999999936,0.009592198599350017,5.54625719769674e-05,2.07984644913628e-05,0.011645583414700861
GHA,2003,1.65761477195238,0.026399999999999858,0.008413090616061094,4.8644913627639204e-05,1.82418426103647e-05,0.01061977535385422
GHA,2004,0.511725772401965,0.008149999999999989,0.002597223907418624,1.5017274472168899e-05,5.631477927063299e-06,0.003288865910313468
GHA,2005,1.01089385713762,0.0160999999999999,0.005130711073997176,2.9666026871401202e-05,1.11247600767754e-05,0.006427915984763487
GHA,2006,2.35770585934893,0.0375499999999999,0.011966346651926812,6.9190019193858e-05,2.59462571976967e-05,0.01459241487639531
GHA,2007,2.54607117434352,0.04054999999999978,0.012922380605773939,7.47178502879079e-05,2.80191938579655e-05,0.014744671292134056
GHA,2008,1.81772528969778,0.028949999999999795,0.009225719732387264,5.33435700575816e-05,2.00038387715931e-05,0.010594701446977165
GHA,2009,1.7065304950559408,0.027050030966918864,0.008631956352388009,4.9843578488358375e-05,1.870066012350692e-05,0.00993994661395587
GHA,2010,2.2399793515535116,0.023546655585369582,0.008235108770767574,4.347295162390867e-05,1.7178266753986976e-05,0.011807515719290035
GHA,2011,2.6358464510848387,0.012926904393843565,0.006287476660522953,4.15346386610589e-05,1.6555403936013496e-05,0.012902653618391047
GHA,2012,2.5728701962498377,0.025998574769406604,0.00938438929539276,7.322241539857132e-05,2.6861131262582515e-05,0.01315443117962901
GHA,2013,3.614303480386307,0.046452617688210816,0.015685648829338743,9.59521150064503e-05,3.579916915127049e-05,0.018325887975099136
GHA,2014,3.4171328307484794,0.031175559961184308,0.011580704483328834,6.048271982375318e-05,2.350550411485999e-05,0.016761833368460103
GHA,2015,3.6116962524202814,0.013170634760335751,0.005732463895669602,2.5857818563484102e-05,1.15670998429067e-05,0.016954519703455063
GHA,2016,5.229092701226328,0.04419894943956163,0.015231277241477123,0.0001831615643816914,6.172302141686645e-05,0.02461628385459365
GHA,2017,5.3816434859101605,0.04315094964813246,0.01409726767677779,0.00014864073507121889,5.627396526474649e-05,0.02464799206546625
GHA,2018,5.744816614539101,0.032758717640738365,0.010848906843008604,8.808354111657904e-05,3.899413939913404e-05,0.0250637369095776
GHA,2019,6.229318031190773,0.025017231169804994,0.008714938784517165,6.297008201568667e-05,2.653277512243631e-05,0.025891192964672887
GHA,2020,7.240586477364082,0.006965722493241099,0.00493791034409382,8.245166626945211e-05,2.808571085375679e-05,0.028343344272986414
GHA,2021,7.097573492320363,0.006505539503971837,0.00477433688705172,1.56347021473655e-05,9.154819474951602e-06,0.027037999902076504
GHA,2022,8.054252920624972,0.006510058760986545,0.005145236696401839,9.312503126332186e-05,2.7880926772677055e-05,0.031370570433697655
GHA,2023,7.760971469895859,0.00566302649605767,0.004798790005325035,8.507513009547047e-05,2.427247871412622e-05,0.03027024980878132
GHA,2024,8.041521932831825,0.005868948362869116,0.004972495696070043,8.816867283422543e-05,2.515412589364079e-05,0.03136448380774349
GIB,2000,0.10816646062498941,0.001722713026462909,0.000689085414093635,3.1006231763446884e-06,1.1621678839802318e-06,0.0006985618789433051
GIB,2001,0.10816646062498941,0.001722713026462909,0.000689085414093635,3.1006231763446884e-06,1.1621678839802318e-06,0.00069066755575311
GIB,2002,0.10816646062498941,0.001722713026462909,0.000689085802031731,3.1006231763447147e-06,1.1621678839802184e-06,0.000666511569743045
GIB,2003,0.10816646062498941,0.001722713026462909,0.0006890861027335481,3.1006231763446173e-06,1.1621678839801994e-06,0.0006929858083407091
GIB,2004,0.10816646062498941,0.0017227130264629042,0.0006890861027335461,3.100623176344617e-06,1.1621678839801992e-06,0.0006951867663787481
GIB,2005,0.10816646062498941,0.001722713026462918,0.000689084669834008,3.1006231763446922e-06,1.1621678839802843e-06,0.000687792211177722
GIB,2006,0.12018495624998825,0.001914125584958805,0.00076565036028507,3.4451368626052588e-06,1.2912976488669522e-06,0.000743853919074345
GIB,2007,0.13220345187498705,0.002105538143454672,0.000842215798484384,3.7896505488656805e-06,1.4204274137536258e-06,0.0007656095639528799
GIB,2008,0.13220345187498705,0.002105538143454683,0.0008422146931835,3.7896505488657656e-06,1.4204274137536925e-06,0.000770554335582891
GIB,2009,0.13220345187498705,0.002105538143454683,0.000842215376927767,3.789650548865709e-06,1.4204274137536635e-06,0.0007706690268342911
GIB,2010,0.14422194749998588,0.002296950701950548,0.00091878041119392,4.1341642351262275e-06,1.5495571786403601e-06,0.0008092509267912659
GIB,2011,0.13220345187498705,0.0021055381434546662,0.0008422150737935251,3.661416125649382e-06,1.3601156434649432e-06,0.0007127344906793182
GIB,2012,0.14422194749998588,0.002296950701950548,0.00091878041119392,3.822756720646171e-06,1.4030946453483301e-06,0.000776768817616704
GIB,2013,0.1562404431249847,0.002488363260446423,0.000995344247638448,3.908156026153964e-06,1.4103566104782306e-06,0.000808073799893923
GIB,2014,0.15624044312498472,0.00248836326044642,0.00099534505104914,3.606889429178564e-06,1.268663597504691e-06,0.0007938664482567601
GIB,2015,0.16825893874998354,0.0026797758189423104,0.0009804332271052879,3.4489322382998505e-06,1.161469079420528e-06,0.000829792576830734
GIB,2016,0.16825893874998354,0.002679775818942306,0.001053304443557583,3.392713807373223e-06,1.144836115997737e-06,0.000824273815629537
GIB,2017,0.16825893874998354,0.002679775818942306,0.0011250549243749129,3.3373599976503172e-06,1.1284589621488392e-06,0.000795094751454549
GIB,2018,0.16825893874998354,0.0026797758189423104,0.00119571032708006,3.2828510149552286e-06,1.1123317615060148e-06,0.00077098576447057
GIB,2019,0.1525979090022715,0.0019142494526344033,0.00095991829873772,2.308792673378229e-06,8.12237307198626e-07,0.000663509294481924
GIB,2020,0.09723885825684975,3.7160302679523597e-07,0.00016667300291426399,5.1259258108953e-09,8.090757981041167e-08,0.000377945412972729
GIB,2021,0.10534209644492055,4.0256994569482827e-07,0.000178743722586154,5.621164250855418e-09,8.866981358262422e-08,0.000399657040888208
GIB,2022,0.09723885825684975,3.7160302679522125e-07,0.000163353772965558,5.250172103678053e-09,8.276902229621934e-08,0.000377816488630644
GIB,2023,0.12519110694377544,0.0003567760832660796,0.000295901921393836,1.3066771967372456e-06,5.188103064671352e-07,0.00048773061268214994
GIB,2024,0.12049975851910284,0.00035675815504987457,0.000288098173776224,1.3064210033701362e-06,5.14773682791926e-07,0.00046942787935053197
GIN,2000,0.31248088624996945,0.00246947355765572,0.00397217672479544,0.0001604809932748,5.3100249435520006e-05,0.00201806765028068
GIN,2001,0.32449938187496824,0.002645665496585754,0.004173248122748553,0.00016175224495067398,5.3533987965672994e-05,0.00207200266725936
GIN,2002,0.3365178774999671,0.00258636040831098,0.00477838789069908,0.000177235564610664,5.8632242135166e-05,0.0020735915503117077
GIN,2003,0.3605548687499647,0.002905472322973604,0.005771125779206017,0.000181786005848284,6.0158740646890005e-05,0.00230995269446904
GIN,2004,0.27642539937497296,0.00232381583306222,0.00437369731167943,0.00013355842017315,4.421453288203e-05,0.0017765884029679448
GIN,2005,0.2403699124999765,0.0019031455405380598,0.0036836258105291697,0.00012323264813649,4.077602064933e-05,0.00152842713595047
GIN,2006,0.21633292124997885,0.0017008152089257262,0.003617836951147686,0.000111634526436399,3.6936416418192e-05,0.001338937054333821
GIN,2007,0.19229592999998119,0.001573720939651325,0.0033702547212456,9.549596511595e-05,3.160660318705e-05,0.0011136139112042
GIN,2008,0.22835141687497768,0.001941045371337038,0.002564904464700919,0.000109041119621705,3.6101742779885e-05,0.001330957488734093
GIN,2009,0.21633292124997883,0.0018211936253845881,0.0024840925990920765,0.00010436977979038801,3.4552067822048e-05,0.00126109477118338
GIN,2010,0.12018495624998825,0.000992700698679825,0.001327669767753975,5.9134284606614995e-05,1.9573384902164998e-05,0.000674375772326055
GIN,2011,0.10816646062498941,0.0008185876448542381,0.001339553325907384,5.7727530046718e-05,1.8794326830524002e-05,0.0005831464014649
GIN,2012,0.1922959299999812,0.001397762168627568,0.0022070074876793517,0.000106081401970608,3.3973043250144e-05,0.001035691756822272
GIN,2013,0.13220345187498705,0.0009225762065482111,0.001303104108658063,7.5238152579006e-05,2.3694746632072002e-05,0.0006837547537564082
GIN,2014,0.22835141687497768,0.0016113277063202007,0.002320936764179001,0.00012886265380046699,3.9912003816865e-05,0.0011602663474521869
GIN,2015,0.1922959299999812,0.00153746701768116,0.002266236311591784,9.7583070060144e-05,2.9753433686135995e-05,0.00094833437352084
GIN,2016,0.40862885124996007,0.003628817833083474,0.005108785194076839,0.000185081556466851,5.5534913650347e-05,0.0020018078379574473
GIN,2017,0.4326658424999577,0.004002970439974122,0.005317066187216532,0.00018581419743528602,5.4807441412986e-05,0.002044529360883126
GIN,2018,0.5768877899999435,0.00522311844738228,0.006505066952904629,0.000254223331396343,7.359715207858e-05,0.002643379763899104
GIN,2019,0.5889062856249424,0.0055169407455493156,0.006508015792435094,0.000247797602942002,7.046449334502295e-05,0.002607519386533358
GIN,2020,0.9179252810537109,0.008513198380566741,0.009491195133668558,0.000390872945500062,0.00010903960377525299,0.00392923093519098
GIN,2021,0.869262286751428,0.007796599190283343,0.008545375240375708,0.00038622918628330397,0.000100155477592478,0.003529678551629888
GIN,2022,0.9101798605392301,0.008091838056680154,0.008733523456687976,0.00040864697264105995,9.904467942264631e-05,0.00367719268492599
GIN,2023,0.8934063881197001,0.007778204326367226,0.008257670079483822,0.00041103905198674204,9.348215387638331e-05,0.003468483085347924
GIN,2024,0.8758886158036275,0.0076256905160463,0.0080957549798861,0.0004029794627321,9.164917046704246e-05,0.0034004736130862
GLP,2000,0.9076394719159437,0.010266308634195557,0.00286697349761898,1.61336593376219e-05,1.0711706086756409e-05,0.004955598361889272
GLP,2001,0.9677319500409378,0.010925332342452083,0.003201332963415734,1.7319194475703836e-05,1.102527025233404e-05,0.005308048414754116
GLP,2002,0.9749106404521327,0.007788596822579956,0.008414806982609158,1.0715129765055717e-05,7.94611788393074e-06,0.005275499473924757
GLP,2003,1.0296191007687305,0.008378927080080773,0.009008667004134333,1.1656374368277943e-05,8.733252567262127e-06,0.005695966261488538
GLP,2004,1.022984622952128,0.008509486102849241,0.009165395580897613,1.213978328053379e-05,8.342747212798945e-06,0.005759385705063348
GLP,2005,1.052405632010522,0.008995767791914988,0.010959117515969917,1.3043968834398319e-05,8.266073667140318e-06,0.005981765774002337
GLP,2006,1.087916906290926,0.008924763268100894,0.011474478334955567,1.2933960728920302e-05,9.26969129564766e-06,0.005856247660866686
GLP,2007,1.125767065768721,0.009156281764364706,0.012720558669840759,1.352130922335958e-05,9.259129509494265e-06,0.005771499613978795
GLP,2008,1.1359908887909211,0.009166781126635363,0.011967073679258044,1.3842416702202126e-05,9.544107797662451e-06,0.0058496646078172836
GLP,2009,1.1557322874217075,0.009879150994285872,0.013873950717157756,1.538522799916841e-05,8.595960889879703e-06,0.006259692744857222
GLP,2010,1.2789623762827007,0.010805019723494907,0.01866899364664492,1.7143517223184155e-05,9.965789079384499e-06,0.006624893360528894
GLP,2011,1.2190319329767283,0.007807046222709256,0.021851106099664473,1.1686740604894697e-05,1.0742278080900368e-05,0.005720634642710734
GLP,2012,1.2118532425655335,0.00788688514613186,0.014942210845495076,1.1997774563119539e-05,1.1073776367139174e-05,0.005603864466419985
GLP,2013,1.1896109239183343,0.007580484281701838,0.01449190172539,1.1410055496244006e-05,1.0271738439440548e-05,0.0052899735557415985
GLP,2014,1.172752623079532,0.007439716657371868,0.01457208527575029,1.0799287252151835e-05,9.256524296649601e-06,0.00519706030287025
GLP,2015,1.1853153312991231,0.007994371400006597,0.015986220655950387,1.1366557663566258e-05,8.422338287986953e-06,0.005270101234678621
GLP,2016,1.2070134373517294,0.007591687897866416,0.014782151563056891,1.082394825331452e-05,8.826243017562457e-06,0.005212697738765805
GLP,2017,1.1607341274545329,0.007052848903104935,0.013790101547921504,9.932480633254703e-06,7.915224164776417e-06,0.00490637475596604
GLP,2018,1.1078203397407338,0.00695710647188149,0.013456261420904836,9.595054150600711e-06,6.961073804802245e-06,0.004678746981341074
GLP,2019,1.1047752071297285,0.007110750963661905,0.013962849031914902,9.456643018988411e-06,6.2594660419212075e-06,0.004660289536543656
GLP,2020,1.0385924637827244,0.007011343352363615,0.014169303537892974,8.987606266355109e-06,5.7159913956837074e-06,0.004332993199937038
GLP,2021,0.8895307110689346,0.0060427984753496766,0.012246936219510762,7.743891821433625e-06,4.33473413331218e-06,0.0035411272532691633
GLP,2022,0.8672883924217358,0.005926075776928414,0.012033824829121692,7.571593229201882e-06,4.182830128950279e-06,0.003482448167495601
GLP,2023,0.8793068880467344,0.006177303275830135,0.012394893834838935,7.963590262857563e-06,4.294584103869103e-06,0.00344274516075835
GMB,2000,0.10816646062498941,0.000854817769957749,0.001307217603148236,5.555111305666e-05,1.8380855573834e-05,0.0006985618789433051
GMB,2001,0.12018495624998825,0.00097987610984658,0.001494759813291285,5.9908238870625e-05,1.9827402950250002e-05,0.0007674083952812399
GMB,2002,0.12018495624998825,0.000923700145825365,0.0014540576930529,6.329841593238e-05,2.0940086476845002e-05,0.0007405684108256099
GMB,2003,0.13220345187498705,0.001065339851756984,0.001748514334027384,6.6654868811031e-05,2.2058204903861004e-05,0.000846982654638647
GMB,2004,0.1562404431249847,0.001313461123035175,0.001980570412191976,7.5489541837005e-05,2.4990822933325e-05,0.001004158662547089
GMB,2005,0.15624044312498472,0.00123704460134974,0.0018951223235135603,8.010122128872e-05,2.6504413422060003e-05,0.00099347763836782
GMB,2006,0.16825893874998354,0.0013228562736088921,0.002216769361911566,8.682685389499e-05,2.8728323880828e-05,0.001041395486704078
GMB,2007,0.18027743437498234,0.0014753633809231172,0.002210279804307269,8.9527467296208e-05,2.9631190487861004e-05,0.001044013041753938
GMB,2008,0.1922959299999812,0.001634564523231192,0.002410426651976904,9.1824100734072e-05,3.0401467604112e-05,0.0011208063063024
GMB,2009,0.1922959299999812,0.00161883877811964,0.002504927303385936,9.277313759148e-05,3.0712949175168e-05,0.001120973129940768
GMB,2010,0.19229592999998119,0.001588321117887725,0.002273660471947025,9.4614855370575e-05,3.131741584345e-05,0.001079001235721675
GMB,2011,0.19229592999998119,0.0014552669241853,0.003015387843847225,0.00010262672008305,3.3412136587575e-05,0.001036704713715375
GMB,2012,0.19229592999998119,0.001397762168627575,0.002798614517988225,0.0001060814019706,3.3973043250125e-05,0.001035691756822275
GMB,2013,0.19229592999998119,0.0013419290277065,0.00270336724920635,0.000109437312842175,3.44650860103e-05,0.000994552369100225
GMB,2014,0.19229592999998119,0.001356907542164375,0.002915378043624575,0.00010851591898985,3.3610108477375e-05,0.00097706639785445
GMB,2015,0.21633292124997883,0.0017296503948913001,0.0038029700522722726,0.00010978095381764,3.3472612896884e-05,0.001066876170210928
GMB,2016,0.2403699124999765,0.00213459872534322,0.0044826404964519295,0.00010887150380403,3.2667596264909996e-05,0.00117753402232791
GMB,2017,0.24036991249997652,0.002223872466652272,0.004406205522346797,0.000103230109686277,3.044857856279764e-05,0.001135849644935078
GMB,2018,0.31248088624996945,0.002829189158998761,0.0052559239247453645,0.000137704304506353,3.9865124042562e-05,0.0014318307054453482
GMB,2019,0.3605548687499647,0.003377718823805672,0.005943454767911607,0.000151712818127768,4.314152653776891e-05,0.001596440440734724
GMB,2020,0.3845918599999624,0.003566855459054784,0.005931695494699728,0.000163767744756912,4.56853568532951e-05,0.001646267147147088
GMB,2021,0.3966103556249612,0.00355728302567875,0.0058158010114672,0.00017622125940495,4.569702400666272e-05,0.00161045415973975
GMB,2022,0.40862885124996007,0.0036328627263220023,0.005848661480006574,0.000183463675957611,4.446650088578988e-05,0.0016508902117168742
GMB,2023,0.40862885124996007,0.003557618057063925,0.005633816401006683,0.00018800225503839299,4.2757143511447915e-05,0.001586425032989268
GMB,2024,0.40862885124996007,0.003557618057063925,0.005633816401006683,0.00018800225503839299,4.2757143511447915e-05,0.001586425032989268
GNB,2000,0.02403699124999765,0.000189959504435055,0.000405206907261435,1.2344691790368e-05,4.084634571963e-06,0.000155235973098513
GNB,2001,0.012018495624998824,9.798761098465799e-05,0.00019680755260094,5.990823887062e-06,1.9827402950253007e-06,7.674083952812401e-05
GNB,2002,0.012018495624998824,9.2370014582536e-05,0.00020903744671030798,6.329841593238e-06,2.094008647684e-06,7.405684108256e-05
GNB,2003,0.012018495624998824,9.684907743245199e-05,0.00021274335602444,6.0595335282760004e-06,2.005291354896e-06,7.6998423148968e-05
GNB,2004,0.02403699124999765,0.00020207094200541,0.000397606502622807,1.1613775667232e-05,3.844741989741e-06,0.000154485948084168
GNB,2005,0.02403699124999765,0.00019031455405380598,0.000363754717566111,1.2323264813649e-05,4.0776020649330004e-06,0.000152842713595047
GNB,2006,0.02403699124999765,0.00018897946765841398,0.000384540891899664,1.2403836270711e-05,4.104046268688e-06,0.000148770783814869
GNB,2007,0.02403699124999765,0.00019671511745641499,0.00039375190373829,1.1936995639493999e-05,3.9508253983800005e-06,0.00013920173890052398
GNB,2008,0.02403699124999765,0.000204320565403899,0.00040223514058164,1.1478012591759e-05,3.800183450514e-06,0.0001401007882878
GNB,2009,0.02403699124999765,0.000202354847264955,0.000410698453894602,1.1596642198935e-05,3.839118646896e-06,0.000140121641242596
GNB,2010,0.02403699124999765,0.000198540139735965,0.00039795466905497695,1.1826856921323e-05,3.914676980433e-06,0.00013487515446521098
GNB,2011,0.02403699124999765,0.000181908365523165,0.000438993494879145,1.2828340010382e-05,4.176517073447999e-06,0.00012958808921441998
GNB,2012,0.02403699124999765,0.000174720271078446,0.000427588750845537,1.3260175246326e-05,4.246630406268e-06,0.000129461469602784
GNB,2013,0.012018495624998824,8.387056423165601e-05,0.000211502922799174,6.8398320526360006e-06,2.154067875644e-06,6.2159523068764e-05
GNB,2014,0.02403699124999765,0.00016961344277055,0.000435513876186354,1.3564489873734e-05,4.201263559671e-06,0.000122133299731809
GNB,2015,0.0480739824999953,0.00038436675442029,0.00100996772818851,2.4395767515036e-05,7.438358421533999e-06,0.00023708359338021
GNB,2016,0.060092478124994124,0.0005336496813358,0.0013392788921004239,2.7217875951008e-05,8.166899066224e-06,0.000294383505581984
GNB,2017,0.060092478124994124,0.000555968116663072,0.001316442408220384,2.5807527421568e-05,7.612144640699399e-06,0.00028396241123376803
GNB,2018,0.060092478124994124,0.0005440748382689921,0.001207932961090272,2.6481597020448e-05,7.666370008186537e-06,0.000275352058739496
GNB,2019,0.060092478124994124,0.000562953137300944,0.001183817666264352,2.528546968796e-05,7.190254422961394e-06,0.00026607340678912
GNB,2020,0.060092478124994124,0.000557321165477312,0.001107633237695848,2.5588710118272002e-05,7.138337008327238e-06,0.000257229241741736
GNB,2021,0.060092478124994124,0.000538982276617992,0.001053083257848272,2.6700190818928e-05,6.923791516160932e-06,0.000244008206021176
GNB,2022,0.060092478124994124,0.00053424451857676,0.0010278853532360401,2.6979952346704004e-05,6.539191306733836e-06,0.000242777972311304
GNB,2023,0.060092478124994124,0.000523179126038816,0.000990126951476296,2.7647390446824003e-05,6.287815222271712e-06,0.000233297798969008
GNB,2024,0.060092478124994124,0.000523179126038816,0.000990126951476296,2.7647390446824003e-05,6.287815222271712e-06,0.000233297798969008
GNQ,2000,0.03632821018921126,9.512073865155925e-05,7.312232405421099e-05,6.1752642363577e-06,2.071500697719004e-06,0.00020084342637385997
GNQ,2001,0.036328210189211264,9.811802162807597e-05,0.000185513782391622,5.993743914431505e-06,2.0119405687200538e-06,0.000199978302440304
GNQ,2002,0.04443144837728208,9.254543573430449e-05,7.081588439932e-05,6.3337364739037465e-06,2.132957454341471e-06,0.000234307171401206
GNQ,2003,0.04443144837728208,9.70259824957793e-05,5.5699618716215004e-05,6.063428628771734e-06,2.044242359854332e-06,0.00023671587245500302
GNQ,2004,0.060637924753423694,0.00010130876776454977,8.796421497726201e-05,5.812730669904815e-06,1.9807993577591434e-06,0.00031406907820080503
GNQ,2005,0.06874116294149453,9.545797791391974e-05,0.000123249594543985,6.168449912652259e-06,2.106976090739598e-06,0.000349459789982868
GNQ,2006,0.07684440112956532,9.48272335345143e-05,0.000124839670793614,6.209711661815575e-06,2.129958398940755e-06,0.00039366783879810703
GNQ,2007,0.09305087750570695,9.877012622258981e-05,0.000146032242243704,5.978251213542737e-06,2.0729466371483694e-06,0.00046405700712364096
GNQ,2008,0.10925735388184857,0.00010258401444149599,0.000159987284179251,5.750722324357515e-06,2.0172520100421474e-06,0.0005454386410244681
GNQ,2009,0.12546383025799024,0.00010164357690553589,0.000134162140405338,5.812000962841048e-06,2.056357957188484e-06,0.0006175474076777311
GNQ,2010,0.14167030663413183,9.977096688526989e-05,0.00014916121358719898,5.92906669519827e-06,2.1137208355787053e-06,0.000665342891220637
GNQ,2011,0.19839297395062752,9.163948147851733e-05,0.00022211219054079,6.436623371772837e-06,2.312974788775793e-06,0.000934675480296373
GNQ,2012,0.3280447849597606,8.846883554864571e-05,0.00036804376355520303,6.668102808194367e-06,2.5041905529637606e-06,0.001523887881616857
GNQ,2013,0.4252836432166103,8.530080737075639e-05,0.000461706293375723,6.889485545140862e-06,2.652107132489641e-06,0.0019779924405386277
GNQ,2014,0.5063160250973183,8.647461199611272e-05,0.000536866024279672,6.841520324236284e-06,2.6957876758550107e-06,0.0023684964767643935
GNQ,2015,0.5954516451660973,9.797082714815921e-05,0.0006257875652325279,6.168753787216481e-06,2.560461224892302e-06,0.0027568659256813097
GNQ,2016,0.6602775506706637,0.00010876308557248863,0.000674468836349191,5.520606758502631e-06,2.406947334470811e-06,0.002957719903682984
GNQ,2017,0.6440710742945222,0.00011315943672080675,0.000644889144801386,5.235421770460119e-06,2.272427365915277e-06,0.002832300601070883
GNQ,2018,0.6440710742945223,0.00011070434189649681,0.000628588198323711,5.369141111045558e-06,2.2795965942599462e-06,0.002711933702938939
GNQ,2019,0.6764840270468054,0.00011455594665842918,0.0006417269371387299,5.1321014609914836e-06,2.2157382652758558e-06,0.002746145539883446
GNQ,2020,0.652174312482593,0.00011334840185077236,0.0006032454557766271,5.188674825561353e-06,2.172163049417918e-06,0.002539586483752134
GNQ,2021,0.6845872652348762,0.00010980055759467026,0.000629243958145532,5.414742235384725e-06,2.1683224194268895e-06,0.002600458133029091
GNQ,2022,0.7332066943633012,0.00010896053913357147,0.0006682007351686201,5.476373677346175e-06,2.1486918457509936e-06,0.0028506945518062543
GNQ,2023,0.7656196471155844,0.00010681660313939126,0.0006951341569490672,5.61381777354603e-06,2.1383307548578494e-06,0.002986744086790987
GNQ,2024,0.7726626485313843,0.000106836984241556,0.0007011326577644861,5.614605994893516e-06,2.1465622287868573e-06,0.0030142215122769423
GRC,2000,41.64687796016487,0.37734633945813506,0.09757245368849342,0.00020468879997988178,0.0004990567136332688,0.16978385815417762
GRC,2001,42.174070607276654,0.3811727641401346,0.10719712981113905,0.00019864954568460646,0.0005159531457305275,0.17156254023301323
GRC,2002,42.110051787884956,0.37610534302322685,0.10945259824766229,0.00019832976921249501,0.0005263920465707459,0.1660000429313942
GRC,2003,39.75734069583414,0.3507525755160662,0.10766483751992735,0.00019388588394292282,0.0004919190093574516,0.15916865715732348
GRC,2004,40.69759316773252,0.35978644217227485,0.11468214467262716,0.0001845247773802235,0.0004981118760921196,0.16083053242760142
GRC,2005,39.10931980550766,0.34463161129110226,0.11965626959964792,0.00019781895726880524,0.00047054975613520925,0.15589219715157504
GRC,2006,36.955617494311674,0.30401648491689093,0.1093823972832338,0.00019392974323178264,0.00042030963092431876,0.14930940904758336
GRC,2007,40.62713389099389,0.3215451204357192,0.122224566528769,0.00019366916962270802,0.00044889057171248624,0.15953009720533745
GRC,2008,47.38665030513102,0.3640463804156552,0.14438652699400326,0.00022001777962450314,0.0005574262442235282,0.18392368435864262
GRC,2009,36.46616478268392,0.24769859580173872,0.10484808585778996,0.0001697659951763376,0.00042871641516400684,0.14208662455547685
GRC,2010,40.5838037648757,0.17645826872368645,0.11994808745576385,0.00014240319363341517,0.00046444162842501,0.15164474488221902
GRC,2011,41.52853651438942,0.12475745632614567,0.11824544093787376,0.00013206681091300514,0.00044034860842868484,0.15922274164948957
GRC,2012,41.08134717615933,0.09577959552215648,0.10519328850707074,0.00012475127519818454,0.00040420220901543673,0.15695580806155593
GRC,2013,35.12646255879594,0.08537281278513176,0.09292515508883,0.00010377028429254964,0.00031938265162121976,0.1304734517508481
GRC,2014,32.78433541645834,0.06991026201697753,0.0900614554359723,9.51927383234698e-05,0.00027706165862623243,0.11953489189573596
GRC,2015,30.201376900960515,0.06637352812074321,0.08939376852149138,8.055095585074885e-05,0.00021870104080034167,0.11219803868546674
GRC,2016,28.827172026135365,0.06749344591164295,0.0939955221307306,7.636966896205312e-05,0.00017874591506906182,0.10871306672139427
GRC,2017,29.987343312467864,0.06168810208992916,0.09080828550719444,7.266048629808118e-05,0.00016237986064587795,0.11404410640212503
GRC,2018,27.699644013563184,0.05676402835599451,0.08035710436196472,6.540083569492907e-05,0.00013426133883540387,0.10686148284464726
GRC,2019,22.88313687221952,0.04920879756009993,0.07372318752274092,5.869137065463247e-05,8.786961596419978e-05,0.09037625209194594
GRC,2020,17.251613026957383,0.03486973218978732,0.059044791801607086,4.7343440091854015e-05,4.4623064324247415e-05,0.06779238424762363
GRC,2021,17.39706781913678,0.032961619204237194,0.05519187483728459,4.903411636011828e-05,4.238856288825573e-05,0.06639017358438892
GRC,2022,16.66310781710406,0.034868731648264754,0.05499235194328301,4.860637738345391e-05,4.320185702121312e-05,0.06550106053328206
GRC,2023,14.27253253027823,0.028440140360154183,0.04607816266760931,4.5013087452320204e-05,3.7346445135720064e-05,0.056227392952265955
GRC,2024,15.38061217740219,0.022538729125971088,0.04363829472147364,4.7123648755559964e-05,3.5170524486772186e-05,0.060374053156883295
GRC,2025,15.587336399226416,0.020033232364726438,0.04211158783597202,4.707591716838803e-05,3.384865805761434e-05,0.061110920354596955
GRD,2000,0.10816646062498941,0.0015141999363738649,0.000415357460137269,2.6525190753317797e-06,9.950486303390014e-07,0.0006985618789433051
GRD,2001,0.10816646062498941,0.001491026523281428,0.00043694551694584003,2.6026649808179163e-06,9.764079669379255e-07,0.000690667555753112
GRD,2002,0.12018495624998825,0.00105878811918852,0.001344735283865505,1.6055412804122663e-06,6.039413079112449e-07,0.0007405684108256099
GRD,2003,0.13220345187498705,0.0012013497534956,0.0015631467955983362,1.845012954482968e-06,6.938430533987987e-07,0.00084698265463864
GRD,2004,0.10816646062498941,0.0010012363204648,0.00127856189319999,1.5489554143528214e-06,5.824213637819322e-07,0.0006951867663787481
GRD,2005,0.12018495624998825,0.0011245769276059649,0.001519182726671235,1.7470759546406834e-06,6.568617399758846e-07,0.000764213567975235
GRD,2006,0.13220345187498705,0.001229771523535565,0.001703927789216126,1.9256553682495985e-06,7.439122146763918e-07,0.0008182393109817661
GRD,2007,0.14422194749998588,0.001334581404401214,0.00198463579311843,2.0868395317514114e-06,8.075346076381193e-07,0.000835210433403144
GRD,2008,0.1562404431249847,0.001465789993379105,0.002046756714021558,2.3036820827070155e-06,8.908090737707431e-07,0.000910655123870694
GRD,2009,0.15624044312498472,0.0014779222346313,0.00215558777533228,2.3268894373661243e-06,8.965308485316093e-07,0.00091079066807688
GRD,2010,0.16825893874998354,0.0016211804390497378,0.002752080780765351,2.5714403173332517e-06,9.91989382619194e-07,0.0009441260812564769
GRD,2011,0.15624044312498472,0.00127952005368274,0.00298366859726418,1.8735961503507809e-06,7.392872422530122e-07,0.0008423225798937401
GRD,2012,0.15624044312498472,0.00137769167465588,0.0029543162907612,2.0297500868478233e-06,7.879724243606782e-07,0.0008414995524181001
GRD,2013,0.15624044312498472,0.0013674199871018602,0.00371000010144478,1.9730029700727275e-06,7.7118575332608e-07,0.0008080737998939201
GRD,2014,0.15624044312498472,0.0013243076386773602,0.0033130768417587403,1.8457167534029605e-06,7.200258233660099e-07,0.0007938664482567601
GRD,2015,0.16825893874998354,0.0014432963162321758,0.0035639406112918017,1.9860478154862736e-06,7.787344191394011e-07,0.0008297925768307351
GRD,2016,0.16825893874998354,0.001439449298243418,0.0035242704149885755,1.9458105601007006e-06,7.673879345649388e-07,0.00082427381562955
GRD,2017,0.18027743437498234,0.001512042868399014,0.0037041758067692812,1.9944402577973605e-06,7.937335829712183e-07,0.000851887233701291
GRD,2018,0.18027743437498234,0.001538136031431074,0.0036935695806314325,2.002431727507533e-06,7.946013725774659e-07,0.0008260561762184661
GRD,2019,0.1922959299999812,0.00160326554837628,0.003857187100135752,2.026971889244786e-06,8.059911156097592e-07,0.000851434901725176
GRD,2020,0.16825893874998354,0.0013723762911613479,0.003305091128315768,1.682312105140397e-06,6.676680799447661e-07,0.000720241876876852
GRD,2021,0.18027743437498234,0.001478350890619438,0.00355026147873204,1.8161359094070262e-06,7.195105517730206e-07,0.00073202461806353
GRD,2022,0.1922959299999812,0.001577833809596136,0.003788820666501696,1.937709058618818e-06,7.655827887139889e-07,0.0007768895113961761
GRD,2023,0.1922959299999812,0.00162465015693972,0.0038370425178013198,2.0192244511879896e-06,7.949060136602564e-07,0.000746552956700832
GRD,2024,0.1922959299999812,0.00162465015693972,0.0038370425178013198,2.0192244511879896e-06,7.949060136602564e-07,0.000746552956700832
GRL,2000,0.0961479649999906,0.000858145211035848,0.000270426665071704,2.833657611198469e-06,1.090216344506387e-06,0.000620943892394052
GRL,2001,0.0961479649999906,0.0008591168029308479,0.000271496320299528,2.8380472303929943e-06,1.0857074228749224e-06,0.000613926716224992
GRL,2002,0.10816646062498941,0.00096678313825509,0.000319795366198243,3.192245159136659e-06,1.2169154311906795e-06,0.000666511569743045
GRL,2003,0.10816646062498941,0.000909828605207015,0.000317859079142098,3.172833470346384e-06,1.2077636712215816e-06,0.0006929858083407091
GRL,2004,0.10816646062498941,0.0009055087888142941,0.000323794244778144,3.162804953437475e-06,1.2416290643804424e-06,0.0006951867663787481
GRL,2005,0.10816646062498941,0.0009078155703390341,0.00032709720678329805,3.22791200628591e-06,1.2602774030605966e-06,0.000687792211177722
GRL,2006,0.12018495624998825,0.0010318207864539449,0.00037436770774488,3.6697313625769987e-06,1.4228047347368037e-06,0.000743853919074345
GRL,2007,0.13220345187498705,0.001071179519603008,0.000404565541562016,4.153747420035627e-06,1.6102953152017047e-06,0.0007656095639528799
GRL,2008,0.13220345187498705,0.001109619985366139,0.0004273016869623761,4.118280006523669e-06,1.5675341838589488e-06,0.000770554335582891
GRL,2009,0.12018495624998825,0.00107860088456829,0.00040558840723446,3.858666228351219e-06,1.4728751009749703e-06,0.00070060820621298
GRL,2010,0.0961479649999906,0.000818698009592172,0.000317974823956752,2.9616773634974236e-06,1.1340425971560566e-06,0.0005395006178608439
GRL,2011,0.08412946937499177,0.000715154606868119,0.00027373644074172004,2.5650839327991014e-06,9.524959365413098e-07,0.000453558312250472
GRL,2012,0.08412946937499177,0.000733352027773277,0.000273123616334811,2.5807641229256207e-06,9.522931798646251e-07,0.000453115143609744
GRL,2013,0.07211097374999294,0.000626993605221957,0.00024335635079332797,2.30687883559131e-06,8.341619627225495e-07,0.000372957138412578
GRL,2014,0.07211097374999294,0.000638464944825081,0.000252308861003196,2.420560797752565e-06,8.617210133089722e-07,0.00036639989919542694
GRL,2015,0.07211097374999294,0.0006552203490518039,0.000274278752408511,2.5997185738158852e-06,9.193176043156373e-07,0.000355625390070315
GRL,2016,0.060092478124994124,0.00055806301270288,0.00023434442364947202,1.919923096606343e-06,6.894281669253964e-07,0.000294383505581984
GRL,2017,0.0961479649999906,0.0008979494750535359,0.00038071882891158,3.2366597718908713e-06,1.1467783581139137e-06,0.000454339857974028
GRL,2018,0.08412946937499177,0.00076770791599724,0.00034363634343510005,3.0317962771066544e-06,1.0629962662476007e-06,0.00038549288223529
GRL,2019,0.060092478124994124,0.0005803072471595361,0.000255919277726728,2.1619324112850617e-06,7.540148271769456e-07,0.00026607340678912
GRL,2020,0.07211097374999294,0.000714256534122093,0.000313109168061177,2.589694651757322e-06,9.02556763256299e-07,0.000308675090090079
GRL,2021,0.060092478124994124,0.000606440673889512,0.000251932829701832,2.047565470938054e-06,7.070156622235792e-07,0.000244008206021176
GRL,2022,0.06009247812499413,0.000588759206437311,0.00024521700167043803,2.1452275925054618e-06,7.33509170170569e-07,0.00024277797231130803
GRL,2023,0.08412946937499177,0.00083168271003576,0.000344471672204814,3.0375555531117304e-06,1.0316003988223743e-06,0.00032661691855661
GRL,2024,0.07648133579544708,0.0007560751909416,0.00031315606564074,2.7614141391924824e-06,9.378185443839767e-07,0.0002969244714151
GTM,2000,2.398299025737098,0.028714999999999758,0.013635100045494144,4.54375277077768e-05,2.1387995936193003e-05,0.013978029964662743
GTM,2001,3.118200378190193,0.0417411880812615,0.018840706753313417,6.751750684828938e-05,3.250282147509587e-05,0.017505583157459374
GTM,2002,3.035717959845046,0.039639999999999856,0.017273765551139075,6.29962548329316e-05,3.149399769833223e-05,0.016152183149903184
GTM,2003,3.0312330532495357,0.040673999999999724,0.01868828704565608,6.557212902660714e-05,3.1974043854111046e-05,0.016776375073284278
GTM,2004,2.6212916150217525,0.025732717651487682,0.012203733602429614,5.658454797748497e-05,5.191977637645488e-05,0.013746606293511314
GTM,2005,2.535163488473878,0.024423367255811113,0.012273825626824346,5.5465886182300235e-05,5.21973283181926e-05,0.013182630962340333
GTM,2006,2.9891255347592462,0.03617799999999967,0.017282254092077225,6.432759274313003e-05,4.198469505834792e-05,0.015589322824078232
GTM,2007,3.1911465030834796,0.04216199999999967,0.019451382507885164,6.67639928961281e-05,3.407458345863046e-05,0.015792330162299462
GTM,2008,2.9470795353222563,0.03825899999999973,0.01755621519513349,5.969173483755204e-05,3.148324770925559e-05,0.014479037036313185
GTM,2009,3.5159834862662627,0.04987599999999978,0.02371180385657249,8.363615802191958e-05,3.729402585778793e-05,0.018777103110570976
GTM,2010,2.542950077818118,0.03114899999999981,0.011489030085064095,4.6112412466841364e-05,2.7198614668771048e-05,0.011643878645969996
GTM,2011,2.5283994750756174,0.030615999999999744,0.011223396389896596,4.4212972692441894e-05,2.3920854104933664e-05,0.011407382158140477
GTM,2012,2.347577431138267,0.028460814811719,0.009373107194301076,4.033920800517534e-05,2.0403710281685736e-05,0.010566931413959067
GTM,2013,2.7551644144606806,0.032480859086753154,0.010005527044552188,4.40441411901684e-05,2.1836985059970007e-05,0.011698346966189065
GTM,2014,2.8425010512656996,0.03185228934009453,0.009636860308277848,4.040545928792226e-05,2.0147413446194837e-05,0.011537584209370115
GTM,2015,3.5929984517983105,0.03640692386100354,0.011269287575548528,4.0586408654556735e-05,2.1469615176231e-05,0.01364328825491641
GTM,2016,4.969577646181193,0.045026999999999706,0.014488120185619931,4.231745523796273e-05,2.720656947501332e-05,0.017669778589605306
GTM,2017,3.9065988416021056,0.033843189625325114,0.011060105956070513,2.931909611960409e-05,2.134829554462543e-05,0.01377760081093946
GTM,2018,4.671325862663124,0.04101813314935244,0.013263094519207874,3.6056415110617506e-05,2.6971704683725878e-05,0.01721565242468675
GTM,2019,4.523359752037438,0.03943650774243588,0.012738686142342017,3.405045867443589e-05,2.7247634576776734e-05,0.017297577162060106
GTM,2020,2.9580854081469514,0.025919644401687238,0.00835859965926559,2.2507666978549498e-05,1.8779515361480576e-05,0.011441475552305643
GTM,2021,4.005635622799066,0.036704162424263935,0.011482367751743789,3.396787892574527e-05,2.495370765852347e-05,0.015087704225843372
GTM,2022,1.8883517291905276,0.019575161950229358,0.005767240240166919,2.107926643318443e-05,1.2197875618971809e-05,0.007484626472028773
GTM,2023,4.099383143720223,0.04823357192536927,0.013342388503893124,5.81994029345059e-05,2.8191640363282452e-05,0.01623104327491999
GTM,2024,4.206088926859487,0.04908600360885475,0.013624957717323999,5.8826438169631616e-05,2.8758620265994133e-05,0.01666123903503475
GUF,2000,0.036055486874996476,0.00050473331212462,8.554947856671e-05,8.825476018841562e-07,3.2869676294055495e-07,0.00023285395964776998
GUF,2001,0.14422194749998588,0.0019880353643752257,0.000349622091925578,3.4634355636832156e-06,1.2896755195209813e-06,0.0009208900743374879
GUF,2002,0.16825893874998354,0.001482303366863928,0.001228745288711829,2.232183385531242e-06,8.243113907446267e-07,0.0010367957751558539
GUF,2003,0.26440690374997416,0.002402699506991223,0.0018354859230658171,3.6662231416127963e-06,1.3549726820414605e-06,0.001693965309277296
GUF,2004,0.20431442562498003,0.001891224160877948,0.0014439474815381979,2.907728149934229e-06,1.0751387718188698e-06,0.00131313055871543
GUF,2005,0.21633292124997883,0.002024238469690724,0.00165293238990068,3.125796030810708e-06,1.156071896941053e-06,0.001375584422355444
GUF,2006,0.1562404431249847,0.001453366345996592,0.001269432691499171,2.260063400266827e-06,8.608886789864215e-07,0.000967010094796648
GUF,2007,0.18027743437498234,0.001668226755501509,0.0014434696673160101,2.5902186579832566e-06,9.883012411571768e-07,0.001044013041753938
GUF,2008,0.19229592999998119,0.00180404922262045,0.001476862535864125,2.8159810630747615e-06,1.074057473698739e-06,0.0011208063063024
GUF,2009,0.3365178774999671,0.0031832171207443268,0.003358842905167983,4.978719276051956e-06,1.8919336005286616e-06,0.001961702977396362
GUF,2010,0.28844389499997175,0.002779166466942408,0.003114182789337276,4.380043139847908e-06,1.6676101283479366e-06,0.0016185018535825318
GUF,2011,0.2523884081249753,0.0020669170097952,0.004180023767368256,3.0098873476174296e-06,1.167801244061818e-06,0.001360674936751424
GUF,2012,0.21633292124997885,0.0019075730879850661,0.00285555307412169,2.8107356346690204e-06,1.0742078538579116e-06,0.0011651532264250562
GUF,2013,0.27642539937497296,0.00241928151564176,0.003930289327234305,3.5046346775631073e-06,1.3485722906447521e-06,0.0014296690305815748
GUF,2014,0.28844389499997175,0.00244487564063514,0.004515528403453536,3.434320952609459e-06,1.3165149506783417e-06,0.0014655995967817078
GUF,2015,0.3004623906249706,0.002577314850414618,0.00469260718015679,3.590203899652849e-06,1.3840099663345443e-06,0.001481772458626294
GUF,2016,0.32449938187496824,0.0027760807894694757,0.005184598859270842,4.055234312304929e-06,1.5709459509566681e-06,0.001589670930142677
GUF,2017,0.2403699124999765,0.00201605715786534,0.0038935575518659797,3.023120838315242e-06,1.1787904623644317e-06,0.00113584964493507
GUF,2018,0.26440690374997416,0.002255932846098921,0.004470172154092656,3.4068593159565258e-06,1.3258119276929899e-06,0.001211549058453756
GUF,2019,0.3845918599999624,0.00320653109675256,0.006617970271523424,4.7933924095301524e-06,1.8670501729638991e-06,0.001702869803450352
GUF,2020,0.36055486874996473,0.00294080633820288,0.00634290917993001,4.347168291498274e-06,1.6886561109323432e-06,0.0015433754504503951
GUF,2021,0.22835141687497768,0.0018725777947846088,0.004045500546782008,2.773978534725058e-06,1.0761371092248858e-06,0.000927231182880476
GUF,2022,0.21633292124997885,0.0017750630357956532,0.003845011368333087,2.628169575875378e-06,1.0171271295455968e-06,0.0008740007003206981
GUF,2023,0.2644069037499741,0.0022338939657921123,0.00482561766350776,3.35049021218446e-06,1.2942334673548456e-06,0.0010265103154636522
GUM,2000,1.5383674399998493,0.01373032337657354,0.004326826641147164,4.5338521779175495e-05,1.7443461512102184e-05,0.009935102278304749
GUM,2001,1.5383674399998495,0.013745868846893624,0.004343941124792489,4.54087556862879e-05,1.7371318765998755e-05,0.00982282745959983
GUM,2002,1.358090005624867,0.012138499402536045,0.004015208486711231,4.008041144249361e-05,1.5279049302727415e-05,0.008368423042329327
GUM,2003,1.4061639881248622,0.011827771867691213,0.004132168028847368,4.1246835114502986e-05,1.5700927725880562e-05,0.009008815508429215
GUM,2004,1.490293457499854,0.01247589886810803,0.004461165150276712,4.3576423802916315e-05,1.7106889331463874e-05,0.009578128781218371
GUM,2005,1.502311953124853,0.01260854958804215,0.004543016760879169,4.483211119841541e-05,1.7503852820286068e-05,0.009552669599690559
GUM,2006,1.490293457499854,0.012794577752028996,0.0046421595760365,4.5504668895954776e-05,1.764277871073636e-05,0.009223788596521778
GUM,2007,1.490293457499854,0.012075114584615696,0.004560557013971856,4.682406182585616e-05,1.8152419916819214e-05,0.008630507811832583
GUM,2008,1.490293457499854,0.012508443471400083,0.0048168553803031,4.6424247346266815e-05,1.7670385345319058e-05,0.00868624887384362
GUM,2009,1.4782749618748554,0.01326679088018998,0.004988737408983878,4.746159460871998e-05,1.8116363741992138e-05,0.008617480936419685
GUM,2010,1.4782749618748554,0.0125874818974796,0.00488886291833521,4.553578946377288e-05,1.7435904931274366e-05,0.008294821999610345
GUM,2011,1.4542379706248576,0.012361958204434658,0.004731729904249808,4.43393079812416e-05,1.6464572617356923e-05,0.007840079397472569
GUM,2012,1.4061639881248622,0.012257455321353363,0.004565066158738942,4.3135628911756785e-05,1.5916900292023015e-05,0.007573495971762854
GUM,2013,1.3701085012498657,0.011912878499217133,0.004623770665073293,4.3830697876234895e-05,1.5849077291728438e-05,0.00708618562983906
GUM,2014,1.3460715099998686,0.01191801230340164,0.004709765405393049,4.5183801558047886e-05,1.6085458915100822e-05,0.006839464784981189
GUM,2015,1.3340530143748695,0.01212157645745844,0.005074156919557488,4.809479361559388e-05,1.7007375679839293e-05,0.006579069716300759
GUM,2016,1.3220345187498708,0.012277386279463353,0.005155577320288423,4.223830812533955e-05,1.516741967235872e-05,0.00647643712280353
GUM,2017,1.358090005624867,0.01268353633513113,0.0053776534583759765,4.571781927795855e-05,1.6198244308359025e-05,0.006417550493883107
GUM,2018,1.3100160231248719,0.011954308977671304,0.005350908776346529,4.7209399172089346e-05,1.6552370431569784e-05,0.006002674880520946
GUM,2019,1.3220345187498708,0.012766759437509817,0.005630224109987925,4.756251304827136e-05,1.658832619789281e-05,0.0058536149493607055
GUM,2020,1.2859790318748743,0.012737574858510702,0.005583780163757802,4.6182887956338916e-05,1.6095595611404e-05,0.005504705773273075
GUM,2021,1.3100160231248719,0.013220406690791404,0.005492135687500016,4.463692726644958e-05,1.5412941436474026e-05,0.005319378891261714
GUM,2022,1.3100160231248719,0.01283495070033334,0.005345730636415557,4.676596151661907e-05,1.59904999097184e-05,0.0052925597963865475
GUM,2023,1.3100160231248719,0.012950487913414029,0.005363916038617774,4.7299079327025514e-05,1.6063491924519828e-05,0.005085892017524482
GUM,2024,1.3415826742845074,0.01326254786313485,0.00549316702750013,4.843881617827914e-05,1.6450564019086572e-05,0.00520844363240459
GUY,2000,0.7090912418749306,0.0071299829637173845,0.007437390496486687,1.1315066536014e-05,4.191629445766651e-06,0.004579461206406122
GUY,2001,0.7211097374999295,0.0070319812138576005,0.007552409312367556,1.1034024482281518e-05,4.084809675497332e-06,0.004604450371687439
GUY,2002,0.7211097374999295,0.007264710631744112,0.0074028189194614204,1.1536836127543024e-05,4.2739550634933495e-06,0.0044434104649536425
GUY,2003,0.6740171770810091,0.0062499999999999604,0.007096357558821726,9.616132727884699e-06,3.555738533461781e-06,0.004318199334582804
GUY,2004,0.683483809274831,0.00635999999999994,0.007124708334741554,9.7991945449575e-06,3.623736512482336e-06,0.004392756280427225
GUY,2005,0.4993659474614932,0.0051400000000000005,0.004992672790947264,8.225174007455792e-06,3.0484595371969773e-06,0.003175291187368704
GUY,2006,0.5125040324569148,0.00485999999999995,0.005204959383821015,7.544468386657075e-06,2.7911938061120517e-06,0.0031720120802100253
GUY,2007,0.5942257351760883,0.006079999999999965,0.005916069356846843,9.70899666184662e-06,3.597965688736464e-06,0.0034412483149679667
GUY,2008,0.5807974515161106,0.00659999999999998,0.005500932267703599,1.0909895557149126e-05,4.050941877822051e-06,0.00338520657376202
GUY,2009,0.7462722476063611,0.007359999999999949,0.008081438573249493,1.15975991860017e-05,4.294512437065436e-06,0.004350331997080334
GUY,2010,0.7567501781766719,0.009279999999999995,0.007743911152395694,1.568533191482103e-05,5.831259237654222e-06,0.004246238479333962
GUY,2011,0.748395974196986,0.008249999999999941,0.00797458159811187,1.3279240579411999e-05,4.927243807225357e-06,0.00403474807904517
GUY,2012,0.7410530685937897,0.009029999999999956,0.007647097474903044,1.472472928969037e-05,5.472083012390521e-06,0.003991257404722576
GUY,2013,0.7978528617567231,0.009689999999999931,0.008208383065070718,1.55268137962353e-05,5.7690465785874575e-06,0.004126485952425608
GUY,2014,0.778726131592706,0.009629999999999903,0.007975276878760608,1.5256794495172501e-05,5.6695853693079215e-06,0.003956751119540063
GUY,2015,0.7815269884006325,0.009959999999999998,0.008070922192564209,1.565323321878376e-05,5.818897146708528e-06,0.003854210054963769
GUY,2016,0.8381333157871949,0.010779999999999982,0.009017025561338089,1.7837127583132602e-05,6.636240334697941e-06,0.004105881989643949
GUY,2017,0.857501878171676,0.010639999999999945,0.009320722689638915,1.80425860659881e-05,6.708790258986257e-06,0.004052059568198064
GUY,2018,0.914350037778704,0.011259999999999952,0.010301128435353772,1.9054258089340102e-05,7.084159723443451e-06,0.004189678528271217
GUY,2019,0.9245421666339194,0.010769999999999998,0.01043118179354526,1.7936836720153296e-05,6.662881557462151e-06,0.004093625220194862
GUY,2020,0.9186018879094172,0.010389999999999934,0.010648656134751687,1.7150104102461203e-05,6.367475097336244e-06,0.003932127188996418
GUY,2021,0.9284070852118882,0.010219999999999901,0.01054961603857524,1.6726273765946e-05,6.207144208689393e-06,0.00376983866181549
GUY,2022,1.0470672206974367,0.01141003096691889,0.011838183124541008,1.8660665704273076e-05,6.933952774933033e-06,0.0042289745904531915
GUY,2023,1.1068064072098003,0.012326713174552091,0.012786971077865064,2.029664705903367e-05,7.543909305526082e-06,0.004297123224459014
GUY,2024,1.1068064072098003,0.012326713174552091,0.012786971077865064,2.029664705903367e-05,7.543909305526082e-06,0.004297123224459014
HKG,2000,23.241836199388295,0.0657623273540807,0.06429009386769571,0.00011099135187967246,0.00023121439604275438,0.09180573419298405
HKG,2001,25.063064576915995,0.07264036509172343,0.06451829098574356,0.00012254470274718527,0.00025468608876135656,0.09906775238336298
HKG,2002,26.8162033313624,0.08075194964846352,0.06629682942933189,0.00013600687449184714,0.00028198472342753683,0.10119442601784112
HKG,2003,30.165880768264987,0.10237444148807917,0.07526272595876507,0.0001718938844893516,0.00035302571182451245,0.10826787380316842
HKG,2004,30.23004297151967,0.09574930852674532,0.06978173583052007,0.00016086794220536871,0.00033209642520583515,0.11076669338313555
HKG,2005,32.3125766348581,0.10389257953480441,0.07173107924765974,0.00017478208445395816,0.0003606747070875334,0.11667196488925459
HKG,2006,32.58635550409287,0.10374194511014236,0.06969093038542336,0.00017466159351011044,0.0003605657747791231,0.11845266798322693
HKG,2007,34.17266431582089,0.11307792687369754,0.07232469836177165,0.00019016501837928332,0.0003918240194273815,0.12026365886543039
HKG,2008,32.616599517817484,0.10368535506327387,0.06643507332344857,0.00017458264486805268,0.0003605385895232086,0.11790261457047745
HKG,2009,33.391273609903095,0.10827240963785431,0.06743050484890321,0.0001822752012833819,0.0003757586409968505,0.1210812327239698
HKG,2010,31.403775918614905,0.09418071815690822,0.06128864613315156,0.00015864679386982667,0.0003296689210483691,0.11491821807198273
HKG,2011,34.30787131774369,0.11198629023621466,0.06935714331180762,0.00017575115233460305,0.0003615010090017487,0.1268028313960479
HKG,2012,33.897794329128565,0.11199356212763795,0.07463766094793668,0.0001621600302210606,0.00033071197939431383,0.12572616171582263
HKG,2013,34.88368498390198,0.11762493117353272,0.07177638685835555,0.00016074425456228013,0.00032678284120920686,0.12402935301754402
HKG,2014,36.092478771711974,0.12329489078087034,0.074823388240007,0.00015715127664219354,0.000317378989955968,0.12708317636666988
HKG,2015,32.03004694156109,0.10157349622906148,0.05559865293234939,0.00012087582958069236,0.0002448301912774523,0.11571113351781467
HKG,2016,32.29200194751126,0.1019228897125713,0.051389680306849046,0.00011892300424801379,0.0002399902120650366,0.11533489192463713
HKG,2017,30.64117093050707,0.0956422998538545,0.04454666115550999,0.00010959274333349273,0.00022063280504024967,0.11089388794493549
HKG,2018,30.937671447752667,0.09789518784173143,0.0410093041707244,0.00011049258374339473,0.00022152857757309175,0.11476703442053093
HKG,2019,30.056771908119682,0.09352824452116114,0.03612917236218702,0.00010405057296302541,0.0002085577459433943,0.11494814527238904
HKG,2020,22.610003516943184,0.04985106035317645,0.026027527011947625,5.735626621824154e-05,0.00011745954266178984,0.08709828125686546
HKG,2021,24.039678872528697,0.05542830467062277,0.026793469470408168,6.12063844269434e-05,0.00012507511123484953,0.09012114500226967
HKG,2022,23.647733551400886,0.05445758515352889,0.025683478496030154,5.918409659874867e-05,0.00011937965203311386,0.09251774204743
HKG,2023,24.190033967423865,0.05357182076201576,0.025699190079398113,5.9678814946661945e-05,0.00011493129100621565,0.09613021285618002
HKG,2024,24.076217041338868,0.0537542971043897,0.025525603562766105,5.997399400887075e-05,0.00011509964427239465,0.09569163128290262
HND,2000,1.043932535402547,0.015239999999999976,0.011657027183042384,2.69470870316764e-05,1.0107097903347504e-05,0.00674193709590957
HND,2001,1.313922820228119,0.019539999999999953,0.014435569686487279,3.46876362015359e-05,1.3009460610882606e-05,0.008389697300362027
HND,2002,1.488719149179922,0.02052999999999987,0.016167269002535543,3.58397093897005e-05,1.3445494228421701e-05,0.00917334755425287
HND,2003,2.187366203749786,0.02944740153560064,0.023096228618244587,5.111611288499505e-05,1.9178465615885317e-05,0.014013713013112175
HND,2004,2.3047314122187963,0.03107999999999988,0.02481583513077998,5.397189325072369e-05,2.0249791783048e-05,0.01481252847300582
HND,2005,2.9204944368747143,0.044834079199574495,0.03290768743300301,8.011730769612481e-05,3.004423561924049e-05,0.01857038970179841
HND,2006,2.7389301716892827,0.04247999999999993,0.031070788575403536,7.606848231096359e-05,2.8524889731537455e-05,0.016951904846096013
HND,2007,2.5974627196669755,0.04038999999999988,0.029169295619000217,7.236349295692524e-05,2.7135314168721566e-05,0.015042287262427888
HND,2008,2.622916660108231,0.04050999999999987,0.028748092457187884,7.247927253849758e-05,2.7179371850648084e-05,0.015287799037427352
HND,2009,2.3023570595087857,0.035689999999999694,0.023124610980666833,6.390289270149741e-05,2.396296423257857e-05,0.013421398982490614
HND,2010,2.3054964814253553,0.03573999999999978,0.02477640709271528,6.399289908719343e-05,2.3996712636154567e-05,0.01293648571974547
HND,2011,2.734396362580703,0.04102506790097635,0.027887979172799112,7.094171532239893e-05,2.715395749727801e-05,0.014567511291850285
HND,2012,2.7375357844972794,0.041075067900976585,0.027987906481615466,6.958013856686433e-05,2.6483884946203194e-05,0.014571087672735378
HND,2013,2.9889313700438627,0.04487506790097648,0.03038370147732057,7.453619064361323e-05,2.8216258140345432e-05,0.015293524980656373
HND,2014,3.614377277448676,0.05014841632341552,0.038494061467271586,8.018699592837667e-05,3.0307168953139822e-05,0.01816998429822694
HND,2015,3.35398718368805,0.051993393689756626,0.037821437712177504,8.36234988120919e-05,3.139390881573679e-05,0.01641278136240258
HND,2016,3.0615195125534047,0.04741502263365872,0.033998352471516634,7.492827170327068e-05,2.7997773485926608e-05,0.014950152178158184
HND,2017,2.6438285517542264,0.04174,0.029252600568366,6.497526567762517e-05,2.4171188602158162e-05,0.0124932096972808
HND,2018,2.5346517229818217,0.03857499999999987,0.027061034855608415,6.027998703273691e-05,2.4537579329003415e-05,0.011614125293001541
HND,2019,3.468255917539851,0.05184769684487823,0.03604484935820581,7.901278047369824e-05,3.245908573024471e-05,0.015329290028447873
HND,2020,3.2727166545226964,0.04965469684487812,0.03373576598928934,7.400940688194223e-05,3.0143500643082298e-05,0.013990254813377644
HND,2021,3.046597332309087,0.04660837105609796,0.031560245825904304,6.995173317869627e-05,2.8949440778909364e-05,0.012353132246112756
HND,2022,3.336116417572128,0.0510934707715813,0.0343205610977438,7.647983084879331e-05,3.099063995288541e-05,0.013471375614238395
HND,2023,3.612937592596035,0.05561927992015896,0.037334058267524145,8.316510232390024e-05,3.3447046475237775e-05,0.014034185754340867
HND,2024,3.5245236587577544,0.05424120373852953,0.036408766514951375,8.110575088705138e-05,3.262635562395941e-05,0.013690935204417496
HRV,2000,3.2149843603877573,0.01945523751942007,0.007693224202504386,4.229417052936966e-05,1.8528586190813564e-05,0.01594938720804049
HRV,2001,3.415391681969899,0.016597191352744695,0.0069417783279454625,5.470435295534709e-05,2.3125387896966758e-05,0.01668331965145729
HRV,2002,4.508391149942668,0.018008349856171574,0.009268824962285968,5.705052011236101e-05,2.525274551709196e-05,0.021509687413683993
HRV,2003,5.314747354189841,0.02206074955668862,0.00895387943059029,9.969203023762999e-05,4.086375588548457e-05,0.026794284225151073
HRV,2004,4.057407732765158,0.013275763776440819,0.006493572412873766,5.066362988091236e-05,2.2908893617657897e-05,0.01889895653730981
HRV,2005,4.132889844668501,0.018126673672779307,0.007055983988825617,5.830515175045657e-05,2.5555758573539536e-05,0.01911066177850917
HRV,2006,4.166567761347481,0.01688159131688462,0.006620031834382677,5.4357777068893994e-05,2.4149629525948977e-05,0.019409755132263066
HRV,2007,4.9450292764110975,0.02511155960821834,0.008294576398457949,6.531399929648695e-05,2.8798870085091975e-05,0.022468728170059713
HRV,2008,4.550819188971301,0.02286578476447501,0.007500381736939149,5.6083345339576114e-05,2.5296602755590472e-05,0.020378505237334157
HRV,2009,3.7995131665629014,0.024885789016990283,0.0066503722634676824,5.7165381890012085e-05,2.4424362284092708e-05,0.017816579910526025
HRV,2010,3.3568952065161843,0.007834665219304777,0.0048461273376422575,2.9602912460198598e-05,1.527100054210325e-05,0.01338232307535498
HRV,2011,3.641123588194583,0.009461150244330654,0.005275959699378637,3.478367145838147e-05,1.7298200059870413e-05,0.014904559417319357
HRV,2012,3.2611413761439736,0.007428565854477723,0.0047045887533478685,2.4412728268955178e-05,1.3113813858873047e-05,0.013230908310785574
HRV,2013,3.0333257764402335,0.005754366837779929,0.004857660343342128,1.7706513145252404e-05,1.0624858846648686e-05,0.011422134018558803
HRV,2014,2.5459833262893654,0.003376499344594148,0.004272350566781296,1.5498244422905218e-05,9.284866061226713e-06,0.009151188230486839
HRV,2015,2.605028319996035,0.004544304262539272,0.004164968099829711,2.0889857041310292e-05,1.105197215456091e-05,0.009556092470259302
HRV,2016,2.837267923199742,0.003037806523482302,0.0041585493304142785,1.3447522629847194e-05,8.574408111807943e-06,0.010161153647398245
HRV,2017,2.4365828308766813,0.0016432555055174844,0.002481652717551224,1.787781700830626e-05,9.133974652659897e-06,0.009555089300607339
HRV,2018,1.9529898363505844,0.0003257435023848652,0.0014770191776940708,8.631520116781422e-06,5.0241839337948635e-06,0.0075190212864721315
HRV,2019,2.2470068890352786,0.00022476603485128106,0.0015087551807171958,6.023097760559583e-06,4.000360500337945e-06,0.008733352159214355
HRV,2020,2.2016747857368673,0.00043853500904609047,0.001531533577126936,3.8132041141281075e-06,2.8491654125918627e-06,0.008495944463971427
HRV,2021,2.286274000292136,0.00027623795467347095,0.001252479707123604,4.38870124450216e-06,3.111902980093687e-06,0.008580894277072256
HRV,2022,2.5381553499720955,0.00029476972183487145,0.001370529943686216,3.649560260202063e-05,1.0359618942805747e-05,0.009927263127750632
HRV,2023,2.540136362847662,0.00027116487124058554,0.0013773980676316311,4.715333224054149e-06,3.6861156907118475e-06,0.010065974413326689
HRV,2024,1.8462432598628373,0.0001622387029492414,0.001013845682563,2.4526926195934104e-06,2.504492388066854e-06,0.007296716635938466
HRV,2025,1.6084204142868095,0.00014371676240445506,0.000880358041602331,3.8109186349185447e-07,1.7328616885653027e-06,0.006360774630708476
HTI,2000,0.20431442562498003,0.0012867376310269,0.00257724089179882,1.6253432992361055e-06,6.138810630092086e-07,0.001319505771337364
HTI,2001,0.24036991249997652,0.0014661535441973389,0.003034779026810519,1.8096451275683997e-06,6.838790464928325e-07,0.001534816790562462
HTI,2002,0.22835141687497768,0.000966766178168586,0.0029074657834714107,8.025168427411108e-07,3.069471457441993e-07,0.0014070799805686368
HTI,2003,0.21633292124997883,0.0009312829309752361,0.002753554286592144,7.934081285964312e-07,3.0317911581003885e-07,0.0013859716166814001
HTI,2004,0.22835141687497768,0.0011043043961640679,0.0028995774719114188,1.0984095233683758e-06,4.1758270970722745e-07,0.0014676165067995899
HTI,2005,0.22835141687497768,0.001089906723422911,0.002900402449500797,1.0674351073532345e-06,4.060012404495218e-07,0.001452005779152962
HTI,2006,0.2403699124999765,0.00114010664270391,0.0030534657583191297,1.1082045163754583e-06,4.2160734230148165e-07,0.00148770783814869
HTI,2007,0.24036991249997652,0.001353375813611271,0.0030412461602682527,1.567020891886666e-06,5.93160786450604e-07,0.0013920173890052548
HTI,2008,0.24036991249997652,0.001353375813611271,0.003041246160268222,1.567020891886666e-06,5.93160786450604e-07,0.0014010078828780041
HTI,2009,0.40862885124996007,0.002858318854747293,0.005138160211932201,3.863484520605883e-06,1.4568899421134022e-06,0.0023820679011241318
HTI,2010,0.40862885124996007,0.0025734752620538075,0.005154483858678276,3.2506865984723305e-06,1.2277621260184572e-06,0.0022928776259085867
HTI,2011,0.8159199271001576,0.007979999999999958,0.010129231650512953,1.2345395912982114e-05,4.637723936852952e-06,0.004398782826236202
HTI,2012,0.8779345023262008,0.009619999999999927,0.010839875208617927,1.5145095326744394e-05,5.680660989709973e-06,0.004728490754272297
HTI,2013,0.7211097374999295,0.007254740530597924,0.008940633788057517,1.088336359079998e-05,4.08312063918734e-06,0.00372957138412586
HTI,2014,0.9385024811789197,0.009809999999999945,0.011614856722777896,1.4611271288240268e-05,5.476232385971852e-06,0.004768583706701707
HTI,2015,0.9416902695395888,0.009819999999999943,0.01154056658906696,1.4327304555364882e-05,5.366861633817605e-06,0.004644077759807855
HTI,2016,0.9980063982615942,0.010879999999999928,0.01237069662635934,1.5787319651296212e-05,5.903048669847257e-06,0.004889074827341729
HTI,2017,0.7331282331249284,0.00878509835421359,0.00943638009371022,1.2838709385793794e-05,4.788688309484429e-06,0.003464341417051929
HTI,2018,0.6730357549999343,0.008128143731643545,0.00858027821363938,1.1659398626637912e-05,4.342410630917199e-06,0.00308394305788235
HTI,2019,0.8704464973907251,0.010519999999999979,0.010944771188005667,1.4776341922159784e-05,5.495257285225889e-06,0.003854104077829281
HTI,2020,0.845234389169927,0.010199999999999921,0.010464799338376327,1.4013121971783884e-05,5.203600188487189e-06,0.003618073472822688
HTI,2021,0.848277078198318,0.01032999999999993,0.01055269262475288,1.4230830543183885e-05,5.283925622780989e-06,0.00344446716990969
HTI,2022,0.6489987637499365,0.007889030845218995,0.00806646366653741,1.086743317821285e-05,4.035253836061369e-06,0.002622002100962134
HTI,2023,0.5167953118749494,0.00638871647611428,0.006480052919241594,8.842782318589388e-06,3.2828437493954013e-06,0.002006361071133474
HTI,2024,0.5481162398673706,0.0067759114140606,0.006872783399195629,9.378708519716017e-06,3.481803976631486e-06,0.0021279587118082297
HUN,2000,14.538375201732087,0.27545929299244704,0.022660494818084805,0.00012707076959388156,0.0001820339098297273,0.06371883371155002
HUN,2001,15.706643608683748,0.23924974788572195,0.025040280501987037,0.00023645617226857138,0.0002348861852205162,0.06930591523571905
HUN,2002,15.183274823844366,0.19231478087988255,0.023375613555419276,8.870293383025414e-05,0.00018058107040877223,0.06183969809104207
HUN,2003,15.668619795185283,0.1685925973223119,0.02530054208485742,7.673577802761324e-05,0.00018137753184179048,0.06292871107757039
HUN,2004,14.211227563691008,0.09512175067357607,0.02469655410052911,6.787172517766008e-05,0.00016582605945689852,0.05668123492168357
HUN,2005,12.639568850287173,0.013452735448006162,0.02122188450910385,6.424280510340906e-05,0.00014553156569245418,0.05058536349676298
HUN,2006,12.77698181156789,0.010691668734793167,0.01859928740523395,0.00010759972514027158,0.00016075475414599363,0.05207371806364397
HUN,2007,13.888938772348089,0.015765355397085023,0.019578773678018992,7.23827476016634e-05,0.0001505530584104482,0.05609987836384947
HUN,2008,13.496972449600037,0.014907517877401733,0.019454666034517815,6.380196688605768e-05,0.00014351481591240401,0.05483432141840953
HUN,2009,11.180550358391294,0.011828565113823892,0.017989092455735364,0.00014799975795525098,0.00016623922474995505,0.044974021902524745
HUN,2010,11.695617322386495,0.011542747961081888,0.01992206725425081,0.00016574011862976538,0.00017374608652243054,0.04607149433684858
HUN,2011,10.998563142432802,0.013801308034233802,0.016918618964262527,0.0001316572601559649,0.00016764398708718137,0.04375874545351479
HUN,2012,10.412454219024625,0.01014289260814975,0.016561489037087984,0.00010200175709229709,0.00015241204000179093,0.04107573928496876
HUN,2013,8.745198096188036,0.01062461622195257,0.015036689391129511,7.028581250447688e-05,0.00013929984400791196,0.03251997032219795
HUN,2014,7.99747282050708,0.010338746841427342,0.012652424164886735,7.514214575678406e-05,0.00013410427376440894,0.029342376422944225
HUN,2015,8.330955074259135,0.008481247870065057,0.01248810761196683,0.00010313622044605413,0.00014175957352704604,0.030930777682069744
HUN,2016,8.592095585902138,0.007471588049979755,0.009307806013093493,0.00012023990291865171,0.00013559170976426687,0.03203296049342582
HUN,2017,8.486052815869705,0.011602068570090305,0.00892509117439826,9.90777836945926e-05,0.00010307366502284606,0.03238952436744241
HUN,2018,8.037501473089586,0.011328820067634266,0.00860483528800776,6.525072059291043e-05,8.096316657275632e-05,0.030967745215450804
HUN,2019,7.875626467621185,0.0072343513976552845,0.0072138443858714195,8.310438383478146e-05,6.250408216097857e-05,0.030869670917872464
HUN,2020,7.672080099648859,0.008387180273520471,0.0066435701134435,5.8374428024929465e-05,3.7474686210140415e-05,0.029737197483660296
HUN,2021,7.156872857962495,0.005102577489218508,0.005796542836405769,0.0002603306518959789,7.072749800950359e-05,0.02701879101702246
HUN,2022,6.772597663397551,0.004835225138930643,0.005467716741645707,0.0002172453369553413,6.850116043785959e-05,0.02650709567656544
HUN,2023,5.6818886201833765,0.004147812576016465,0.004576107913780406,0.00022400320506137298,7.338433733852747e-05,0.022496951114047755
HUN,2024,5.557994787448071,0.004051577384777469,0.004478476771327734,0.00021451527956736936,7.066846491388446e-05,0.022007132462925755
HUN,2025,4.798700362844563,0.002472377219864672,0.003404563585936192,0.00019018149658035741,5.879339256171296e-05,0.01890219493869701
IDN,2000,57.620950577466544,0.21768829131074907,0.2455107582791036,0.000260675702634422,0.00021060942531027406,0.25478406290612077
IDN,2001,64.82511739025558,0.2644793104070711,0.2948290848409056,0.00028776954137048143,0.00024146395699842468,0.281892181272579
IDN,2002,69.70904860795427,0.2877218150658413,0.33301426186883193,0.00034673001282240786,0.00026480109298306575,0.30138149219944027
IDN,2003,82.85450320955081,0.3459318782745036,0.40682752867808747,0.00044344323459217453,0.00031896290571547576,0.3683092437882069
IDN,2004,85.80824339589995,0.3565642049801383,0.4391340050987037,0.0004423309634485259,0.00031682860755785636,0.3884919157993876
IDN,2005,91.81870955486288,0.418355013091803,0.4949262125828715,0.0004496210478290634,0.0003330370774099291,0.41037509275528894
IDN,2006,98.51122305203187,0.433000503880028,0.5007894193152498,0.00048321716259695633,0.00036461171445513734,0.4285968657196991
IDN,2007,109.45684771148609,0.4828442921005536,0.5577497783896967,0.0005569531976578703,0.00041755953623794713,0.4554534277721278
IDN,2008,123.2090117949642,0.5611546885967649,0.5214756636400053,0.0006336170887152922,0.0004777640095444706,0.5127234632998718
IDN,2009,123.44819066162142,0.5279326788824641,0.511566849948443,0.0006109180884054915,0.0004728512282072506,0.5144352329112915
IDN,2010,119.51028700244942,0.5126503391524618,0.5377472626056126,0.0005419167597730908,0.00043438723604137617,0.48977595206989666
IDN,2011,145.20405106194661,0.6720319868475304,0.6598734684538343,0.0006471709473083703,0.0005327855856447708,0.5939565908887645
IDN,2012,142.7994260885162,0.7088761713697342,0.6553377162313456,0.0006272338682539368,0.0005738815322827065,0.5735816638417415
IDN,2013,144.2728047457428,0.742038201314209,0.6396855497529068,0.0006110472830333686,0.0006000144067582709,0.5539149793609532
IDN,2014,169.11995998930365,0.8543253244109821,0.7234072194997494,0.000695348993976352,0.0006761769480734735,0.6445741714707911
IDN,2015,181.4804122086108,0.9272834404826181,0.7775907374095771,0.0007657314237757144,0.0007241376720123517,0.6913898019425974
IDN,2016,187.16322504952302,0.9856676371684853,0.8068139878831875,0.0007854039921852793,0.0007585642440417221,0.693079251701478
IDN,2017,195.77039099347573,0.9499304373808192,0.826249431438347,0.0007487046559446885,0.0007760308778676302,0.7201595701984254
IDN,2018,211.1678758263423,0.9798093492249063,0.9230095852062788,0.0009093722467505858,0.0008762674664092676,0.7927496593841958
IDN,2019,224.5277016578607,0.9938980284392558,0.9543873173940678,0.0008976158215876622,0.0009077643539387443,0.8609760891717042
IDN,2020,230.50807092495765,1.0140837680889925,0.9728517403150895,0.0009104883953844282,0.000931563225072594,0.8851171557249956
IDN,2021,244.6473455233352,1.0698724421461123,1.032949561113596,0.0009379834166073158,0.000953055437163916,0.9128614429219395
IDN,2022,214.13407194850478,0.9124019887694962,0.9209661160431405,0.0008113658915384603,0.000816773286943431,0.8406887832783744
IDN,2023,224.5030443705609,0.8820039911888725,0.9650770493695705,0.0008329422068991476,0.0008255583882524319,0.9003570547779853
IDN,2024,238.3907863839042,0.9299767231906804,1.020505457622508,0.0008783639626163772,0.0008720157032649462,0.95585147429514
IND,2000,478.63733060247705,2.633925289630403,2.0871815203141404,0.002856713495428597,0.004340511889743743,1.6160189049608267
IND,2001,492.9590138883634,2.724587768761199,2.131983249600478,0.0029219517961414786,0.004430841890817918,1.6640234354089214
IND,2002,502.4439532155818,2.7852790955104356,2.139635527068755,0.0030061737305417447,0.00460233295338859,1.6842649712167002
IND,2003,524.0804344864976,2.896399095546702,2.1879350331158505,0.003097905850593949,0.004884376285079113,1.8110758646782006
IND,2004,574.2232640653767,3.144047112170002,2.3631894544930256,0.00334019325094728,0.005176363431050778,1.8697438013767567
IND,2005,592.3604162252751,3.2284012944586897,2.4025689704982307,0.003375792978735941,0.005219320018198271,1.8847294087512174
IND,2006,621.1173732445872,3.3856049689764456,2.4182509905715404,0.0035263428955229414,0.0054473967840766285,1.8973232867938787
IND,2007,684.2934457063872,3.7233118106784278,2.5506813611603865,0.0038702051108789547,0.0060327249954991455,2.001447433268384
IND,2008,716.6812920175928,3.914347435068591,2.5704008116205572,0.00411634225453049,0.0061645539707311766,2.017798454009647
IND,2009,789.2023566761927,4.209813823512626,2.6817916971230322,0.0044014050509168165,0.0066679438513219565,2.267763540034478
IND,2010,825.6780719575507,4.324106649041786,2.6639173422391234,0.004496309654122714,0.006914924288894715,2.2016470815334213
IND,2011,874.05194383418,4.551808224762583,2.6950317088062294,0.0046666395718312275,0.007038509211226261,2.2568186368644847
IND,2012,963.8730337260793,5.025920014816944,2.8552871261405603,0.005084042128846739,0.007617263789113379,2.305970645216198
IND,2013,987.5642968910663,5.169017652985804,2.85244160670555,0.005175169419266806,0.007470567613887834,1.4768660834522755
IND,2014,1118.5785931477442,5.825448694734736,3.136014270080422,0.005784946158874843,0.008108212612674418,1.6093183183812063
IND,2015,1116.8731382354642,5.813139347793808,3.0686555611202646,0.005733339928371121,0.00780572245995888,1.6885508974315169
IND,2016,1096.7759118244344,5.77961838720398,2.899274822358479,0.005563646530102952,0.007523673820782605,1.7269900532784221
IND,2017,1163.7579778276593,6.197372771986881,2.9738442756007486,0.005851593374356647,0.007591850791793817,1.7319301477180182
IND,2018,1223.0145135652695,6.581172350764514,3.022819126762758,0.006102185494413512,0.00755425215763359,1.863052236833001
IND,2019,1215.2684991329268,6.535587441405876,2.872206507944527,0.005947807018134294,0.007162160517887765,1.7947444354770459
IND,2020,1141.2898178410076,6.175880291627242,2.5942039000971997,0.0055205303803068165,0.006448314610544706,1.6846353369056377
IND,2021,1267.939022675744,6.307966107818553,2.7768525009695972,0.005337754353378172,0.006230271636116342,1.9004649108213953
IND,2022,1376.6528328443785,6.268719807016413,2.9152781715621368,0.0049749666538122985,0.005568554902078817,2.167259652746244
IND,2023,1511.1839755915505,6.208827313144282,3.0613445933592014,0.00453106201769095,0.004964694253980707,2.3654829980018546
IND,2024,1588.7142293476938,6.520304459255347,3.2163823083957728,0.004758627586652377,0.005215784387162348,2.4909871195191595
IND,2025,1539.5008435074292,6.332882119159012,3.120888281767983,0.004621620869310352,0.005061341784866257,2.405836380237034
IRL,2000,17.38539207351957,0.105153045735787,0.04500452497210756,0.00014838326526224823,7.962605884718666e-05,0.08286244102502875
IRL,2001,18.8329962577173,0.10389402952389631,0.0468480953231253,0.00017182697292160114,9.071449944080355e-05,0.090257255232778
IRL,2002,18.035921735729293,0.08514264435357813,0.04261399416769214,0.00013684064132782025,7.823030992979639e-05,0.0819315719204865
IRL,2003,16.973481533331316,0.06541075684341277,0.03853510249331474,0.00010446563259172321,6.555792624302295e-05,0.07705639968818898
IRL,2004,16.270081018251776,0.05802728331047362,0.03599170173978547,0.00010811793282287424,5.9871498944633896e-05,0.0744710572240793
IRL,2005,17.629536070035584,0.06463561720466252,0.03844621099113382,0.00012797552918911924,7.27424347750317e-05,0.08010331744139548
IRL,2006,16.707157961413117,0.055445191195985205,0.03492869117730234,0.00011067214026178111,6.464608657152849e-05,0.07601804971378714
IRL,2007,15.047078181235342,0.053670058183653155,0.030613323936813763,9.416116874615756e-05,5.553862390796781e-05,0.06763518666325766
IRL,2008,15.260652399841497,0.05086882210795817,0.02579129419606147,0.00010291386871957906,6.255837629937962e-05,0.0699354171372263
IRL,2009,13.273689048546757,0.035225370691741205,0.01523397711554215,8.16386138133245e-05,5.30581189183644e-05,0.06112950633229253
IRL,2010,12.859344363070008,0.018696137296217767,0.012247188691684011,5.498890759250285e-05,4.051882965292121e-05,0.05711273887381495
IRL,2011,11.58345785603867,0.020269140939043754,0.008703013138251926,4.7162328954646414e-05,3.5163661335967585e-05,0.05086637771901944
IRL,2012,12.247997349722423,0.019979825382284263,0.010650419127775588,5.2668394078632626e-05,3.7504399028263934e-05,0.05268499514009531
IRL,2013,10.96135456327124,0.020250311749057066,0.009377118882110782,4.8270488590801874e-05,3.271753587110688e-05,0.0465744690194963
IRL,2014,10.571959266458004,0.014350859503776537,0.007814003415600155,4.78442656520597e-05,3.0124958273688738e-05,0.045123187905178386
IRL,2015,11.323543730014432,0.011114195788831223,0.009599205846497398,4.008909951678256e-05,2.6341803197354354e-05,0.04706337592842987
IRL,2016,12.111351140409232,0.00798809437649734,0.008257217956278913,3.8377663641467425e-05,2.5921840539622904e-05,0.04983711533425583
IRL,2017,11.104423249019828,0.008713921373195009,0.008010309679478736,3.3065697571274605e-05,2.2431103089874818e-05,0.0458993651550204
IRL,2018,9.808973739345221,0.007865953542205015,0.006838339198402455,3.1651060401839284e-05,1.972730920835425e-05,0.04067954371351465
IRL,2019,8.37665090621261,0.0076526590379609825,0.006203972674210359,3.309785148945903e-05,1.7382298435898665e-05,0.034546666727339304
IRL,2020,7.88227731404569,0.004184544709754122,0.0054940477196967295,2.1892319100060594e-05,1.2905023162370699e-05,0.03109052492696362
IRL,2021,10.325714087606567,0.0038238378087131607,0.008530677346620021,2.9203628089545334e-05,1.5296754370458187e-05,0.039359018150373945
IRL,2022,10.269558085041087,0.003003562161083453,0.007676797826637721,2.2207423243045838e-05,1.352311261270885e-05,0.040228320004302605
IRL,2023,7.418005047738344,0.0012670476350217976,0.00480957613767697,9.490084234224763e-06,8.391617999786282e-06,0.02908435995521925
IRL,2024,6.9070912286420025,0.0013453700236350924,0.004768323554275786,1.190872114604604e-05,8.933376649029888e-06,0.027014198668646423
IRL,2025,6.390218149401924,0.00123562427537258,0.004522306832850023,1.2258295248225847e-05,8.851313748427477e-06,0.024932132277541378
IRN,2000,74.86968379980567,0.3227838941678904,0.1662644371767348,0.0005642905720935651,0.000276962227734606,0.4114651363284588
IRN,2001,81.6324963678416,0.34093175792461006,0.18099471999768063,0.0005922239215457247,0.000292404636721145,0.44686348094804784
IRN,2002,86.03572776731181,0.31692075168001654,0.18116069694238413,0.0005488833116159532,0.0002835031437735255,0.4540765584191607
IRN,2003,88.20521578435299,0.25451258930095016,0.1731794937978942,0.0004361309993197251,0.0002471206197112464,0.4643568854125535
IRN,2004,97.84884646740011,0.2982970891284381,0.19764148953984026,0.0005068025528198952,0.00027961656952810637,0.5146220786566278
IRN,2005,104.26370617999014,0.32447662702986707,0.2025374974803143,0.0005573620844384159,0.000305950292813335,0.5410822895944202
IRN,2006,113.90398515781874,0.40094755245619657,0.24322986454730824,0.0006703386787726883,0.00034821239039676286,0.6045684424232984
IRN,2007,119.88421834437766,0.4396419135443583,0.2506397386862669,0.0007425238782614196,0.00037970582759201264,0.6171262815735417
IRN,2008,130.26999631750238,0.6401637615168091,0.2778529292316893,0.0010844712861108618,0.000499305933132126,0.6863800144026178
IRN,2009,138.04227797643216,0.4939620478498182,0.27525612445571734,0.0008386494731306867,0.0004295548263796382,0.7073633827681448
IRN,2010,141.8978342988902,0.46971832791510615,0.2848672922470873,0.0007837440712313759,0.00041211046457265144,0.6961256379169964
IRN,2011,147.54908876139447,0.648526124590939,0.3504255654201548,0.001045824931356158,0.0004955033230442198,0.7322953104779262
IRN,2012,154.4744902555616,0.7494297085657226,0.3520727916675415,0.0012352425670914917,0.0005831168151545934,0.7619639642288405
IRN,2013,160.1952274444959,0.8251899659344603,0.42110069454198085,0.0013068794822388324,0.0006148831190832736,0.7841772130795015
IRN,2014,165.99929654666465,0.5616942716248224,0.35692137228633913,0.00086526855858377,0.00045619861340841987,0.7966797084101419
IRN,2015,166.74312091071437,0.38093350444872487,0.32324918416848014,0.0005847752545031387,0.00037135776008184035,0.7818032896735222
IRN,2016,166.32289665101524,0.26283234484034645,0.30466201643413404,0.00039183432539533684,0.0003073788719856098,0.7556450262829809
IRN,2017,178.33670531856157,0.21692360966603352,0.3158667795068425,0.0003300205622400416,0.00030541805708235697,0.790493892092923
IRN,2018,176.11280075732788,0.21520338439914358,0.31352113614457955,0.0003148496087572373,0.00029288754268776997,0.7498844335366177
IRN,2019,159.75900208114035,0.2007658819768591,0.28599497639796123,0.00028917954193566456,0.00026515067859111724,0.6567472755159596
IRN,2020,179.2154183537427,0.239206521927519,0.3235800674172017,0.00035015419692484165,0.0003062700019861485,0.708016322919898
IRN,2021,190.22633832758754,0.23603023105226056,0.3436232966403139,0.00036049610251122463,0.00032290877931010506,0.7288910555896966
IRN,2022,192.60844898956563,0.1961899929928773,0.3447285898283023,0.000298229723952511,0.0003059322689278851,0.7521402542591898
IRN,2023,194.85217467730024,0.17936344804644666,0.3491796668760983,0.0002781665259681847,0.000303414396441074,0.7598570533594842
IRN,2024,203.45516612615768,0.17075310132258367,0.36167155206616924,0.0002668905141217009,0.0003104260207446659,0.7934436875906438
IRN,2025,204.3891904008976,0.11683501776731299,0.35362516659494736,0.00019018762356457072,0.00029090094018440334,0.7972159852674698
IRQ,2000,25.5376008406128,0.3532628311743978,0.060080501823097474,0.0006360132410254751,0.00024260300710214066,0.16026276202173764
IRQ,2001,23.80599240499796,0.332303444101653,0.05148781394401517,0.0005982536528587967,0.0002279510695267114,0.1481359015045477
IRQ,2002,28.7579518006627,0.41795961319732566,0.07563342795778086,0.0007523290636241087,0.0002852965412725639,0.17414017937667428
IRQ,2003,21.38515532062307,0.3141143629781073,0.056098971100773325,0.0005653815354061825,0.00021414096562893072,0.13454801374199807
IRQ,2004,30.906105317059303,0.4752540733886972,0.09022439022274968,0.0008552572820874982,0.00032226610085155446,0.1969752723242972
IRQ,2005,15.088672552498885,0.16485061945815307,0.047671074158707444,0.000291278304804029,0.00011352064401721798,0.0902342487479098
IRQ,2006,15.96091129749896,0.1609850907598522,0.04381948634477525,0.0002868448231107109,0.00011365533908384703,0.09216200603229285
IRQ,2007,15.75284290796602,0.15577826700442177,0.046852383037101424,0.0002741596286116127,0.00010831204916676371,0.08681382063075507
IRQ,2008,18.708437438123838,0.19066167392805974,0.04502564008811753,0.000343748352694858,0.00013676684307437949,0.10272277698428031
IRQ,2009,22.57307527499874,0.18212340049838693,0.06361833037358779,0.0003200023800539104,0.00013099921990698013,0.12196193631321081
IRQ,2010,31.840118231996076,0.323048910988137,0.09695043842464995,0.0005667864123954779,0.00022264157139904747,0.16981512292565867
IRQ,2011,38.25529941222395,0.38896038086224405,0.127526479839937,0.0006720816367823989,0.00026386365298901006,0.19859353077594175
IRQ,2012,30.831068924485326,0.3484878158716484,0.11828948825900557,0.0005930557397796302,0.00022886500986506026,0.1614131488280275
IRQ,2013,40.23979885813665,0.46263700472572783,0.14822744293474613,0.0007760359635697035,0.00029854911859081897,0.20420104010170387
IRQ,2014,49.899542433627204,0.5751840016769509,0.18321536959539172,0.0009512936249554114,0.0003655948771686398,0.24986814657030765
IRQ,2015,50.80513996054779,0.6150344456016384,0.18872653573075102,0.001028367907096747,0.00039771475557167713,0.24697075842834348
IRQ,2016,53.8982112160498,0.654136883915213,0.2013520900064219,0.0010988055528940472,0.0004240521716393131,0.2587989175752759
IRQ,2017,62.0524067644112,0.6458957450836278,0.2149895200973524,0.0010846164935252318,0.0004265968741913649,0.28660063728228946
IRQ,2018,68.5759264945516,0.5848845902125812,0.21649232772742183,0.0009858482659675762,0.00040079602230691096,0.30287224798854306
IRQ,2019,76.53424900691708,0.5789024442588916,0.2300920801984722,0.0009749957846150264,0.00040436367190045967,0.3248971102567514
IRQ,2020,77.18697079400215,0.56512156393302,0.2292699104922146,0.0009603215686405747,0.0004011107715487841,0.3147856147540618
IRQ,2021,81.81247904168501,0.6709960554251647,0.25744219871929636,0.0011608248524311053,0.00047418154372254545,0.3220122443839244
IRQ,2022,69.84335001437175,0.49887295167468754,0.20865837099654977,0.0008782560248420348,0.00036913774043833625,0.27633635493539327
IRQ,2023,96.29812830592005,0.8859328683441666,0.3250107240038933,0.0015792133063036822,0.0006315319772031338,0.3746084054607082
IRQ,2024,98.53982412207873,0.8915769669859701,0.32995062039207357,0.001589455776838753,0.0006374847451477586,0.3833471942230374
ISL,2000,0.0,0.0,0.0,0.0,0.0,0.0
ISL,2001,0.0,0.0,0.0,0.0,0.0,0.0
ISL,2002,0.012018495624998824,9.0172971208657e-05,3.0895476355592004e-05,1.4843178578990838e-08,4.947726192996945e-09,7.4056841082561e-05
ISL,2003,0.012018495624998824,6.539435409839e-05,2.9440662691588e-05,1.4843178578990838e-08,4.947726192996945e-09,7.6998423148968e-05
ISL,2004,0.0,0.0,0.0,0.0,0.0,0.0
ISL,2005,0.0,0.0,0.0,0.0,0.0,0.0
ISL,2006,0.0,0.0,0.0,0.0,0.0,0.0
ISL,2007,0.0,0.0,0.0,0.0,0.0,0.0
ISL,2008,0.0,0.0,0.0,0.0,0.0,0.0
ISL,2009,0.0,0.0,0.0,0.0,0.0,0.0
ISL,2010,0.0,0.0,0.0,0.0,0.0,0.0
ISL,2011,0.0,0.0,0.0,0.0,0.0,0.0
ISL,2012,0.0,0.0,0.0,0.0,0.0,0.0
ISL,2013,0.0,0.0,0.0,0.0,0.0,0.0
ISL,2014,0.0,0.0,0.0,0.0,0.0,0.0
ISL,2015,0.0,0.0,0.0,0.0,0.0,0.0
ISL,2016,0.0,0.0,0.0,0.0,0.0,0.0
ISL,2017,0.0,0.0,0.0,0.0,0.0,0.0
ISL,2018,0.0,0.0,0.0,0.0,0.0,0.0
ISL,2019,0.0,0.0,0.0,0.0,0.0,0.0
ISL,2020,0.0,0.0,0.0,0.0,0.0,0.0
ISL,2021,0.0,0.0,0.0,0.0,0.0,0.0
ISL,2022,0.0,0.0,0.0,0.0,0.0,0.0
ISL,2023,0.0,0.0,0.0,0.0,0.0,0.0
ISL,2024,0.0,0.0,0.0,0.0,0.0,0.0
ISR,2000,33.22820124406084,0.3168420309669181,0.13504854783945885,0.0003542307788694648,0.00033417725581426984,0.14366354657631414
ISR,2001,34.17103982617565,0.32187403096691547,0.10911609545999978,0.0003414900189172592,0.0003556197982184044,0.1411363726704937
ISR,2002,38.19616380079162,0.3586380619338366,0.11438312847024755,0.0003917209375656545,0.00038737654723888744,0.1550740801932895
ISR,2003,39.04294667793559,0.3668410619338358,0.10915163087439167,0.0003970347758498933,0.00039857185285248315,0.1588479762799805
ISR,2004,37.714676506772506,0.31252696339645175,0.08944089840661656,0.0003010923330731527,0.0003664488293040109,0.14612378785931093
ISR,2005,38.68105229294798,0.3160486960738059,0.0850076750008153,0.0003077766134368437,0.0003696065743520557,0.1505153853633133
ISR,2006,39.025698152328665,0.2950004085488152,0.08736078123202376,0.0002679835418309597,0.00035564523539522423,0.1507234574314266
ISR,2007,41.54045947649503,0.3016961514693732,0.09499694323572384,0.0002630446040636577,0.0003685035464609415,0.15701751574563003
ISR,2008,42.49603103840786,0.30180690409259225,0.08907828694487106,0.0002767012817468239,0.00036208977996650497,0.16681989071417364
ISR,2009,39.04171111937961,0.25784416435121726,0.058069074705946466,0.0002135045149585524,0.0003326877859738023,0.14868945664770641
ISR,2010,41.01847102360073,0.25672381361158736,0.06012108311247173,0.0002120211504778293,0.0003343454867573073,0.1553883028390749
ISR,2011,42.218962765137974,0.2812550408810461,0.0809010245878773,0.00022721886045144673,0.00032425617623692114,0.16555559156573021
ISR,2012,50.021559143239074,0.3973826264493948,0.15469792604680074,0.00034774820500541395,0.0003678232788297391,0.20462634457394946
ISR,2013,41.36562976259482,0.24440589519673808,0.06374571775033677,0.0001504566935290901,0.000245664501166673,0.15869629470192648
ISR,2014,39.22440930103557,0.2119413079454983,0.04855145615947732,0.00010353140122034717,0.00020112715992247655,0.14994338205128785
ISR,2015,39.80640128664354,0.21027146944296757,0.04969301089252204,9.187511105043302e-05,0.00017787297887622913,0.15341098748863752
ISR,2016,39.03322034057367,0.17749115144341057,0.044413521908096255,6.814115050250678e-05,0.00014443718562362606,0.15099733577603308
ISR,2017,39.02306379936593,0.16727471349683426,0.04192852143108978,6.055966021320021e-05,0.0001233191938194876,0.15287223719901283
ISR,2018,34.08945337090566,0.1518847843123917,0.03414299195962076,3.935145650036282e-05,9.64167571772673e-05,0.13230811940315487
ISR,2019,41.33449051607307,0.16266624227808754,0.03749547232856823,3.045826182038411e-05,8.78334621450269e-05,0.16234654110622088
ISR,2020,39.604532722079924,0.14368060088490442,0.03277512081052443,1.7200505398118576e-05,6.10383414675138e-05,0.15299831076334766
ISR,2021,32.04386941378447,0.12919090217130413,0.026459550957834366,1.4691365397352673e-05,5.307110852080646e-05,0.1204695060677681
ISR,2022,32.579407959969274,0.12462971341459755,0.026108610214068278,1.1197785064603962e-05,5.3166112682597064e-05,0.12727934422441214
ISR,2023,31.30338324603612,0.10869807187060487,0.024831405286375292,1.0255519506498678e-05,4.99885469389453e-05,0.12376505766471643
ISR,2024,30.581686495322895,0.09520908741169327,0.02412414314023973,8.968840236203215e-06,4.651460051010516e-05,0.12074989127854553
ISR,2025,24.54046660622871,0.022684525338846462,0.018786529992206924,2.609105412256341e-06,2.5954801200683214e-05,0.09609355241462036
ITA,2000,130.75831354401822,0.4183467236125291,0.1369302614080277,0.0020717268753989463,0.0008187315727856137,0.7247469844081047
ITA,2001,134.32425677688315,0.37150200805838307,0.133490162731517,0.0018615615247404862,0.0007487698577008082,0.7218416805716998
ITA,2002,146.34397135062414,0.34141742206764936,0.13832469938415637,0.0021551190042589617,0.0008572760359650848,0.7641794589594793
ITA,2003,147.2538055829928,0.24352848708680416,0.14302732800925588,0.001883604612553688,0.0007641704915465875,0.7679442911945921
ITA,2004,144.82434405320075,0.18996262350958076,0.11660973485900651,0.0014520274869416836,0.000612822939656526,0.719964861781681
ITA,2005,141.7251766893671,0.12794829904478414,0.09273394323698397,0.0012268472997269205,0.0005333926277694886,0.686804165728086
ITA,2006,145.6963516609664,0.12830264717363019,0.08857013961656318,0.0012113870706929454,0.0005318661975793085,0.7030924099659324
ITA,2007,142.3000625283177,0.09222286924520844,0.07899293333916041,0.0009594936571462765,0.00044420142588741916,0.6565171955785243
ITA,2008,139.09314971550015,0.06925918453703332,0.06976064029207756,0.0008618545563646455,0.00040786920045352687,0.6423757194915976
ITA,2009,118.48759807768741,0.05299711044787933,0.05847021020498453,0.0007088091875514441,0.00034152131758231126,0.5418695600152011
ITA,2010,118.01309120656995,0.03381681394105373,0.05197990471421472,0.0006665828837964623,0.0003295814568296722,0.5199542950511931
ITA,2011,118.02374497614034,0.031875726661600476,0.049653657662729445,0.0006228167664811423,0.00030778233253654473,0.5182769662324702
ITA,2012,113.88911261041288,0.03339343308135291,0.04643180859301353,0.0005762872155897122,0.0002826778778363734,0.49235795884195765
ITA,2013,98.74115874242995,0.024347923129632167,0.03984205534575352,0.00045924895955793684,0.00023094133927975606,0.41563617511891815
ITA,2014,89.89568279246139,0.01887271162592088,0.033165588212391545,0.0004081013798247683,0.00020130545594004867,0.3751753362389101
ITA,2015,95.37981412443634,0.016022740378821364,0.03172645678866173,0.0003351684818199852,0.0001775123562454542,0.39655520526746335
ITA,2016,93.91317413316895,0.011045477433210184,0.02886483969767771,0.00031766767904870875,0.0001755628269058684,0.38967757558848537
ITA,2017,95.00865703848078,0.008496004023751526,0.027613598259532034,0.0002922940345582236,0.00016798675530951596,0.3938238012992429
ITA,2018,86.517941691221,0.007834752017733019,0.023652580607509813,0.0002742471258995939,0.00015336095438218207,0.35290087334402037
ITA,2019,83.0767550549112,0.005909358884205459,0.022287343889791394,0.0002566114180732414,0.00014863415862106336,0.3358725742346338
ITA,2020,75.78742734550367,0.0042722247903137335,0.01959962526065042,0.00023696651338952707,0.0001350524750005699,0.2976953809524713
ITA,2021,79.29600340382842,0.00421108321891097,0.02249454342744782,0.00020503734840811755,0.0001268318510856441,0.302069133640193
ITA,2022,90.12893911052186,0.006077235833312765,0.026264503783671365,0.0002603614819673581,0.00014396886173548954,0.35308476117068616
ITA,2023,72.340394103553,0.00460873956003255,0.0204916336795594,0.00020678923157102372,0.0001160626717687197,0.2840557812034128
ITA,2024,59.69725933016315,0.00288499698324737,0.01720150372325001,0.00017406375890980017,0.00010344161324261991,0.23334303138893436
ITA,2025,58.773517759058485,0.002003575403568673,0.014975936744734832,0.00010978143456089338,8.312825081142626e-05,0.22974384075557636
JAM,2000,5.54581959427858,0.08432999999999956,0.033262683455072696,0.00015040146969756826,5.640291865808222e-05,0.03581607583048563
JAM,2001,5.583831222386136,0.0846499999999997,0.03306158992624891,0.0001508772748219247,5.6581969954312736e-05,0.03565403767323011
JAM,2002,5.689124971176414,0.08489999999999995,0.03317829278059752,0.000150826128029914,5.656601953891323e-05,0.03505585366382143
JAM,2003,5.975590625639825,0.08615999999999979,0.034187679436458104,0.0001519344181963183,5.698904824915309e-05,0.0382835813994032
JAM,2004,4.532278773564225,0.062479999999999994,0.025349984476800282,0.00010906396426643498,4.091609656225721e-05,0.02912899439175359
JAM,2005,5.696766926249443,0.07721343998935992,0.031454937988519685,0.00013424690937852108,5.036720769842423e-05,0.0362237231220264
JAM,2006,5.708785421874441,0.06813952899252627,0.03190800204614041,0.00011465853369131368,4.3043390826956546e-05,0.035333061156031034
JAM,2007,3.7352217596603143,0.03889999999999987,0.020136283963157954,6.279367510443761e-05,2.35914100162321e-05,0.021631216599283968
JAM,2008,2.7974315842943986,0.03643999999999969,0.015518197900362067,6.274709488448371e-05,2.3545728119821488e-05,0.016304967874915463
JAM,2009,3.1279898479726906,0.04092999999999977,0.017134814337470525,7.05575998717219e-05,2.6476073154308103e-05,0.01823435665177774
JAM,2010,3.244535390438759,0.042459999999999755,0.017917295844537832,7.31972401379085e-05,2.7466558890412405e-05,0.018205573542957737
JAM,2011,2.984156837139284,0.038149999999999636,0.016353150584525654,6.40273875357073e-05,2.40080994336914e-05,0.016088169206329807
JAM,2012,2.732519419372244,0.034549999999999734,0.0142542404900639,5.663853792143799e-05,2.1221259517974302e-05,0.01471714891730092
JAM,2013,2.604862785613184,0.03426999999999987,0.01362192911630998,5.55934065267666e-05,2.08061009602004e-05,0.013472320785015127
JAM,2014,2.495273217197571,0.03228,0.012995490366435457,5.1103517473461395e-05,1.9111708223786596e-05,0.012678623068050432
JAM,2015,2.611335095222712,0.03420999999999974,0.013560684260431872,5.3251387221273494e-05,1.9895367146273695e-05,0.012878165604343295
JAM,2016,2.7568291339364563,0.034550092900756564,0.013760871923216749,5.225986172677714e-05,1.9534755556357855e-05,0.01349488523753411
JAM,2017,2.792643517780366,0.036071655296533604,0.01380757816208442,5.584281626275393e-05,2.1278790282263724e-05,0.013051681761065782
JAM,2018,2.5723199060420234,0.03588089804064781,0.013123231031081262,5.4414408661709715e-05,2.0488525844319556e-05,0.011697759637123729
JAM,2019,2.9655381623078876,0.03598232783444651,0.013511674376321508,5.338592853768324e-05,2.0508656916721098e-05,0.012902211393291495
JAM,2020,2.221642372415483,0.013834799872429434,0.006642650238016461,1.992401520894258e-05,8.833549879761379e-06,0.00901527333846951
JAM,2021,2.2819231908642106,0.014604923740104922,0.006842799078675923,2.114685053824744e-05,9.323543928564528e-06,0.00892229818353421
JAM,2022,2.449234571930545,0.01704464503783483,0.007710306882980276,2.4333776235939013e-05,1.0426991982457102e-05,0.009707140965049803
JAM,2023,2.753432788139861,0.018517148408504033,0.008424047345889602,2.651167487886308e-05,1.14783850369378e-05,0.010716880593787857
JAM,2024,2.8637716126936024,0.020126841902486606,0.0089941044423241,2.8803720357701412e-05,1.232227676754356e-05,0.01114515365552604
JOR,2000,6.18574748668744,0.0900615854672761,0.025987481307506353,0.00016142971256746563,6.106532136790032e-05,0.03937474425065203
JOR,2001,6.217602706202374,0.09035165220505235,0.0256153946328826,0.00016196810808198202,6.12876773614216e-05,0.039135734117514115
JOR,2002,6.579091150436696,0.09521146647980974,0.02709533833708786,0.0001701123488460179,6.428171532088711e-05,0.040075907593390386
JOR,2003,6.084265553409352,0.08542161645649196,0.024054537833510206,0.00015205199485646384,5.75420266139469e-05,0.03835658736337509
JOR,2004,6.386727273902397,0.05461964455301484,0.01977761383188826,9.608249115395902e-05,3.893872370049541e-05,0.037126287435762184
JOR,2005,6.696534899218136,0.04931137661752391,0.02001402571670679,8.550889249253743e-05,3.547784752534876e-05,0.03798600545008871
JOR,2006,7.158045566128789,0.03979676747253217,0.016758129556508218,7.053493994492968e-05,3.150319610936902e-05,0.03876163490817134
JOR,2007,7.971663074374822,0.027016737727655473,0.014653733844603684,4.918194921509075e-05,2.5658794110411496e-05,0.04039188405003961
JOR,2008,8.91353914730163,0.029236923736297042,0.015583448577756016,5.316797888721882e-05,2.80562591011169e-05,0.04533904897581573
JOR,2009,9.175461529794365,0.0174107380173406,0.01484309025862752,3.197218369297064e-05,2.1247282632386016e-05,0.04542196240747322
JOR,2010,9.155971065788034,0.046672794820879014,0.021296763316635926,8.312826033223811e-05,3.804452136994463e-05,0.04542024538579413
JOR,2011,9.62327181759554,0.07949849008877051,0.04053594158129001,0.0001276836523945353,5.0277033398194915e-05,0.050277205566859155
JOR,2012,10.916505247543085,0.08436676005901768,0.05184940344001222,0.00012645485218218297,4.91585636353282e-05,0.05743911359141645
JOR,2013,11.320657926369165,0.08624904124518815,0.051005845635295824,0.0001297138721769727,5.104808118060293e-05,0.05728347204213267
JOR,2014,12.116758187681297,0.1100630222774137,0.05710076119990787,0.00016362776088442834,6.182669860961531e-05,0.06124057168467355
JOR,2015,11.665625174611602,0.08285919727515785,0.04778010422875588,0.0001318527732005709,5.4967107739562407e-05,0.0559844567753659
JOR,2016,10.507609737242523,0.025343692536035203,0.030855584166973666,4.308223559886236e-05,2.6204741269180154e-05,0.047710826968285866
JOR,2017,10.816192503666638,0.030743331742663343,0.03298286411060017,5.20422302276484e-05,2.9387392406992013e-05,0.04819752939528107
JOR,2018,9.914960629419689,0.013883944627856899,0.026892299892470065,2.3680636305326534e-05,1.8979315547545012e-05,0.04207023699415314
JOR,2019,9.492059176814578,0.00938336148371766,0.024865951474757904,1.6017187338858418e-05,1.593171037215034e-05,0.03875651740130836
JOR,2020,9.060148205594892,0.008461945296172514,0.023654764309867973,1.44835096608234e-05,1.4918350160753327e-05,0.035491722584777306
JOR,2021,8.936344894618268,0.009951073382991003,0.024020712364087454,1.7179197349480812e-05,1.5659770303296552e-05,0.03411880169133447
JOR,2022,9.363881346703865,0.008703000045678363,0.025042680256466214,1.52703998559018e-05,1.553136670862275e-05,0.036495543810428036
JOR,2023,12.051620913137791,0.0364727569122994,0.03901188425688192,6.180012578238514e-05,3.318748686048832e-05,0.0469595181320071
JOR,2024,11.59349320619518,0.031025777683447223,0.036500391924922375,5.2720907157070345e-05,2.9821404285087065e-05,0.04518092305636192
JPN,2000,494.0356049215987,0.12343407433163317,0.395792298007421,0.004058519522193465,0.0017273195732501706,2.387108043934602
JPN,2001,484.12406845224825,0.1261279020922581,0.37095981103323883,0.0033949115615810326,0.0014805079493222634,2.284736212907153
JPN,2002,509.7926006604746,0.13023483564139338,0.36580452381247075,0.003846161805392764,0.001653557817837779,2.341812081716644
JPN,2003,547.5430526565942,0.1548616173967662,0.38607185876198435,0.004132306470120767,0.0017701457782372796,2.5279957124819736
JPN,2004,531.7715209976225,0.15828726200122767,0.3695847969131212,0.003809229958086391,0.0016417352584358028,2.4198624540804614
JPN,2005,556.6455740215333,0.16968301966416116,0.3868111223858742,0.004206542754311466,0.0017848294909788118,2.5057777897684987
JPN,2006,537.2931028102549,0.17758629089970565,0.36076566712691194,0.0035327156051072313,0.001544351654795571,2.3785567892166535
JPN,2007,578.875227301725,0.17355392201661882,0.37714242330949566,0.004307175258130513,0.0018479059689278205,2.5221809499261694
JPN,2008,578.4834277728025,0.17721405320949352,0.35108117642787967,0.00401020034647525,0.0017378337062511461,2.5090755800605615
JPN,2009,509.20079161724016,0.14108128984111212,0.28181671045860623,0.0025050548245104144,0.0011680716155256943,2.1553607456045816
JPN,2010,523.506731300079,0.1740932602703064,0.3212521684007156,0.002471944474371724,0.00117088340310654,2.159473175479238
JPN,2011,566.4563089886238,0.24545662005140964,0.2984838446996631,0.003785813985938821,0.001699369733393422,2.46754101564369
JPN,2012,666.1814767883178,0.31329044564630365,0.31239103696028714,0.004813017573415532,0.002108148556999226,2.886600835411598
JPN,2013,625.1445361752844,0.26533892832265915,0.28188296690000686,0.003905831218584829,0.001759374063885015,2.6246980741997907
JPN,2014,588.4949330061326,0.21951606815918862,0.26834919109135097,0.0029158558937028936,0.0013881843921387305,2.4327088555530056
JPN,2015,560.4970462094998,0.20242490143982678,0.2525570285942249,0.0025246311841857147,0.0012246240233752242,2.27978131425243
JPN,2016,557.8965184410547,0.1851913855915328,0.21533889171120776,0.0022658789601391056,0.0011522290537879071,2.228322380409311
JPN,2017,560.6847797654989,0.12707288381954504,0.19575471784684736,0.0013882600477644327,0.0008387577644125436,2.174578422161523
JPN,2018,543.4029547853066,0.1391351363384474,0.18277400823737888,0.0012238226957284905,0.0007866532983693058,2.1108407874687973
JPN,2019,511.11444302765335,0.10955438763856618,0.15811985024677527,0.0008544340914323356,0.0006512177649347153,1.9961909587020312
JPN,2020,494.01573671445067,0.07371361535882598,0.13431825318232726,0.0005094298638733562,0.0005396030215979242,1.90847292046126
JPN,2021,491.42895493830855,0.0725103373876772,0.13207577856470049,0.0006225292000796616,0.0005660538799012202,1.8469502688293566
JPN,2022,494.4823457842723,0.10622681154036075,0.13241078210757612,0.0010054775299415707,0.0006965648962190002,1.9399716148093433
JPN,2023,446.3804314280477,0.06816689334055881,0.11655326321063711,0.0006058518374872556,0.0005206513428193361,1.7770270733670859
JPN,2024,441.33080181267644,0.05663055391352932,0.11437375951383684,0.0004781525851025051,0.00047194356735937157,1.7574419633724092
JPN,2025,440.41048895965525,0.057393207367252036,0.11376140411668369,0.00048473546305683666,0.00047140488225366295,1.7541752395408161
KAZ,2000,40.214449818748065,0.2110138519657237,0.13480955045356516,0.00023311229513995284,0.00016707697617600307,0.15414204803709328
KAZ,2001,43.211182059189134,0.22201237955754582,0.14495772375940974,0.00023998405465713193,0.00017655143164469416,0.16563278466415254
KAZ,2002,45.0673092763619,0.23675300867468363,0.15072429049318775,0.0002620934165945246,0.00018742665837864688,0.1680127100615427
KAZ,2003,50.489540848858496,0.25872796852110175,0.16935523834016983,0.00027834626561534434,0.0002058740897806642,0.18488261410571558
KAZ,2004,54.088385303199765,0.26447609266082805,0.18201585439187223,0.0002693081182464509,0.00021259467506216413,0.19329211222958215
KAZ,2005,54.95122037884423,0.2807230406825461,0.18448026385711455,0.00030017428673688614,0.0002234809913646153,0.19836655569820455
KAZ,2006,57.86831276073869,0.3260063068448298,0.19092415220557032,0.0003853236847589336,0.000254351204238136,0.21778576803371041
KAZ,2007,62.45311824750315,0.3676169251596756,0.21101546971739973,0.00043140844681043987,0.0002833609020038262,0.22486346836104293
KAZ,2008,66.80849381058293,0.34768053435944646,0.21584503368433833,0.0003632708633229866,0.0002771914514735966,0.23788897768414274
KAZ,2009,65.548108443765,0.30987421289194705,0.19731908926751104,0.0002939823534742831,0.00025640136552439565,0.2377328226389937
KAZ,2010,68.93702380169235,0.3513329319086776,0.2150603202172381,0.0003274319225771607,0.00028446114918798327,0.24034856522132153
KAZ,2011,72.7003330897571,0.3664461828378022,0.22359080432471728,0.00034281287623678095,0.0002896556309254107,0.2626279558498575
KAZ,2012,75.82071211131627,0.3475462742886631,0.21975264028353217,0.0003379356184536503,0.00027334858880791456,0.279895523987464
KAZ,2013,77.59293556368033,0.3484632907221338,0.2215142037263183,0.0003421187533469262,0.0002678763370349209,0.2783229887314771
KAZ,2014,78.69645888364616,0.35074510619212185,0.2198435491621937,0.0003480153130329921,0.0002645786472853588,0.28306488613736414
KAZ,2015,74.89697293938107,0.3520404850808366,0.21415389661708656,0.00034795762856579455,0.0002585776566881171,0.2702226946855084
KAZ,2016,75.0955154146905,0.3320339863413279,0.19736597468445896,0.00033461186237249027,0.00024579163780444075,0.2693210015439819
KAZ,2017,83.26187170054365,0.35702624965944657,0.21275279407193812,0.0003466176249545309,0.0002661730322352212,0.30061168437971053
KAZ,2018,87.885587036783,0.39025049826933206,0.22613946866566334,0.0003763182477613805,0.0002884266479451901,0.3255858930260406
KAZ,2019,87.00051640430503,0.3943751943349329,0.2236967316610512,0.00037797620567760757,0.000290595431936921,0.33227711248383174
KAZ,2020,87.87169131897156,0.3882754183324572,0.21818185246173905,0.0003725977162053576,0.0002881581537884002,0.337181403521844
KAZ,2021,83.74773267758901,0.390883300272133,0.20744877415832932,0.00037526895161141196,0.0002789869421286245,0.31274327939193
KAZ,2022,77.6345184986376,0.3566497055834596,0.18462834540810638,0.0003405406383200422,0.0002545155645299945,0.30475082136977155
KAZ,2023,88.70717158891361,0.32488236067375803,0.18132806457604944,0.0003079247966186116,0.00025137461333071565,0.3540754630223143
KAZ,2024,89.60065580463984,0.3268974101998761,0.18296920818436918,0.00031529704825261493,0.0002541862312050601,0.3573950684489118
KAZ,2025,93.90944243820955,0.3426443783913751,0.19177529450393496,0.0003304656461977696,0.0002664190126967599,0.374583151791511
KEN,2000,1.9324065255915421,0.01878999999999998,0.015300261935746656,0.000792772625514769,0.00025865040621033596,0.012479890028755089
KEN,2001,1.372617698609609,0.01333999999999992,0.012086933768499133,0.00056353835557227,0.0001838584461695851,0.008764477504435769
KEN,2002,0.932997500451253,0.00906999999999996,0.008127331513789799,0.00038289406084668,0.00012492263344763998,0.0057490429565598
KEN,2003,0.834949924375989,0.008119999999999999,0.007251764994166373,0.00034246197596100603,0.00011173216585419901,0.005349240836064081
KEN,2004,1.442219474999859,0.014015724687739685,0.012645805347131138,0.000592157647330158,0.0001931955015445,0.009269156885050062
KEN,2005,1.372617698609609,0.013339999999999871,0.01251225640412095,0.0005635383555721939,0.0001838584461695851,0.008727989772185103
KEN,2006,2.2114031949997837,0.021484263528882327,0.02114384474647198,0.0009083760230057131,0.000296362136633274,0.013686912110967921
KEN,2007,1.581367271314629,0.015359999999999992,0.015094743477645273,0.000649781557769256,0.00021199351266771297,0.009157929614314555
KEN,2008,1.3340530143748695,0.012968709274671695,0.013134841553571192,0.000547489528876248,0.000178623360591816,0.0077755937499728875
KEN,2009,2.0431442562498,0.019859971752506346,0.02077385847733655,0.00083862152823357,0.000273607230088008,0.011910339505620716
KEN,2010,1.442219474999859,0.014023522833161516,0.014934781037558915,0.000591677663073192,0.00019304103767256,0.008092509267912603
KEN,2011,1.910940804374813,0.01857611138657925,0.02027524981066425,0.000783211887253825,0.000255461457524138,0.010302253092546386
KEN,2012,1.4542379706248576,0.014128294724579831,0.01551475221401296,0.0005957594903694,0.00019426807683636002,0.0078324189109684
KEN,2013,1.3821269968748648,0.01343287547411425,0.015191391982744775,0.0005651930898988499,0.00018425706508667502,0.007148345152907874
KEN,2014,1.718644874374832,0.01671136470951761,0.019182379776387568,0.00070147841136457,0.00022863529693178998,0.008732530930824345
KEN,2015,0.7932207112499224,0.007708982205952,0.0086310754167499,0.0003236331777145,0.0001054582421691,0.0039118792907734
KEN,2016,0.8172577024999201,0.009353440818788665,0.009968779949813465,0.000245151816292032,8.014343182760898e-05,0.00400361567591492
KEN,2017,1.6345154049998403,0.015267515581971368,0.015449490496445957,0.000625066238500785,0.00020511659070292533,0.007723777585558337
KEN,2018,1.4679949116050595,0.013073999999999971,0.012467810408290344,0.00062775524439865,0.00020503832396711,0.006726556030669545
KEN,2019,1.2479458287275187,0.00947999999999994,0.008699005714961754,0.00061059115771483,0.00019955272809267302,0.005525570062980853
KEN,2020,0.7131056754028071,0.007769999999999999,0.006715235459581575,0.00020590473165359998,6.776369357244879e-05,0.0030524890616766753
KEN,2021,1.1924186274604354,0.01322699999999994,0.011241270850369266,0.000328538032089624,0.0001082186712967249,0.004841869385177496
KEN,2022,1.5022058930776567,0.01400199999999985,0.011742504654780559,0.00060827171403341,0.000198525045226054,0.00606902081749567
KEN,2023,1.0335906237498989,0.009448788435155966,0.007809082012936874,0.00043021124213365303,0.00014035139883312702,0.004012722142266922
KEN,2024,0.8915705380438058,0.00815048162727194,0.0067360783775715005,0.000371098247031319,0.000121066473802621,0.0034613557410394058
KEN,2025,1.1046006666029453,0.01009794183909798,0.00834558383061956,0.00045976773968482,0.00014999386134838,0.00428840534288068
KGZ,2000,1.212843928157347,0.008360242348945925,0.003606278238333476,4.1679221582149326e-06,3.8176175273960966e-06,0.004883798121066403
KGZ,2001,1.2593427724516426,0.008254652864175671,0.003633363636871628,4.1225532521118045e-06,3.843189277184519e-06,0.0051684976211703575
KGZ,2002,1.0404013193171824,0.0058211709743549375,0.0027814520959655795,2.9251367474035385e-06,2.8920228789545326e-06,0.004280539362698035
KGZ,2003,0.9776959986467452,0.005926698525287417,0.002676323994862544,2.9685694061565347e-06,2.8470886556646446e-06,0.00392569215654901
KGZ,2004,1.0284360126092995,0.0060326596130844375,0.00274809807448823,3.025555796360561e-06,2.937691746884818e-06,0.004128808470306859
KGZ,2005,1.65050175533437,0.01523678173338194,0.005549343834533016,7.530289864173515e-06,6.2893418837039755e-06,0.00577361408109723
KGZ,2006,1.6667082317105115,0.01523684366721974,0.00547190564965965,7.532226111523718e-06,6.308704357205414e-06,0.00585959383771262
KGZ,2007,1.753716488216525,0.01645267102506927,0.005667149343124038,8.080502183169969e-06,6.6043862915503725e-06,0.006112518449690722
KGZ,2008,1.4495014835330982,0.013807328893492326,0.004639975339356209,6.771049145403898e-06,5.491376184381463e-06,0.005103395527077568
KGZ,2009,0.7150720526355849,0.004895167782607329,0.001602897900643668,2.2651480181093135e-06,1.673541808872028e-06,0.003214089496874289
KGZ,2010,0.799636280143813,0.0065589656643272615,0.002147073227469393,3.1573447075108616e-06,2.5081178889068337e-06,0.0031283371554984684
KGZ,2011,0.8342230066473413,0.006914055130606611,0.0022256470307858898,3.32037437916589e-06,2.566570579034164e-06,0.0033071277670168363
KGZ,2012,0.884199273618204,0.00866370552968895,0.002811044183074043,8.06519352752521e-06,4.473205041341968e-06,0.003397374726804742
KGZ,2013,0.869243257250269,0.008661293580216464,0.002626099691856408,5.972843642717771e-06,5.353430336831277e-06,0.0030963987956984054
KGZ,2014,1.135335379141686,0.01063176520369041,0.0031501098447619114,6.050626117993484e-06,6.514495403149086e-06,0.003948348388971415
KGZ,2015,1.7716057146664346,0.01670532326869401,0.004929137116473025,8.293548431880737e-06,8.583949115035641e-06,0.006084479622049433
KGZ,2016,1.583987555061236,0.015060525983413106,0.004216435819971475,6.149990054023221e-06,8.619489003639812e-06,0.005367571070774582
KGZ,2017,1.1912942994664903,0.011550135867547275,0.003112676830191825,4.74037998570169e-06,7.300698547254963e-06,0.004124980717638507
KGZ,2018,1.159698282623014,0.011644382301941186,0.003069176461597847,5.537816762267641e-06,8.103397454849531e-06,0.004244856688722197
KGZ,2019,1.164538087836818,0.011448082996362323,0.002969404697494423,4.976794261643419e-06,7.1388049794798015e-06,0.004412241727930149
KGZ,2020,1.3178954331698187,0.01300529756814961,0.003306048932448095,5.599950986223312e-06,7.911059334897897e-06,0.005053855844137071
KGZ,2021,2.016977467199237,0.019727284187180595,0.004807703978254897,7.656182967442591e-06,1.2823562281910959e-05,0.0075075105281393155
KGZ,2022,1.7860707073568935,0.017633215586766216,0.004142117187728445,6.559099526446289e-06,1.219627745163668e-05,0.0070210929517886805
KGZ,2023,1.6467992535659048,0.016008655721465488,0.003716040209430699,6.021420430541916e-06,1.1048232287540565e-05,0.00662647738430245
KGZ,2024,1.5853208145633095,0.015426222193325172,0.0035846915478361867,5.833120107116134e-06,1.0645151492286332e-05,0.006378989832321693
KGZ,2025,2.057397641188121,0.020077516242638246,0.004762619752259912,8.185564398788641e-06,1.3861807931722707e-05,0.008273511044051171
KHM,2000,0.36055486874996473,0.0036362408036934154,0.0017197268536478252,7.595808313942038e-06,2.8392660217534726e-06,0.002328539596477695
KHM,2001,0.3845918599999624,0.003712605728811259,0.001917311504814888,7.625764137931002e-06,2.849369260162555e-06,0.0024557068648999388
KHM,2002,0.42064734687495886,0.004058633405715558,0.0021101230683181153,8.334857633517132e-06,3.1143080718458794e-06,0.002591989437889621
KHM,2003,0.5925329096328369,0.0060799999999999795,0.00274353991772496,1.2781949105361997e-05,4.77850002633863e-06,0.0037961572836702
KHM,2004,0.6453710513296139,0.007089999999999967,0.002739613167166639,1.52640377542072e-05,5.70943297419732e-06,0.004147805259559715
KHM,2005,0.752546694490051,0.008179999999999969,0.003237089466638412,1.7548074460030798e-05,6.563251815046539e-06,0.004785177882562728
KHM,2006,0.923091173311131,0.009709999999999983,0.004153642054526316,2.05958974112669e-05,7.701257518150414e-06,0.005713235735612117
KHM,2007,1.1815394657963532,0.012359999999999989,0.0053664804982188,2.61654843945764e-05,9.783421296855701e-06,0.006842468198613016
KHM,2008,1.2125134088551521,0.01387245459027222,0.004737059571165907,3.0264573355893864e-05,1.1605106681665868e-05,0.007015759883116008
KHM,2009,1.0095467402147142,0.011003828147634044,0.00425292400977358,2.3682174977641898e-05,9.282114875927391e-06,0.005809665728192752
KHM,2010,0.8322001805743852,0.005725792485452208,0.00338361711317334,9.98595790889757e-06,4.137513073839498e-06,0.004600655244708165
KHM,2011,0.8487512138738313,0.005807079143073578,0.0035222853477891304,1.0087517553106708e-05,4.3219447542547845e-06,0.004498382369613946
KHM,2012,0.7941885524668172,0.005445519261636318,0.00310256721170831,9.414929343348191e-06,3.917904253528997e-06,0.004219748212365241
KHM,2013,0.6697746628119793,0.004048670615952013,0.0027505445795278248,6.983418991252794e-06,4.479190890862976e-06,0.0031887433479568426
KHM,2014,1.0209698073927802,0.003961867571220906,0.002648625267813234,6.8500536723595066e-06,1.1302637110961086e-05,0.0038766664114152465
KHM,2015,2.0133868879598023,0.005956250562284093,0.003698506711332353,1.0368074164824037e-05,2.4306688705371463e-05,0.006988122856450956
KHM,2016,2.4906994025731795,0.0079075718914918,0.00539344323569421,1.4268174886180075e-05,2.6871830081458536e-05,0.008923006869750998
KHM,2017,3.377288907712603,0.008802922838688308,0.005650443454806864,1.6756201292070923e-05,3.498234522770076e-05,0.011814832811933565
KHM,2018,2.939459190360798,0.008754766794127837,0.0060041377412426815,1.722654205527421e-05,2.805617928049616e-05,0.01077865104749073
KHM,2019,3.852145641845454,0.01389651479857498,0.010308768151482947,2.7727003635995978e-05,3.437064428623115e-05,0.01486516066717321
KHM,2020,2.9165106242999856,0.009720274485079783,0.007065632262469902,1.985559855752658e-05,3.006407635047987e-05,0.011309700543639075
KHM,2021,3.430593256146506,0.011048456837638915,0.007944103099286236,2.2791874250240245e-05,2.7422027174268802e-05,0.012888551436573418
KHM,2022,2.9652908542135945,0.008725197944193217,0.005950445765298684,1.7741410987668097e-05,2.3357728450398895e-05,0.01168294039953543
KHM,2023,6.661092805260651,0.013692844019995742,0.007879156819684442,2.715291703257766e-05,5.021933853073765e-05,0.026849524133463153
KHM,2024,8.371203750692958,0.020356823453492177,0.01288211412841582,4.108845271635675e-05,6.368214107769523e-05,0.0336923435196003
KHM,2025,8.838773684915356,0.02075514089491562,0.012902459531209215,4.1749455981370436e-05,6.71053666357182e-05,0.03558601422869372
KIR,2000,0.012018495624998824,0.00014202626049313201,0.000161297417573349,2.305807081058409e-07,7.076471436581034e-08,7.7617986549257e-05
KIR,2001,0.012018495624998824,0.00014414343807567202,0.00017658104103260598,2.354028572472718e-07,7.27217908892338e-08,7.674083952812401e-05
KIR,2002,0.012018495624998824,0.00014245912641333,0.00017103388120513999,2.3134825385912612e-07,7.080962552744427e-08,7.405684108256e-05
KIR,2003,0.012018495624998824,0.00014065679976732001,0.000173927959558958,2.2753413131373029e-07,6.961683168496501e-08,7.6998423148968e-05
KIR,2004,0.012018495624998824,0.000130339893420784,0.000168857336878026,2.0600905136293332e-07,6.328970255526542e-08,7.7242974042084e-05
KIR,2005,0.012018495624998824,0.000126756109619022,0.00016639217828086,1.9854964703430344e-07,6.112074323938747e-08,7.6421356797524e-05
KIR,2006,0.02403699124999765,0.000254333686322283,0.000315791558974287,3.988488306188421e-07,1.2280324578962913e-07,0.000148770783814869
KIR,2007,0.02403699124999765,0.000254722124252166,0.000379049235484806,3.9965816724674063e-07,1.230396832194184e-07,0.00013920173890052398
KIR,2008,0.012018495624998824,0.000125021871319726,0.000190703038701878,1.949883385694993e-07,6.014987730928704e-08,7.005039414390001e-05
KIR,2009,0.012018495624998824,0.00012616675535469,0.00021892469292827,1.979412079522471e-07,6.176981317780324e-08,7.0060820621298e-05
KIR,2010,0.012018495624998824,0.000124629904661842,0.000142345206566022,1.9460132036299e-07,6.061025756522649e-08,6.7437577232604e-05
KIR,2011,0.012018495624998824,0.00012488053474948402,0.00013685707526520202,1.8568899640185017e-07,5.5758875703943215e-08,6.479404460721e-05
KIR,2012,0.012018495624998824,0.00014276166806197,0.000138284680732824,2.1097645426995004e-07,6.06551204570922e-08,6.4730734801392e-05
KIR,2013,0.02403699124999765,0.000270633706287303,0.00030225329359164,3.774567003974932e-07,1.0632539146749504e-07,0.000124319046137526
KIR,2014,0.02403699124999765,0.000261818637662139,0.000295080296583261,3.476207542662516e-07,9.598853023048706e-08,0.000122133299731809
KIR,2015,0.02403699124999765,0.000275233377005046,0.000290963149165938,3.552168370943348e-07,9.302209776747726e-08,0.000118541796690105
KIR,2016,0.02403699124999765,0.000285778813336869,0.00029484074724296996,4.057522204514126e-07,1.1123692912075728e-07,0.000117753402232791
KIR,2017,0.02403699124999765,0.000270807872929824,0.00027949800495197404,4.1955819909837325e-07,1.1969929465109848e-07,0.000113584964493507
KIR,2018,0.02403699124999765,0.000267598453592028,0.000270591131420037,4.285459675002016e-07,1.342269815926853e-07,0.00011014082349579601
KIR,2019,0.02403699124999765,0.000262215309736149,0.0002564588386554,4.1508630985732514e-07,1.273974050282189e-07,0.000106429362715647
KIR,2020,0.02403699124999765,0.00025917145408341,0.00023545738296550797,4.084381315823888e-07,1.25056865860292e-07,0.000102891696696693
KIR,2021,0.02403699124999765,0.000246489714670608,0.00023215455502145698,3.841813286688287e-07,1.2085986745970488e-07,9.760328240847e-05
KIR,2022,0.02403699124999765,0.000246545391122202,0.00023575966984860298,3.843911678882783e-07,1.2105040326250533e-07,9.711118892452201e-05
KIR,2023,0.02403699124999765,0.000246573485243184,0.000240925348809858,3.8444600699211444e-07,1.2106133225192275e-07,9.3319119587604e-05
KIR,2024,0.02403699124999765,0.000246573485243184,0.000240925348809858,3.8444600699211444e-07,1.2106133225192275e-07,9.3319119587604e-05
KNA,2000,0.12018495624998825,0.0016824443737487248,0.00046637303294034,2.9472434170352143e-06,1.1056095892655844e-06,0.000776179865492565
KNA,2001,0.13220345187498705,0.0018223657506772962,0.000327896922322384,3.1810349765553025e-06,1.1933875151464838e-06,0.0008441492348093601
KNA,2002,0.14422194749998588,0.001270545743026224,0.001084637183605002,1.9266495364950052e-06,7.247295694935416e-07,0.0008886820929907319
KNA,2003,0.14422194749998588,0.001310563367449758,0.001031415824128356,2.012741404890548e-06,7.569196946170397e-07,0.000923981077787616
KNA,2004,0.14422194749998588,0.001334981760619734,0.001043620779926178,2.065273885803517e-06,7.765618183759562e-07,0.000926915688505008
KNA,2005,0.1562404431249847,0.001461950005887753,0.00104593597408581,2.2711987410330203e-06,8.53920261968563e-07,0.0009934776383678189
KNA,2006,0.1562404431249847,0.001453366345996592,0.001090601973492361,2.275774526113027e-06,8.791689809812512e-07,0.000967010094796648
KNA,2007,0.16825893874998354,0.001557011638468083,0.001212903017791668,2.43464612037681e-06,9.421237089110785e-07,0.0009744121723036679
KNA,2008,0.15624044312498472,0.0014657899933791,0.0011168959045339802,2.3036820827070943e-06,8.908090737708493e-07,0.0009106551238707
KNA,2009,0.16825893874998354,0.0015916085603721601,0.001267742862904276,2.5058809325480658e-06,9.65494759957205e-07,0.00098085148869818
KNA,2010,0.16825893874998354,0.0016211804390497378,0.00150095999215827,2.571440317333215e-06,9.9198938261932e-07,0.0009441260812564769
KNA,2011,0.16825893874998354,0.001377944673196784,0.001707375034143108,2.0177189311470144e-06,7.961554916573167e-07,0.000907116624500944
KNA,2012,0.16825893874998354,0.001483667957321718,0.0016772380549359748,2.1858847089129153e-06,8.485856877729451e-07,0.0009062302872194879
KNA,2013,0.16825893874998354,0.00147260613995586,0.001894740476203197,2.124772429309281e-06,8.30507734351227e-07,0.000870233322962682
KNA,2014,0.16825893874998354,0.0014261774570371649,0.002019521310919455,1.9876949652033534e-06,7.75412425163813e-07,0.0008549330981226629
KNA,2015,0.16825893874998354,0.0014432963162321758,0.002017263853610964,1.9860478154862486e-06,7.787344191394822e-07,0.0008297925768307351
KNA,2016,0.16825893874998354,0.00143944929824344,0.0019948097047358037,1.945810560100745e-06,7.673879345648508e-07,0.00082427381562955
KNA,2017,0.16825893874998354,0.001411240010505732,0.0019568638740757043,1.861477573944078e-06,7.408180107731381e-07,0.000795094751454542
KNA,2018,0.16825893874998354,0.001435593629335668,0.001951260754285458,1.8689362790072324e-06,7.416279477386824e-07,0.00077098576447057
KNA,2019,0.16825893874998354,0.001402857354829238,0.001910341484909242,1.7736004030892526e-06,7.052422261587501e-07,0.000745005539009534
KNA,2020,0.16825893874998354,0.001372376291161344,0.001870749710283489,1.682312105140455e-06,6.676680799447125e-07,0.000720241876876851
KNA,2021,0.16825893874998354,0.00137979416457813,0.0018755531037585088,1.6950601821131935e-06,6.715431816550978e-07,0.00068322297685929
KNA,2022,0.16825893874998354,0.001380604583396619,0.001876481775500325,1.6954954262917633e-06,6.698849401246176e-07,0.000679778322471654
KNA,2023,0.16825893874998354,0.001421568887322255,0.001900364517152535,1.7668213947897647e-06,6.955427619529727e-07,0.0006532338371132279
KNA,2024,0.16825893874998354,0.001421568887322255,0.001900364517152535,1.7668213947897647e-06,6.955427619529727e-07,0.0006532338371132279
KOR,2000,138.3388308372505,0.10366445050618318,0.27840526138690025,0.0014758830147749214,0.0018702534064007847,0.5828749727357392
KOR,2001,152.03992872291664,0.11342562509556674,0.3162574563055772,0.0015769152455912575,0.001999877985691344,0.640103708331708
KOR,2002,160.1194375902987,0.10478586098975376,0.28793348753673387,0.0014941507927217486,0.002007538047904151,0.6391272215390174
KOR,2003,161.16424863485415,0.10544075469287349,0.38124695162109934,0.0014697962482384324,0.0020355920800016985,0.6420248798335629
KOR,2004,170.00206264167457,0.08849763244433799,0.3809048977068817,0.0015098409601680082,0.0022332995308307906,0.6751568184504354
KOR,2005,174.3219723947318,0.06535007221784199,0.3529882584739689,0.0015005031763600423,0.002303846742129436,0.6791846113882929
KOR,2006,163.42939688121044,0.061314850900583244,0.2911217957999909,0.0012410875530802685,0.0020090302564111577,0.6338444414607288
KOR,2007,194.6308222429696,0.04494890522021434,0.14183111343399246,0.0015947009644795254,0.0024731830142751365,0.7315516385152274
KOR,2008,185.2622487911817,0.04324804122536831,0.13406924521424787,0.0013959110379963859,0.002385634346486542,0.6905306377384568
KOR,2009,202.04755868536768,0.03961608147350794,0.12148265525372282,0.0016354259116177505,0.0026803631095789838,0.7558807129038122
KOR,2010,224.0092083052473,0.035110971798218954,0.1280408882147267,0.0016881711566595803,0.0028466790579719965,0.8312686322713828
KOR,2011,243.29262783828813,0.03472573655993342,0.1420404525129721,0.0016653169037987986,0.002680259518093647,0.9336819912142301
KOR,2012,243.57440898666636,0.04305343553069645,0.14528633301124055,0.001731702116234423,0.002417130252975143,0.942982014793872
KOR,2013,250.63640084313957,0.049334041765783654,0.15231683389413042,0.001736977775233528,0.002178830509281505,0.9491751062347398
KOR,2014,239.0971095538318,0.03813330518863978,0.1377919899282766,0.001579886824313691,0.0018791061571112894,0.8920379043379236
KOR,2015,237.17367445879228,0.03737495567575885,0.12711433362105387,0.0016012913308602677,0.0016657418688464552,0.8766155528943538
KOR,2016,260.13418688011313,0.038486914910197345,0.13363011630681,0.0017119103598593887,0.0018117216546016405,0.9463673055073513
KOR,2017,277.0642397832053,0.029544966572117748,0.10778008742830138,0.001565051915885753,0.0019145001513835062,1.0028618643459566
KOR,2018,283.7277407922976,0.02842459819388571,0.09684638009460306,0.001422382625059524,0.0018623721989672547,1.06143040577935
KOR,2019,268.3978800227544,0.020804165989619938,0.07154824967199855,0.0011467562184953141,0.001688878439661034,1.0298498589137957
KOR,2020,237.0050815363643,0.012406196473002232,0.04989283847876332,0.0008505733735350639,0.0014109852082425287,0.9115237879491963
KOR,2021,249.921505104397,0.01161002059638838,0.048037802260000054,0.0008614216582209704,0.00145063323534483,0.9353476663429531
KOR,2022,240.3537467380831,0.010886010684282299,0.04618280740598221,0.0007667244052352723,0.001367618604162648,0.942302749688348
KOR,2023,231.6959875242899,0.010568650819735551,0.0444306474791835,0.0007511597186323988,0.0013410729397716752,0.9258490090309144
KOR,2024,225.70349997079575,0.010046023211985578,0.0427426304706344,0.0007165102053682717,0.00128113190728701,0.9013185680542848
KOR,2025,227.0156998032591,0.010079890177803228,0.0431831150299882,0.0007069715337141361,0.0012851466534291483,0.9068580567967612
KWT,2000,25.694692209771063,0.3113928251263764,0.10655127080904708,0.0005599980944256723,0.00021706434626212622,0.1576442301751317
KWT,2001,24.70616455749817,0.2970075020059616,0.09562963598181158,0.0005342541209685507,0.0002073109770881026,0.1499793976473685
KWT,2002,31.149927062647606,0.42109714232036316,0.13299879699741818,0.0007569553449383751,0.000289255677580351,0.18647985912991732
KWT,2003,29.18618258403793,0.3880575069958456,0.13262493802220868,0.0006974323838869165,0.00026701917165927925,0.18021011744643128
KWT,2004,31.5265017738523,0.4130504151809891,0.13713275394453783,0.000742432064153847,0.00028478394420887785,0.1943088029828167
KWT,2005,36.08049391941717,0.48322091277757545,0.14880169114837782,0.0008686076479539939,0.0003322931531502719,0.22096790640679026
KWT,2006,38.76880350270253,0.4750384948546649,0.17760794928751752,0.0008473955490949191,0.00032637991563255314,0.2305246053803558
KWT,2007,39.5131728816801,0.4842696334739993,0.16681256676684925,0.0008647722450032413,0.0003332706304806225,0.2216673011106746
KWT,2008,41.819035983471856,0.48946324785611045,0.19334138185093977,0.0008685264519512358,0.000335570327822994,0.2355690183506402
KWT,2009,43.33661612436761,0.4866646321651016,0.16371746310213753,0.0008561984638564909,0.00033110559529317803,0.24353384912989237
KWT,2010,42.91201217922573,0.4665701314542327,0.15566177380018426,0.0008235179461423599,0.00032060756955951624,0.23028933643215982
KWT,2011,43.49827982853884,0.4411369500925249,0.14941767031153705,0.0007752893656372113,0.0003045651158604114,0.2256152307381969
KWT,2012,37.18076662062269,0.32508099948754815,0.12114658578233711,0.0005681993417570882,0.00022849339404256368,0.18978861498950533
KWT,2013,43.94219912098081,0.44367936754152243,0.1599504855812161,0.0007810213675764334,0.0003076630686846774,0.22034253498683845
KWT,2014,45.60239485683954,0.40001367885674227,0.14999863209371994,0.0006984268475403685,0.00028099114509770167,0.2248271793344572
KWT,2015,46.76812804296563,0.39601248080655227,0.17222774210996145,0.0006964190865626688,0.00028304502879597764,0.22480227852238324
KWT,2016,47.695937365037,0.39970886830881025,0.17705373459889293,0.0007094575806897775,0.00028986865442249957,0.22484031093428802
KWT,2017,46.26307894387476,0.3831480607059009,0.1718463456476315,0.0006808571242616374,0.000278853737636207,0.2117868941983861
KWT,2018,46.64328418495882,0.3707445556169858,0.17015793636490498,0.0006620774596183257,0.00027374633580270417,0.20534928999699048
KWT,2019,45.46159387247859,0.3150608980975799,0.15016658074587436,0.0005581990559982541,0.00023648964154040597,0.19237321288245957
KWT,2020,45.364874110245566,0.3461341176205085,0.16295818749920218,0.000615610369163049,0.0002559767753883227,0.18551918981174537
KWT,2021,49.01234842357509,0.37340806966509843,0.16854130749817264,0.0006593150709701584,0.0002734893518592039,0.19287179088228473
KWT,2022,55.94317411999691,0.45753617991039636,0.19622610518083713,0.0008089904628255802,0.00033125943363550476,0.22224060694539877
KWT,2023,49.23603230964066,0.34716576265218396,0.1501971907110153,0.0006144681675439794,0.00025940950203486864,0.19163212742006497
KWT,2024,50.47383258004234,0.3493926734174706,0.15198442930617534,0.0006185132910606942,0.00026216892880427634,0.1964583341128513
KWT,2025,48.600730357658804,0.3348884332741186,0.14587368346707044,0.0005928620880469441,0.00025154959256806314,0.1891697171165122
LAO,2000,0.28844389499997175,0.002574435633107543,0.000811279995215105,8.500972833595407e-06,3.27064903351916e-06,0.001862831677182148
LAO,2001,0.28844389499997175,0.002577350408792572,0.0008144889608985769,8.51414169117898e-06,3.2571222686247664e-06,0.00184178014867496
LAO,2002,0.28844389499997175,0.002578088368680228,0.000852787643195304,8.512653757697758e-06,3.2451078165084777e-06,0.0017773641859814638
LAO,2003,0.2523884081249753,0.002122933412149696,0.0007416711846648961,7.403278097474896e-06,2.818115232850357e-06,0.00161696688612832
LAO,2004,0.0,0.0,0.0,0.0,0.0,0.0
LAO,2005,0.0,0.0,0.0,0.0,0.0,0.0
LAO,2006,0.0,0.0,0.0,0.0,0.0,0.0
LAO,2007,0.0,0.0,0.0,0.0,0.0,0.0
LAO,2008,0.0,0.0,0.0,0.0,0.0,0.0
LAO,2009,0.0,0.0,0.0,0.0,0.0,0.0
LAO,2010,0.0,0.0,0.0,0.0,0.0,0.0
LAO,2011,0.0,0.0,0.0,0.0,0.0,0.0
LAO,2012,0.0,0.0,0.0,0.0,0.0,0.0
LAO,2013,0.0,0.0,0.0,0.0,0.0,0.0
LAO,2014,0.0,0.0,0.0,0.0,0.0,0.0
LAO,2015,2.116331365595417,0.002169681193817454,0.005129939515123299,2.150970302488584e-05,0.00010071221552683877,0.007128160846487219
LAO,2016,7.46339080620606,0.007651532712496676,0.018077087928501136,7.373721681750913e-05,0.0003820218409598882,0.02494386056718069
LAO,2017,10.254494491266684,0.010512996315936612,0.02482146005374112,9.889811018720906e-05,0.0005555000399836692,0.03496098368893787
LAO,2018,13.78433022912,0.014131814399999804,0.033347493448405555,0.00013020450500282298,0.0007814084436437209,0.04942197048815455
LAO,2019,13.74134970942,0.014087750399999809,0.033228103243818856,0.000127467386855981,0.0008085237146773051,0.05169716564222266
LAO,2020,13.4767807326,0.013816511999999784,0.032575282616437634,0.00012303706030180003,0.0008180082677266441,0.05149487488521422
LAO,2021,14.13486024534,0.014491180799999247,0.03414037295664785,0.000127135440844469,0.000821219718236446,0.05249743299157777
LAO,2022,14.48825562954,0.01485348479999899,0.034969626380418194,0.0001284990442008,0.000806838850872371,0.0569330279605327
LAO,2023,11.430234138819692,0.011718374756947111,0.02757078689193213,0.0001000454500072284,0.000610929187534118,0.04608220959515893
LAO,2024,11.430234138819692,0.011718374756947111,0.02757078689193213,0.0001000454500072284,0.000610929187534118,0.04608220959515893
LBN,2000,7.1195009979319,0.07428999999999997,0.03437106684101774,0.00011976226187438585,4.47869718472554e-05,0.04597924315464811
LBN,2001,7.537338708450589,0.07804999999999987,0.03607524789336346,0.00012549791822489252,4.6927504087772e-05,0.048127629142800846
LBN,2002,8.39625200739989,0.08222999999999994,0.040591230530534345,0.00012963958116508342,4.8441223646355e-05,0.05173691616676102
LBN,2003,8.33411871453835,0.0648099999999992,0.042721360586499266,9.24500453359769e-05,3.44104532803835e-05,0.053393870529100794
LBN,2004,7.301323652125549,0.06152999999999909,0.03633941953044755,9.12331710284857e-05,3.40104372627996e-05,0.04692566947904039
LBN,2005,7.17139819244359,0.06047999999999901,0.035730631411686184,8.97064878216666e-05,3.34417553381961e-05,0.04560038103786359
LBN,2006,8.009254500414631,0.06354999999999941,0.04037984402675479,9.157531497293119e-05,3.4098974706498406e-05,0.04957122367798625
LBN,2007,7.85391467283657,0.06763999999999928,0.03841906953452141,0.00010126976666364507,3.77663044179906e-05,0.045483170845489966
LBN,2008,9.345509426965291,0.0725599999999989,0.04720237843639899,0.00010342142681299689,3.84927851724252e-05,0.05447076233673847
LBN,2009,9.704679301354279,0.07947034063610751,0.04737958166261039,0.0001167937032334596,4.362611958622607e-05,0.05648318016088885
LBN,2010,11.014373930798442,0.08433211537506694,0.052777099704017685,0.00012253348865586767,4.62776097305339e-05,0.06125002366665047
LBN,2011,11.3357446318941,0.08321999999999974,0.0576883558822738,0.00011349287022681028,4.214817669627579e-05,0.061113201373318694
LBN,2012,10.77475543770878,0.07346999999999995,0.056072656079532775,9.464404406574318e-05,3.5047786424556496e-05,0.05803204149256858
LBN,2013,11.842796447016902,0.08464999999999985,0.06136467726649042,0.0001106955938160842,4.100574426534621e-05,0.06125080891287399
LBN,2014,13.10678750914329,0.09784999999999873,0.07643513572596534,0.00012940554146999208,4.794444681356519e-05,0.06659632192425351
LBN,2015,13.83031873412706,0.10019999999999978,0.0796998634055697,0.0001287579760584145,4.76276220382418e-05,0.06820615835354991
LBN,2016,14.234723764036309,0.10712999999999924,0.08326928344228808,0.0001411051571432218,5.21590913014056e-05,0.06973365075628739
LBN,2017,15.25015527301975,0.12476999999999965,0.09209756288593275,0.00017196493443497878,6.357641995035309e-05,0.07206344284901202
LBN,2018,14.93355292693699,0.12196999999999955,0.09034481309469262,0.00016865100248197109,6.225183521890068e-05,0.06842760809721045
LBN,2019,15.060444491489472,0.1175899999999985,0.08983707079251835,0.0001597294471577917,5.88173175623118e-05,0.06668361662958745
LBN,2020,11.96213844934145,0.08915999999999993,0.07033433054140782,0.0001186906586767586,4.3598359672079e-05,0.05120460827948215
LBN,2021,7.39590643202399,0.054759999999999684,0.04352863065955287,7.360450145808789e-05,2.70567183556869e-05,0.030031410197877133
LBN,2022,1.8646627252152197,0.006009999999999968,0.008773198902156555,2.3792032808961995e-06,7.895328527289999e-07,0.007533372721467782
LBN,2023,3.2690308099996805,0.010535570384601924,0.015381667287610522,4.178298044956386e-06,1.3870231099438953e-06,0.012691400263914005
LBN,2024,2.36886290579687,0.007634471293189801,0.0111461357156598,3.0277522064901353e-06,1.005089210104272e-06,0.0091966668579087
LBR,2000,0.15624044312498472,0.00123473677882786,0.0017409414942067402,8.02404966374e-05,2.6550124717760003e-05,0.00100903382514034
LBR,2001,0.15624044312498472,0.00127383894280056,0.00154257379549956,7.788071053180002e-05,2.5775623835320003e-05,0.0009976309138656002
LBR,2002,0.15624044312498472,0.00120081018957296,0.0016098056428121201,8.228794071208e-05,2.7222112419880003e-05,0.00096273893407328
LBR,2003,0.15624044312498472,0.0012590380066219002,0.0017522014962967803,7.877393586758e-05,2.6068787613660003e-05,0.0010009795009365801
LBR,2004,0.15624044312498472,0.00131346112303518,0.0016206721893396803,7.5489541837e-05,2.4990822933320002e-05,0.0010041586625471
LBR,2005,0.15624044312498472,0.00123704460134974,0.0015461299958579602,8.010122128872e-05,2.6504413422060003e-05,0.00099347763836782
LBR,2006,0.15624044312498472,0.0012283665397797,0.0016388030643749803,8.062493575962001e-05,2.667630074648e-05,0.0009670100947966401
LBR,2007,0.19229592999998119,0.001573720939651325,0.002174696817073725,9.549596511595e-05,3.160660318705e-05,0.0011136139112042
LBR,2008,0.19229592999998119,0.001634564523231175,0.00222502557978925,9.1824100734075e-05,3.04014676041e-05,0.0011208063063024
LBR,2009,0.19229592999998119,0.001618838778119625,0.00224632508319905,9.2773137591475e-05,3.071294917515e-05,0.001120973129940775
LBR,2010,0.19229592999998119,0.001588321117887725,0.002163698569000275,9.4614855370575e-05,3.131741584345e-05,0.001079001235721675
LBR,2011,0.2403699124999765,0.00181908365523165,0.00303743515292028,0.00012828340010382,4.176517073448e-05,0.0012958808921441998
LBR,2012,0.2403699124999765,0.00174720271078446,0.00333319230437736,0.00013260175246325998,4.246630406268e-05,0.0012946146960278399
LBR,2013,0.2403699124999765,0.00167741128463313,0.00300522637406076,0.00013679664105273,4.308135751287e-05,0.00124319046137526
LBR,2014,0.2403699124999765,0.0016961344277055,0.003972968197510619,0.00013564489873733998,4.201263559671e-05,0.0012213329973180898
LBR,2015,0.24036991249997652,0.001921833772101444,0.004606707023598991,0.000121978837575162,3.7191792107649e-05,0.0011854179669010321
LBR,2016,0.2403699124999765,0.00213459872534322,0.00488701989705183,0.00010887150380403,3.2667596264909996e-05,0.00117753402232791
LBR,2017,0.27642539937497296,0.0025574533366501,0.005524243174651249,0.0001187146261392,3.501586534719e-05,0.00130622709167531
LBR,2018,0.21633292124997883,0.0019586694177683643,0.003966965510301808,9.5333749273616e-05,2.759893202947182e-05,0.00099126741146216
LBR,2019,0.22835141687497768,0.002139221921743588,0.004103755758010895,9.608478481422999e-05,2.7322966807253813e-05,0.001011078945798644
LBR,2020,0.2523884081249753,0.002340748895004704,0.00424383374392208,0.000107472582496736,2.9981015434975014e-05,0.0010803628153152642
LBR,2021,0.19229592999998119,0.001724743285177575,0.003074155123156125,8.5440610620575e-05,2.2156132851715332e-05,0.000780826259267775
LBR,2022,0.20431442562498003,0.0018164313631609862,0.003188134877929222,9.1731837978794e-05,2.223325044289535e-05,0.0008254451058584381
LBR,2023,0.20431442562498003,0.001778809028531964,0.003071021741521448,9.400112751920801e-05,2.1378571755723978e-05,0.0007932125164946321
LBR,2024,0.20431442562498003,0.001778809028531964,0.003071021741521448,9.400112751920801e-05,2.1378571755723978e-05,0.0007932125164946321
LBY,2000,12.00579721210838,0.09399004683474912,0.07979589980317008,0.00014830964265196607,5.81844685524443e-05,0.07414753642227687
LBY,2001,12.471694177303263,0.09490129583999164,0.08359234886149526,0.0001482177930439843,5.8235806861590576e-05,0.0762867879017056
LBY,2002,13.12355291874893,0.09620534257767521,0.0947562216054775,0.00014519365284853107,5.657892356392329e-05,0.07820292513814601
LBY,2003,14.705673615944049,0.10228822096379324,0.10491781845477952,0.00015266519058287673,5.999095683342719e-05,0.09011527610259111
LBY,2004,17.542240230385104,0.10934049778550564,0.13424833408256975,0.00015145591178118483,5.922723907251677e-05,0.10846982471245817
LBY,2005,17.206495798363196,0.1018002176236927,0.11846510727691391,0.00014611682640904402,5.9151201126988494e-05,0.10278686300805981
LBY,2006,18.851707204056236,0.09505574761754117,0.11581541111181878,0.0001381384235956196,5.937596881900847e-05,0.1077974608186916
LBY,2007,21.33905036653071,0.10708767503159368,0.13072672004459768,0.000151100872515757,6.4326222510735e-05,0.11689144245145051
LBY,2008,22.839055504667005,0.11165220559565407,0.1351062752897748,0.00015928468228606788,6.876544321630476e-05,0.12519954736268527
LBY,2009,22.781788411421196,0.1262068691437971,0.13903773199056785,0.0001828712298413076,7.59856409986878e-05,0.12574952318310592
LBY,2010,23.38876684517858,0.12552462723415672,0.12116000192013854,0.0001898007519988373,8.10874248576178e-05,0.12218111482156306
LBY,2011,18.62087407417202,0.08874509288680263,0.07918658193210945,0.0001300314317530172,5.88122477559114e-05,0.09374208323649591
LBY,2012,24.281597697132625,0.11563535503926618,0.10431221415273728,0.000159441056019456,7.25000046417847e-05,0.12165549528009893
LBY,2013,26.06025841842812,0.07657068774823836,0.1329117365937082,7.984248189495269e-05,4.4005855141282394e-05,0.12767212203998815
LBY,2014,24.937753518428117,0.07656639804116176,0.126774485982107,7.63453090290562e-05,4.1309658519643194e-05,0.12169634548726355
LBY,2015,25.77083851842812,0.07656958171601205,0.12973280932635384,7.3480378418637e-05,4.11104876221631e-05,0.1230966612483681
LBY,2016,22.8065376351629,0.052952491242339035,0.10994371500699325,6.269734421645837e-05,4.157593457131695e-05,0.10474143499336677
LBY,2017,24.127239872118523,0.0485325531761771,0.11468483892156472,5.105006710871887e-05,3.7154899149436944e-05,0.10854168128682254
LBY,2018,24.823012532166302,0.05876140740017726,0.11889918322944447,6.572520676504268e-05,4.216268698071255e-05,0.1076590147670666
LBY,2019,25.14218394268766,0.05254369895217557,0.11826860595269607,5.758485681865339e-05,3.9803940643399135e-05,0.10507297561879686
LBY,2020,21.365336469145127,0.039789270682773374,0.09817754717139562,4.7866122674790464e-05,3.5053957366983695e-05,0.08534811260383238
LBY,2021,25.163843223257274,0.041632927094008065,0.11387152028351394,5.1163763495766756e-05,4.037364946478553e-05,0.09709043572580364
LBY,2022,25.3971382474364,0.04256317482935949,0.11471818520817229,5.2708572790326276e-05,4.104896406776306e-05,0.09964553012539455
LBY,2023,24.04380077959539,0.04123922017322002,0.1086118149818517,5.092986315738736e-05,3.894549993425683e-05,0.09368593416400582
LBY,2024,24.64667506259289,0.04105533704761804,0.11100342392472526,5.0782427423216764e-05,3.9612015508173426e-05,0.09603851014741954
LCA,2000,0.21633292124997883,0.003028399872747732,0.0008147381245214401,5.305038150663526e-06,1.9900972606780516e-06,0.001397123757886612
LCA,2001,0.22835141687497768,0.003147722660260763,0.000884402822081526,5.494514959504537e-06,2.0613057079802692e-06,0.0014580759510343499
LCA,2002,0.22835141687497768,0.0020116974264581798,0.0024880884351519746,3.0505284327837495e-06,1.1474884850311626e-06,0.0014070799805686368
LCA,2003,0.2403699124999765,0.0021842722790829296,0.00280559166086658,3.3545690081507484e-06,1.2615328243619115e-06,0.00153996846297936
LCA,2004,0.24036991249997652,0.002224969601032895,0.002744958957309186,3.4421231430060684e-06,1.2942696972929916e-06,0.001544859480841664
LCA,2005,0.2523884081249753,0.002361611547972512,0.003064296255827936,3.668859504745288e-06,1.3794096539492267e-06,0.001604848492748
LCA,2006,0.26440690374997416,0.002459543047071132,0.0033858533999712513,3.851310736499043e-06,1.4878244293532659e-06,0.001636478621963559
LCA,2007,0.27642539937497296,0.00255794769176898,0.003611751412617775,3.999775769190433e-06,1.5477746646394155e-06,0.0016008199973560199
LCA,2008,0.27642539937497296,0.002593320757516895,0.0035989268072991448,4.075745223251187e-06,1.576046822825202e-06,0.001611159065309675
LCA,2009,0.28844389499997175,0.0027284718177808557,0.003961781821709243,4.295795884368286e-06,1.6551338742123917e-06,0.001681459694911152
LCA,2010,0.3004623906249706,0.002894965069731664,0.00485269028509224,4.591857709523612e-06,1.7714096118198598e-06,0.001685939430815132
LCA,2011,0.31248088624996945,0.0025590401073654692,0.00569574045166581,3.7471923007018925e-06,1.4785744845067308e-06,0.00168464515978746
LCA,2012,0.3004623906249706,0.00264940706664591,0.005419930552397934,3.903365551630712e-06,1.515331585309225e-06,0.001618268370034804
LCA,2013,0.3004623906249706,0.0026296538213497417,0.006033502557309724,3.7942364809091474e-06,1.4830495256268999e-06,0.0015539880767190901
LCA,2014,0.3004623906249706,0.002546745458994936,0.00640155988125369,3.5494552950059553e-06,1.3846650449353688e-06,0.0015266662466476041
LCA,2015,0.3004623906249706,0.002577314850414618,0.006394404102276954,3.546513956225691e-06,1.390597177034773e-06,0.001481772458626294
LCA,2016,0.31248088624996945,0.002673262982452101,0.006576157159534326,3.613648183044194e-06,1.4251490213345958e-06,0.0015307942290262832
LCA,2017,0.31248088624996945,0.0026208743052249604,0.0064510636504254,3.4570297801818463e-06,1.3758048771501125e-06,0.0014766045384156001
LCA,2018,0.31248088624996945,0.00266610245448052,0.006432592216164321,3.4708816610133547e-06,1.3773090458004318e-06,0.0014318307054453602
LCA,2019,0.32449938187496824,0.002705510612884982,0.006539915459480623,3.4205150631003834e-06,1.3601100075919412e-06,0.0014367963966612329
LCA,2020,0.28844389499997175,0.002352645070562293,0.0056927785705092205,2.8839636088123723e-06,1.1445738513336293e-06,0.001234700360360306
LCA,2021,0.31248088624996945,0.00256247487707367,0.006183011814152862,3.147968909638897e-06,1.2471516230735085e-06,0.00126884267131011
LCA,2022,0.31248088624996945,0.002563979940593721,0.006186073304835061,3.148777220255711e-06,1.2440720316599208e-06,0.0012624454560187862
LCA,2023,0.31248088624996945,0.0026400565050270063,0.006264805958948706,3.2812397331805223e-06,1.2917222721980877e-06,0.001213148554638852
LCA,2024,0.31248088624996945,0.0026400565050270063,0.006264805958948706,3.2812397331805223e-06,1.2917222721980877e-06,0.001213148554638852
LKA,2000,3.10308552621431,0.02976999999999967,0.018523899999999996,4.65866340207758e-05,1.74175866583248e-05,0.020040382602786712
LKA,2001,2.8816300694559827,0.029651999999999897,0.015976099999999896,4.90365936473125e-05,1.9472130079374805e-05,0.01839986614294422
LKA,2002,3.2930404336913797,0.031044999999999785,0.018180799999999633,5.4904887080951794e-05,2.5678852190003596e-05,0.020291405820297984
LKA,2003,3.722903762471378,0.04077199999999996,0.016903099999999865,7.91136210028251e-05,3.9173728639286005e-05,0.023851381087113613
LKA,2004,4.1896700766668715,0.04409599999999949,0.020314256049072128,8.29090169987896e-05,4.00224123511769e-05,0.026927045370281472
LKA,2005,4.404116107513856,0.05302499999999985,0.0177307224831809,0.00010444279076125537,5.083882236031429e-05,0.028004214415152585
LKA,2006,3.1633038516342253,0.037499999999999874,0.013910833406104625,7.015577763339149e-05,3.19024774477258e-05,0.019578456744342394
LKA,2007,3.8688079277039553,0.04211699999999945,0.01789334566605144,8.058187083248451e-05,3.925365272012619e-05,0.022404833675203507
LKA,2008,3.7880671649403244,0.042154999999999485,0.01524463102627776,8.812971198922651e-05,4.751743575562009e-05,0.022078936185297982
LKA,2009,3.999871432488416,0.04640699999999967,0.016676096052196172,9.150226751622729e-05,4.523197771053579e-05,0.0233169178309584
LKA,2010,3.3201897231243103,0.04282799999999988,0.013192298613872411,8.05085859751724e-05,3.561202113018701e-05,0.01863008132351984
LKA,2011,5.036942186227675,0.056477999999999536,0.020140858965327486,9.187174885517439e-05,4.02910411551219e-05,0.025135303484380356
LKA,2012,6.333234722378478,0.06802599999999989,0.025008731270994043,0.00010779722795383731,4.86565634374961e-05,0.030934069674764437
LKA,2013,3.932093796058727,0.03972299999999972,0.012179279270814402,6.0730386823302505e-05,3.197607604894128e-05,0.01704809931254363
LKA,2014,6.613742521281036,0.05743599999999977,0.016867877297381047,7.46905770308081e-05,4.12983494868967e-05,0.027219220619649338
LKA,2015,6.570794633832883,0.051177999999999474,0.013627046736560244,5.3895623006821504e-05,3.58763712053663e-05,0.02446340935940861
LKA,2016,8.421401283424434,0.06617627998278319,0.018368586844414295,7.49922088126079e-05,5.23961214727179e-05,0.03282670407186348
LKA,2017,9.217669641117446,0.07519938179813918,0.02167955555687706,8.85333482904627e-05,5.88475582479593e-05,0.036136490084608716
LKA,2018,7.9130663712760185,0.06666041670157213,0.018800614444723866,6.92588871837664e-05,4.4734894285261494e-05,0.030848467624748147
LKA,2019,9.427324432172172,0.07689430420888599,0.022598356746258513,8.50865619276685e-05,5.366499242545409e-05,0.037769397091161325
LKA,2020,9.233385948972717,0.0833053842280331,0.02471826907703089,8.17419546095559e-05,4.77224234331895e-05,0.03660751859867671
LKA,2021,8.08737190569773,0.06740609675709175,0.018441690607299107,5.612175851912571e-05,3.8442974039886056e-05,0.030684992675743258
LKA,2022,7.466760970709155,0.05937958205068533,0.015880280439830877,4.774728186133331e-05,3.48442529361027e-05,0.029526623156385066
LKA,2023,8.897092786480107,0.07315405373381319,0.02106179794170991,6.823392773900393e-05,4.4545769259884025e-05,0.03548201333058107
LKA,2024,8.393576954847909,0.06551430326997973,0.016880387585658324,4.7695377304837245e-05,3.762363764909251e-05,0.0336020992960724
LKA,2025,7.0851812981849935,0.05566762576864738,0.014561468829112805,4.200338166003107e-05,3.221877394086545e-05,0.028350794575706384
LSO,2000,0.0,0.0,0.0,0.0,0.0,0.0
LSO,2001,0.0,0.0,0.0,0.0,0.0,0.0
LSO,2002,0.0,0.0,0.0,0.0,0.0,0.0
LSO,2003,0.0,0.0,0.0,0.0,0.0,0.0
LSO,2004,0.0,0.0,0.0,0.0,0.0,0.0
LSO,2005,0.0,0.0,0.0,0.0,0.0,0.0
LSO,2006,0.0,0.0,0.0,0.0,0.0,0.0
LSO,2007,0.0,0.0,0.0,0.0,0.0,0.0
LSO,2008,0.0,0.0,0.0,0.0,0.0,0.0
LSO,2009,0.0,0.0,0.0,0.0,0.0,0.0
LSO,2010,0.0,0.0,0.0,0.0,0.0,0.0
LSO,2011,0.0,0.0,0.0,0.0,0.0,0.0
LSO,2012,0.0,0.0,0.0,0.0,0.0,0.0
LSO,2013,0.0,0.0,0.0,0.0,0.0,0.0
LSO,2014,0.0,0.0,0.0,0.0,0.0,0.0
LSO,2015,0.0,0.0,0.0,0.0,0.0,0.0
LSO,2016,0.0,0.0,0.0,0.0,0.0,0.0
LSO,2017,0.0,0.0,0.0,0.0,0.0,0.0
LSO,2018,0.0,0.0,0.0,0.0,0.0,0.0
LSO,2019,0.0,0.0,0.0,0.0,0.0,0.0
LSO,2020,0.0,0.0,0.0,0.0,0.0,0.0
LSO,2021,0.0,0.0,0.0,0.0,0.0,0.0
LSO,2022,0.0,0.0,0.0,0.0,0.0,0.0
LSO,2023,0.0,0.0,0.0,0.0,0.0,0.0
LSO,2024,0.0,0.0,0.0,0.0,0.0,0.0
LTU,2000,1.0832038150972618,0.008865636860985448,0.00163747605136596,1.770069836945676e-05,1.0194341119757933e-05,0.0063088652840137625
LTU,2001,1.2002916838529663,0.009515799365909211,0.001855235712891512,1.941978139143624e-05,1.3178950533530124e-05,0.006907143611050639
LTU,2002,1.189091358170612,0.008328789350647497,0.001862773340379962,1.7310738050376838e-05,1.338537745418521e-05,0.006537564455088196
LTU,2003,1.1543994878666894,0.005966376601538323,0.001840465585215215,1.1884940274039395e-05,8.374395276121814e-06,0.0062572389617853354
LTU,2004,1.2471776420581815,0.006688094489681677,0.0019456124895625472,1.467975505874759e-05,1.5597442059046642e-05,0.006729547862171002
LTU,2005,1.3924904828150266,0.0074792921923020365,0.002137832858570694,1.7731042327824724e-05,2.2969410543526376e-05,0.00742705882697899
LTU,2006,1.1742484983655443,0.006699294496293275,0.001888313704398993,1.4163432149151445e-05,1.3524001744539781e-05,0.006315147161864113
LTU,2007,1.2541899869893933,0.008207057185114908,0.00198346049133824,1.9517318335397342e-05,2.4899239816812083e-05,0.00658238823918897
LTU,2008,1.2609296086063904,0.00915734695452577,0.002187885056194968,1.8659950726939553e-05,9.338127680481594e-06,0.006763078807110303
LTU,2009,1.4333765281075166,0.012742985850952172,0.002531334924083774,2.291333679472298e-05,1.014114653418078e-05,0.00771340275939557
LTU,2010,1.689583062631499,0.01139335640838919,0.002789459554145087,2.054528216198079e-05,9.669274721047645e-06,0.00850047599375805
LTU,2011,1.1910004213701157,0.00598823607644829,0.0018890228303870588,1.0905574594605552e-05,6.091319668403855e-06,0.005828529513458467
LTU,2012,1.2317893356246845,0.005602016421946227,0.001823520331467592,1.0140560793517619e-05,5.194485336724374e-06,0.005955348463160496
LTU,2013,1.0292083809229142,0.005601092926039974,0.001671123485185352,1.0166571933212669e-05,5.3900718687798966e-06,0.00495811568012087
LTU,2014,0.8713315979126407,0.005362171652774271,0.001509399841784648,9.858105537383026e-06,5.551839326698034e-06,0.004206429615512545
LTU,2015,1.064445697855266,0.007338078210766053,0.001879294057957509,1.3332656608753995e-05,7.12083803827398e-06,0.005062288957253955
LTU,2016,0.7324856554585777,0.006770775132139467,0.0014759784298077928,1.2484185809471658e-05,7.141680834398143e-06,0.0034602762213772923
LTU,2017,0.5228923558255958,0.005042317894945091,0.00115047293818955,9.294528898483001e-06,6.1721279016251205e-06,0.0024086085635880118
LTU,2018,0.4097197445068192,0.004681789724824728,0.000933570588498681,8.197167992385295e-06,5.182917298880598e-06,0.0018405789040901012
LTU,2019,0.4384901631363892,0.0036194696751582467,0.0008899528971522529,7.3485972683871585e-06,5.386877584257728e-06,0.0018807500757483967
LTU,2020,0.855125121536499,0.004876514753178133,0.0013985387451268681,8.244163579612874e-06,4.630236957793187e-06,0.0034561926229416265
LTU,2021,0.7333038254012221,0.004877626574395668,0.00119062536521892,7.74011004203851e-06,4.573523798114083e-06,0.002878220303885312
LTU,2022,0.5625903768233055,0.0061718948819858,0.000986871413606487,7.879096333852449e-06,3.6691572055100642e-06,0.0022490996520487263
LTU,2023,0.39460416138753673,0.003042716736794979,0.000660600133400902,4.4708022460792504e-06,3.0337674747326717e-06,0.0015353759428899522
LTU,2024,0.5054235582780153,0.0034776768841807432,0.000838100313921676,5.114418632885033e-06,3.5356399345381796e-06,0.001967135263447104
LTU,2025,0.8489339902632249,0.005542775845981917,0.001402007483898992,8.15503605518917e-06,5.689528354401438e-06,0.00330450100052824
LUX,2000,0.08075965856649334,9.494941441051214e-06,2.7417435221801048e-05,3.6504326265598495e-08,7.807514346215788e-08,0.00044276199935591997
LUX,2001,0.20230823138755555,8.161197527775468e-06,8.6041527894602e-05,5.0985078009563804e-08,2.228826609017149e-07,0.00105722307374554
LUX,2002,0.9619728912499975,1.2282493135911599e-05,0.000553469729354335,1.417450094417817e-07,1.130481975223994e-06,0.004785288793652922
LUX,2003,0.9389718912499975,1.26812714433764e-05,0.0005815723709318401,1.3899699535978166e-07,1.1030018344043938e-06,0.004662412652345743
LUX,2004,1.1402025912499976,1.33345812084351e-05,0.000660185047328259,1.6303876734028168e-07,1.3434195542093939e-06,0.0055913484407667325
LUX,2005,1.1233164912499976,0.00020243107611020789,0.000738536284485784,8.486487448723468e-07,1.5934113021022773e-06,0.005444299665681575
LUX,2006,1.1878445868749963,0.0003103113599363275,0.000771968137965539,1.2385278895457996e-06,1.8029262281480412e-06,0.00589598155760765
LUX,2007,1.0800764868749964,0.00029276976306820987,0.0007098620414935221,1.257573234891862e-06,1.6865017438773647e-06,0.005290974472879573
LUX,2008,0.8662793868749964,1.76294816878373e-05,0.000511455467131952,1.437194391491407e-07,1.006742212700591e-06,0.0042690088388721
LUX,2009,1.0696979868749965,2.66127810958962e-05,0.000624839582919872,1.680226075910725e-07,1.2497738971201907e-06,0.005198535719335848
LUX,2010,1.0837790868749966,0.0003077395993860029,0.000704295978940629,1.2358044039816338e-06,1.6770199006350214e-06,0.005034019309144346
LUX,2011,0.8570359824999962,0.00040912452046411286,0.0006349436213281979,1.5624119133184664e-06,1.5031207082891197e-06,0.004034913244468974
LUX,2012,0.8937814824999962,0.000419581194811499,0.000640050698536773,1.5757621420198971e-06,1.5374547737675142e-06,0.004163725116701698
LUX,2013,0.4289261773393235,0.00041819716328643497,0.00041243553789046194,1.5834210364559204e-06,9.98718592863004e-07,0.002014209604453106
LUX,2014,0.5291875824999943,0.0004258924723021725,0.000481504400934609,1.6711876101283572e-06,1.126729069492815e-06,0.002490152537739693
LUX,2015,0.28698314739097686,0.0005461383091031385,0.00040196607564960704,2.1935396077485853e-06,1.0227309547373087e-06,0.001345419224578205
LUX,2016,0.13302162181763144,0.0005581061018984116,0.000319261074106036,1.929429529973464e-06,7.782304577880797e-07,0.000620503365870726
LUX,2017,0.11681514544148981,0.0005612532386576637,0.00029551283485721,2.0294162499103046e-06,7.826790117849213e-07,0.00053304647317952
LUX,2018,0.1168151454414898,0.0005484012495062169,0.000304473835388732,2.171251027511422e-06,8.232613365933591e-07,0.000513788507948936
LUX,2019,0.108711907253419,0.0005803282121237597,0.00029262812005895303,2.1659039992888244e-06,8.054386569616348e-07,0.00046311712814465296
LUX,2020,0.108711907253419,0.0005952345164964027,0.00029234460364727604,2.16109123129624e-06,7.996776252080481e-07,0.0004462019482280971
LUX,2021,0.108711907253419,0.0006064586849848547,0.000283728877451,2.050647866886236e-06,7.55638236109694e-07,0.000428465301815734
LUX,2022,0.08440219268920657,0.0005887683887076033,0.000261648117176898,2.1468555056370103e-06,7.591732390088362e-07,0.00033723209446896805
LUX,2023,0.07238369706420775,0.0004752562313707571,0.000213110794571871,1.737392553077018e-06,6.154288176708964e-07,0.000281479675529958
LUX,2024,0.07499386868882642,0.0005544621155185358,0.000242302100712525,2.0263176641958434e-06,7.079113912601138e-07,0.00029151017398032606
LUX,2025,0.0722927892928028,0.0005544611190192938,0.000240494340820718,2.026134717226126e-06,7.050288495393713e-07,0.000280972236607576
LVA,2000,0.4884732088358879,0.0013543183242345628,0.000620915444494596,4.446339812581657e-06,2.0523151455025616e-06,0.002693114836076489
LVA,2001,0.4890186554643176,0.0010450346582931847,0.000622496909126236,3.1235295237939328e-06,1.6114330126816257e-06,0.002621387808043942
LVA,2002,0.5331773805273848,0.001461121132781705,0.000688350344079569,4.148341647921768e-06,2.006483281022161e-06,0.002811686056814526
LVA,2003,0.5379108079069573,0.0008716407242120866,0.000641994807057372,2.4397277162139142e-06,1.4394957353023906e-06,0.002775033252327273
LVA,2004,0.46944236827967745,0.00040536370338043745,0.000523736442640957,1.410845823341439e-06,1.0169013532102443e-06,0.002361464798877156
LVA,2005,0.4495933577808227,9.562649636646308e-05,0.000455032901686088,3.911101908371151e-07,6.539162508462957e-07,0.002182717841370158
LVA,2006,0.6239493404814525,1.1373661756280558e-06,0.00057988851287829,7.501585650747512e-08,7.501585650749447e-07,0.0030730935513226198
LVA,2007,0.5792451687899556,9.810614943662568e-05,0.000533617939716572,4.01557847677888e-07,8.074513391818214e-07,0.0028307938331638624
LVA,2008,0.6077428641053109,1.2510399956786308e-06,0.000533234162945424,7.323244834643491e-08,7.323244834645227e-07,0.0029711765430035543
LVA,2009,0.5915363877291692,1.0254971941858578e-06,0.000511491194519844,7.135243342611054e-08,7.135243342611939e-07,0.002854751489651208
LVA,2010,0.8832529624997186,1.7893549893879564e-06,0.000757696262834407,1.0670296761759794e-07,1.0670296761762324e-06,0.004073229951543298
LVA,2011,0.8913562006877895,1.947696016370924e-06,0.0007629793066144409,1.0800244055224675e-07,1.0869810844631855e-06,0.004160302518513239
LVA,2012,0.6077428641053109,1.6431406432227063e-06,0.000553110413465896,7.566264958818478e-08,7.673020019965973e-07,0.002806071436183546
LVA,2013,0.7941173424309396,2.6769587415283403e-06,0.000672221184939666,9.880945659508425e-08,1.0112078891310037e-06,0.003681404429647905
LVA,2014,0.6887752459860189,3.6246434173178574e-06,0.000579129392966904,8.65333710741076e-08,8.954978488061353e-07,0.003215271070268244
LVA,2015,0.8184270569951521,4.521788125406481e-06,0.000677975635820568,1.0240411225275502e-07,1.0746110545043623e-06,0.0037841263577911197
LVA,2016,0.867046486123577,5.060313289441333e-06,0.000732622155834744,1.0524225274564675e-07,1.1318789291020775e-06,0.003877202783432706
LVA,2017,0.6158461022933818,3.663687755862807e-06,0.0005473354676205329,7.335504091441876e-08,8.150560101605426e-07,0.0027043412439823468
LVA,2018,0.9682006018173547,0.00013617956342076517,0.0008517188237263139,2.5883416423110506e-07,1.2688520328954812e-06,0.004074427698421439
LVA,2019,0.9642853443804266,5.5729680881169245e-06,0.00086149984374675,9.640815075777111e-08,1.1987256840256313e-06,0.003908033806884675
LVA,2020,0.6158461022933817,3.90552782853435e-06,0.000608910826984304,5.526037410385422e-08,7.675051958869152e-07,0.0023936542821605443
LVA,2021,0.6320525786695234,3.7962034013914174e-06,0.0005983163424268259,5.522279425956888e-08,7.669832536051325e-07,0.002397942245329176
LVA,2022,0.3565424802751157,2.1960018991661028e-06,0.00034638983136843797,3.190194979487794e-08,4.430826360399573e-07,0.0013853271249790388
LVA,2023,0.4213683857796823,2.5952749717417403e-06,0.00040969966420129197,3.7651674146765254e-08,5.229399187050313e-07,0.001643918230148962
LVA,2024,0.4985203437393424,3.070466163750791e-06,0.00048471509567476795,4.4545642652511e-08,6.186894812848258e-07,0.001944917342711448
LVA,2025,0.489618194743997,3.01563641082667e-06,0.00047605946896628993,4.3750184748001876e-08,6.076414548333111e-07,0.001910186675877315
MAC,2000,1.2379050493748789,0.014628704830792486,0.014189701818515135,2.4623151702552685e-05,9.315860967610558e-06,0.007994652614573465
MAC,2001,1.1898310668748835,0.014270200369491502,0.013359721382816141,2.418865249148618e-05,9.225561616324774e-06,0.007597343113284201
MAC,2002,1.2859790318748743,0.01524312652622629,0.017763542101474898,2.565380592177839e-05,9.680077027795508e-06,0.007924081995834045
MAC,2003,1.3100160231248719,0.015331591174637924,0.01805649655446417,2.56997774978147e-05,9.684671295233938e-06,0.008392828123237469
MAC,2004,1.442219474999859,0.01564078721049408,0.02107667660402577,2.562583451462599e-05,9.641717740387677e-06,0.009269156885050062
MAC,2005,1.4782749618748554,0.015591001483139612,0.021474122762660877,2.5320528505501395e-05,9.524858482641783e-06,0.009399826886095395
MAC,2006,1.1898310668748837,0.01258951747295295,0.0190027763190888,2.047063675360804e-05,7.704206480968558e-06,0.0073641537988359
MAC,2007,1.0696461106248953,0.011335134529221393,0.016011546594208788,1.8440054236520053e-05,6.940129279465899e-06,0.0061944773810733
MAC,2008,0.6791327989505804,0.0051266089632434255,0.00800774604829212,8.313328071548474e-06,3.344777566291338e-06,0.003783226966420989
MAC,2009,0.8717014522647766,0.006939976684399437,0.010012921572945338,1.1337288808093036e-05,4.5682418049937875e-06,0.004870105938704781
MAC,2010,0.47645471321088917,0.0014968284996170116,0.0037273549641186976,2.4652542670046135e-06,1.3195761816982852e-06,0.0023413832938856158
MAC,2011,0.4225564100744623,0.0026231415350360596,0.00485568672139412,4.268124386313237e-06,1.8027087425090213e-06,0.002154914508467624
MAC,2012,0.26440690374997416,0.003140756697363351,0.004125969463068948,5.295682985356636e-06,1.992687181747545e-06,0.001424076165630624
MAC,2013,0.13220345187498705,0.001488485384580161,0.002240297365215161,2.477906557691224e-06,9.325372889469504e-07,0.0006837547537564082
MAC,2014,0.2297150334460516,0.0011786483732631242,0.002686615930802769,1.963441745790755e-06,8.782167205110618e-07,0.001117000625899313
MAC,2015,0.5889062856249424,0.0067432177366236745,0.010300829730335475,1.1283808603224075e-05,4.220388145007349e-06,0.00290427401890755
MAC,2016,0.6249617724999388,0.007430249146758649,0.011225654557977999,1.2595015330993501e-05,4.719030216315129e-06,0.0030615884580526133
MAC,2017,0.7847476187097159,0.005281961231968663,0.010214000522544692,8.826485609664808e-06,3.6459141920426887e-06,0.0036026608670354588
MAC,2018,0.28980751157104573,0.0018736536789276898,0.0036573433814428217,3.134182620675713e-06,1.304289845878299e-06,0.0012819210127765221
MAC,2019,0.3428876447648282,0.0014429893434402014,0.0036402872826772703,2.3913811365849926e-06,1.124289197197091e-06,0.001439217620810027
MAC,2020,0.2294423101318368,0.0014258146004855474,0.002745605833059222,2.3388169516488117e-06,9.712540227966656e-07,0.000943849744804537
MAC,2021,0.15760405969605865,0.00037019907578940593,0.0014152144513197942,6.139373872112764e-07,3.647043654254688e-07,0.000607547663099108
MAC,2022,0.15760405969605865,0.00037028259046680196,0.0014135940927133528,6.142842793820743e-07,3.6469695255072064e-07,0.000617937394175109
MAC,2023,0.238363718262552,0.000617114985323752,0.002169491672658182,1.020899694125481e-06,5.785530096371975e-07,0.000928801665570491
MAC,2024,0.2790121383023408,0.00044121202044397346,0.002344972889186034,7.42207109296386e-07,5.431825703798505e-07,0.001087713973179825
MAR,2000,10.675454077554498,0.10009299999999956,0.042187831139355446,0.00011586152948153129,0.00011228231232322114,0.04476313120337927
MAR,2001,12.603265691283308,0.10978899999999928,0.048893299932207465,0.00011423328803602411,0.00013203790870700363,0.050299332881573344
MAR,2002,13.462015947496276,0.12024199999999916,0.05219369579771671,0.00013010177317819734,0.0001411474025131508,0.052669743444531736
MAR,2003,14.014182205003202,0.12821899999999897,0.054253145186578144,0.00014351714283800338,0.00014732937626768696,0.05596818348492292
MAR,2004,14.341409637938677,0.12790719862084807,0.05505753636055109,0.00013819295303037354,0.00015068095398025036,0.0560349260355833
MAR,2005,16.026130358782403,0.13906839784934083,0.059270157336652946,0.00015628881353772005,0.00016072005268126296,0.06419625333906114
MAR,2006,16.30678308732366,0.13653521981630154,0.05936324789779884,0.00014849454174765882,0.00016153636317171866,0.06392031293841222
MAR,2007,16.03385498409495,0.13146492880032465,0.05741767750659127,0.000142253692219907,0.00015578268976187834,0.06133084262689133
MAR,2008,16.260187591645177,0.143092287563188,0.05806834169396527,0.0001689327008411231,0.00015882737634618808,0.06551250387220453
MAR,2009,14.861856083278102,0.12808882803755167,0.05355979812471523,0.00014933516500890268,0.00014467305689993575,0.05984249871449122
MAR,2010,16.300822737175498,0.14592823451886588,0.057294713239406714,0.00017875685570794522,0.00015844410609630241,0.06606502707815458
MAR,2011,18.51725561033009,0.16721368657474184,0.06598904493825608,0.0002007052201725194,0.00017236188522649337,0.07661252006056066
MAR,2012,19.317477961739215,0.16666297144114373,0.06654246165104963,0.0001920408057302103,0.0001684554755339669,0.0801535557203938
MAR,2013,17.87713428298878,0.14819849506905558,0.06135676589528638,0.00015910570875396864,0.0001523082406934461,0.07072675739681569
MAR,2014,20.20224325838899,0.15146919363829103,0.07035260621076074,0.0001382236924652245,0.00017581888721657002,0.07477430047513477
MAR,2015,21.44311693855186,0.15714242989483648,0.07342544770562429,0.00013653733717255075,0.0001860760844721261,0.07827763682268923
MAR,2016,21.450649525249393,0.1614766620779916,0.07299921405167145,0.00014477711894230513,0.00018170945101316042,0.07837494392749719
MAR,2017,22.349273508954383,0.17072057267782864,0.07575344486935381,0.00015420712651989144,0.0001875526553984483,0.08224690337772303
MAR,2018,23.015888881323196,0.16310553096226738,0.07708853980097817,0.0001276395484471585,0.0001945936793321527,0.08488027495113229
MAR,2019,28.38543639781783,0.20165893581873823,0.09486769591704679,0.00014896646813731133,0.0002414829514839537,0.10783299262695963
MAR,2020,27.860714436522873,0.20045500160227345,0.0928871262653685,0.0001443210068117681,0.00023647029995558404,0.10680462252553102
MAR,2021,29.706683991384907,0.21935194071583244,0.098663309264651,0.00016103976439088075,0.00023628452155847579,0.11085094387339853
MAR,2022,31.336090922261086,0.2613073257808265,0.10639008195256483,0.00022189103823052182,0.0002464962095054712,0.12352289265296276
MAR,2023,30.350524468062552,0.22313260563076928,0.09922773969060183,0.00015722313050870818,0.0002123482739550728,0.12194976023875959
MAR,2024,29.207745762850884,0.2128301331619424,0.09528446831364584,0.00014782951026620327,0.0002034589114780101,0.11736770435344052
MAR,2025,30.764347091966723,0.22321737323181448,0.10023656012098585,0.00015458384911700348,0.00021367763641555416,0.12361612573230744
MDA,2000,2.797620991249998,0.000386332487280898,0.003192604758912122,1.005173208556185e-06,3.56680069044477e-06,0.014214475845606865
MDA,2001,3.0201135912499977,0.0003864738250329928,0.0032969406138067888,1.030225143695016e-06,3.8320384561800475e-06,0.01534201373274433
MDA,2002,2.9734813956249986,0.0001929843806340077,0.0031390292722365326,6.773379069483651e-07,3.6596251652865917e-06,0.014715592636305492
MDA,2003,3.072217395624988,0.0001889381040404555,0.003145228777251997,6.795868408219016e-07,3.773955061872851e-06,0.015156376300645667
MDA,2004,2.8907338956249986,0.0001868298202414377,0.00277820147196681,6.548509276591119e-07,3.5559679559477653e-06,0.014099516895911591
MDA,2005,2.844002595624999,0.0001663444981896242,0.0026281479850595877,6.054399170036768e-07,3.483455991813989e-06,0.013708370241629282
MDA,2006,2.897914695624999,0.00019269559881418568,0.0025857577457988738,6.683096753180768e-07,3.5693428489839845e-06,0.014288085810540125
MDA,2007,2.9119265999999997,1.11280691460553e-05,0.002482026782477952,3.478985827766001e-07,3.4789858277667003e-06,0.01417491739926043
MDA,2008,2.9746594956249988,0.00018856528178012077,0.0024562617596894233,6.679312396304451e-07,3.657399049957397e-06,0.014554020448649108
MDA,2009,3.154430086875006,0.0005515100143950564,0.002542332631924516,1.3314547142795115e-06,4.085564081108263e-06,0.015259441846929655
MDA,2010,3.0533247912499877,0.0003808386874221233,0.002373285463240607,1.0217568134089878e-06,3.866984030132676e-06,0.014104809389255898
MDA,2011,2.893875495624999,0.0002024257152028668,0.00223251238641956,6.888608374231477e-07,3.572522260652033e-06,0.013515530042005444
MDA,2012,2.984084295624999,0.00020277045252007213,0.002287088161801888,6.996384146031542e-07,3.6802980324520113e-06,0.013787358247862688
MDA,2013,2.153187195624999,0.00018920292456597738,0.001681695368408984,5.780077807179995e-07,2.67971402594092e-06,0.009988284436389027
MDA,2014,2.6795173956249987,0.00020161081029674657,0.002059588558513618,6.633843366738833e-07,3.317757253159734e-06,0.012513215726252441
MDA,2015,3.1504207956250188,0.00020340944054588812,0.0024110486296346615,7.196151981470342e-07,3.880065867891558e-06,0.014570168067831962
MDA,2016,3.061951095624989,0.00020306849928392832,0.0021030549595574353,7.089562976415596e-07,3.773476862836467e-06,0.013697369394709811
MDA,2017,2.468861895624999,0.00020082145505662897,0.0015197623260049269,6.387065991671539e-07,3.0709798780919886e-06,0.010845434176792845
MDA,2018,2.7080161956249986,0.000201751069847206,0.001480266790431756,6.677692931461405e-07,3.3616068178825437e-06,0.011387825888109352
MDA,2019,2.899248,1.1109542259433099e-05,0.001376900827751652,3.4731937379490005e-07,3.471336811089387e-06,0.011750006639189476
MDA,2020,3.1858629000000103,1.2211267541523805e-05,0.0013154708323410362,3.7248076773294226e-07,3.7937855972802114e-06,0.01238272734789309
MDA,2021,3.420007486874997,0.0005872023876604109,0.001466761052841388,1.4325083571040537e-06,4.413755231782746e-06,0.012984769532531646
MDA,2022,2.7767275431249843,0.002473253150679928,0.001381977302434401,4.737635430983431e-06,4.780865438086048e-06,0.010812988046651343
MDA,2023,3.089854434209205,0.003587436266126059,0.001615709572076998,6.699872472880722e-06,5.774936642607752e-06,0.012050113370987495
MDA,2024,2.9000432384475294,0.0026331235413700436,0.001447328800380806,4.989268178816796e-06,4.989060585483255e-06,0.011310809936518576
MDA,2025,1.145305527468501,0.0026266570464857143,0.0007210416589657111,4.7788923330079114e-06,2.9023932319349127e-06,0.0044649111705951615
MDG,2000,0.24036991249997652,0.001004330242560279,0.002966254114360804,0.00018065582601377701,5.8575749814755005e-05,0.0015523597309851289
MDG,2001,0.2644069037499741,0.001147070257143242,0.0032805778592485983,0.00019611736775435203,6.3595317656948e-05,0.0016882984696187182
MDG,2002,0.24036991249997652,0.000963050415720445,0.0029577355372263758,0.000183196643854693,5.9393411135812e-05,0.001481136821651209
MDG,2003,0.27642539937497296,0.0011375895749196649,0.003452282228308235,0.00020882458571989,6.770657345081e-05,0.0017709637324262448
MDG,2004,0.32449938187496824,0.001332714513397485,0.004095469337879193,0.00024530912243406,7.953544200158699e-05,0.0020855602991362568
MDG,2005,0.32449938187496824,0.0012713743370109999,0.0040695947713237975,0.00024908467641426396,8.075045411518199e-05,0.002063376633533147
MDG,2006,0.3365178774999671,0.001273180432974425,0.004224992319117889,0.000261097181015425,8.4638144001223e-05,0.0020827909734081546
MDG,2007,0.31248088624996945,0.00129975928680168,0.0039466653305682805,0.00023521388040152,7.626474693488001e-05,0.0018096226057068001
MDG,2008,0.3845918599999624,0.0027297855999991196,0.004852298056812768,0.00021993624980952,7.147990216151999e-05,0.0022416126126048
MDG,2009,0.36055486874996473,0.00283407415154496,0.00453928164846084,0.000189269833531365,6.1567249265955e-05,0.00210182461863894
MDG,2010,0.4462376071001577,0.004089999999999995,0.005580406722035222,0.000198398807902063,6.4661479208008e-05,0.002503905982235825
MDG,2011,0.5802225473114533,0.005471078443047986,0.006273276713841178,0.0002247279198268471,7.355856843179973e-05,0.0030119920135619023
MDG,2012,0.5874036813052637,0.005439591516889359,0.005174997488226091,0.0002297415479121876,7.519742313990708e-05,0.0030290960741866293
MDG,2013,0.6162388758835663,0.0054095915168893265,0.005141875560153184,0.0002604618710611406,8.511754468320908e-05,0.0030586961248985282
MDG,2014,0.6015891557936193,0.004908104590730706,0.004598505998352314,0.0002725696317970441,8.901055379682718e-05,0.002914985147123907
MDG,2015,0.7648117982380745,0.0042695915168893565,0.0037037923253995823,0.0004806912347016126,0.00015626559716088522,0.003659884136430486
MDG,2016,0.696997646670345,0.004779591516889344,0.004147830996362918,0.00038032921809736666,0.0001238264045138148,0.003303074272270646
MDG,2017,0.9314413416498595,0.008565130738413328,0.007361290435913365,0.00036997218459152814,0.00012088130423928232,0.004266900053882587
MDG,2018,1.1379970049776174,0.01170200987981225,0.00872847144771515,0.00027009594932255956,9.01627487227432e-05,0.004817020641508413
MDG,2019,1.3908146362422336,0.012909036027494904,0.009313759785397953,0.00044145346425091144,0.0001460299020463791,0.005879162752586912
MDG,2020,1.169477524994889,0.012450709047917886,0.00920499452980911,0.0003347051815945149,0.00011023215559694537,0.0049214441902757505
MDG,2021,1.543647287105638,0.015568244033715312,0.010911510089598744,0.00043172591458062097,0.0001433265405973833,0.0061263448394122295
MDG,2022,1.69421628969117,0.015683999999999913,0.010520432558174536,0.0005164464944595895,0.00017193478659734658,0.00678242143989332
MDG,2023,1.3267497693998798,0.012258175651209027,0.0076893442079600735,0.0003330336807167367,0.0001129516522196902,0.005244864631720734
MDG,2024,1.330245723517593,0.01228004782108916,0.0077346025779366605,0.00033995945339930657,0.0001151092890822849,0.00525659374520921
MDV,2000,0.12018495624998825,0.001420262604931305,0.00061370946761484,2.389015364310051e-06,9.017851471430604e-07,0.000776179865492565
MDV,2001,0.13220345187498705,0.0015855778188323842,0.00054870361741552,2.6848106863959063e-06,1.0185929015995488e-06,0.0008441492348093601
MDV,2002,0.1562404431249847,0.001851968643373288,0.000590503500234149,3.1152590338859575e-06,1.1739178127433529e-06,0.0009627389340732961
MDV,2003,0.16825893874998354,0.001969195196742488,0.00070097642936871,3.2992897796963473e-06,1.2423076499241975e-06,0.0010779779240855459
MDV,2004,0.1922959299999812,0.002085438294732552,0.000782989745903592,3.414153954221042e-06,1.2848272038785107e-06,0.001235887584673344
MDV,2005,0.21633292124997885,0.002281609973142396,0.000984872975671116,3.7020945610915056e-06,1.3932369921300208e-06,0.001375584422355423
MDV,2006,0.24036991249997652,0.0025433368632228207,0.001163267922322885,4.131705913982604e-06,1.55536424213026e-06,0.0014877078381486809
MDV,2007,0.27642539937497296,0.0029293044288999045,0.00156442892303635,4.761089497567172e-06,1.7922994150481416e-06,0.0016008199973560199
MDV,2008,0.32449938187496824,0.003375590525632581,0.002050473799667409,5.454307278068592e-06,2.054196195164704e-06,0.001891360641885296
MDV,2009,0.31248088624996945,0.0032803356392219793,0.002106200898486438,5.338321617298109e-06,2.0274472385386675e-06,0.001821581336153748
MDV,2010,0.27642539937497296,0.0028664878072223745,0.0017833719523547198,4.641480933220316e-06,1.7593836728749127e-06,0.00155106427634991
MDV,2011,0.3004623906249706,0.003122013368737094,0.002278440537636424,5.050267809838755e-06,1.907896708525813e-06,0.0016198511151802862
MDV,2012,0.31248088624996945,0.0037118033696112007,0.00263689351746196,6.254040594553193e-06,2.362723683776113e-06,0.0016829991048362002
MDV,2013,0.3365178774999671,0.0037888718880222418,0.00266102805052161,6.2986311202804115e-06,2.3915866492535833e-06,0.001740466645925364
MDV,2014,0.42064734687495886,0.004581826159087433,0.0032743917875588035,7.563807999198804e-06,2.8880006010747563e-06,0.002137332745306642
MDV,2015,0.480739824999953,0.005504667540100964,0.004006525593604906,9.199439875536021e-06,3.4919554238996574e-06,0.002370835933802054
MDV,2016,0.5167953118749494,0.006113358677935674,0.004601373920101266,1.0399744844142417e-05,3.9630565899089834e-06,0.0025316981480050264
MDV,2017,0.5648692943749447,0.0062862907010151,0.004884622608010028,1.0578582764360898e-05,3.997833636381508e-06,0.002669246665597378
MDV,2018,0.6009247812499412,0.006563998175601641,0.005278407282420824,1.1120304795735692e-05,4.2056228964811936e-06,0.00275352058739492
MDV,2019,0.6129432768749401,0.006506305218352913,0.005414331574344498,1.0962856606637247e-05,4.086623795444498e-06,0.0027139487492490364
MDV,2020,0.6129432768749401,0.006379303453530774,0.005502570147436128,1.0784081770190078e-05,4.001363269551469e-06,0.002623738265765682
MDV,2021,0.6249617724999388,0.00613101534652279,0.005367715106341356,1.0368367165831126e-05,3.862269666499468e-06,0.0025376853426202464
MDV,2022,0.6249617724999388,0.006111333703234517,0.0054206706231802754,1.0375137696828252e-05,3.864424314431885e-06,0.002524890912037588
MDV,2023,0.6249617724999388,0.006091323699554895,0.005475229004992433,1.0376568185581663e-05,3.863488212822543e-06,0.002426297109277733
MDV,2024,0.6249617724999388,0.006091323699554895,0.005475229004992433,1.0376568185581663e-05,3.863488212822543e-06,0.002426297109277733
MEX,2000,120.65462889948485,1.3540043036221228,0.2937301357373953,0.002234501941959977,0.0010608206382825966,0.6870522006118126
MEX,2001,123.86261464706399,1.3338147841320378,0.28045829873698924,0.0021655666557701867,0.0010756716289859474,0.6867768179676159
MEX,2002,125.38602997999087,1.206589053550348,0.25660596255108964,0.0019274479163634845,0.0010161394115727675,0.6562627729727293
MEX,2003,131.19399500659898,1.0871516160097026,0.2454457209934949,0.0016777154167031034,0.0009573067173964686,0.6804865441959999
MEX,2004,126.70107756970015,1.0272526446251138,0.23100030032085372,0.0016171968758876758,0.0008987361238956059,0.6595763568753312
MEX,2005,134.25355543611343,1.1147441859904892,0.24362902482504176,0.0017079469910083593,0.0010000199239829722,0.6796703501749835
MEX,2006,133.05857781259215,0.9372578386531774,0.21941065833941562,0.0013949357655529274,0.0008909851094866369,0.656977146402851
MEX,2007,134.600008153232,0.9260054066676435,0.20823530739441418,0.0013706813322471496,0.0008834268452794762,0.6409741024309071
MEX,2008,125.62051141008257,0.7779567264431926,0.18129266781857123,0.0011828203007610478,0.0007405466948461105,0.6111500392627526
MEX,2009,133.41610641379128,0.7984427265934178,0.1856896797280212,0.0011604817995810412,0.0007905777891087699,0.6355653417660527
MEX,2010,134.42646894992143,0.7987277161242552,0.18431632867334535,0.0011408138119008595,0.0008046828260714757,0.6130376694451434
MEX,2011,145.18343706619683,0.8689883637714468,0.1969879185436347,0.001254874247381905,0.0008721380474163015,0.6646039849109799
MEX,2012,149.75626429307925,0.8977627303204467,0.20463440960492102,0.001301045233846416,0.0008832581644792486,0.6849853821789759
MEX,2013,140.05850291725395,0.8620336367218232,0.19780222089650956,0.0012504802847139247,0.0008316352423308207,0.6305702780491633
MEX,2014,134.5933139891272,0.7210861466835073,0.1779022344935972,0.0009776244115094113,0.0007493486381561069,0.5953963277041061
MEX,2015,138.8199476058773,0.6598115878510871,0.16994750693899643,0.0008641220372590781,0.0007120443072353455,0.604804683912482
MEX,2016,144.21256498458274,0.6819251569941664,0.17335263749435786,0.0008773261091954243,0.0007397915380858359,0.6146152343200378
MEX,2017,148.1986529947845,0.7044235834746986,0.17346329615529374,0.0009420875261169264,0.000742281083525485,0.6276828506595336
MEX,2018,139.36084228152242,0.6191171981687903,0.15552880983720047,0.0008043124470640413,0.0006689653016880791,0.5778940427970911
MEX,2019,140.2804009758509,0.7453957662329801,0.16474456541501137,0.0010249800780701111,0.0007480984423084943,0.5729806856437936
MEX,2020,107.84452323853577,0.3902193965784657,0.10189136450654254,0.0005022048448134598,0.00044477152173969474,0.42441180189252997
MEX,2021,128.7861540275361,0.42787348100922007,0.11396179395148431,0.0006942393948442416,0.0004373372471714585,0.4947174372204095
MEX,2022,121.52892535778594,0.41806353784634387,0.11305173256695128,0.000629110676469803,0.0004258535706683189,0.47658906728659106
MEX,2023,132.69469957404965,0.47345880169868154,0.1275760128030621,0.0006959891410721796,0.0004858567969531612,0.5187172320515442
MEX,2024,131.57029373199066,0.4496876575703614,0.12385196619768277,0.0006661974727028313,0.0004658314124854605,0.5142212206728204
MEX,2025,129.3133435207734,0.4360756158409772,0.12077176902987236,0.0006574992287952196,0.00044842287580184535,0.5052457651140667
MKD,2000,5.399355009213966,0.09205402802071667,0.021490126594087222,3.867751247314124e-05,0.00011000055548377942,0.01991300225045444
MKD,2001,5.824171052532988,0.0960683582289435,0.02241896935761676,4.068390324823441e-05,0.0001189174577428193,0.021022149554227636
MKD,2002,5.227463331349983,0.0839731758763795,0.019606633605305276,3.7979306579039055e-05,0.00010344514416107172,0.01828300538011867
MKD,2003,5.521452472623819,0.08194756082727563,0.019131768271533213,2.821211944338536e-05,0.00010065101268357631,0.01864171391546168
MKD,2004,5.405857265344089,0.08235291317092426,0.01921147718541227,2.8289000827772397e-05,0.00010094525388418545,0.018199022658648673
MKD,2005,5.609430837400999,0.08371844647578239,0.019502346898430653,2.7433757052570877e-05,9.947900436577607e-05,0.018765099881957174
MKD,2006,5.529270820347982,0.08177177925716465,0.019046108813237785,3.066618588392487e-05,9.426972456522339e-05,0.018959461026686907
MKD,2007,5.666859942787963,0.08591748045782868,0.019978149407079482,3.638543281279501e-05,9.704351256176415e-05,0.019491594534456886
MKD,2008,5.707048732419986,0.06653402673727961,0.017311215489886123,3.2601332417683354e-05,0.0001059176717794106,0.01927100511607892
MKD,2009,5.479874018703982,0.09496430424969728,0.019652435379456445,3.3567706783928244e-05,0.00010491140580305782,0.018945438456011165
MKD,2010,5.002926681320064,0.07653390687953604,0.020509911669008233,2.706567862751555e-05,9.472224120917422e-05,0.016944580381790284
MKD,2011,5.595490260187278,0.095097310420424,0.022902895102070383,3.11272833615691e-05,0.00010779631356441232,0.01972771323575313
MKD,2012,5.383779021707055,0.08214641733454625,0.0187886078852883,2.9874577819037415e-05,0.00010148111008517329,0.019140590876454155
MKD,2013,4.570015631982266,0.07460054288070048,0.011832459336384583,2.7353804555833777e-05,9.061508384343297e-05,0.015766182779303008
MKD,2014,4.288407185946697,0.07667860569167016,0.008374562096367746,2.7613952905158614e-05,8.75179068378415e-05,0.014674074390227727
MKD,2015,3.7627662040636265,0.06935032746673342,0.007720472195017477,2.4808614857808013e-05,7.801116755753371e-05,0.01293430790245722
MKD,2016,3.4294847135209743,0.05622898974559329,0.006605755336981914,1.8688153195358872e-05,6.098302418701431e-05,0.011849145588353744
MKD,2017,4.0059904866448965,0.049158970175472064,0.005936991472309478,1.5113356167890525e-05,5.220192361138541e-05,0.014078887961385084
MKD,2018,3.4578526036076163,0.05377033348062188,0.005051296377745496,9.762430140160404e-06,3.8185377848767765e-05,0.012618972459014352
MKD,2019,4.170214237783323,0.09621489954482226,0.00560741430497835,8.030949447601754e-06,3.5608520991846875e-05,0.015831694730110594
MKD,2020,3.3909299170399576,0.0742477988753019,0.004235230062647675,4.012009699360909e-06,2.1359128502237517e-05,0.013019749384600085
MKD,2021,3.107537129250372,0.0625440281297634,0.003658645306216614,4.309050157879818e-06,1.8340949680232427e-05,0.011628176332328323
MKD,2022,4.2208363881770214,0.09324473577076509,0.004967450010945226,1.2378344753934418e-05,2.6885405552348076e-05,0.016621737049111823
MKD,2023,4.137608112100364,0.08752223894317132,0.0047495027921637765,1.0663617507715844e-05,2.5245760475553836e-05,0.016546651317524547
MKD,2024,3.347344364448621,0.07097882326624111,0.003914220844171821,4.768926040297325e-06,1.9971120199103027e-05,0.013407955141627018
MKD,2025,2.936034103236534,0.06252306946798449,0.0034358192139542026,4.502026063686373e-06,1.76153381956606e-05,0.011760113542741698
MLI,2000,0.6129432768749401,0.004843967363093898,0.006452668445092272,0.000314789640654372,0.000104158181585094,0.003958517314012092
MLI,2001,0.6249617724999388,0.005095355771202264,0.006504266798765665,0.00031152284212718597,0.00010310249534130201,0.003990523655462399
MLI,2002,0.6489987637499365,0.004987980787456913,0.0071160997286329585,0.000341811446034794,0.00011307646697490399,0.003999069418458262
MLI,2003,0.6610172593749354,0.005326699258784939,0.008017709214662083,0.000333274344055139,0.00011029102451930699,0.004234913273193165
MLI,2004,0.7571652243749258,0.0063652346731704,0.008613982166493311,0.00036583393351776,0.000121109372676864,0.004866307364651328
MLI,2005,0.7812022156249235,0.00618522300674873,0.008546467953632004,0.000400506106443597,0.000132522067110312,0.004967388191839095
MLI,2006,0.8172577024999201,0.006425301900386097,0.010557986052443232,0.000421730433204184,0.000139537573135376,0.005058206649705456
MLI,2007,0.8412946937499177,0.006885029110974591,0.012591783214182927,0.000417794847382266,0.00013827888894332,0.004872060861518366
MLI,2008,0.9374426587499083,0.00796850205075204,0.016264731580824972,0.00044764249107853796,0.000148207154569943,0.005463930743224197
MLI,2009,0.6610172593749354,0.005564758299786252,0.013774590132005809,0.00031890766047067197,0.000105575762789616,0.003853345134171456
MLI,2010,0.9494611543749072,0.00784233551957064,0.01767716298867264,0.0004671608483922,0.00015462974072700001,0.0053275686013758
MLI,2011,0.745146728749927,0.005639159331218084,0.017011990457945665,0.000397678540321814,0.00012947202927689598,0.004017230765647096
MLI,2012,0.7812022156249235,0.005678408810049525,0.018057095624325482,0.00043095569550561,0.00013801548820365902,0.004207497762090447
MLI,2013,0.7932207112499224,0.0055354572392892955,0.018954706863886374,0.000451428915474015,0.000142168479792517,0.0041025285225383575
MLI,2014,0.8292761981249187,0.005851663775583885,0.020739650221953915,0.000467974900643775,0.00014494359280863,0.004213598840747416
MLI,2015,1.0335906237498989,0.008263885220036292,0.02997272937595027,0.00052450900157318,0.00015992470606294003,0.005097297257674441
MLI,2016,1.141757084374888,0.010139343945380299,0.03512408025215737,0.00051713964306906,0.000155171082258325,0.005593286606057579
MLI,2017,1.4782749618748554,0.01367681566991156,0.04470100703303034,0.0006348651745704841,0.000187258758161134,0.006985475316350619
MLI,2018,1.706626378749833,0.015451725406839265,0.04735234681811662,0.000752077355380704,0.00021772490823237603,0.007819998468201503
MLI,2019,1.8628668218748177,0.017451547256329407,0.05065552796754219,0.0007838495603266051,0.0002228978871118074,0.008248275610462676
MLI,2020,1.8388298306248199,0.017054027663605757,0.04678404209215472,0.0007830145296189871,0.0002184331124548188,0.00787121479729712
MLI,2021,1.8989223087498144,0.01703183994112872,0.04593356218538016,0.0008437260298783199,0.0002187918119106898,0.00771065931026928
MLI,2022,1.9590147868748082,0.017416371305602505,0.04625328827919986,0.000879546446502696,0.00021317763659952534,0.007914561897348609
MLI,2023,3.8098631131246274,0.033169556590860474,0.08664838566350458,0.0017528445543286161,0.00039864748509203015,0.014791080454635425
MLI,2024,3.7940545524892553,0.03303192357596064,0.08628884879353152,0.00174557134041024,0.00039699334614973957,0.01472970667681536
MLT,2000,1.607872082677544,0.02301,0.004369999999999871,3.95319819984074e-05,1.4805030116875295e-05,0.010383977960320128
MLT,2001,1.5383674399998493,0.01938106168404113,0.003584536953048348,3.79900610621805e-05,1.4227932486696331e-05,0.009822827459599894
MLT,2002,1.9635940881325422,0.024819999999999932,0.004719999999999909,4.79800196236185e-05,1.7968236142370897e-05,0.012099482320650308
MLT,2003,2.1666935807776255,0.027059999999999904,0.005180000000000001,4.9867041449851305e-05,1.8668175419840107e-05,0.01388127053271549
MLT,2004,2.07284509143951,0.010699999999999736,0.005039999999999844,5.224847592395611e-05,1.95702515459289e-05,0.013322193108618744
MLT,2005,1.99904229470319,0.011049999999999746,0.005139999999999872,5.301847912300929e-05,1.9864251911608857e-05,0.012711201902764738
MLT,2006,2.020873148786942,0.01117999999999987,0.0051799999999998,5.390659255828309e-05,2.0197622356029037e-05,0.012507675324609564
MLT,2007,2.055261690537004,0.011469999999999928,0.005279999999999899,5.51546757771151e-05,2.0665915781366826e-05,0.011902321644286938
MLT,2008,2.01005665310798,0.010469999999999926,0.005189999999999893,5.0448627006164507e-05,1.88956366413406e-05,0.011715714278657467
MLT,2009,1.887377366141033,0.007834999999999969,0.005221999999999944,4.736919880654879e-05,1.7742229623750397e-05,0.011002309375464743
MLT,2010,1.8845281428890188,0.007999399999999952,0.0049019999999998605,4.6762873732565896e-05,1.7513988422892498e-05,0.010574369384363664
MLT,2011,1.931135807196735,0.007773268469511762,0.003956423659049715,4.8973314801065105e-05,1.8344133694047883e-05,0.01041112827580705
MLT,2012,2.044154996193485,0.0075899975012258545,0.0045565669535111665,5.2213042853089996e-05,1.955844052230688e-05,0.011009668687344938
MLT,2013,1.6604200257097648,0.006179793685336554,0.0036388497947975823,4.25247960247948e-05,1.5929565743389405e-05,0.008587673541874981
MLT,2014,1.622553496934477,0.006069044694559966,0.00348562882334401,4.1789108426182105e-05,1.5654470437721984e-05,0.00824428525645916
MLT,2015,0.8611689340238108,0.00331877809027332,0.0018275271057854399,2.2936821413433313e-05,8.593856007431505e-06,0.00424697549003328
MLT,2016,0.5652410443160433,0.002292504109076448,0.001127965707078984,1.5659729436488642e-05,5.945130333024016e-06,0.0027690260963853597
MLT,2017,0.7607740431249836,0.0005800478819590519,0.00079987669408769,3.735995073031832e-06,2.0886263899961007e-06,0.0033929673580425554
MLT,2018,0.7750906956249987,7.4972989570222e-06,0.0006975343040953511,9.059618416362328e-08,8.851310127440104e-07,0.003262680957338923
MLT,2019,0.8215545912499987,1.4480633488457499e-05,0.000771670161996267,1.0241534402659857e-07,9.110705308688844e-07,0.003338590631731116
MLT,2020,0.8782978824999951,2.8421778447963097e-05,0.00087369782763707,1.254101732024733e-07,9.260231932946001e-07,0.0034326756088130183
MLT,2021,0.8650451868749953,2.1461870690467e-05,0.00086003450972237,1.1038003633346833e-07,9.225543973056401e-07,0.003291506280144395
MLT,2022,0.8901910824999943,2.8430167765658296e-05,0.0008868088218893999,1.2617603394797888e-07,9.402304002872771e-07,0.003466224244607002
MLT,2023,0.8902951977097268,7.5785628025725e-06,0.0008840213190207138,8.442139912911586e-08,9.699140221143296e-07,0.0034731507973853218
MLT,2024,0.8100038407656834,4.046646528118672e-06,0.0008038093180763001,7.111508471846559e-08,8.864068048613998e-07,0.003160018276000581
MLT,2025,0.8072740169156482,7.520000677904045e-06,0.000801695875754212,7.784435340547221e-08,8.785661648415099e-07,0.0031492536157224425
MMR,2000,2.556673900532626,0.0019074630274547382,0.007812147160885206,4.290409656497429e-06,3.8298003118880905e-06,0.013798536434401022
MMR,2001,2.2154067247852733,0.0013168746559956877,0.00636693645647982,2.6759126084515995e-06,3.0546396866501453e-06,0.01177894228248994
MMR,2002,2.4721710389292593,0.005592123168582422,0.0056372610906613605,2.855398942316082e-06,4.829885570443145e-06,0.01119290403488951
MMR,2003,2.7648556998789005,0.005536268944581737,0.006091094338649986,2.8641355263031033e-06,5.159953486400604e-06,0.012596146768068377
MMR,2004,2.5049192023015534,0.0029421140726197557,0.005086908813479936,1.6391299992617507e-06,3.956685917799392e-06,0.011698113339210399
MMR,2005,2.506603826929205,0.0051554638046903455,0.005581661621609762,2.658404364146394e-06,4.720655705420885e-06,0.011166332122927454
MMR,2006,2.43466666661308,0.006845379962528821,0.0058285030887007755,3.4280117979103783e-06,5.216568452447332e-06,0.010670537248403358
MMR,2007,2.3949512360728633,0.007433946425664215,0.005937175948918719,3.694325983696897e-06,5.371788857402027e-06,0.01020828052786276
MMR,2008,2.155829113559725,0.005400679066173823,0.0050563899193187085,2.724840837903257e-06,4.363661248565799e-06,0.009531589617610853
MMR,2009,1.3750861267883445,0.0034276072028592494,0.003294268638577148,1.7296646277126165e-06,2.7754531890595933e-06,0.006050380834236269
MMR,2010,2.0670091295257187,0.005590574822637443,0.005009860067599953,2.8069927585624872e-06,4.345823732907207e-06,0.008695293516103323
MMR,2011,2.354537723545125,0.0056293293714706795,0.0048712813004343535,2.842403408424489e-06,4.322464690355754e-06,0.010209448076643842
MMR,2012,2.5880376702857997,0.005877103544443162,0.005777861307473905,2.973601127722482e-06,4.368844435163368e-06,0.011175647997419729
MMR,2013,2.728190119009134,0.004415012927870901,0.0060002940670108315,2.3041395382368285e-06,4.000139756765726e-06,0.012002410081088658
MMR,2014,4.128397982824421,0.0022072783605737024,0.008437585107604707,1.4532336804877695e-06,5.190168932057846e-06,0.018954288568519006
MMR,2015,5.070441008557649,0.0020915875391125057,0.0102446370867462,1.5160591364024565e-06,6.253359158683721e-06,0.023147025309230622
MMR,2016,6.249171781208297,0.00029404671172847743,0.01225595618892093,8.321767582309103e-07,7.564545015415522e-06,0.027953629060986685
MMR,2017,7.918640736707486,0.014546303200802765,0.017756157147750272,7.701118605699895e-06,2.2817611758938292e-05,0.033370198775699626
MMR,2018,7.384348883326656,0.017033170045777268,0.01715207383282568,8.804977105882193e-06,2.9018670920308038e-05,0.030067042835622705
MMR,2019,7.10774214277457,0.02493520962733942,0.01792301371757603,1.2249698710652843e-05,3.936029108028862e-05,0.028155260363155916
MMR,2020,8.102926663686365,0.027357532823908612,0.020108942991462604,1.3227780955095106e-05,4.4375104755692566e-05,0.031386466748791954
MMR,2021,8.390124087118759,0.0234620966440619,0.01991540947874638,1.1377221150364809e-05,3.852496202129865e-05,0.03167860138364898
MMR,2022,8.395535774526406,0.025898214482631268,0.0203166196694044,1.454817842955366e-05,9.379218650185984e-05,0.03271783301840296
MMR,2023,7.561282109503347,0.013648259599512129,0.01653593959994489,7.869546261912187e-06,5.061199206256378e-05,0.029626520260348028
MMR,2024,7.598055451946354,0.014570935204402129,0.016769909432489388,8.362382675770802e-06,5.364320851247165e-05,0.0297793704977644
MNE,2005,1.112471332448,0.0204679999999999,0.0038643107557952,5.9262280689906e-06,3.2514107429868096e-05,0.0037143268766188
MNE,2006,1.2401666697179998,0.02323899999999996,0.00434277527065368,6.7285330318191005e-06,3.691593426630369e-05,0.0041290970172726
MNE,2007,0.989430507256,0.01817299999999999,0.0033608485068518574,5.261742363580499e-06,2.8868422626685203e-05,0.0032338175279320743
MNE,2008,1.50833208504,0.027879999999999877,0.00510157286573179,8.0722707916484e-06,4.428831909051799e-05,0.004997308979353506
MNE,2009,0.8031974576760001,0.014909000000000002,0.0026987514382331218,4.3166960269973e-06,2.3683448684380702e-05,0.0027075846435098035
MNE,2010,1.3188731698638108,0.024544798041557323,0.004394284853401667,7.106608906663297e-06,3.899023843891002e-05,0.004435781737071057
MNE,2011,1.7355858180000006,0.032299999999999975,0.00561205523225478,9.2968747466306e-06,5.06744142302004e-05,0.006072031149041154
MNE,2012,1.5483252428999994,0.027021139823451393,0.004850498359952301,8.2433648865533e-06,4.462606033544909e-05,0.005426767634397492
MNE,2013,1.5053923305599994,0.024483614496889395,0.00456044169520224,7.964519039064199e-06,4.28096014504536e-05,0.005083229724641856
MNE,2014,1.45880555334,0.021948577409189495,0.004264701860940914,7.668082271511901e-06,4.09092836555749e-05,0.00488451968337918
MNE,2015,1.5236616549600002,0.02101979526684886,0.004288626490422372,7.95545425557e-06,4.2111340981718396e-05,0.005131949338720022
MNE,2016,1.2284785669279998,0.0142946943396231,0.00306681536920876,5.2612073114190014e-06,2.8895099766924106e-05,0.004105774289313841
MNE,2017,1.2639158987999999,0.012320244285835185,0.002830921016546128,4.3484562943082e-06,2.52248395400342e-05,0.0043091098405454165
MNE,2018,1.452963931904,0.01133272895032447,0.00287666144468408,3.7296722421018997e-06,2.3669034181705497e-05,0.005209418184948515
MNE,2019,1.4981912214500002,0.00786058436447745,0.00233856432921405,2.2467431538393997e-06,1.70040311919753e-05,0.0056364361126716
MNE,2020,1.563662449834,0.005144234261829012,0.0020641351627079282,9.413662998341998e-07,1.20403143918515e-05,0.005974765325233182
MNE,2021,1.3593430666439998,0.004512468341284416,0.001795416924578112,8.175764017971998e-07,1.0510563533629198e-05,0.005048654200683408
MNE,2022,1.4596770655740001,0.00483780877821764,0.0019076235598956,8.672569226372999e-07,1.12105073631467e-05,0.005735944844749435
MNE,2023,1.37754977626842,0.004594167315534663,0.001794229408963632,8.142703845532001e-07,1.0587798005876798e-05,0.005553739035158656
MNE,2024,1.2011562073560003,0.004005889793423517,0.001564480521230484,7.100040548238269e-07,9.232043383173062e-06,0.004842589524559072
MNE,2025,0.503981625464056,0.0016807929203175598,0.00065642539352328,2.9790379922678053e-07,3.87358463629639e-06,0.00203185574457024
MNG,2000,2.704473295669218,0.022341851339337502,0.01185048974790197,4.5806176352518067e-05,0.0001962068143875405,0.009582735559158093
MNG,2001,2.7676109064052175,0.02280539106500798,0.012112050906543947,4.6696671176555206e-05,0.00019996910613022525,0.009947709892383787
MNG,2002,2.8818676322522165,0.023694768842758174,0.01260279456920298,4.846388738027503e-05,0.00020748993322167996,0.009989370921366808
MNG,2003,2.902315278296617,0.023865104063590138,0.012723488121911984,4.88145759321481e-05,0.00020899334736118803,0.009962211458283205
MNG,2004,3.057467296232417,0.025095152283004164,0.013422104509329076,5.128316923961495e-05,0.0002195210027316589,0.010493414590418387
MNG,2005,3.1699293494766176,0.025216079705450995,0.013456561637431076,4.514023752650001e-05,0.00022424117827479637,0.010801545274112461
MNG,2006,3.294409898345818,0.026225474013682564,0.014043157911493163,4.731326357924989e-05,0.0002360301240475651,0.011209228299399021
MNG,2007,3.4549459340900137,0.027329522483327533,0.01469063778035287,4.9491665233318366e-05,0.0002443461180031147,0.011625536361228414
MNG,2008,3.7207653326672148,0.029565440262437633,0.015928629418147718,5.425780140817196e-05,0.0002638905018167189,0.012659947054675515
MNG,2009,3.7291944830866175,0.0296633178109449,0.015962279891249966,5.429142238202357e-05,0.00026539015956231226,0.012866606342483426
MNG,2010,3.967931757802818,0.031640685984857884,0.017074893310068548,5.911690334381307e-05,0.00028118352081497584,0.013669579373803201
MNG,2011,4.159139262613613,0.03241867000143186,0.017612507299702953,5.592584935613327e-05,0.00026706770567584915,0.014914898479295297
MNG,2012,4.404511015146416,0.03430316228347992,0.018689703066554205,5.844271936714558e-05,0.00027106054025350426,0.015799200004210423
MNG,2013,4.551233882662814,0.03530186583651001,0.01922205696651046,5.951473888337169e-05,0.0002685113151426152,0.01575644925664667
MNG,2014,4.803240113012218,0.03735719372038772,0.02006259833322589,6.242510531185377e-05,0.00027387992335216836,0.016415894121891983
MNG,2015,4.91390749365362,0.038295197873932096,0.02031537311172501,6.396118126938253e-05,0.00027425886817463157,0.01683272759074854
MNG,2016,5.053451670758825,0.03951774749937978,0.020445758378939336,6.582093789951606e-05,0.00028317132521668537,0.017132670007225285
MNG,2017,5.369139724438821,0.04174385582323735,0.021070107110007976,6.900634898588065e-05,0.00029746136263746867,0.018589897561024513
MNG,2018,5.699891406354821,0.04426455140533807,0.02179818425614733,7.280568539921834e-05,0.0003146331027496338,0.020675831196672052
MNG,2019,5.788860680943617,0.04474019315716284,0.021503961619800383,7.308361856029323e-05,0.0003164441043692453,0.021970604138423305
MNG,2020,5.521246609763614,0.04275304002253393,0.020083445146978168,7.024875673297463e-05,0.000306690201504068,0.02122375360323519
MNG,2021,6.122657495470621,0.047617345202299495,0.021778112585089396,7.818338471369374e-05,0.0003407355660676421,0.02283141174407802
MNG,2022,6.4702674782254235,0.05039194339815625,0.02244073181846209,8.255197056172438e-05,0.00035899959039229986,0.02545476364178351
MNG,2023,6.956715390671817,0.053752366769251804,0.0233561959917566,8.743192592977863e-05,0.00037891196572336326,0.027991118070318344
MNG,2024,7.418351507758228,0.05705476005992479,0.024818065205832348,9.25754673996302e-05,0.00040093478190737303,0.02984041870483623
MNG,2025,8.201733845164654,0.06331116749701705,0.02751585304450457,0.00010292733103844573,0.00044600393696545893,0.03299870825753266
MOZ,2000,0.012018495624998824,3.7701673590636004e-05,6.9647589531166e-05,9.600503569132e-06,3.176830518348e-06,7.7617986549257e-05
MOZ,2001,0.036055486874996476,0.000113105020771908,0.000178188306947332,2.8801510707396e-05,9.530491555044e-06,0.000230222518584372
MOZ,2002,0.02403699124999765,7.5403347181272e-05,8.200084751331899e-05,1.9201007138265e-05,6.353661036696e-06,0.00014811368216512198
MOZ,2003,0.02403699124999765,7.5403347181272e-05,7.5110107011327e-05,1.9201007138265e-05,6.353661036696e-06,0.000153996846297936
MOZ,2004,0.04415872506306729,0.00011313598769080761,0.00014692745539025901,2.8802478831071073e-05,9.54017279179472e-06,0.000271199939486038
MOZ,2005,0.020121733813069635,3.773264050953561e-05,3.7513471989153e-05,9.601471692807072e-06,3.186511755098719e-06,0.00011542684725257299
MOZ,2006,0.020121733813069635,3.773264050953561e-05,3.5778406255529e-05,9.601471692807072e-06,3.186511755098719e-06,0.00011429569776876802
MOZ,2007,0.008103238188070813,3.09669188996067e-08,8.600044655457001e-06,9.681236750719148e-10,9.681236750719149e-09,3.9445613767337e-05
MOZ,2008,0.008103238188070813,3.09669188996067e-08,6.480371092588e-06,9.681236750719137e-10,9.681236750719134e-09,3.9615687240047e-05
MOZ,2009,0.008103238188070813,3.096691889960665e-08,6.368064418878e-06,9.681236750719164e-10,9.681236750719163e-09,3.9106184789745003e-05
MOZ,2010,0.008103238188070811,3.09669188996067e-08,6.17022769128e-06,9.681236750719127e-10,9.681236750719129e-09,3.7369082124252e-05
MOZ,2011,0.0567226673164957,2.1676843229715838e-07,4.4280602204399e-05,6.1313251764942996e-09,6.133960866961429e-08,0.00026474652390539097
MOZ,2012,0.0567226673164957,2.167684322971802e-07,4.7210947010942e-05,5.5821639328479485e-09,5.5870418047814935e-08,0.000261900000710469
MOZ,2013,0.11344533463299139,4.335368645943694e-07,0.000117965799450345,1.0218594321671882e-08,1.0232211420012056e-07,0.000525914918521125
MOZ,2014,0.1254638302579902,3.8135210455230425e-05,0.000143672942449227,9.609899285689143e-06,3.098169431970271e-06,0.0005906407084983339
MOZ,2015,0.6610954956249997,4.01821529190346e-05,0.000735234643766527,9.650127333283887e-06,3.449811265678438e-06,0.0030603806037767054
MOZ,2016,1.7933787774999672,0.005318135365104585,0.006325232737389019,1.1659726495512039e-05,4.850008626890208e-06,0.008163244624967286
MOZ,2017,1.8715177566813754,0.007015460270355605,0.007404424740264758,1.3149095468307266e-05,5.299980614642277e-06,0.00836625962062781
MOZ,2018,1.6346269299999812,0.003024313068932015,0.004060066009882517,7.015449839687569e-06,3.2220969844592444e-06,0.006944034037396367
MOZ,2019,1.7878004606249895,0.0016852557402529146,0.0033203619768321377,5.008469953415987e-06,2.677284439619812e-06,0.007286114771100521
MOZ,2020,1.6540019606249894,0.0016818208515277477,0.003138060413994558,5.026399622389747e-06,2.544063872628774e-06,0.00647132502082932
MOZ,2021,1.6654164518749868,0.0020637269926369974,0.0033446760615929703,5.4853820366753085e-06,2.5780465306379934e-06,0.006353669922638957
MOZ,2022,1.8573644606249895,0.0014094475882838675,0.003167003666922618,2.1619115320775716e-05,6.4562594449282475e-06,0.007233417524600108
MOZ,2023,1.9340965421044987,0.0017035553466921544,0.003395179027154216,2.744608198359713e-05,7.489239143772755e-06,0.007543124981322776
MOZ,2024,1.9316091247284322,0.0015975355844883628,0.0033363367134872316,2.5737688489857097e-05,7.091372788569437e-06,0.007533578168014508
MRT,2000,0.31248088624996945,0.0024694735576557152,0.0036048146561954283,0.00016048099327478402,5.3100249435519e-05,0.0020180676502806693
MRT,2001,0.3485363731249659,0.0028416407185551003,0.0038241876141079595,0.000173733892724788,5.7499468555716e-05,0.002225484346315604
MRT,2002,0.3966103556249612,0.0030482104812237,0.00475224952069125,0.00020888477257685,6.910228537355e-05,0.0024438757557245
MRT,2003,0.3605548687499647,0.002905472322973604,0.004744594803454724,0.000181786005848284,6.0158740646890005e-05,0.00230995269446904
MRT,2004,0.3966103556249612,0.0033341705430893,0.0049002466667889,0.0001916272985093,6.343824283075e-05,0.00254901814338875
MRT,2005,0.3845918599999624,0.0030450328648608956,0.004480436256547104,0.000197172237018384,6.524163303892801e-05,0.002445483417520752
MRT,2006,0.3876218127063198,0.00304749305169534,0.004654344111223368,0.000200024930315118,6.618207069070199e-05,0.0023990856551177127
MRT,2007,0.4365791848288793,0.003572898318654871,0.005311789897120352,0.00021680932407028397,7.175807129462099e-05,0.002528294039128499
MRT,2008,0.4119651243649908,0.0035018087855296924,0.005884524246916392,0.000196719332950074,6.51305744349779e-05,0.00240115903318896
MRT,2009,0.4670209924493953,0.003931605275125045,0.006027572722821078,0.00022531419562865401,7.459124072380201e-05,0.0027224600315466844
MRT,2010,0.47517534448929966,0.00392484143763212,0.0057178337233094925,0.000233799261869596,7.7387305399153e-05,0.0026662799565673476
MRT,2011,0.5889062856249424,0.0044567549553175476,0.008016766868786737,0.000314294330254362,0.00010232466829949401,0.003174908185753308
MRT,2012,0.6489987637499365,0.004717447319118035,0.009333891445025541,0.000358024731650788,0.000114659020969214,0.003495459679275142
MRT,2013,0.5057646838235274,0.003529457489878474,0.0062775112332893734,0.000287835150375388,9.0647905699043e-05,0.00261580920877507
MRT,2014,0.5637991190339712,0.003978364372469623,0.008212266383168475,0.000318161593579509,9.854264492325001e-05,0.0028646949228103534
MRT,2015,0.5993791628828442,0.004792226720647716,0.010123152526312225,0.000304162749800196,9.2740330883172e-05,0.002955922483299576
MRT,2016,0.6186780042460029,0.005494153846153824,0.011084914042943797,0.000280219782884637,8.40817515407372e-05,0.00303080527545507
MRT,2017,0.694412229569394,0.006424615384615332,0.012229701438996403,0.000298224723220866,8.796385998190799e-05,0.003281391902137674
MRT,2018,0.780937359257787,0.007070574898785396,0.012619892671550352,0.00034414404416908804,9.962902073755969e-05,0.0035783631550514823
MRT,2019,0.740062348652845,0.006932987854250921,0.011720597611044851,0.00031140043925529005,8.85507927398181e-05,0.0032767979701692406
MRT,2020,0.746786669331833,0.006925991902834004,0.01106596178603173,0.00031799832854244797,8.871018612227511e-05,0.0031966624557486
MRT,2021,0.707196436679128,0.006342995951416918,0.009963212696138868,0.00031422035494229196,8.148242244817139e-05,0.0028716028894616437
MRT,2022,0.7404853102692038,0.0065831902834007725,0.010182578217814485,0.000332458554013026,8.057872224215279e-05,0.002991614387736373
MRT,2023,1.297997527499873,0.01130066912243831,0.017193384566360194,0.000597183633651464,0.00013581680880107028,0.005039232457730576
MRT,2024,1.2663390512193884,0.011025043046281281,0.01677403372327824,0.0005826181791721601,0.00013250420370836125,0.0049163243490054406
MSR,2000,0.012018495624998824,0.00016824443737487399,2.1378086598561002e-05,2.9472434170350507e-07,1.1056095892652688e-07,7.7617986549257e-05
MSR,2001,0.012018495624998824,0.000165669613697936,2.0679533101805003e-05,2.891849978686657e-07,1.0848977410420135e-07,7.674083952812401e-05
MSR,2002,0.012018495624998824,0.00010587881191885201,7.8682179427975e-05,1.605541280412441e-07,6.039413079112902e-08,7.4056841082561e-05
MSR,2003,0.012018495624998824,0.000109213613954146,7.7538481988113e-05,1.6772845040748592e-07,6.307664121809944e-08,7.6998423148968e-05
MSR,2004,0.012018495624998824,0.000111248480051644,7.6328889480053e-05,1.7210615715024793e-07,6.471348486466546e-08,7.7242974042084e-05
MSR,2005,0.012018495624998824,0.000112457692760597,8.057618742768399e-05,1.747075954640183e-07,6.568617399759112e-08,7.6421356797524e-05
MSR,2006,0.012018495624998824,0.000111797411230507,7.652128737685301e-05,1.750595789317496e-07,6.762838315242202e-08,7.438539190743401e-05
MSR,2007,0.012018495624998824,0.00011121511703343501,8.9279095283889e-05,1.7390329431255593e-07,6.72945506365132e-08,6.9600869450263e-05
MSR,2008,0.012018495624998824,0.000112753076413778,0.000118742961030764,1.7720631405437147e-07,6.852377490545113e-08,7.005039414390001e-05
MSR,2009,0.012018495624998824,0.00011368632574086899,0.00010110765350135701,1.7899149518199542e-07,6.896391142551692e-08,7.0060820621299e-05
MSR,2010,0.012018495624998824,0.000115798602789267,0.000162111100319083,1.8367430838089292e-07,7.085638447280868e-08,6.7437577232605e-05
MSR,2011,0.012018495624998824,9.8424619514056e-05,0.000117698509621845,1.4412278079618926e-07,5.686824940411453e-08,6.479404460721101e-05
MSR,2012,0.012018495624998824,0.00010597628266583702,0.000111784183007949,1.5613462206520223e-07,6.061326341237389e-08,6.4730734801392e-05
MSR,2013,0.012018495624998824,0.000105186152853989,0.000159490808600403,1.5176945923630675e-07,5.9321981025098106e-08,6.2159523068764e-05
MSR,2014,0.012018495624998824,0.000101869818359797,0.000157352781791085,1.419782118001392e-07,5.5386601797420355e-08,6.1066649865904e-05
MSR,2015,0.012018495624998824,0.00010309259401658499,0.000157176890016462,1.4186055824898977e-07,5.562388708139967e-08,5.9270898345052e-05
MSR,2016,0.012018495624998824,0.000102817807017388,0.00015542735522861202,1.3898646857857335e-07,5.4813423897507106e-08,5.8876701116395996e-05
MSR,2017,0.012018495624998824,0.000100802857893267,0.000152470772408982,1.3296268385315942e-07,5.291557219809854e-08,5.6792482246752996e-05
MSR,2018,0.012018495624998824,0.000102542402095406,0.00015203420039514102,1.3349544850048665e-07,5.2973424838500444e-08,5.507041174789901e-05
MSR,2019,0.012018495624998824,0.00010020409677351801,0.000148845939478858,1.2668574307781244e-07,5.037444472563633e-08,5.3214681357824005e-05
MSR,2020,0.012018495624998824,9.8026877940096e-05,0.000145761111485351,1.2016515036719414e-07,4.769057713891658e-08,5.1445848348347e-05
MSR,2021,0.012018495624998824,9.8556726041296e-05,0.00014613537211892,1.210757272938066e-07,4.79673701182233e-08,4.8801641204236004e-05
MSR,2022,0.012018495624998824,9.861461309975899e-05,0.000146207730395683,1.211068161637011e-07,4.78489242946259e-08,4.8555594462262e-05
MSR,2023,0.012018495624998824,0.00010154063480873201,0.000148068575248102,1.2620152819923273e-07,4.9681625853788793e-08,4.6659559793802e-05
MSR,2024,0.012018495624998824,0.00010154063480873201,0.000148068575248102,1.2620152819923273e-07,4.9681625853788793e-08,4.6659559793802e-05
MTQ,2000,0.9260414773098379,0.012963463331610239,0.0023955103028059917,2.270891243847622e-05,8.518872655258461e-06,0.005980571709855426
MTQ,2001,0.8823797606367388,0.012163212322139547,0.002328570849403164,2.1231524906355612e-05,7.965155032090912e-06,0.005634196302658684
MTQ,2002,1.0576276149998964,0.00931733544885891,0.008352184918444633,1.4128763267630529e-05,5.31468350961912e-06,0.006517002015265268
MTQ,2003,1.093683101874893,0.009938438869827313,0.00828108582852803,1.5263288987087023e-05,5.739974350846977e-06,0.007006856506556029
MTQ,2004,1.1297385887498892,0.010457357124854497,0.008052032108862598,1.6177978772129302e-05,6.083067577278557e-06,0.0072608395599558385
MTQ,2005,1.1297385887498892,0.010571023119496125,0.00797744561993236,1.6422513973623495e-05,6.174500355773317e-06,0.007183607538967288
MTQ,2006,1.153775579999887,0.01073255147812865,0.008885364003078471,1.6805719577450945e-05,6.492324782632288e-06,0.007140997623113636
MTQ,2007,1.153775579999887,0.010676651235209727,0.010062564650520854,1.669471625401242e-05,6.460276861105197e-06,0.006681683467225181
MTQ,2008,1.1898310668748837,0.011162554564963949,0.010607489435733749,1.7543425091385823e-05,6.7838537156395585e-06,0.0069349890202461
MTQ,2009,1.1898310668748835,0.011254946248345991,0.010446477327604736,1.772015802301932e-05,6.827427231126044e-06,0.006936021241508529
MTQ,2010,1.2499235449998776,0.012043054690083854,0.012842250060028903,1.9102128071619253e-05,7.3690639851719185e-06,0.007013508032190998
MTQ,2011,1.2018495624998824,0.00984246195140572,0.016348175243083744,1.4412278079623261e-05,5.686824940411288e-06,0.006479404460721145
MTQ,2012,1.1898310668748837,0.01049165198391795,0.0158811593774358,1.545732758445712e-05,6.000713077825012e-06,0.0064083427453378505
MTQ,2013,1.1778125712498848,0.010308242979690928,0.015955081178573405,1.4873407005165573e-05,5.8135541404594965e-06,0.0060916332607388055
MTQ,2014,1.153775579999887,0.009779502562540496,0.015413262877304965,1.3629908332823626e-05,5.317113772552022e-06,0.005862398387126722
MTQ,2015,1.165794075624886,0.009999981619608666,0.015556409004915114,1.3760474150156441e-05,5.3955170468954126e-06,0.005749277139470003
MTQ,2016,1.1778125712498848,0.010076145087703945,0.01554184094630609,1.3620673920706109e-05,5.371715541955574e-06,0.0057699167094067555
MTQ,2017,1.165794075624886,0.00977787721564691,0.01509062621509464,1.289738033375612e-05,5.132810503215508e-06,0.005508870777935028
MTQ,2018,1.0696461106248953,0.009126273786491024,0.013806392901421313,1.18810949165471e-05,4.7146348106264025e-06,0.004901266645562992
MTQ,2019,0.9134056674999107,0.007615511354787307,0.011542490113236992,9.628116473913422e-06,3.828457799148322e-06,0.004044315783194576
MTQ,2020,0.9134056674999107,0.007450042723447339,0.01130327232375101,9.132551427906338e-06,3.6244838625575297e-06,0.00390988447447432
MTQ,2021,0.8893686762499129,0.007293197727055852,0.01103407665917683,8.959603819741581e-06,3.5495853887483564e-06,0.003611321449113417
MTQ,2022,0.8653316849999152,0.007100252143182661,0.01074117418340967,8.719690763786081e-06,3.445122549213018e-06,0.0034960028012828606
MTQ,2023,0.889368676249913,0.007514006975846113,0.011180044820176177,9.338913086745574e-06,3.676440313180269e-06,0.00345280742474136
MUS,2000,0.9197492352602654,0.01137490054780824,0.007758050232842028,3.492580580777064e-05,1.3849725658089801e-05,0.00500360146449637
MUS,2001,1.0118352172051495,0.012550968448784831,0.008270999203033407,3.7756725813984e-05,1.4491348124252336e-05,0.005299277478139672
MUS,2002,1.0401648688781904,0.012628665293663372,0.008268958109872555,3.8713086123864774e-05,1.4933435203999516e-05,0.005170953374604073
MUS,2003,1.1241323060501083,0.013761991082443713,0.009232223217622834,4.363405539677645e-05,1.6940608774874007e-05,0.005866778399009957
MUS,2004,1.1656118718185902,0.014323968448784792,0.009811276900027015,4.47897066581645e-05,1.7755720126732963e-05,0.006237020218456925
MUS,2005,1.275635374781046,0.01513505898342031,0.010094445827877458,4.3329639310921596e-05,1.7623702128629547e-05,0.0065058499618338
MUS,2006,1.4339188670109184,0.017017520574153917,0.011081881080655144,5.0752165101643814e-05,1.9530312535877154e-05,0.0068574629305955485
MUS,2007,1.515883018284585,0.01707330795366785,0.01091013745296466,5.3628649001654415e-05,2.065898069494561e-05,0.006586338376255862
MUS,2008,1.5317722301938392,0.01634439848830334,0.01013734412901119,5.19991636979923e-05,2.030058007663401e-05,0.006433447104135825
MUS,2009,1.514322899915135,0.01669065637610718,0.010891353485888747,5.369899898077363e-05,2.091400724331484e-05,0.0066409316391809695
MUS,2010,1.5535507582654478,0.0171450047985464,0.011403371235329625,5.238663389191507e-05,2.0632297971112853e-05,0.006671852631082517
MUS,2011,1.6651403525627786,0.018533050065864115,0.012114260540567905,5.489548548818468e-05,2.1514147866004452e-05,0.007138837950507019
MUS,2012,1.696625331651303,0.018758746910742558,0.012123984702037693,5.510498145046252e-05,2.1554130313945792e-05,0.007234030230585229
MUS,2013,1.747711985817118,0.019305117966840715,0.012297634785060133,5.3368791413437254e-05,2.0953832397916123e-05,0.007130236192453357
MUS,2014,1.8043043874888012,0.019881814811719106,0.012575855558320002,5.426622792424949e-05,2.1313680637619702e-05,0.007254510266617777
MUS,2015,1.7609924235825885,0.019760095333181862,0.012445197696138086,5.193340651324592e-05,2.0377049383771844e-05,0.007070130806111248
MUS,2016,1.8239464762607303,0.02011348902293874,0.011866525570541464,5.043740150768482e-05,2.102891232694787e-05,0.007200465855918376
MUS,2017,1.9017092740759776,0.021052832989453,0.011941677563833382,4.886883397256592e-05,2.1283746676771722e-05,0.0074793680689478614
MUS,2018,1.8859293573197893,0.021128124668401055,0.011576361868697517,4.540006308993134e-05,2.055169285772662e-05,0.0075409884978331395
MUS,2019,1.8951581504745445,0.021781708026297295,0.011683098423425424,4.262767105626555e-05,1.9980324346305244e-05,0.007710784322846245
MUS,2020,1.6706798908504894,0.018565353865771343,0.009328254329233721,3.630652147567253e-05,1.775973660116637e-05,0.006691001129806848
MUS,2021,1.7972199863831773,0.019796947588138027,0.009781019590071036,3.7534078354475404e-05,1.911584959178667e-05,0.006918633484672936
MUS,2022,1.825783497864999,0.022129874742089668,0.011311182581368654,3.561769936165746e-05,1.7633440862122957e-05,0.007281422590282695
MUS,2023,2.222981404711684,0.02760768981186681,0.01404611463775014,4.220583709271026e-05,2.0869203092045835e-05,0.00877378660656478
MUS,2024,2.3222427919577653,0.027524566557339297,0.013714213095993872,4.435662781366773e-05,2.2763322628526683e-05,0.00919045451802442
MWI,2000,0.0961479649999906,0.00075983801774022,0.0019487911207516917,4.9243023621204e-05,1.6466089126751997e-05,0.000620943892394052
MWI,2001,0.08412946937499177,0.000685913276892613,0.001695646628343107,4.1821242172402e-05,1.3984281165656999e-05,0.0005371858766968651
MWI,2002,0.0961479649999906,0.000738960116660292,0.0018989687462534278,5.0498774399736e-05,1.6886073160992e-05,0.0005924547286604879
MWI,2003,0.08412946937499177,0.00067794354202717,0.00179437443953978,4.230060074028e-05,1.414460194636e-05,0.00053898896204277
MWI,2004,0.10816646062498941,0.0009093192390243501,0.0020128822837753423,5.212028171162401e-05,1.7427987814174002e-05,0.0006951867663787481
MWI,2005,0.13220345187498705,0.0010467300472959359,0.003632055634073856,6.759170333067199e-05,2.2601590178960003e-05,0.0008406349247727681
MWI,2006,0.13220345187498705,0.001039387072121278,0.0039733885976685765,6.803336395339801e-05,2.2749302936358004e-05,0.0008182393109817661
MWI,2007,0.12018495624998825,0.000983575587282075,0.004534809476319284,5.9522117847824995e-05,1.9903125094275002e-05,0.0006960086945026199
MWI,2008,0.0961479649999906,0.000817282261615596,0.003403658387031636,4.5787903602539995e-05,1.5310529226636e-05,0.0005604031531512
MWI,2009,0.0961479649999906,0.00080941938905982,0.0034611465568257357,4.6260834683856e-05,1.5468700343748e-05,0.000560486564970384
MWI,2010,0.0961479649999906,0.00079416055894386,0.003202303717041708,4.7178613138896e-05,1.5775650022512e-05,0.0005395006178608439
MWI,2011,0.0961479649999906,0.00072763346209266,0.003878659160652852,5.1171051807095996e-05,1.6841095583735998e-05,0.0005183523568576799
MWI,2012,0.10816646062498941,0.000786241219853011,0.004363491555734467,5.9504099247086005e-05,1.9268677596584e-05,0.0005825766132125291
MWI,2013,0.10816646062498941,0.000754835078084906,0.004363491555734467,6.1385404748759e-05,1.9551831787072e-05,0.000559435707618879
MWI,2014,0.0961479649999906,0.0006784537710822,0.003878659160652852,5.4105557371368e-05,1.6947022855764e-05,0.000488533198927236
MWI,2015,0.10816646062498941,0.000864825197445651,0.004363491555734467,5.4739383877321e-05,1.6863838957667e-05,0.000533438085105471
MWI,2016,0.10816646062498941,0.000960569426404445,0.004363491555734467,4.8859560420593e-05,1.4802108814181002e-05,0.0005298903100475661
MWI,2017,0.0,0.0,0.0,0.0,0.0,0.0
MWI,2018,0.26440690374997416,0.002393929288383567,0.010666312691795344,0.00011620077318894,3.3973237831203e-05,0.001211549058453756
MWI,2019,0.06009247812499413,0.000562953137300946,0.0024241619754080336,2.5216547595904003e-05,7.240630491941001e-06,0.00026607340678912005
MWI,2020,0.012018495624998824,0.000111464233095462,0.000484832395081607,5.103678265107e-06,1.438063512107e-06,5.1445848348347e-05
MWI,2021,0.060092478124994124,0.000538982276617992,0.0024241619754080323,2.6626203406784003e-05,6.9751151454369925e-06,0.000244008206021176
MWI,2022,0.060092478124994124,0.00053424451857676,0.0024241619754080323,2.6904964831743998e-05,6.587180275392999e-06,0.000242777972311304
MWI,2023,0.060092478124994124,0.000523179126038816,0.002339500353981472,2.757016658292e-05,6.334256306132545e-06,0.000233297798969008
MWI,2024,0.060092478124994124,0.000523179126038816,0.002339500353981472,2.757016658292e-05,6.334256306132545e-06,0.000233297798969008
MYS,2000,37.03536485662264,0.017165031910809352,0.07225510907875993,5.069514678201135e-05,6.408989937278931e-05,0.18473508716969061
MYS,2001,42.30920016165546,0.028756068001829543,0.08988329464584167,7.306798682995595e-05,8.369828112676757e-05,0.2056663298190773
MYS,2002,47.90437358179551,0.039300102097864935,0.10848490644942868,0.00012660751607739538,0.00011066079185498223,0.22698166216723017
MYS,2003,48.00961779566706,0.04454186974408698,0.11157289999999791,9.018066014194169e-05,0.0001071276171758934,0.2156164931236898
MYS,2004,51.665996815511605,0.051709511975536665,0.12011349999999298,0.00010588160865468428,0.00012384268068913061,0.22387501667242304
MYS,2005,58.210859153358776,0.05444723884531972,0.1301914386426776,0.00011770992013493776,0.00013655863217782032,0.25235967170383766
MYS,2006,60.54056305015282,0.05674196595504563,0.13905469999999265,0.0001041269487748145,0.00013506009767452377,0.26607408352927703
MYS,2007,66.3074448417733,0.06697455420653317,0.1474645999999959,0.00013084410300870071,0.0001612575063850253,0.27829440910687153
MYS,2008,71.1686521399952,0.06998442288770362,0.16003369999999825,0.0001377905187725448,0.00017258845723416413,0.3004655755559531
MYS,2009,76.74761106673395,0.08078399076277014,0.18165402145660214,0.0001568556192206433,0.00019066854494961913,0.3216349661132342
MYS,2010,85.71047152340047,0.11480001939189619,0.2217358066216628,0.00020280890049622545,0.00023783451780784426,0.3351951721176036
MYS,2011,90.1992608487607,0.12996067025120359,0.24796489775527344,0.0002932680491691746,0.0002469155155329529,0.3673225481978748
MYS,2012,93.5610497883529,0.13110345681763935,0.25491507164574595,0.00025777410076040485,0.00022182601417903826,0.3746542202794542
MYS,2013,98.03646938317966,0.1200200669812543,0.24902732063388872,0.00022540944563404264,0.00019852902193465935,0.3900549432496065
MYS,2014,101.37947383912572,0.12238130543308384,0.2542751360733624,0.0002249615573989223,0.0001870880911326918,0.40492013645011027
MYS,2015,106.01234801777176,0.1316071994028486,0.2641801118662509,0.00023659766070700436,0.00018247767512758584,0.4148574732830239
MYS,2016,104.61300981279817,0.11974128840730049,0.26816847387076737,0.00025458738913602545,0.0001982104831756422,0.3937365282367274
MYS,2017,108.37921458791574,0.12769456019975206,0.27991787806464863,0.0002689372080871242,0.000217738678366177,0.4045332288354035
MYS,2018,113.1930208926377,0.11966189906678447,0.29147101497346256,0.0002752277244976369,0.00023702621799160978,0.4272454860248975
MYS,2019,113.07642313461042,0.11344679643728234,0.2861182262014321,0.00025614969089721694,0.0002379734432067961,0.4368654893441898
MYS,2020,120.59008454288093,0.1295342838206877,0.3156505252122469,0.000303734091693513,0.00027647616236001237,0.4630297336735142
MYS,2021,111.89319783385145,0.10287847379715276,0.291079715330634,0.00027351335106177494,0.00024499919057006795,0.41813534678259817
MYS,2022,119.03389279923054,0.10563119736521677,0.3079489014847715,0.00028326556562056226,0.0002494336640757453,0.4665241435897298
MYS,2023,118.37253259417997,0.1081831962033718,0.30938162953550624,0.0002888686966502947,0.0002440959854969368,0.47350101058407945
MYS,2024,123.48120227925438,0.11313434925242404,0.3231325882600624,0.0003025423628006698,0.0002551547659464888,0.49399310658758927
MYS,2025,127.55534900482857,0.12087192064819514,0.33571441029973376,0.00031841159782625486,0.0002650593520019874,0.5104928003884135
NAM,2000,0.03426081427219774,0.000307396987117602,0.000106425691643526,7.785036410091143e-07,4.0260909966667956e-07,0.000191059274246062
NAM,2001,0.0,0.0,0.0,0.0,0.0,0.0
NAM,2002,0.010223823022200085,5.9297958437219006e-05,2.9158252457266e-05,4.778600810082248e-08,1.6857169874054563e-07,3.4851763463602e-05
NAM,2003,0.010223823022200085,9.286068435863999e-05,3.8817597402989997e-05,7.187359470481237e-08,1.4374718940962473e-07,3.4450429289706e-05
NAM,2004,0.010223823022200085,9.286068435863999e-05,0.00012188950247230599,7.187359470483036e-08,1.4374718940966073e-07,3.4349166938924e-05
NAM,2005,0.030671469066600253,0.00027858205307591994,0.00011645022968874,2.1562078411447346e-07,4.31241568228947e-07,0.000102406110230961
NAM,2006,0.09380907980259948,0.000780587148459762,0.00040674166049953204,1.0175492326770621e-05,4.326808033625242e-06,0.000346704641743027
NAM,2007,0.030671469066600253,0.00027858205307591994,0.000123018450449541,2.1562078411447778e-07,4.312415682289746e-07,0.000100245478128696
NAM,2008,0.16537584095800006,0.001430611938970238,0.0006864188843146691,1.0678607489704415e-05,5.333038359492906e-06,0.0005781441000880291
NAM,2009,0.07156676115540059,0.00065002479051048,0.000295233909709784,5.031151629337818e-07,1.0062303258676237e-06,0.000241252087688088
NAM,2010,0.04089529208880033,0.00037144273743456,0.000202481366523035,2.874943788192681e-07,5.749887576385363e-07,0.00013754361975414
NAM,2011,0.04268996469159908,0.00031628372666655597,0.000305882754598462,9.816124353246491e-06,3.5675136880761926e-06,0.000172099666506025
NAM,2012,0.04268996469159908,0.00031628372666655597,0.00026210165733538696,9.816124353246483e-06,3.4988069726036255e-06,0.000172232008447422
NAM,2013,0.04268996469159907,0.000316283726666556,0.00026705708276974404,9.816124353246485e-06,3.4338099707032534e-06,0.000165727290814584
NAM,2014,0.012018495624998824,3.7701673590636004e-05,0.000161335665558117,9.600503569132e-06,3.004042497974e-06,6.1066649865904e-05
NAM,2015,0.03426081427219774,0.00016826403153991199,0.000442750242574384,1.9272880732969832e-05,6.02438143526255e-06,0.00015297735633497102
NAM,2016,0.05291378771379915,0.00040914441102519604,0.000647555767375349,9.887997947951318e-06,3.386417181981864e-06,0.000195555389155746
NAM,2017,0.061342938133200485,0.0005571641061518421,0.000731337014833838,4.3124156822894693e-07,7.380835568783535e-07,0.000209138486673606
NAM,2018,0.02044764604440017,0.00018572136871727998,0.00024377900494461198,1.43747189409649e-07,2.48830175209062e-07,7.3312445549492e-05
NAM,2019,0.04268996469159907,0.000316283726666556,0.000525012680731193,9.816124353246474e-06,3.122922802058784e-06,0.000168605676446124
NAM,2020,0.06313761073599924,0.000502005095383836,0.000768670032294608,9.959871542656123e-06,3.3280114550637476e-06,0.000246772350212117
NAM,2021,0.030671469066600246,0.00027858205307592,0.00036566850741692,2.1562078411448254e-07,3.75368589956682e-07,0.00011391505569416
NAM,2022,0.02044764604440017,0.00018572136871727998,0.00024377900494461198,1.4374718940960692e-07,2.4758873754768397e-07,8.035103974831399e-05
NAM,2023,0.04268996469159908,0.00031628372666655597,0.000525698826995669,9.816124353246427e-06,2.556651181172526e-06,0.00017031486282195898
NAM,2024,0.04089529208880034,0.00037144273743455996,0.00048755800988922396,2.874943788192366e-07,4.906987002207014e-07,0.00016487373737087598
NCL,2000,0.9585965522079225,0.010740872621334087,0.007372465962470438,1.559025530080785e-05,4.8162878223561e-06,0.005737754616013385
NCL,2001,1.0836213136717145,0.01221842443077257,0.009000260393576534,1.759885205607024e-05,5.476478341609385e-06,0.00636744687752917
NCL,2002,0.940344764605123,0.010197921571062965,0.007747760642975356,1.3603936773693522e-05,4.214670367967542e-06,0.005118800741151185
NCL,2003,0.9850858186879388,0.01095913221591338,0.007346381981545747,1.588762938733394e-05,4.892818088305185e-06,0.005845358531875317
NCL,2004,0.9166031447870862,0.009473267379513917,0.007057580106221458,1.3058321864945184e-05,4.045488236144729e-06,0.005389265345753078
NCL,2005,0.9822571644144075,0.009967315155049235,0.007613509513643883,1.3835055592906642e-05,4.2904691463263156e-06,0.00578271090915752
NCL,2006,1.2572642702300942,0.01287897010717776,0.008033536080293136,1.8298392841389372e-05,5.667603107264681e-06,0.007313709163247639
NCL,2007,1.210984960332898,0.012432886635389665,0.007123177267323161,1.7726307216574367e-05,5.488798021501165e-06,0.006626103902266514
NCL,2008,1.1015680396997019,0.011236905091833622,0.005718493584983002,1.646382915446509e-05,5.097620869888153e-06,0.006189089331654066
NCL,2009,1.2176194381495002,0.012320476762456655,0.0066028824334002974,1.719256131314824e-05,5.40226628510734e-06,0.006645593084629606
NCL,2010,1.490073314543305,0.014307599918917044,0.007023671664486458,1.6789400864655968e-05,5.326424442999295e-06,0.0072808940196499305
NCL,2011,1.5087262879849064,0.014448794945188172,0.0067394463180240356,1.5869839040929545e-05,4.8781598829169726e-06,0.007166332734045386
NCL,2012,1.4900733145433052,0.015830668044527773,0.0056214965994345716,1.813880401329562e-05,5.330192925916136e-06,0.007121568343771334
NCL,2013,1.6319563768459,0.016535281546864258,0.006937572933201688,1.7267943626473227e-05,5.006670439742269e-06,0.007430939961793361
NCL,2014,2.1650657769650596,0.0216232534755477,0.010046372721573146,2.209671953111381e-05,6.281517497616167e-06,0.009831605225914206
NCL,2015,2.0479259533260765,0.020936704731870776,0.009520693552316235,2.0098281327996932e-05,5.47146132048654e-06,0.008964723552741239
NCL,2016,2.360024661800475,0.024150575653056228,0.011256477373976828,2.3710979585576265e-05,6.769059203346801e-06,0.01000169508311685
NCL,2017,2.3277205549500977,0.022337582465642766,0.011084988295614745,2.0872941333852893e-05,6.234883024358435e-06,0.009438629889131297
NCL,2018,2.5675462548554817,0.024630043700779217,0.01184980661752625,2.4371474048065167e-05,7.871543965333602e-06,0.01051139028181462
NCL,2019,2.398743103510906,0.022286228741809543,0.011011528534927869,1.9561011130641308e-05,6.228559682024299e-06,0.009736383094672708
NCL,2020,2.299005793305318,0.02101826831728488,0.010284146800226544,1.7256636195298925e-05,5.477956716186025e-06,0.009220841668722878
NCL,2021,1.891303332425521,0.0171241921423355,0.00807595794556205,1.5050181101927329e-05,4.8628205143597975e-06,0.007332546601789315
NCL,2022,1.9033218280505197,0.017249524866605685,0.008037490750978302,1.5251709108347582e-05,4.921336061415947e-06,0.007578870532336943
NCL,2023,1.9033218280505197,0.01725057839614238,0.007972989963906251,1.5255425109997221e-05,4.912159823702654e-06,0.007538873550121625
NCL,2024,1.9033218280505197,0.01725057839614238,0.007972989963906251,1.5255425109997221e-05,4.912159823702654e-06,0.007538873550121625
NER,2000,0.18277835439139511,0.002000181630804392,0.001142019370182096,4.596747730208414e-05,1.780860410487414e-05,0.000817969546516871
NER,2001,0.14851754011919738,0.0017329561637529293,0.0008961327931487151,2.9356109860316792e-05,1.2103679657603957e-05,0.000628900006843706
NER,2002,0.15874136314139745,0.0018802153585693862,0.0009632957148394121,2.9398746736110154e-05,1.233760584874617e-05,0.000640391684810892
NER,2003,0.16896518616359757,0.0020274745533858498,0.0010433354488199999,2.9441383611903485e-05,1.2571532039888339e-05,0.000678850850213075
NER,2004,0.16896518616359757,0.002072957177431575,0.001061009961169875,2.669654155293848e-05,1.1670652679763346e-05,0.00067826809233226
NER,2005,0.2032260004357953,0.002313291412233802,0.0012873855677403652,4.493077458005284e-05,1.7908214735567468e-05,0.0008600019650654451
NER,2006,0.1894128322079977,0.0023788678290900984,0.0011984897186905772,2.6094300883120205e-05,1.1912857269307637e-05,0.000733754769164042
NER,2007,0.1930021774135952,0.002102877900567118,0.001129605593306849,4.8699453096297477e-05,1.8925193076582313e-05,0.000782401419142334
NER,2008,0.1894128322079977,0.002321992943018753,0.0011494896861451581,2.9526657363490226e-05,1.3039384422172663e-05,0.0007182448883758291
NER,2009,0.22367364648019544,0.002544655485016486,0.001335471129924565,4.8827363723677504e-05,1.962697165000887e-05,0.0009017374463935521
NER,2010,0.24591596512739433,0.002729616353423576,0.001497124423953096,5.849903534165988e-05,2.3037728359505063e-05,0.000989185847350733
NER,2011,0.28681125721619466,0.00346433034765185,0.0019918357253784318,4.987501994707023e-05,2.0571420327141792e-05,0.0011399036209349348
NER,2012,0.32286674409119115,0.003561699105431445,0.002442317515623566,7.970936300490822e-05,2.964304920572958e-05,0.001335085528734749
NER,2013,0.37094072659118643,0.003582564847823836,0.002315485748731388,0.00012607282604020032,4.36149002095453e-05,0.001533048174114664
NER,2014,0.37094072659118643,0.0035825648478238397,0.002323663101430526,0.00012607282604020924,4.282835811620386e-05,0.0015127475617928731
NER,2015,0.43462254992177807,0.004040040681558458,0.00406263096776835,0.00012812946813385055,4.331009277284844e-05,0.0018396936001534821
NER,2016,0.5668260017967651,0.004349933504809705,0.004438177210560062,0.0002125280138548396,6.851263676249546e-05,0.002474401502795197
NER,2017,0.4484357181495756,0.003986369991493479,0.003914555230009684,0.00014003178089193623,4.5481100372774295e-05,0.0018768500694493842
NER,2018,0.40813906160632063,0.0036253959246290973,0.003661143675068917,0.00010428749701827072,3.421792213977118e-05,0.001700962087380145
NER,2019,0.5105955921915832,0.004048313926180459,0.004128747803835276,0.00015456084419827602,4.8451385984372876e-05,0.002135985881481585
NER,2020,0.5208194152137834,0.004044455700476272,0.0038588668497199947,0.00016194546763826338,4.989557571010691e-05,0.002135253817009776
NER,2021,0.5484457516693785,0.003425870257533722,0.00294070842936165,0.0002579311790414859,7.016198731946754e-05,0.002163824747726524
NER,2022,0.5627215739651039,0.0033599808230034946,0.0029593500231468142,0.00027984073498635114,7.067711638447004e-05,0.002252735099069893
NER,2023,0.7545548498971572,0.003935494292075727,0.0037967454452957233,0.0004205869944172767,9.83457804779185e-05,0.002952776821598044
NER,2024,0.7308471324998992,0.003864541683757692,0.0036929096857163113,0.00040332893934665965,9.442782754155249e-05,0.0028607360461143793
NGA,2000,4.813323483714064,1.8394349826366345e-05,0.0060929061346544295,5.750654629926742e-07,5.750654629927056e-06,0.024398637085270628
NGA,2001,5.0483173911681165,1.9292390474454976e-05,0.006306383459616706,6.031410495697714e-07,6.0314104956979255e-06,0.02559231313142958
NGA,2002,8.06684340000001,3.0827834446651094e-05,0.010015829793320923,9.637754558583002e-07,9.637754558584498e-06,0.03988264597052886
NGA,2003,7.33451400000002,2.80292020220257e-05,0.009114592819104136,8.762813684779e-07,8.762813684780599e-06,0.03614141164281539
NGA,2004,9.259865999999992,3.538702834446641e-05,0.011537384188155905,1.1063102545585003e-06,1.1063102545585801e-05,0.04510497200654399
NGA,2005,9.07080900000002,3.46645378227118e-05,0.011156759054734589,1.0837229192994e-06,1.0837229192995003e-05,0.043662958641637724
NGA,2006,9.723813000000009,3.7160024372630504e-05,0.01191896100233129,1.1617397093337e-06,1.1617397093338e-05,0.0478920083504061
NGA,2007,9.786083999999999,3.73979960281639e-05,0.0118075303835699,1.1691794547751997e-06,1.16917945477522e-05,0.04763750994349397
NGA,2008,9.459582000000001,3.61502527532045e-05,0.011411203175948277,1.1301710597579002e-06,1.13017105975807e-05,0.04624667734502261
NGA,2009,9.380481,3.58479644340133e-05,0.011280183084795475,1.1207205723054e-06,1.1207205723054599e-05,0.045270151868757755
NGA,2010,11.904981000000001,4.54954639826684e-05,0.014334173185023825,1.4223318739844001e-06,1.42233187398446e-05,0.05490128789890347
NGA,2011,12.857558999999988,4.913578714569409e-05,0.015684610411519605,1.3898125552715e-06,1.3904099980099398e-05,0.06001117740400334
NGA,2012,14.251644000000008,5.4463350785340394e-05,0.017358866901148202,1.4025259545129003e-06,1.40375152618585e-05,0.0658027160975897
NGA,2013,12.45467709506484,4.759615434869544e-05,0.015146741691656352,1.121855676600596e-06,1.123350639468456e-05,0.057737944983354564
NGA,2014,14.213079781876205,5.431597574991012e-05,0.017285035708159775,1.1771490600875834e-06,1.1792760159247045e-05,0.0663480642029493
NGA,2015,14.115840923619357,5.3944372723114854e-05,0.01744036253818695,1.0791957823173076e-06,1.0816752402996031e-05,0.06526681302249654
NGA,2016,14.97478417155486,5.72268661264732e-05,0.019211511030864943,1.120166085795046e-06,1.122945609571527e-05,0.06696327797928912
NGA,2017,15.638996999999993,5.976518775952331e-05,0.020800050798067477,1.1442313887954005e-06,1.1472889595189203e-05,0.06867492453734983
NGA,2018,17.0533341,6.51701457844376e-05,0.023478749607360804,1.2199621095679e-06,1.2234638198371503e-05,0.07168450678277428
NGA,2019,16.27528319999999,6.219678642354209e-05,0.023163673071600294,1.1379954561388e-06,1.1414963079517197e-05,0.06596009918940514
NGA,2020,17.56653690000001,6.713137524823982e-05,0.02581212052940214,1.2000778775255002e-06,1.2040268504657603e-05,0.068277149302127
NGA,2021,18.084115499999992,6.910932704459291e-05,0.026473475093313513,1.1770221092772e-06,1.18150444866302e-05,0.06860926763110267
NGA,2022,16.62590819999999,6.353671691641089e-05,0.024251327873677047,1.0305929375381e-06,1.03508164105445e-05,0.06459909514596844
NGA,2023,16.11318172767424,6.15773077619859e-05,0.023422050841320485,9.508691934589e-07,9.555617156781001e-06,0.06286364635261586
NGA,2024,14.346028105833863,5.48240442368882e-05,0.020853324026548613,8.465861308387236e-07,8.5076401803578e-06,0.05596930839927904
NGA,2025,14.529363928272634,5.552467100029891e-05,0.021119820180242527,8.574051229261194e-07,8.616364016528507e-06,0.05668457112642638
NIC,2000,1.3794153824793949,0.02094999999999993,0.009978508162539097,3.735469080629051e-05,1.4008657931711643e-05,0.008908556273916717
NIC,2001,1.4985199495329273,0.023009999999999958,0.011777111109200843,4.112023146502357e-05,1.542019986570295e-05,0.009568392132006972
NIC,2002,1.4760119652318735,0.023099999999999933,0.01141287454430859,4.143975627143064e-05,1.553899318545594e-05,0.009095047080415804
NIC,2003,1.494945229619515,0.023319999999999865,0.011361640567344313,4.1807145584465213e-05,1.5676932307860088e-05,0.009577606795924076
NIC,2004,1.5546426124785644,0.024229999999999807,0.011430556809535178,4.34309424121191e-05,1.6285876326277956e-05,0.009991701349927495
NIC,2005,1.4574172659528803,0.022599999999999867,0.010679244392824288,4.046809545440006e-05,1.5175124516370503e-05,0.009267200185403304
NIC,2006,1.624290291972357,0.02484999999999996,0.012737752029989747,4.43751888905817e-05,1.664103341063874e-05,0.010053127588488501
NIC,2007,1.7018129079543696,0.024249999999999994,0.01243249439911255,4.26507396215981e-05,1.5998590867796255e-05,0.009855447947156435
NIC,2008,1.6024110714445123,0.024419999999999876,0.012508407124018196,4.3572495189567664e-05,1.634024328655499e-05,0.009339731913015245
NIC,2009,1.7338798603879773,0.026839999999999878,0.01363822964428139,4.80433593933683e-05,1.8015881432953897e-05,0.010107508432656719
NIC,2010,1.6708012233918876,0.02607999999999979,0.013682571146698378,4.676117868287249e-05,1.7534567258589658e-05,0.009375115659937797
NIC,2011,1.787008200749313,0.027889999999999956,0.015034530298255019,4.896398634194203e-05,1.834209433244273e-05,0.0096341083514613
NIC,2012,1.6268976830039164,0.02533999999999984,0.012947125999757796,4.3554257233181096e-05,1.629915924910723e-05,0.008762351441762458
NIC,2013,1.3818776741786651,0.02155999999999989,0.010404829211024851,3.6315559681257056e-05,1.357617980015351e-05,0.007147055658750664
NIC,2014,1.4323018906202627,0.022199999999999973,0.010563859782323557,3.659334226918738e-05,1.3666438858512706e-05,0.007277606181829316
NIC,2015,1.6112489398651226,0.02504999999999986,0.011769089642928974,4.0494191259923286e-05,1.5107186579699805e-05,0.007946100335941722
NIC,2016,1.5578304008392296,0.024239999999999932,0.011209686797420213,3.84104084474557e-05,1.431054478599493e-05,0.007631563696663266
NIC,2017,1.3820227735109432,0.021439999999999865,0.009770891298568585,3.32612449420192e-05,1.237509611431363e-05,0.0065306429588383045
NIC,2018,1.331888755733912,0.020559999999999936,0.009238794592892351,3.120001307437777e-05,1.1591694853433579e-05,0.006102898771132224
NIC,2019,1.3913443063724908,0.02167,0.00954444206802931,3.223754648862243e-05,1.1957909215068283e-05,0.0061605001351940246
NIC,2020,0.8386125832786604,0.01302999999999999,0.005649148374327732,1.8950754813573085e-05,7.018255356340288e-06,0.0035897284592449914
NIC,2021,0.9360797620248106,0.014459999999999971,0.006283884353007691,2.101509696565394e-05,7.78330805147861e-06,0.0038009939105739902
NIC,2022,1.031665046400799,0.014799999999999855,0.006639378617149,2.1197524386313805e-05,7.856466444520231e-06,0.0041680016515321045
NIC,2023,1.1134256495243613,0.0160911271837098,0.0071947496778701605,2.309279813541252e-05,8.558463919883388e-06,0.00432266668732419
NIC,2024,1.1134256495243613,0.0160911271837098,0.0071947496778701605,2.309279813541252e-05,8.558463919883388e-06,0.00432266668732419
NIU,2000,0.0,0.0,0.0,0.0,0.0,0.0
NIU,2001,0.0,0.0,0.0,0.0,0.0,0.0
NIU,2002,0.0,0.0,0.0,0.0,0.0,0.0
NIU,2003,0.0,0.0,0.0,0.0,0.0,0.0
NIU,2004,0.0,0.0,0.0,0.0,0.0,0.0
NIU,2005,0.0,0.0,0.0,0.0,0.0,0.0
NIU,2006,0.0,0.0,0.0,0.0,0.0,0.0
NIU,2007,0.0,0.0,0.0,0.0,0.0,0.0
NIU,2008,0.0,0.0,0.0,0.0,0.0,0.0
NIU,2009,0.0,0.0,0.0,0.0,0.0,0.0
NIU,2010,0.0,0.0,0.0,0.0,0.0,0.0
NIU,2011,0.0,0.0,0.0,0.0,0.0,0.0
NIU,2012,0.0,0.0,0.0,0.0,0.0,0.0
NIU,2013,0.0,0.0,0.0,0.0,0.0,0.0
NIU,2014,0.0,0.0,0.0,0.0,0.0,0.0
NIU,2015,0.0,0.0,0.0,0.0,0.0,0.0
NIU,2016,0.0,0.0,0.0,0.0,0.0,0.0
NIU,2017,0.0,0.0,0.0,0.0,0.0,0.0
NIU,2018,0.0,0.0,0.0,0.0,0.0,0.0
NIU,2019,0.0,0.0,0.0,0.0,0.0,0.0
NIU,2020,0.0,0.0,0.0,0.0,0.0,0.0
NIU,2021,0.0,0.0,0.0,0.0,0.0,0.0
NIU,2022,0.0,0.0,0.0,0.0,0.0,0.0
NIU,2023,0.0,0.0,0.0,0.0,0.0,0.0
NLD,2000,44.41432173307889,0.02011235518391809,0.04676599701023644,0.00014188695456340982,7.562643545884502e-05,0.19443474274852018
NLD,2001,46.48728584407693,0.02066851901591749,0.044226093221481924,0.00014819068168197817,7.898810678226025e-05,0.20407901896261205
NLD,2002,47.38819740923986,0.018347677055153454,0.04508045459109101,0.00014800132055403263,8.013205842944716e-05,0.20115082024686778
NLD,2003,48.18587143726705,0.018864885225841635,0.047346926324220606,0.00015402993564292438,8.183335368248647e-05,0.20446849152249316
NLD,2004,48.13410769185961,0.014213693505638853,0.04154261798776884,0.00017312002256710476,9.357459939338175e-05,0.2052391943575824
NLD,2005,46.12379201051339,0.013565988514986993,0.045653323080562115,0.0002686290598984941,0.0001407799007683526,0.19595088858614856
NLD,2006,45.51992416382571,0.013045970800288076,0.041657048278269285,0.0002545422042744876,0.0001355235301726384,0.19282060487928804
NLD,2007,48.591909431628906,0.012115713084917474,0.0314576665074755,0.00016319622148398404,8.871720574549032e-05,0.202508456065562
NLD,2008,47.742925711601444,0.008769674728579467,0.027841878013023295,0.00018070005257410615,9.94765673880514e-05,0.2020021960467195
NLD,2009,49.08486534710242,0.00852905953659793,0.02507167868878889,0.00011185279550794287,7.351891981346435e-05,0.2061311177620591
NLD,2010,50.27521065734595,0.00927600179228174,0.02437052785751429,0.00012583517830580426,8.051622577141221e-05,0.20865592503244468
NLD,2011,47.4479243559526,0.009437997720099577,0.02118590735852526,0.00011888711432766423,7.306548547634861e-05,0.20042320895813362
NLD,2012,45.79541639410189,0.010579067823130612,0.01940275589288543,9.180179540676745e-05,5.7620737845390066e-05,0.1886327258299555
NLD,2013,45.841579470809094,0.011616433103037806,0.019413937785270896,6.29787455567772e-05,4.6024605882497214e-05,0.18474859553963904
NLD,2014,49.42220034135414,0.010962761584527558,0.01811434190309347,7.254109563952716e-05,4.74298547749475e-05,0.1949701230210315
NLD,2015,56.99009863309993,0.010245327573449526,0.01924217817404451,2.6212939610142414e-05,2.9531093649557837e-05,0.21814313670939814
NLD,2016,56.04176019608005,0.008280182936016857,0.016595026950753405,2.272873888094358e-05,2.9200488562709987e-05,0.21386301296770155
NLD,2017,52.61967408626219,0.005949685964873189,0.015201079990242627,1.8677841247096063e-05,2.7813947764713742e-05,0.2042164620253772
NLD,2018,48.40729204707631,0.005199581485116123,0.01372739897685135,1.4436705364969228e-05,2.469713303661218e-05,0.18950619879012276
NLD,2019,43.15246471774821,0.0032383418591047136,0.011657205088629495,9.698610960165185e-06,2.475277594407944e-05,0.17163803037433645
NLD,2020,34.57410197938983,0.0021734747309240204,0.008951902615281171,6.743374399136312e-06,2.2009021512753437e-05,0.1354795150646491
NLD,2021,36.07685936923595,0.003268970623726558,0.010082731049345438,2.1906052031088886e-05,2.3643617269079387e-05,0.1369280084325022
NLD,2022,33.20129516103287,0.0033325973849956335,0.00935677033126827,2.4435359707334877e-05,2.2285145948741385e-05,0.130232279651204
NLD,2023,26.433480634146214,0.0020552550390882498,0.007410266014844971,1.9773045022799774e-05,1.9956962148260874e-05,0.1041015794301302
NLD,2024,25.184632034180304,0.001869173830064383,0.0072331486689011844,2.219288466561647e-05,2.0171071967605395e-05,0.09907226020902485
NLD,2025,28.241450402380522,0.00229542274947811,0.008042423910679082,2.3660933853078543e-05,2.1595685261118065e-05,0.11124186433780767
NOR,2000,0.2460278876564247,0.0015103146486328367,0.000582758402875659,2.0702522755050388e-07,1.5961650553199397e-07,0.0013667673761058171
NOR,2001,0.37040082465755575,0.0018842640097842716,0.0007232191493343619,3.4255008211156524e-07,2.23508514770363e-07,0.0021316611200014437
NOR,2002,0.35419434828141416,0.0017579471412612578,0.000718634799490246,3.4061383476138173e-07,2.041460412689664e-07,0.001981107118722588
NOR,2003,0.39471053922176824,0.0014358994512592477,0.00071434470071283,4.841952963428985e-07,3.245794896301855e-07,0.0022367812527092938
NOR,2004,0.4190202537859806,0.001316772948146827,0.000727484505002225,6.399846994545292e-07,4.3299341564695123e-07,0.0023532634437137302
NOR,2005,0.4190202537859807,0.0014195674345376529,0.0007363205220415421,5.102458594398581e-07,3.656395381319963e-07,0.0023280619539942354
NOR,2006,0.4514332065382639,0.0012164292362044247,0.0007636607667225129,6.647271187261009e-07,4.82552977350929e-07,0.0024619838861544637
NOR,2007,0.647818887088772,0.0012449468193983324,0.001223613418976873,6.711749901670833e-07,6.489164133632332e-07,0.00335440335680614
NOR,2008,0.4914039508501883,0.0005171561270214219,0.0012403839555348121,4.116767059916996e-07,3.408385151840993e-07,0.0026090148591729877
NOR,2009,1.6550195308387838,0.0007436540755610228,0.0033888614316267543,7.831335418337685e-07,2.0115535868259214e-06,0.008096448142284976
NOR,2010,2.05560164446207,0.0012041070992052584,0.0010663627276085402,1.912567294293726e-06,2.902310835789765e-06,0.009692892057709682
NOR,2011,1.610468990746605,0.0015025595071468275,0.0009296614257587631,3.541606684502024e-06,3.2925588253380924e-06,0.007625462607204404
NOR,2012,1.0996922615839289,0.0018987286351929116,0.0008211030658422491,4.638363389192981e-06,3.2546420119883995e-06,0.005216792594949773
NOR,2013,1.275236268579339,0.0034037373688354322,0.000792450465513798,6.930040098016262e-07,1.0943934281051277e-06,0.006118048952778128
NOR,2014,1.3920514140208287,0.004066696377096622,0.000905833852334766,7.633311934581859e-07,1.1811923689045474e-06,0.006667600827251895
NOR,2015,1.3839481758327579,0.003980026417693784,0.000829258586715814,7.524485475882511e-07,1.1532360055231984e-06,0.006514125826694259
NOR,2016,1.3358741933327625,0.0026865039661762118,0.0008547154269518331,3.9625665640692e-06,2.815426316666926e-06,0.006137941896987722
NOR,2017,1.335328746704333,0.0028202126393479196,0.0009540201754326409,5.08472482009708e-06,3.2759707091770057e-06,0.006004347039022695
NOR,2018,1.3638264420196882,0.0026511241580579065,0.001019532719542012,6.747643001707246e-06,4.087570350661938e-06,0.0059078332969387795
NOR,2019,1.3112917554543353,0.002206870023775522,0.000992539849603478,7.272878963115437e-06,4.272870258870951e-06,0.005496263639514904
NOR,2020,1.1291052578798495,0.003919159666761716,0.0008377840626020911,6.581892484136949e-07,7.055201610937431e-07,0.0045846593099578906
NOR,2021,0.7192099210967364,0.002423732060558979,0.000899225156935327,1.1406489197933626e-05,5.765569905250487e-06,0.0028759637677119028
NOR,2022,1.0752069547434226,0.0031510878303934575,0.001466227683070822,1.745926521626086e-05,9.043643046249402e-06,0.004274242181138132
NOR,2023,1.2147566765434252,0.0030304553473492544,0.001579527714640018,1.8288671881709948e-05,9.579951756134768e-06,0.004731305448465024
NOR,2024,1.1067824386734428,0.0024267061048992545,0.001440578435855625,1.6667640264904573e-05,8.752274228683493e-06,0.00430711853766191
NOR,2025,0.8905706426203768,0.002391761689750778,0.001311870909690926,1.64249987279743e-05,8.455088303391129e-06,0.003463744980985807
NPL,2000,0.02403699124999765,0.000382825116991758,7.9820312976504e-05,6.88939094128294e-07,2.5862612865462297e-07,0.000155235973098513
NPL,2001,0.012018495624998824,0.00019141255849587798,3.9910475509182e-05,3.444695470641141e-07,1.2931306432727922e-07,7.674083952812401e-05
NPL,2002,0.0,0.0,0.0,0.0,0.0,0.0
NPL,2003,0.0,0.0,0.0,0.0,0.0,0.0
NPL,2004,0.012018495624998824,0.000191412558495879,3.990951844639e-05,3.444695470641465e-07,1.2931306432724753e-07,7.7242974042084e-05
NPL,2005,0.012018495624998824,0.00019141255849587798,3.9910475509182e-05,3.444695470641141e-07,1.2931306432727922e-07,7.6421356797524e-05
NPL,2006,0.012018495624998824,0.000191412558495879,3.990951844639e-05,3.444695470641465e-07,1.2931306432724753e-07,7.438539190743401e-05
NPL,2007,0.012018495624998824,0.00019141255849588,3.990951844639e-05,3.4446954706401897e-07,1.293130643273694e-07,6.9600869450263e-05
NPL,2008,0.012018495624998824,0.00019141255849588,3.990951844639e-05,3.4446954706401897e-07,1.293130643273694e-07,7.005039414390001e-05
NPL,2009,0.012018495624998824,0.000191412558495879,3.990951844639e-05,3.444695470641465e-07,1.2931306432724753e-07,7.0060820621299e-05
NPL,2010,0.0,0.0,0.0,0.0,0.0,0.0
NPL,2011,0.0,0.0,0.0,0.0,0.0,0.0
NPL,2012,0.012018495624998824,0.00019141255849587798,3.9910475509182e-05,3.444695470641141e-07,1.2931306432727922e-07,6.4730734801392e-05
NPL,2013,0.012018495624998824,0.00019141255849588,3.990951844639e-05,3.4446954706401897e-07,1.293130643273694e-07,6.2159523068764e-05
NPL,2014,0.0,0.0,0.0,0.0,0.0,0.0
NPL,2015,0.0,0.0,0.0,0.0,0.0,0.0
NPL,2016,0.0,0.0,0.0,0.0,0.0,0.0
NPL,2017,0.0,0.0,0.0,0.0,0.0,0.0
NPL,2018,0.0,0.0,0.0,0.0,0.0,0.0
NPL,2019,0.0,0.0,0.0,0.0,0.0,0.0
NPL,2020,0.0,0.0,0.0,0.0,0.0,0.0
NPL,2021,0.0,0.0,0.0,0.0,0.0,0.0
NPL,2022,0.0,0.0,0.0,0.0,0.0,0.0
NPL,2023,0.0,0.0,0.0,0.0,0.0,0.0
NPL,2024,0.0,0.0,0.0,0.0,0.0,0.0
NRU,2000,0.02403699124999765,0.000214536302758962,6.7606666267926e-05,7.084144027996172e-07,2.7255408612659674e-07,0.000155235973098513
NRU,2001,0.02403699124999765,0.00021477920073271199,6.7874080074882e-05,7.095118075982486e-07,2.714268557187306e-07,0.000153481679056248
NRU,2002,0.02403699124999765,0.000214840697390019,7.1065636932942e-05,7.093878131414799e-07,2.704256513757065e-07,0.00014811368216512198
NRU,2003,0.02403699124999765,0.000202184134490448,7.0635350920467e-05,7.050741045214188e-07,2.683919269381293e-07,0.000153996846297936
NRU,2004,0.02403699124999765,0.000201224175292065,7.1954276617365e-05,7.028455452083278e-07,2.759175698623206e-07,0.000154485948084168
NRU,2005,0.02403699124999765,0.000201736793408676,7.2688268174067e-05,7.173137791746468e-07,2.8006164512457707e-07,0.000152842713595047
NRU,2006,0.012018495624998824,0.00010318207864539399,3.7436770774488e-05,3.6697313625769977e-07,1.4228047347368035e-07,7.438539190743401e-05
NRU,2007,0.012018495624998824,9.737995632754599e-05,3.6778685596546e-05,3.7761340182142064e-07,1.4639048320015498e-07,6.9600869450262e-05
NRU,2008,0.012018495624998824,0.000100874544124194,3.884560790567e-05,3.743890915021518e-07,1.4250310762354082e-07,7.005039414390001e-05
NRU,2009,0.012018495624998824,0.000107860088456828,4.0558840723446e-05,3.858666228351218e-07,1.4728751009749702e-07,7.0060820621298e-05
NRU,2010,0.012018495624998824,0.000102337251199022,3.974685299459401e-05,3.702096704371779e-07,1.4175532464450705e-07,6.7437577232604e-05
NRU,2011,0.012018495624998824,0.000102164943838302,3.9105205820246005e-05,3.66440561828443e-07,1.3607084807732996e-07,6.479404460721e-05
NRU,2012,0.012018495624998824,0.00010476457539618201,3.90176594764e-05,3.686805889893743e-07,1.3604188283780356e-07,6.4730734801392e-05
NRU,2013,0.012018495624998824,0.000104498934203658,4.0559391798888e-05,3.844798059318851e-07,1.3902699378709157e-07,6.2159523068764e-05
NRU,2014,0.02403699124999765,0.000212821648275027,8.4102953667732e-05,8.068535992508549e-07,2.872403377696575e-07,0.000122133299731809
NRU,2015,0.02403699124999765,0.00021840678301726798,9.1426250802837e-05,8.665728579386284e-07,3.064392014385458e-07,0.000118541796690105
NRU,2016,0.02403699124999765,0.000223225205081154,9.3737769459789e-05,7.679692386425373e-07,2.7577126677015854e-07,0.000117753402232791
NRU,2017,0.02403699124999765,0.00022448736876338397,9.5179707227895e-05,8.091649429727178e-07,2.866945895284784e-07,0.000113584964493507
NRU,2018,0.036055486874996476,0.00032901767828452796,0.00014727271861504399,1.2993412616171377e-06,4.55569828391829e-07,0.00016521123524369598
NRU,2019,0.036055486874996476,0.000348184348295724,0.000153551566636036,1.2971594467710368e-06,4.5240889630616734e-07,0.000159644044073472
NRU,2020,0.036055486874996476,0.00035712826706104804,0.00015655458403059203,1.294847325878661e-06,4.512783816281494e-07,0.00015433754504504
NRU,2021,0.036055486874996476,0.000363864404333708,0.0001511596978211,1.2285392825628322e-06,4.242093973341476e-07,0.000146404923612708
NRU,2022,0.036055486874996476,0.000353255523862384,0.000147130201002264,1.287136555503277e-06,4.4010550210234125e-07,0.00014566678338678402
NRU,2023,0.036055486874996476,0.00035643544715818396,0.00014763071665920802,1.30180952276217e-06,4.421144566381604e-07,0.000139978679381408
NRU,2024,0.036055486874996476,0.00035643544715818396,0.00014763071665920802,1.30180952276217e-06,4.421144566381604e-07,0.000139978679381408
NZL,2000,5.314816626578983,0.011499252226323458,0.016487430428884148,1.4174974779598108e-05,1.021546732296944e-05,0.026119761067427676
NZL,2001,6.620533114553153,0.014110439086599348,0.021822415828946222,1.5858245211912342e-05,1.1862135464122744e-05,0.03213208988874303
NZL,2002,5.778061229960017,0.013511027723935448,0.019647943778237795,1.5048672489281979e-05,1.0532244095126673e-05,0.026952714550926696
NZL,2003,6.8410334143778675,0.018560512758809287,0.02451235553577546,4.162189741841111e-06,6.1034932124160546e-06,0.029966286638747248
NZL,2004,7.520456834016737,0.021753783158173008,0.02602254717973593,5.100161488661297e-06,6.204674170956109e-06,0.0314444356139703
NZL,2005,8.496070024599932,0.02601353191410799,0.03126900126117088,6.169846496501844e-06,6.956732124677072e-06,0.034503064709657236
NZL,2006,8.412493040591999,0.023857782254418095,0.031098516044001857,5.947806279301065e-06,7.074820033097982e-06,0.03486769398104783
NZL,2007,7.035067909808642,0.01714499276946037,0.024434667464560293,1.817800151339403e-05,1.2387200869251701e-05,0.030967163573032103
NZL,2008,9.019438702761267,0.02015539825067941,0.03181983813223549,5.459432028714933e-06,8.249689220316158e-06,0.03856881488028895
NZL,2009,5.968362151515785,0.013736238333054566,0.021385253441786205,3.6583495935219968e-06,5.4752763683846975e-06,0.025651690108556717
NZL,2010,5.296065370292629,0.009262820592610368,0.017740883389740263,2.407089067277365e-06,5.356830810354482e-06,0.023357466326436135
NZL,2011,4.839082400778985,0.012161204667140125,0.01720953170800417,1.5994117626159236e-05,9.672983432447393e-06,0.021157773922982476
NZL,2012,6.0956306836268705,0.014778441835088215,0.022568248874619945,3.649672022438517e-06,5.484490451356513e-06,0.02559656257790653
NZL,2013,5.12244351292424,0.009025985347658385,0.017338080032033756,2.497524897881909e-06,4.918411839138335e-06,0.02202112895216969
NZL,2014,4.054959183669672,0.008391431861812427,0.0139304303505287,2.105056381365189e-06,3.976637501011631e-06,0.017540465016375014
NZL,2015,3.892268327051309,0.01264780043032978,0.013905098798649079,1.9920068561886663e-05,1.009734529953259e-05,0.01680873022658499
NZL,2016,2.919812299843556,0.0057798289068123196,0.008331235156449377,1.1086571835755494e-06,3.0393422910118005e-06,0.012823110271392142
NZL,2017,3.582792144669426,0.0058453577961971835,0.01072072098176452,1.3098173277398918e-06,3.705627998891499e-06,0.015397473240502264
NZL,2018,3.4422229734634326,0.006494145581368985,0.01087583607231933,1.5813785746623586e-06,3.248660014688139e-06,0.014095606857731058
NZL,2019,3.9705911793128967,0.011712817624648687,0.013979954185362516,2.1808241616609993e-06,3.55707221896832e-06,0.015901637882518922
NZL,2020,4.287836548891281,0.012021994559684775,0.01478930116106147,2.3255589180783608e-06,3.8267269667191775e-06,0.016762270834302463
NZL,2021,4.518753485501724,0.014383795412498733,0.01574613960967157,3.17657340298723e-06,3.5471883947088545e-06,0.017115105515770054
NZL,2022,2.8436959687420025,0.004927972365045644,0.007348703429142849,1.4054744184799529e-06,2.6542641057827316e-06,0.011155809259413072
NZL,2023,2.8060568424711576,0.004340641490564667,0.006941351142517932,1.286490034790698e-06,2.6934476457155796e-06,0.011019625833449032
NZL,2024,4.160610192501411,0.008802688730937801,0.011717272464118932,2.2405590321575276e-06,3.714350612493103e-06,0.016404642989004528
NZL,2025,3.0717763494613757,0.00421933173664316,0.007291279486401588,1.328117986544843e-06,3.0151123423965463e-06,0.012049003546601907
OMN,2000,4.689884517493045,0.0038964642872867045,0.016004381807261756,1.7672475080265013e-06,4.564525573101205e-06,0.025492665069666902
OMN,2001,5.028856904820945,0.004274317130003374,0.01715937475015819,1.9249234319569325e-06,4.86866835539926e-06,0.02728057176641727
OMN,2002,5.339604320147705,0.0046144063652916525,0.01791991444661711,2.0675094500668337e-06,5.149173725192986e-06,0.02818484908515017
OMN,2003,5.545555085657973,0.004803472137785054,0.018242612710033555,2.1507039685698486e-06,5.344810681720308e-06,0.029583763453866912
OMN,2004,5.945438121053512,0.0051439020091811494,0.019020506222516984,2.3039393471056277e-06,5.731809655771966e-06,0.031503625705129525
OMN,2005,6.456487573530402,0.004995232032222663,0.008463455353738936,2.3181252468037553e-06,6.3827152355601795e-06,0.03352991886075731
OMN,2006,6.748204148300952,0.004996346841303049,0.008552038442257026,2.352977699106765e-06,6.731239758586066e-06,0.03524173656545073
OMN,2007,6.561441145823641,0.0006275667757052658,0.00855333133739165,9.71403744132025e-07,7.67785111011104e-06,0.032117866332331685
OMN,2008,7.455894434005711,0.0008945751827296814,0.009706677170852865,1.1602917209316718e-06,8.675899358203037e-06,0.03671065795999106
OMN,2009,8.569680599894127,0.0010117988037152193,0.011129386578290455,1.32851314512724e-06,9.976328663057221e-06,0.0416707836369035
OMN,2010,9.213478950874435,0.0011272263434046136,0.012307649680795304,1.4405833961687147e-06,1.0715246236369661e-05,0.04283746558367687
OMN,2011,10.193293318421759,0.0013573461041929016,0.013539447507599221,1.5878668528765797e-06,1.1815207744168566e-05,0.04788059416819925
OMN,2012,11.63167932381931,0.001502672414243646,0.01539252572736224,1.7532044890719e-06,1.3483772377111804e-05,0.05406358817819125
OMN,2013,16.510073002789113,0.001691108334085568,0.022214418260114447,2.3258075052268005e-06,1.92509605405626e-05,0.07681671502055018
OMN,2014,17.69648551655982,0.0018554473506047745,0.023637227515208675,2.4428108746638007e-06,2.06070337644678e-05,0.08284458629055755
OMN,2015,18.458376048855218,0.002088078759703896,0.0245647438175296,2.5069977577661003e-06,2.1431240029121503e-05,0.08554352834855777
OMN,2016,17.82215229278994,0.0023053793893301516,0.02357483509386643,2.5005479922643e-06,2.0603414466342193e-05,0.08000093669082999
OMN,2017,18.41854782508534,0.0025373783512366854,0.02421180194485216,2.6434517311983e-06,2.1234357349892102e-05,0.08114377270851825
OMN,2018,18.629275680659394,0.0027479278299331967,0.024333306322333947,2.7369168284575e-06,2.1383058950249394e-05,0.07863249300062523
OMN,2019,16.912074503938058,0.0027213898266834056,0.021948528059377415,2.5538925145182e-06,1.93069726568487e-05,0.06885881625626249
OMN,2020,16.280431641874927,0.002283905376619179,0.020976170998114618,2.4098277065256853e-06,1.8653819319511158e-05,0.06355757756290947
OMN,2021,17.942960572791606,0.003524354824878037,0.02304045175636833,2.8280802194761e-06,2.02671688212467e-05,0.06836784656039842
OMN,2022,17.945500509999867,0.004286022967516799,0.02296614164180156,2.9362532463606147e-06,2.0052693496065103e-05,0.06993443818159832
OMN,2023,18.53746701067988,0.004024694986019131,0.023612331722525446,2.913349709861041e-06,2.08533247834719e-05,0.07229764291263904
OMN,2024,20.28359303388437,0.004772715357951489,0.02584819236664531,3.253672511445576e-06,2.2704434545258404e-05,0.0791054326291728
OMN,2025,21.851808164661207,0.004778708368356069,0.027835108442139288,3.4403826220186415e-06,2.457116024109553e-05,0.08522363591466416
PAK,2000,33.93957931422627,0.3205165015750746,0.09147198049713379,0.0005753985421356922,0.00023206898698215547,0.19992577895583788
PAK,2001,34.951103178926914,0.31344003266679377,0.09180450606955409,0.0005631296589667193,0.0002293393466638179,0.2027985077228624
PAK,2002,35.06698391558844,0.29849588583371406,0.09067638833280606,0.0005365623692159792,0.00022040552151486747,0.19603775695471146
PAK,2003,32.237918420965244,0.1353549393752175,0.06952183308192424,0.00024439662413600115,0.00011923493799417996,0.17126774306878936
PAK,2004,36.53186584866488,0.17097957377759038,0.08010043462493338,0.0003089571523760603,0.00014581363399374656,0.1945228871519289
PAK,2005,38.07934846098705,0.2099084251054501,0.0859424759381446,0.00037943933451935105,0.00017123660544397795,0.2035304647916223
PAK,2006,42.670518757000714,0.3352795611646311,0.10629897564622699,0.0006045026494943386,0.0002519201259323572,0.23663523073511372
PAK,2007,43.3877806147894,0.34769731278770366,0.11124331737927698,0.0006251088075133897,0.0002592124875448412,0.23148498551374375
PAK,2008,40.28805242755934,0.3716345516493305,0.11040878265115296,0.0006677417040476759,0.0002698551484703877,0.21909119410329891
PAK,2009,45.35655719864094,0.43032962931397956,0.12438252666403689,0.0007722279583293399,0.0003104198596832969,0.24644156197045608
PAK,2010,41.68206989118784,0.4024743604404281,0.11211052705649285,0.0007242517098896176,0.0002906038958020097,0.21760477012945748
PAK,2011,40.58500659280969,0.37165846935648655,0.10913734855555782,0.0006674615925342218,0.0002699229343988889,0.20654259721782683
PAK,2012,41.91284791747381,0.3786564497665711,0.11187171775421907,0.0006800909134063179,0.00027558510251582104,0.21211961264248305
PAK,2013,44.75729280030926,0.43865552503047806,0.12471726507427838,0.0007862604353493792,0.00031420716748046206,0.22243071236512832
PAK,2014,45.33554907898389,0.4282622757954755,0.12461565754264514,0.0007641548993336731,0.0003065196672554665,0.22310954890473608
PAK,2015,45.750615036291336,0.377018003199106,0.11648224455560227,0.000676088886735488,0.0002784423959372843,0.21885109140757986
PAK,2016,48.7458935365165,0.41728066820413373,0.1304833696065211,0.000746546810411727,0.00030646096063181573,0.22875255453811777
PAK,2017,57.503197337189135,0.3465330603349338,0.1208009915130568,0.000590717958614911,0.0002830469981166516,0.24872477808932864
PAK,2018,47.56395962729053,0.15953440540342953,0.0754381817595037,0.0002862354149657434,0.0001778920746276552,0.19455705165448525
PAK,2019,56.22084153203731,0.2261911524325934,0.09112702248022984,0.0003366525542326845,0.00022898933062463653,0.22383699909216476
PAK,2020,51.31775707369563,0.18643835870819053,0.0794615450045543,0.0002737781940544772,0.00019467312844563116,0.20106936230662364
PAK,2021,60.333130176500546,0.2709880240953656,0.1054050238247409,0.00039785886251174357,0.00026437587444705276,0.2295882127869545
PAK,2022,48.09870465738033,0.2216077969063295,0.08737094775867288,0.00033882452032434724,0.00020989391685151233,0.1893970365878891
PAK,2023,39.193136065461694,0.12302163598972644,0.05553733186012366,0.00016986921158226138,0.0001379963264129233,0.15508300113437345
PAK,2024,39.55618343823605,0.08695948687435609,0.04450072390923634,9.355997734704373e-05,0.00012059412168279404,0.1570420798208047
PAK,2025,41.79247321391516,0.09033549875355694,0.04549662233154595,8.736921221934459e-05,0.00012928173927300942,0.166291934953276
PAN,2000,1.1470058247140122,0.01467999999999988,0.009566910907300176,2.516576834312338e-05,9.444161743379532e-06,0.0074076061973504395
PAN,2001,2.079466897330779,0.02683999999999994,0.01709561940331206,4.6110241471474906e-05,1.7303496333162182e-05,0.01327787107898732
PAN,2002,1.4514857811272996,0.016919999999999834,0.012198021223446784,2.8281613333408498e-05,1.0618366917015904e-05,0.008943919037833021
PAN,2003,1.967028105663142,0.02455999999999974,0.016746257820689125,4.18341175795672e-05,1.570124601011558e-05,0.01260208158754272
PAN,2004,1.444041745686455,0.020429999999999997,0.012385230962076617,3.587448749851859e-05,1.3457151321246617e-05,0.009280868634318372
PAN,2005,1.5110776371992292,0.023209999999999908,0.0129956592372464,4.1480257007807664e-05,1.5555193480006846e-05,0.009608407479964592
PAN,2006,1.8099031166031148,0.02747999999999986,0.01553837015369849,4.899496964208123e-05,1.8373984025414834e-05,0.011201930494776238
PAN,2007,2.0810146235417495,0.02555999999999983,0.017235799084310898,4.3347857453207494e-05,1.627067554833278e-05,0.012051460653356943
PAN,2008,1.78561436776954,0.02374999999999988,0.015554356678693392,4.11063031240066e-05,1.54236451321058e-05,0.010407541355765897
PAN,2009,2.4420437469985865,0.03395999999999978,0.02267292100363636,5.9399690731054004e-05,2.2283407582332204e-05,0.014235690908931715
PAN,2010,2.7453629087536418,0.0371599999999997,0.023869510179009002,6.45873237350397e-05,2.4232228344590596e-05,0.015404642058986543
PAN,2011,2.9489685803002414,0.03314652164496761,0.021110663729148767,5.523112927955735e-05,2.618961800615162e-05,0.015143809539741504
PAN,2012,2.6588708526766633,0.031976705724969474,0.01797925597112839,5.426299542016678e-05,2.811042828795847e-05,0.013205085025113318
PAN,2013,3.042960170184566,0.03228386944476417,0.020486302127342787,5.2044497175543355e-05,2.6831785491049748e-05,0.014655215948626876
PAN,2014,3.3175908969567405,0.02933939262344231,0.02152556160839881,4.382484466048236e-05,2.3512962067091687e-05,0.01579394225850305
PAN,2015,2.435667772220298,0.027944795845179934,0.017545539413033395,4.4830715707482316e-05,2.3618793793602e-05,0.011020788693655956
PAN,2016,2.5007389621896077,0.030058673437152565,0.01844373210378676,4.768691023571819e-05,2.3838733911458964e-05,0.011327640613699773
PAN,2017,2.024167005897485,0.027740468870758764,0.016945354495529318,4.267526493869265e-05,1.7285082836155468e-05,0.00936321424191873
PAN,2018,1.6199591387256813,0.014477996845659962,0.009385046712089676,2.2257748910863477e-05,1.205063832992249e-05,0.006884424489837381
PAN,2019,3.7716652373613346,0.017549360623271268,0.014676047166821,2.6942177558719505e-05,1.9019592090016266e-05,0.015391171398712374
PAN,2020,1.7231234634733605,0.008819971482816233,0.006607995206125556,1.3377102389037164e-05,1.0530451005716288e-05,0.0068652593873819116
PAN,2021,1.624096711342348,0.006153851524381791,0.005470827680878903,9.15375233795268e-06,7.101421199299455e-06,0.006237896577144933
PAN,2022,1.6577892124073266,0.008786882381500667,0.006732899821077076,1.2641287843363771e-05,8.131313061312744e-06,0.006563055944255009
PAN,2023,3.2360079561053268,0.019180545887321623,0.01486993777295449,2.703438960747493e-05,1.4034321380812274e-05,0.012649279470884227
PAN,2024,2.554786903840379,0.010506548395381954,0.00936476295697515,1.5132556301990432e-05,9.835604974928123e-06,0.01000996501223769
PER,2000,2.894846567973835,0.025742332943206218,0.01727816464973901,4.010214328790375e-05,1.8015685671609544e-05,0.01721884834451474
PER,2001,2.3662223552909607,0.017734894677013717,0.013352519165946368,2.6263828223588388e-05,1.259703210388495e-05,0.013759763941381004
PER,2002,3.064525168130466,0.02192207478356604,0.01616815546315944,2.9293770119383316e-05,1.8170596827888072e-05,0.01583449175501992
PER,2003,3.2856598149702076,0.02417947735351174,0.017117504928126668,3.359580021128849e-05,1.9755334580647662e-05,0.017514791782095175
PER,2004,4.883223855349383,0.032540366335564744,0.025833653093255766,4.4646520972083384e-05,2.5635707051307186e-05,0.026499046276841357
PER,2005,5.065666099315138,0.020361973644626948,0.01744142741992515,2.7542251742406555e-05,2.016972702065176e-05,0.025171394418387456
PER,2006,5.3297412808103966,0.022817150171095847,0.017247711087524122,3.184796450214388e-05,2.199113098977882e-05,0.02671840361156578
PER,2007,5.958631123629186,0.01383263918444719,0.013865554450904354,1.688322786755166e-05,1.8285321231801862e-05,0.02816534443463935
PER,2008,7.848557277341885,0.023832506677062062,0.020871116462742905,3.346673075782787e-05,2.5891399922465437e-05,0.0382877935449702
PER,2009,8.730997784096646,0.023703617526232953,0.020135123288978526,3.556779019435355e-05,2.5847168196184087e-05,0.04274539672036751
PER,2010,8.77067901949274,0.030563449818382785,0.020834815407703967,4.742802592539344e-05,3.0265534947808004e-05,0.041503206957177345
PER,2011,9.691165306772515,0.03286879777477001,0.022365726971289118,5.184673030943081e-05,3.104825703888118e-05,0.04622249656321535
PER,2012,9.588291185903609,0.015468526499280575,0.016826024473263215,1.6783818995764905e-05,2.2561435632938617e-05,0.043570257965462864
PER,2013,11.313238818567449,0.015587168465868148,0.017633957557533206,1.6073937452273872e-05,2.460846834685221e-05,0.051169671033894845
PER,2014,11.769587153288757,0.0067421070162505155,0.014847065646896638,9.18830438343385e-06,1.7846497541714796e-05,0.05473392594669027
PER,2015,12.362315479444149,0.008130223038058467,0.01563211806679505,1.0482161044056873e-05,1.9117291321704444e-05,0.0568635869116381
PER,2016,14.437089188307928,0.015278862360573974,0.018691819189554003,1.6364923376894262e-05,2.5766800827522413e-05,0.06361502996041692
PER,2017,12.11918294156961,0.012912494628299052,0.015375610845074062,1.474816013948878e-05,2.067272980401073e-05,0.05268546880971698
PER,2018,10.935360230744168,0.0039393342318976435,0.012226311810302115,6.543926662614169e-06,1.4876819912301808e-05,0.04602519189194016
PER,2019,11.652239464810762,0.005228848074176309,0.012898693302376344,8.525039148938628e-06,1.6330648107962176e-05,0.04734456544394035
PER,2020,9.916123759906384,0.00583873367468446,0.011073224409917046,9.98992056129804e-06,1.480757688123206e-05,0.03869764302770947
PER,2021,11.582803000967091,0.005345367322987394,0.012118477880819949,9.445733969511032e-06,1.6569187915074933e-05,0.04403000621087517
PER,2022,13.70012210386768,0.006318261422018223,0.01380156822189298,1.0217862630612392e-05,1.9050171518748086e-05,0.05332449460004228
PER,2023,13.605119071280964,0.0024391649430385784,0.012198476527612174,5.090518791694925e-06,1.7244073598682385e-05,0.05307838085405028
PER,2024,11.62917846850515,0.003189411709865509,0.010801938838119446,6.181416861833447e-06,1.5226720487395307e-05,0.04536353947751787
PER,2025,10.727571644134608,0.0010684203649763834,0.009375170031702804,2.8061680598395814e-06,1.3217749316061343e-05,0.041851381161328374
PHL,2000,21.705324683799095,0.25013265213877567,0.055527674076599046,0.0002456910026446247,0.00013497305536732768,0.09701735937636573
PHL,2001,22.524366576367747,0.24940996240867336,0.05546062999999847,0.0002702440211726935,0.00014345496777491207,0.10295673625635698
PHL,2002,21.689652573471246,0.18499773173180895,0.048981399999998086,0.0001897997551452916,0.00011389499499789819,0.09311959741979581
PHL,2003,23.224360666483435,0.16367490053032932,0.0519052999999977,0.00019262020576751556,0.0001156581569101629,0.10239418263548744
PHL,2004,24.587489890694968,0.15780183963486127,0.055528099999998616,0.0002192352386826932,0.0001270938286385492,0.10937997232330915
PHL,2005,27.254249054071096,0.1299100339298602,0.059024299999997365,0.00018573515324298538,0.0001241784322845556,0.11479821471490892
PHL,2006,23.70038833327132,0.09389870394249816,0.05070779999999779,0.00014127793797243769,0.00010224461495804581,0.09782887101516884
PHL,2007,26.690174213189202,0.09194577267271481,0.05706976648454551,0.0001653842417948913,0.00011476196894648343,0.1097478507707382
PHL,2008,28.218695333871544,0.07506060456084052,0.06659539999999922,0.0001490255248125517,0.00011568722852733958,0.11364211683852266
PHL,2009,28.981109827569103,0.07960607392805406,0.06890812570646182,0.00016201950113931988,0.000120401217228071,0.11868859315056551
PHL,2010,31.989450971593072,0.09350422237091338,0.07914235958890314,0.00019472956864016348,0.0001394715068221543,0.12772436832658296
PHL,2011,33.026392492187355,0.08310887814587387,0.0843082608119594,0.0001566241356983096,0.0001204054539238306,0.12988597963149853
PHL,2012,35.23364420791836,0.09380076522837853,0.09229241331875959,0.00018005422319489992,0.0001217030090024364,0.1380179694652115
PHL,2013,40.7052204362741,0.11219597541072146,0.11814402603452935,0.0002101985476624771,0.0001310396218493795,0.15260601572835622
PHL,2014,43.64092232415821,0.1241845224160491,0.13144706563057645,0.0002369883699589171,0.0001332425802716668,0.16362973617014237
PHL,2015,47.35962361782079,0.13738489725356365,0.1482027756046626,0.00026150066456573297,0.0001363263818718534,0.17546787820726908
PHL,2016,51.51869210865948,0.13831117319010225,0.14877387166530387,0.000239126474769375,0.0001414930081855727,0.18744467961856418
PHL,2017,58.70502363719823,0.15454485110804908,0.1646738625396525,0.0002523692437202157,0.0001643163914558075,0.21215938457826355
PHL,2018,64.22988449355401,0.16346910050099162,0.17371997026784047,0.0002513292216156242,0.0001805328845123204,0.23800262765658822
PHL,2019,69.84365040505389,0.17916205291116954,0.189434218947193,0.00027083721163905113,0.00020369585261055672,0.26703784791311935
PHL,2020,70.31330241831255,0.17923439322305396,0.18797245291049436,0.00026056757029655386,0.00020970082059751548,0.26994146810216485
PHL,2021,73.03062171105843,0.1888737131183367,0.1956903327365512,0.00026942838942081726,0.0002114041280889437,0.2722493918782549
PHL,2022,74.7559645614717,0.19460884519583121,0.19900265229163486,0.00026947366295707644,0.00020621995125054456,0.29368779810947154
PHL,2023,80.93742213797626,0.20922748158740595,0.2144125326677924,0.00028462504559146,0.00021522754858543488,0.3252530823922192
PHL,2024,87.09376955091233,0.224917922797854,0.23061937144971825,0.0003059165894329135,0.00023151883121197637,0.34999376249839687
PHL,2025,81.04663796778487,0.20364876781328875,0.21203472231195808,0.0002769379634726008,0.0002124538529897835,0.3254887297748827
PNG,2000,0.8725196222074209,0.006960370606324936,0.0067920517689918245,1.133233902581728e-05,3.8063142901997412e-06,0.0052409114722006
PNG,2001,1.5028630606166433,0.014138341134222823,0.012816300937971483,2.3126243575071423e-05,7.519557554367883e-06,0.009169648997634937
PNG,2002,1.673742296502564,0.01599863652621829,0.014860856632441171,2.6017896320169414e-05,8.338791639726691e-06,0.009918690409618602
PNG,2003,1.9436012472730038,0.01914411007625154,0.017290763998164902,3.100344451724006e-05,9.842511543848772e-06,0.011996550924836093
PNG,2004,2.1594184438176813,0.019816993173086474,0.019672522000595577,3.1359485493600186e-05,1.0018936795468043e-05,0.01336164967249398
PNG,2005,1.9374706722747042,0.01710218177164726,0.018773157257997792,2.6824571077261956e-05,8.623515887531706e-06,0.011831404652611904
PNG,2006,1.817182278753016,0.015970540752778307,0.017118998831022227,2.5080117615943393e-05,8.078582980077834e-06,0.01085776398226377
PNG,2007,1.5416401197704268,0.01324666527019298,0.009994826712490561,2.0817077149140416e-05,6.746588050435373e-06,0.008658532518451386
PNG,2008,1.5570541252556513,0.014183491243719594,0.011378124223525953,2.2143034492526414e-05,7.054892836173428e-06,0.008893398026968827
PNG,2009,1.5532376481224837,0.014117104442476115,0.01159389089655704,2.2171786276077685e-05,7.160328475611672e-06,0.008845221134372144
PNG,2010,1.3133210003892508,0.011323051305125176,0.00893739239206056,1.7705332324191187e-05,5.770848633543889e-06,0.0071478641911740535
PNG,2011,1.300776257892877,0.011457431418677734,0.00895690766251524,1.790117083782512e-05,5.775551688114055e-06,0.006869288191788765
PNG,2012,1.7498698028323352,0.017418007345721714,0.011340510383046367,2.834879546027049e-05,9.03352995582257e-06,0.009206649649322097
PNG,2013,1.9502689710203869,0.01867484054290425,0.014446636741181624,2.9956638363843793e-05,9.633999055720723e-06,0.009930366831115233
PNG,2014,2.115158098961872,0.019245001445679828,0.015816248594243736,3.062830398151203e-05,1.0001872149742033e-05,0.01060334642465891
PNG,2015,2.30381149483914,0.022020125605591984,0.01950266318416997,3.550923735362792e-05,1.1437914965691827e-05,0.011244273822497269
PNG,2016,2.465058088657912,0.02372143758825629,0.021201414898972627,3.8723461260276206e-05,1.255540018299536e-05,0.011875193707182638
PNG,2017,2.152862285018029,0.020176570340634303,0.01794637308380808,3.235666579845899e-05,1.0396097245987818e-05,0.010052183889451421
PNG,2018,2.4533123163471275,0.021811162949803217,0.01966976756348256,3.4937927827021194e-05,1.1433940125447574e-05,0.011054280458018319
PNG,2019,2.2651291616078133,0.02189596447687911,0.019204015301197076,3.464481031808694e-05,1.0872722511776914e-05,0.009932632044919086
PNG,2020,2.012314734089639,0.018402341442841516,0.016357035733647416,2.8988456340162867e-05,9.162764327676262e-06,0.008493451850205412
PNG,2021,2.505301556284051,0.020706994047464945,0.019138324540489395,3.208957631794565e-05,1.0590405920625673e-05,0.010043246680257209
PNG,2022,2.649796227098252,0.021944490725766867,0.020756864022729644,3.38871797892565e-05,1.1235877539552966e-05,0.010626432379593372
PNG,2023,2.649796227098252,0.02194699110253414,0.021284634497344013,3.3794420742217496e-05,1.1240532335276455e-05,0.010297071806746444
PNG,2024,2.649796227098252,0.02194699110253414,0.021284634497344013,3.3794420742217496e-05,1.1240532335276455e-05,0.010297071806746444
POL,2000,140.0319808532535,0.7726734202959543,0.22558956055525717,0.0008186676535032936,0.0010762906714719734,0.5005498088321776
POL,2001,139.78808524838024,0.7381240937631213,0.22883195443843107,0.0007971115194387128,0.0010585357317877166,0.506570582560676
POL,2002,137.96200169718392,0.6915410018669481,0.2255377843522027,0.0008166366452107376,0.0010544558468188528,0.4813744383038247
POL,2003,145.8687181610792,0.6869475122914483,0.23928216526682858,0.0008421325194720619,0.0011169740591334624,0.5040146069889759
POL,2004,146.84048222722143,0.6822847301344802,0.23663229361355786,0.0008125255036909752,0.0011118116104340805,0.5070752855107313
POL,2005,147.69479227235738,0.6756919615461345,0.24283643457885687,0.0007733782436241839,0.001114535477251853,0.5061711400903447
POL,2006,152.79359192650787,0.7163895565538815,0.24627589452278073,0.0007978816035623294,0.00111798917288665,0.522035003884298
POL,2007,149.50532548230117,0.6652482029218524,0.23754377787139916,0.000751925653725026,0.0010681304444045269,0.5001964914740096
POL,2008,144.33212669005272,0.4509216885728341,0.21459494567433776,0.0007261015007650705,0.0010660875086846847,0.48921646816175496
POL,2009,138.38681034224797,0.35656320862668817,0.2137047547510999,0.000706801389519941,0.0010271421493130727,0.47657274332291644
POL,2010,141.77562979853525,0.38741794523022416,0.22043593267465558,0.0007374294935407072,0.0010378788573341888,0.486949969012309
POL,2011,145.02219449557444,0.3651056075956834,0.21445146555965597,0.0007777427566849198,0.0011236241589324394,0.5158539746499495
POL,2012,139.67421420928846,0.33429435200417,0.200737578695877,0.0007244604834538964,0.0010986775987568461,0.4974527889040797
POL,2013,142.49363815479484,0.3210307171941931,0.1981603966781759,0.0007515785673790142,0.001116032898897771,0.4886356141682419
POL,2014,134.2685731504518,0.30281466542580693,0.17814431790107274,0.0007258348875690589,0.0010744426557904006,0.45690101856704673
POL,2015,136.39710413172838,0.30169460745754256,0.170412535231116,0.0007815216301363167,0.001081606329182014,0.4678700217873007
POL,2016,136.8653535395779,0.1918965099199851,0.1513732427695256,0.0007042723260546157,0.0009385574316253708,0.4665665680022625
POL,2017,137.92120683507588,0.17905890059634774,0.14105597299164774,0.0006657767478309839,0.0008292322436415779,0.47825048100623435
POL,2018,137.91471447132994,0.16702837603724438,0.12409095381176787,0.0006136875121825513,0.0006948057532886638,0.5006972939490695
POL,2019,126.08393109659855,0.12784658136679566,0.10889433076581345,0.0005601087774797097,0.000499141738797189,0.4783061268098187
POL,2020,115.43068266749735,0.11774676276468381,0.09298960612722916,0.00037557773941903564,0.0003011513282420687,0.44297311938220313
POL,2021,135.2185495721924,0.1330361196895595,0.10307702570863905,0.0005552930392222562,0.000380627295198989,0.5039493983054801
POL,2022,130.96108568732228,0.13557570845334363,0.1023914296552913,0.0004895839827417698,0.00038523613101140546,0.5148793770327952
POL,2023,106.51446574310431,0.10831531860362667,0.08267021472160818,0.0004328050126058522,0.000328838284396122,0.428204676944329
POL,2024,102.72419528572603,0.1034078076830861,0.07953583567920341,0.0004505808141427722,0.0003239071006221406,0.4127256871974533
POL,2025,99.6223911011365,0.10113821435963043,0.07696291918725459,0.0006140698558570385,0.00035643369705485597,0.3998113264803134
PRI,2000,15.394365968345463,0.2027531683318689,0.12323860412978331,0.00035058140042890725,0.00013180239086549054,0.09723850657585104
PRI,2001,15.259945225040175,0.18998062855433218,0.11642245732603773,0.00032735670856500853,0.00012376107905761227,0.09465157151060473
PRI,2002,17.382823218163864,0.14067430075108506,0.2222820224923109,0.00020263321515163885,7.641364077420967e-05,0.10274346198359739
PRI,2003,18.266186040530815,0.1489510441219321,0.23270261376501178,0.00019892393702417897,7.563672675250047e-05,0.1066005643682556
PRI,2004,18.579058633066584,0.15502573271867187,0.2297412712272035,0.00020652638842780897,7.83898622788565e-05,0.10811295096709597
PRI,2005,19.178948075360328,0.1621713892809098,0.2341137025722714,0.00021771067543465325,8.253777781060229e-05,0.11064006482997618
PRI,2006,19.061509858656517,0.15875197006690517,0.09671460074257635,0.00020837343738003988,7.938911863207004e-05,0.10629978165938553
PRI,2007,18.787913011526417,0.15521966372884508,0.10036650793382013,0.0002024557938849903,7.723229405803286e-05,0.09874861868996312
PRI,2008,17.61674324566125,0.1446016273801192,0.060568894293097204,0.00018654343743615355,7.154044670347363e-05,0.09241301543199448
PRI,2009,17.09284594313768,0.14163880837769305,0.04802141026925561,0.00018261081305476177,6.996209951247667e-05,0.08962348438205267
PRI,2010,17.71696533689007,0.1497952650873827,0.0484733532229378,0.00019930027244861282,7.620320776290146e-05,0.09057313006981382
PRI,2011,17.049178159452893,0.12603023874995617,0.03996916865098991,0.00014634080953693308,5.593447635670544e-05,0.08423600406425005
PRI,2012,16.854498124854906,0.12072861995838123,0.03314028813336518,0.00014167832100521943,5.552055792022056e-05,0.08236768204393054
PRI,2013,15.378489231182659,0.10258070272048278,0.027676323717343184,0.00011278911674621973,4.528321107482663e-05,0.07181729157185848
PRI,2014,14.979741661531518,0.09569836763359615,0.031053695187609698,9.79183241196332e-05,3.9736805591559404e-05,0.0686765462741799
PRI,2015,15.234662304473673,0.1005107221242395,0.03176381257557716,0.00010449785772377188,4.186308226838119e-05,0.06891640472689063
PRI,2016,14.681317323699956,0.09258468298835468,0.029384102422238052,9.238643437283061e-05,3.781304113390535e-05,0.06524970443211932
PRI,2017,11.552573068898703,0.060707740606957425,0.021077763919296333,8.274034816336475e-05,5.339537709100764e-05,0.05082300439315958
PRI,2018,12.292786563498415,0.06265989158094218,0.021533149336279915,8.435506710195426e-05,5.351191542516514e-05,0.052769512787431014
PRI,2019,12.989171572842292,0.05544574844239541,0.02048525982722007,7.43099689310976e-05,5.581814686121926e-05,0.05384251745396361
PRI,2020,13.389338597148571,0.06845593307651325,0.02254782173707262,8.804354389631549e-05,6.0889986732955305e-05,0.05485424904603227
PRI,2021,13.601749482232986,0.07100298311865093,0.022961513005054175,9.138303172786006e-05,5.5219828628483525e-05,0.053476380007351824
PRI,2022,13.876055530807665,0.07244840191305686,0.02341159216405326,9.30924150673557e-05,5.6088287235602005e-05,0.055294806295185336
PRI,2023,13.876055530807665,0.07419174912583998,0.023527146825700868,9.62166171330511e-05,5.674049715232814e-05,0.05437476793353885
PRI,2024,13.844007293594736,0.07411711092743332,0.02348863011337582,9.606953660054791e-05,5.646631324378273e-05,0.054244886599265976
PRI,2025,13.397122741232604,0.06964823958351515,0.02235468788367839,9.038514451383597e-05,5.380632931696933e-05,0.0524939459985785
PRK,2000,10.466783527496478,0.03570936560028112,0.04171572843217952,8.968941503888287e-05,0.00015245313253907117,0.038556446750895604
PRK,2001,10.767452669437054,0.03856822886072758,0.042626472914771486,9.519941376157082e-05,0.00015624481944015813,0.04042350419907242
PRK,2002,10.253833372366385,0.03722302886072758,0.04044601087917325,9.143987928625336e-05,0.00014858350352927514,0.037137824108561875
PRK,2003,10.418986855271362,0.037481916302231535,0.04107736511837738,9.235417262018176e-05,0.0001510187443591407,0.037480598376714275
PRK,2004,10.646285145486432,0.038231928860727925,0.04191226256184622,9.425953014274136e-05,0.00015432949046243714,0.03820155875353593
PRK,2005,11.058151778183435,0.03753999071727255,0.043743416924152845,9.442408347200389e-05,0.00016095749052037316,0.03891719830845798
PRK,2006,11.169539745533552,0.035747027456826855,0.04436387170786737,9.189303791408016e-05,0.00016323642258257118,0.03863218863149569
PRK,2007,9.296035384743082,0.03215972792479382,0.03633194660648682,8.034124984250729e-05,0.0001351192839423948,0.031898816565395595
PRK,2008,10.32340479695221,0.034990240483289296,0.040188863559622194,8.806114161714689e-05,0.00015027909914515133,0.035744647476900065
PRK,2009,12.426530602089153,0.038530089781339,0.03017052346463262,0.00010024335916718605,0.00018196919253246982,0.043042236592822164
PRK,2010,11.653191780405356,0.03635507722284323,0.027753811606683467,9.435544393772233e-05,0.00017054264567611835,0.04021991168564831
PRK,2011,8.742048451802258,0.029279914898330393,0.019481303501611792,7.367586402308454e-05,0.00012430249813733107,0.03151709739042294
PRK,2012,8.972479326525608,0.02904675210585143,0.01982343219794733,7.369640195603639e-05,0.00012461135858292808,0.03226173309038307
PRK,2013,9.106351862320876,0.029737377222842847,0.014118647713074776,7.490176446842938e-05,0.00012347864031981006,0.03156916766371036
PRK,2014,9.570427171097894,0.031097289781338626,0.014626473189006804,7.815191222425072e-05,0.00012664752540148905,0.03285684756029516
PRK,2015,9.907734154217858,0.03406206560028125,0.015092223694467399,8.303549653062328e-05,0.00012667552858965726,0.03436681972212855
PRK,2016,12.229807224727026,0.041473378626743655,0.01820787822335292,0.00010210000331541945,0.0001564241770803238,0.042033950474700064
PRK,2017,13.609470237429344,0.041112040483289716,0.018383824455348873,0.00010366364443466904,0.00016384267670047805,0.047205901325183625
PRK,2018,14.250147928609739,0.04253704048328877,0.01876908946451083,0.00010719334635281476,0.00017072566467578828,0.05170306136050674
PRK,2019,15.027249559819229,0.04603006606824839,0.0196165719408293,0.00011454861061409806,0.00017963966099584586,0.05702287685160859
PRK,2020,13.138331794893334,0.04067830327576847,0.016940216347540313,0.0001005165845647342,0.0001567792828258626,0.050510952198787644
PRK,2021,11.11662165729166,0.032243526988859184,0.013698309607514482,8.127814824551767e-05,0.0001321589537289595,0.041429166861422916
PRK,2022,11.567885674233455,0.03397817722284311,0.014087175637927194,8.505816777914073e-05,0.00013678141074319734,0.04550760029733739
PRK,2023,9.136022332184211,0.029921264196033928,0.01164880663894974,7.207076061789821e-05,0.00010724168459421312,0.03674492954040906
PRK,2024,9.104189559988269,0.02941427958163944,0.011517141858337803,7.115910925729217e-05,0.00010689907604303078,0.03662134476041467
PRT,2000,22.006754955653133,0.16887683032007877,0.07770806552241605,0.00020300291879210854,8.086896462423265e-05,0.10152445168177558
PRT,2001,21.534806231816365,0.16729184943691966,0.07508007871153738,0.00022175144364035043,8.75800243000114e-05,0.1016226969063162
PRT,2002,25.131642781484093,0.17291800111745045,0.08537735803380556,0.0002716916332432815,0.00010725892217600554,0.11584765037483258
PRT,2003,19.835125150254903,0.10823446625428249,0.06622521290235944,0.00015269947510867501,6.188123201241277e-05,0.08637354629977012
PRT,2004,21.124284197974056,0.11306660345250634,0.06750445726555021,0.00014013785848903458,5.884973665531901e-05,0.09123119912043826
PRT,2005,24.57794305889271,0.12817194988347066,0.0801791776561051,0.00021153347933553076,8.641062426868913e-05,0.11030312277225737
PRT,2006,21.606192287828154,0.10452725079227088,0.06419091318057846,0.00013082020220686025,5.6147566712733954e-05,0.0916040765802078
PRT,2007,19.363966983949435,0.09716672857289464,0.058602907565528786,0.00011977197074647096,5.206072644221804e-05,0.0812176028535971
PRT,2008,17.962810485032847,0.04894949906006271,0.048421882942920116,0.00010325392298000506,4.5901587825042826e-05,0.07613556883660214
PRT,2009,19.29707051640446,0.025322075328926528,0.04309186181414844,8.526838074906467e-05,3.991212205711728e-05,0.07996365540051945
PRT,2010,14.320415851367688,0.019704590651996947,0.027076233284542225,7.142202380922969e-05,3.419919871982029e-05,0.06080999925704765
PRT,2011,16.479035854330384,0.018606186665603847,0.024843593009750368,6.707592669147135e-05,3.266274770699169e-05,0.06863675976044935
PRT,2012,17.123316063802598,0.018785237731264212,0.023042196834240837,5.414271422336302e-05,2.6126403815088668e-05,0.06796773587534785
PRT,2013,14.327857014229537,0.017589213760758032,0.020654931539084688,4.019944145657267e-05,1.8950381033640603e-05,0.05441737592662485
PRT,2014,14.03721128637212,0.014969639436710754,0.018148759594823875,3.0382365672617764e-05,1.4940170917294782e-05,0.052412169826791075
PRT,2015,17.728157108415708,0.015208779501566086,0.02053933867557733,2.8633872337882714e-05,1.587614028162567e-05,0.06659896727827896
PRT,2016,16.93717591572623,0.014900486379326252,0.018271589096477192,2.811065669707435e-05,1.5968141834720953e-05,0.06390593232640178
PRT,2017,20.823138219064298,0.014896228245822192,0.020454682494208315,2.6313699301760782e-05,1.753475236118996e-05,0.07955334626898165
PRT,2018,17.347468783213802,0.014593810656588675,0.017929037693406133,2.249725979161623e-05,1.440189559581001e-05,0.06691113425772809
PRT,2019,12.45668153721838,0.015104595007464852,0.013743159342237424,2.1067362563868827e-05,1.352652714035695e-05,0.04950981432453588
PRT,2020,9.896021137672518,0.013090412016899628,0.010553737855068593,1.850769046322056e-05,1.2116653874894167e-05,0.03873400116627361
PRT,2021,7.674849961259325,0.014548372724101793,0.00902321258927384,1.805721876003945e-05,1.1253981787345279e-05,0.029335872835185545
PRT,2022,6.834300714999896,0.011936252700699108,0.008208584220397736,1.8336196711558767e-05,1.1126231121520737e-05,0.026717852956335324
PRT,2023,5.700687419692774,0.012004850233051931,0.0071836520092425325,1.8203636767102976e-05,1.0094963963823227e-05,0.022220153173259632
PRT,2024,3.579695663238509,0.012028244205106977,0.005499041330382445,1.8215734297873653e-05,8.25083599858893e-06,0.01394520820221129
PRT,2025,4.803946883577854,0.011890938623538948,0.006444164113737473,1.8021667435900553e-05,9.262564667204083e-06,0.01872177746605077
PRY,2000,0.0,0.0,0.0,0.0,0.0,0.0
PRY,2001,0.0,0.0,0.0,0.0,0.0,0.0
PRY,2002,0.0,0.0,0.0,0.0,0.0,0.0
PRY,2003,0.0,0.0,0.0,0.0,0.0,0.0
PRY,2004,0.0,0.0,0.0,0.0,0.0,0.0
PRY,2005,0.0,0.0,0.0,0.0,0.0,0.0
PRY,2006,0.0,0.0,0.0,0.0,0.0,0.0
PRY,2007,0.0,0.0,0.0,0.0,0.0,0.0
PRY,2008,0.0,0.0,0.0,0.0,0.0,0.0
PRY,2009,0.0,0.0,0.0,0.0,0.0,0.0
PRY,2010,0.0,0.0,0.0,0.0,0.0,0.0
PRY,2011,0.0,0.0,0.0,0.0,0.0,0.0
PRY,2012,0.0,0.0,0.0,0.0,0.0,0.0
PRY,2013,0.0,0.0,0.0,0.0,0.0,0.0
PRY,2014,0.012018495624998824,3.7701673590636004e-05,8.3695969231826e-05,1.2145039812906428e-08,3.470011375116128e-09,6.1066649865904e-05
PRY,2015,0.0,0.0,0.0,0.0,0.0,0.0
PRY,2016,0.0,0.0,0.0,0.0,0.0,0.0
PRY,2017,0.0,0.0,0.0,0.0,0.0,0.0
PRY,2018,0.0,0.0,0.0,0.0,0.0,0.0
PRY,2019,0.0,0.0,0.0,0.0,0.0,0.0
PRY,2020,0.0,0.0,0.0,0.0,0.0,0.0
PRY,2021,0.0,0.0,0.0,0.0,0.0,0.0
PRY,2022,0.0,0.0,0.0,0.0,0.0,0.0
PRY,2023,0.0,0.0,0.0,0.0,0.0,0.0
PRY,2024,0.0,0.0,0.0,0.0,0.0,0.0
PRY,2025,0.0,0.0,0.0,0.0,0.0,0.0
PSE,2000,0.02403699124999765,0.000214536302758962,6.7606666267926e-05,7.084144027996172e-07,2.7255408612659674e-07,0.000155235973098513
PSE,2001,0.036055486874996476,0.00032216880109907196,0.000101811120112324,1.0642677113973728e-06,4.0714028357809586e-07,0.000230222518584372
PSE,2002,0.12018495624998825,0.001074203486950095,0.00035532818466471003,3.5469390657073996e-06,1.3521282568785326e-06,0.0007405684108256099
PSE,2003,0.2644069037499741,0.0022240254793949,0.000776988860125128,7.755815149735605e-06,2.9523111963194217e-06,0.001693965309277294
PSE,2004,0.31248088624996945,0.00261591427879684,0.0009354055960257599,9.13699208770826e-06,3.5869284082101676e-06,0.0020083173250942
PSE,2005,0.3966103556249612,0.00332865709124315,0.0011993564248721,1.1835677356381672e-05,4.621017144555522e-06,0.0025219047743183
PSE,2006,0.27642539937497296,0.002373187808844055,0.0008610457278132149,8.440382133927095e-06,3.2724508898946485e-06,0.0017108640138709698
PSE,2007,0.3365178774999671,0.002726638777171302,0.001029803196703302,1.057317525099978e-05,4.09893352960434e-06,0.0019488243446073358
PSE,2008,0.3365178774999671,0.002824487235477438,0.001087677021358772,1.048289456206025e-05,3.990087013459142e-06,0.001961411036029202
PSE,2009,0.3966103556249612,0.00355938291907535,0.0013384417438737,1.273359855355902e-05,4.860487833217402e-06,0.00231200708050285
PSE,2010,0.3725733643749635,0.003172454787169642,0.001232152442832449,1.1476499783552515e-05,4.394415063979718e-06,0.002090564894210768
PSE,2011,0.45670283374995535,0.003882267865855476,0.001485997821169329,1.3924741349480835e-05,5.170692226938537e-06,0.0024621736950739795
PSE,2012,0.3605548687499647,0.0031429372618854818,0.001170529784292012,1.1060417669681228e-05,4.081256485134106e-06,0.0019419220440417381
PSE,2013,0.42064734687495886,0.0036574626971280764,0.0014195787129611022,1.3456793207615979e-05,4.865944782548206e-06,0.002175583307406752
PSE,2014,0.2644069037499741,0.00234103813102531,0.0009251324903450641,8.875389591759402e-06,3.159643715466232e-06,0.0013434662970498762
PSE,2015,0.40862885124996007,0.003712915311293556,0.0015542462636482291,1.4731738584956685e-05,5.209466424455279e-06,0.002015210543731785
PSE,2016,0.3845918599999624,0.0035716032812984576,0.0014998043113566238,1.2287507818280596e-05,4.4123402683225375e-06,0.001884054435724657
PSE,2017,0.3966103556249612,0.00370404158459585,0.00157046516926025,1.3351221559049842e-05,4.730460727219894e-06,0.00187415191414285
PSE,2018,0.28844389499997175,0.002632141426276224,0.001178181748920348,1.0394730092937101e-05,3.6445586271346306e-06,0.001321689881949552
PSE,2019,0.5408323031249471,0.005222765224435845,0.00230327349954054,1.9457391701565555e-05,6.786133444592513e-06,0.0023946606611020857
PSE,2020,0.5167953118749494,0.0051188384945416625,0.002243949037771782,1.855947833759414e-05,6.468323470003475e-06,0.0022121714789789344
PSE,2021,0.5408323031249471,0.0054579660650055815,0.0022673954673164878,1.8428089238442486e-05,6.363140960012216e-06,0.00219607385419059
PSE,2022,0.5408323031249471,0.005298832857935736,0.002206953015033944,1.9307048332549155e-05,6.6015825315351206e-06,0.0021850017508017482
PSE,2023,0.40862885124996007,0.004039601734459413,0.001673148122137668,1.4753841257971263e-05,5.010630508565818e-06,0.001586425032989268
PSE,2024,0.480739824999953,0.0047524726287757795,0.00196840955545608,1.7357460303495603e-05,5.894859421842139e-06,0.00186638239175208
PYF,2000,0.22835141687497768,0.0026984989493694968,0.0035985546343926247,4.3810334540122655e-06,1.3445295729503065e-06,0.0014747417444358729
PYF,2001,0.2523884081249753,0.0030270121995891203,0.003782774239852928,4.943460002193748e-06,1.5271576086738428e-06,0.0016115576300905921
PYF,2002,0.26440690374997416,0.00313410078109326,0.0042501582187517315,5.089661584901628e-06,1.5578117616036689e-06,0.001629250503816342
PYF,2003,0.2523884081249753,0.0029537927951137286,0.003901170466287488,4.778216757589606e-06,1.461953465384217e-06,0.00161696688612832
PYF,2004,0.28844389499997175,0.003128157442098828,0.004355568532752947,4.944217232710884e-06,1.5189528613262904e-06,0.001853831377010016
PYF,2005,0.26440690374997416,0.002788634411618484,0.004130593467331716,4.3680922347558254e-06,1.34465635126649e-06,0.001681269849545517
PYF,2006,0.26440690374997416,0.002797670549545113,0.0038276888025587643,4.387337136808696e-06,1.3508357036858283e-06,0.001636478621963559
PYF,2007,0.26440690374997416,0.002801943366773826,0.003805902232674729,4.396239839715664e-06,1.3534365154135296e-06,0.001531219127905764
PYF,2008,0.28844389499997175,0.003000524911673436,0.0039763912558830475,4.679720125668109e-06,1.4435970554228226e-06,0.0016812094594535999
PYF,2009,0.28844389499997175,0.0030280021285125852,0.0032668531060000296,4.750588990854051e-06,1.4824755162671302e-06,0.001681459694911177
PYF,2010,0.40862885124996007,0.004237416758502668,0.004632138897802468,6.616444892342052e-06,2.060748757217563e-06,0.002292877625908584
PYF,2011,0.40862885124996007,0.00424593818148244,0.004768274592649887,6.313425877664953e-06,1.89580177393383e-06,0.00220299751664514
PYF,2012,0.40862885124996007,0.004853896714106946,0.004628993032569315,7.173199445180097e-06,2.0622740955408084e-06,0.002200844983247328
PYF,2013,0.40862885124996007,0.004600773006884151,0.005110478653138734,6.4167639067579245e-06,1.807531654947312e-06,0.002113423784337942
PYF,2014,0.3845918599999624,0.004189098202594224,0.004630045635298944,5.561932068261652e-06,1.5358164836877627e-06,0.001954132795708944
PYF,2015,0.3845918599999624,0.004403734032080736,0.004565444302542432,5.683469393511263e-06,1.4883535642795907e-06,0.00189666874704168
PYF,2016,0.3725733643749635,0.00442957160672151,0.004481715448653947,6.289159416998995e-06,1.7241724013715492e-06,0.001825177734608291
PYF,2017,0.3725733643749635,0.004197522030412278,0.0042484986840334825,6.503152086025888e-06,1.8553390670918988e-06,0.001760566949649345
PYF,2018,0.3845918599999624,0.004281575257472448,0.0042457910659868155,6.856735480004427e-06,2.1476317054827424e-06,0.0017622531759327361
PYF,2019,0.3845918599999624,0.004195444955778369,0.004024044100197086,6.641380957721059e-06,2.0383584804513186e-06,0.001702869803450375
PYF,2020,0.3605548687499647,0.0038875718112511585,0.003463607324392548,6.126571973737397e-06,1.8758529879042963e-06,0.001543375450450418
PYF,2021,0.3725733643749635,0.0038205905773944257,0.0035288563926261798,5.954810594369364e-06,1.8733279456253587e-06,0.001512850877331308
PYF,2022,0.3725733643749635,0.003821453562394157,0.003583655802022887,5.958063102268554e-06,1.8762812505686836e-06,0.0015052234283300938
PYF,2023,0.3725733643749635,0.0038218890212693537,0.0036621765065724225,5.958913108380172e-06,1.8764506499046854e-06,0.0014464463536078538
PYF,2024,0.3725733643749635,0.0038218890212693537,0.0036621765065724225,5.958913108380172e-06,1.8764506499046854e-06,0.0014464463536078538
QAT,2000,4.464884241627018,1.706277231368324e-05,0.004865297187324003,5.33436144964586e-07,5.3343614496462e-06,0.02263240578111798
QAT,2001,4.870046151030558,1.861111825866355e-05,0.00513982864966631,5.818423287181794e-07,5.81842328718213e-06,0.02468857173673952
QAT,2002,5.348137204126735,2.043816647374041e-05,0.005671524591717908,6.389616255473798e-07,6.389616255474582e-06,0.026441304502576965
QAT,2003,5.874847686351339,2.2451016202214838e-05,0.006261598174018076,7.01889664427058e-07,7.018896644271309e-06,0.028948787686718172
QAT,2004,6.474487312268579,2.474256820078571e-05,0.006919408164258325,7.735308163823887e-07,7.735308163824494e-06,0.031537342870469665
QAT,2005,7.041713985433535,2.6910252523758246e-05,0.0075256137988632,8.412994736374813e-07,8.412994736374882e-06,0.03389577120543744
QAT,2006,8.354438571901008,3.1926893385494515e-05,0.008937244078966728,9.981355089990274e-07,9.98135508999141e-06,0.04114752534303456
QAT,2007,12.290500199999991,4.69687443581874e-05,0.013198501958249245,1.4683912709874e-06,1.4683912709875402e-05,0.0598287144774161
QAT,2008,12.89060190000002,4.92620621953422e-05,0.013842938499941216,1.5400876286332e-06,1.5400876286333302e-05,0.06302049148180472
QAT,2009,13.68279,5.228944755371009e-05,0.01470510486682656,1.6347332551001998e-06,1.6347332551002e-05,0.06603307242862294
QAT,2010,15.498747,5.922921556237578e-05,0.016661925068424552,1.8516923181078998e-06,1.8516923181079495e-05,0.07147438295947522
QAT,2011,16.8102528,6.424119877234148e-05,0.01799650601812371,2.0083827405668008e-06,2.0083827405668798e-05,0.07845992096843156
QAT,2012,19.154784,7.320093879761678e-05,0.020508098290973026,2.2884925076728e-06,2.2884925076728598e-05,0.088441502851363
QAT,2013,19.1336904,7.312032857916589e-05,0.020459272144392776,2.2859723776853994e-06,2.2859723776854902e-05,0.08870081136680093
QAT,2014,21.37567080000001,8.168816573388708e-05,0.022856576448962933,2.5538300234699e-06,2.55383002346993e-05,0.0997837485178951
QAT,2015,22.429789799999998,8.57165327676475e-05,0.0238912532502411,2.6797694981042e-06,2.67976949810434e-05,0.10370766466778536
QAT,2016,22.8666405,8.738597896732262e-05,0.024199555800078088,2.7319616582414005e-06,2.7319616582415503e-05,0.10225357418923876
QAT,2017,24.620382599999996,9.40879897093338e-05,0.025883020684092272,2.9414876782812002e-06,2.93997820748388e-05,0.10811453682967226
QAT,2018,25.360285499999996,9.691556463260519e-05,0.026479516685573013,3.0298865995666e-06,3.0228607108465903e-05,0.10660317491450676
QAT,2019,26.5301388,0.00010138621592345182,0.02750732885721406,3.1696532767647007e-06,3.15646061531763e-05,0.10752074573772485
QAT,2020,26.5411344,0.0001014282361437083,0.027320899556390096,3.1709669615453004e-06,3.15180067868784e-05,0.10315937662571502
QAT,2021,27.3277686,0.00010443439700306907,0.027995444761052382,3.2649490431484997e-06,3.2478900736104196e-05,0.10367873339662227
QAT,2022,28.7493426,0.0001098670111933563,0.029314539670207414,3.4347897183605996e-06,3.4195585208627394e-05,0.11170406426287134
QAT,2023,31.50627964571458,0.00012040278021858953,0.03198052439453984,3.751105853368e-06,3.7503516348392506e-05,0.12291797206837383
QAT,2024,31.523664019254614,0.00012046921544769671,0.03199817044441728,3.753175619334545e-06,3.75242098464696e-05,0.12298579511715167
QAT,2025,31.233924460254112,0.00011936196162924361,0.031704069613126676,3.718679519892132e-06,3.7179318211851316e-05,0.12185541097085432
REU,2000,0.9317275122597721,0.007420523620950525,0.003283200640089578,0.00015936230116713734,5.342914847484591e-05,0.004045823495067811
REU,2001,1.1122854600687557,0.008944916465132915,0.0036977575747012903,0.00020671739013649,6.905426839045001e-05,0.004967106853475411
REU,2002,1.0492739698909557,0.008269372732188824,0.003780225758492608,0.00022113876559152362,7.353029243872118e-05,0.00460255175369254
REU,2003,1.2257462690182117,0.009827564301552056,0.004709971605134069,0.0002842309700277033,9.41822572507321e-05,0.0056787446305216595
REU,2004,1.1729973495881034,0.009607518504732643,0.005090343559321684,0.00029772056771077435,9.835420753269291e-05,0.0056790540892072555
REU,2005,1.4358876096032822,0.011429029768278628,0.005931961870368121,0.00033326247077208,0.00011043296825051998,0.00656773388428809
REU,2006,1.3407914188729664,0.010657819693788314,0.0046987754496181245,0.0002500793647446246,8.35377502213995e-05,0.005667080277410633
REU,2007,1.416109560052986,0.011359685464820775,0.0036622234767792047,0.00015884345595842448,5.448453260261777e-05,0.00523476071727199
REU,2008,1.470818020369584,0.011885083143358345,0.004048970009729002,0.00016681037746521708,5.71686431024952e-05,0.00553811249125968
REU,2009,1.5843684988029696,0.01283256669376084,0.004748974671054141,0.00023791743314294453,8.023854446683779e-05,0.0063454950559997565
REU,2010,1.5994321270389735,0.012878277512262152,0.004689011848050254,0.00022549682019264812,7.63029507286968e-05,0.0062168734868349815
REU,2011,1.7498472365587094,0.008070273077633128,0.007280309441607305,0.0002904717729139872,0.00011162762677872252,0.007111757333584285
REU,2012,1.6523459147527728,0.006743653818224385,0.005334748921933726,0.0002224187278208432,8.92867887643266e-05,0.006514769491013754
REU,2013,1.570555330575172,0.006076244152108957,0.0040024957581578785,0.00022846318354005738,8.896220920842355e-05,0.0059937250910388155
REU,2014,1.807292263062018,0.00790893552273426,0.004157108797632867,0.00039095250011765196,0.0001403797931609573,0.007216545678441717
REU,2015,1.634781366500356,0.007249015591006933,0.003762502405483655,0.00028349975310353043,0.00010429651829747553,0.006351795307527981
REU,2016,1.8011800056230505,0.009186406481472623,0.004552338014702027,0.00034369613493278434,0.00012292865853312981,0.007168512597768934
REU,2017,1.8915088472848058,0.010092609811620674,0.00476506984352847,0.0003653182862570512,0.00012879840252492142,0.007538810568954694
REU,2018,1.6407095969033443,0.008132140575881922,0.0037083408597529,0.0002944133085605064,0.00010389959984227092,0.006529455843536948
REU,2019,1.8948370096222944,0.010592308677666844,0.0045158438486696,0.0003811006909458512,0.0001315418764780955,0.007716167083584561
REU,2020,2.669643889597136,0.012187066469409619,0.005212384257581401,0.000392622977845741,0.00014378700101068032,0.010610048214684455
REU,2021,1.712504040217842,0.009371870766286887,0.0037782263804334425,0.0003840730888722816,0.00013046855789781522,0.006652577940952779
REU,2022,1.4250456204456015,0.008977817726569042,0.003481302775774313,0.00040480752796714665,0.00013502720771465756,0.005697425963703427
REU,2023,1.234964674898403,0.008285470418238728,0.0031270155386427167,0.0004064839646441324,0.00013436149515621746,0.004849467986103381
ROU,2000,26.103974871618835,0.3485118598377914,0.06395245352185869,0.00029249730199238825,0.00042756858407962817,0.10535451250181627
ROU,2001,28.08059199561262,0.38217706654380923,0.07122551813142064,0.0003306612944599319,0.0004858863259205412,0.11687374694047326
ROU,2002,27.67354938887289,0.351354041384596,0.06449543821474393,0.00023770398357844777,0.00041226806794477093,0.10794121071262519
ROU,2003,24.48135085280051,0.31424140784653926,0.05759006061920218,0.0002490407667154192,0.0003590091294132624,0.09757932245121345
ROU,2004,28.62443908051491,0.40284105703554945,0.0720071340916787,0.0002157830883462822,0.0004263904129582275,0.10884097463862073
ROU,2005,28.38155284794796,0.4703885795148157,0.08521520352463836,0.00020629764262306374,0.00045114543892179964,0.1055871292290817
ROU,2006,32.326406055920835,0.5086458710794945,0.09052524156218467,0.00019797268510567513,0.0005036068103877422,0.11919110504632507
ROU,2007,31.76577546314648,0.40098689980417623,0.07672404332938582,0.0001944686819411839,0.0004874094142062304,0.1139767713475448
ROU,2008,31.506724853730898,0.4079025738434432,0.07578902006203195,0.00016809462890180895,0.0004815147490585302,0.11230481884350106
ROU,2009,20.712731671779355,0.2539293794633242,0.04158081745894512,0.00013069711005854635,0.0003158523462284841,0.0763057757908722
ROU,2010,24.928738189559024,0.2698273729016939,0.04900011086327908,0.00014012690744685962,0.0003992894558868872,0.08865619106961874
ROU,2011,22.95025824592026,0.1822246788657705,0.040061230350076,0.00013368755169262782,0.0003575333058663689,0.08529028519244015
ROU,2012,27.798665161950233,0.19695358508656177,0.05129154889850613,0.0001490818519340621,0.0004364595739716633,0.1022838347440604
ROU,2013,21.630444459351786,0.14665868213688923,0.040536242305335236,0.00010047471733483503,0.00031478125732200304,0.07824897563840208
ROU,2014,22.03910678880734,0.13046586792001894,0.04120214665481205,0.00010114380197643095,0.0003235236483839147,0.07865002755336192
ROU,2015,18.567233926590134,0.07773879066214354,0.03159102788622732,8.305539949000845e-05,0.00025565569256254445,0.06787806611991526
ROU,2016,17.441775093429214,0.044415471909632784,0.025243445114838867,7.34593394433761e-05,0.0002081146046996778,0.06341199634360332
ROU,2017,18.945379148908707,0.03543180826569321,0.028005069994718725,6.228499164963457e-05,0.00020323010821304672,0.06931551828104414
ROU,2018,18.46974460007671,0.031042505089016344,0.029603849435184224,4.7359772660211025e-05,0.0001646037709885281,0.06922452285393808
ROU,2019,17.003240204303907,0.04112998360523465,0.02514000962550773,2.8712192937442592e-05,0.00011143751413213195,0.06521595132687402
ROU,2020,12.704354371257946,0.022795388286154416,0.018447622080369742,1.566870624128006e-05,5.4459172904233725e-05,0.04891608694353228
ROU,2021,14.706156512601346,0.025538552223300547,0.019390049801937384,2.0375783670071765e-05,6.662151475580895e-05,0.055044125134768
ROU,2022,13.478284859635568,0.025660029219029247,0.019158156599187248,1.9804497064849308e-05,6.666747558737583e-05,0.052819942167676485
ROU,2023,11.019668592264152,0.019310013637275705,0.015336312539513638,1.2822031243571336e-05,5.085322407678804e-05,0.043901342185015194
ROU,2024,10.924518776163456,0.01906230177452869,0.015191601061929776,1.2368517037773707e-05,5.018461494499233e-05,0.04351896321139581
ROU,2025,10.273299472496234,0.01811390952994219,0.014317447413485118,1.20912220441897e-05,4.76486694101713e-05,0.040933028510221306
RUS,2000,375.9046775536402,1.4974351285199832,0.6523170578353684,0.0013612026553919741,0.0014866272130747101,1.6750463706071068
RUS,2001,370.4924121115734,1.4204333399366678,0.6195844577590942,0.0013069357819372866,0.001420021758498225,1.660799172720666
RUS,2002,373.7641160217397,1.3806895579333411,0.6041655514318841,0.0012666121449919016,0.001397449220117791,1.6210308549908166
RUS,2003,384.8988528865705,1.3887634940621574,0.5929915656615534,0.001236243187247939,0.0014368568112031915,1.6681036357679428
RUS,2004,378.5414849392998,1.2711096780298363,0.5558123923264274,0.0011305273599124675,0.0013597653606220329,1.6381880229982657
RUS,2005,390.0974347284191,1.2779236041789,0.5539707183633393,0.0011001806090069782,0.0013703941755312374,1.6682224122030187
RUS,2006,411.4892248565249,1.3746307697958218,0.5664109616843261,0.0012082577205603452,0.00147003289684827,1.775795660696586
RUS,2007,414.41012423754836,1.2514238160588167,0.5490497107730339,0.0010234197685166974,0.0014146201211088629,1.7635568105541506
RUS,2008,441.90631979063903,1.4141534947010375,0.549244796204118,0.0010653415937063922,0.0014989732286823263,1.8701923899975983
RUS,2009,398.5645845339674,1.207495872817326,0.46788114374954304,0.000977695859526519,0.0013832231172948674,1.704019316250417
RUS,2010,418.73735355365375,1.1543076059753186,0.4816665869753914,0.0008355444617893135,0.0013539835482721165,1.7377453061137955
RUS,2011,432.2845542508687,1.3670776433646217,0.49885001534381934,0.0011729889271499517,0.0013906387004660734,1.845849791407437
RUS,2012,439.12742693448223,1.3925664560950861,0.4978039010910505,0.001184808157802253,0.0013648979467599657,1.8617500150467916
RUS,2013,418.5017207829138,1.1316942403257904,0.4761777203260803,0.0007332182134568307,0.0011838958539441768,1.7445282881101676
RUS,2014,419.70959160159447,1.1381351385200373,0.45623619889014116,0.0007522012852988348,0.0011576274728976143,1.757676222475965
RUS,2015,416.44613801365205,1.1201843142362604,0.4484350546065682,0.0007127100662924825,0.0011111312260193166,1.7327203344669422
RUS,2016,425.96051407644796,1.2038776646432523,0.45088383756893835,0.000748140796819159,0.001156505840110663,1.7188989547082976
RUS,2017,422.7695296524886,1.1741033065058877,0.4374021766294664,0.000656059456737864,0.0011080663668748508,1.6908232364157998
RUS,2018,429.57819142408306,1.1979317429068728,0.4342857127996689,0.0006776929485145342,0.0010856459943770094,1.701626912039875
RUS,2019,435.7719383953318,1.2650005750112587,0.43109803833835525,0.0006921225043952072,0.001083328545730369,1.7161118713563837
RUS,2020,401.2314815066808,1.1955893616788738,0.39086784475966785,0.0006440298080124,0.0009729255640912685,1.5519823780929825
RUS,2021,436.88032204981914,1.273471691446812,0.4184174964328725,0.0006920002021568845,0.0010370825335857174,1.6456148032526476
RUS,2022,450.7735259781072,1.298504873398918,0.4252894695039015,0.0007048538912346482,0.0010507253777763902,1.7616313479983148
RUS,2023,463.31187968633697,1.367071319198664,0.4324772577849828,0.0007232917637100733,0.0010851431031938196,1.8336399536713315
RUS,2024,479.6830200794179,1.4283717991659253,0.44825828497245546,0.0007392702630320896,0.0011261924786096452,1.8989505299760352
RUS,2025,478.6155156681544,1.461094122906537,0.44821548583414084,0.0007596252092331093,0.0011384326417577086,1.895336195072678
RWA,2000,0.0480739824999953,0.000380618649493746,0.000609219883211508,2.5067198842253998e-05,8.15465176245e-06,0.000310471946197026
RWA,2001,0.0480739824999953,0.000380618649493746,0.0006092181150195299,2.5067198842253998e-05,8.15465176245e-06,0.000306963358112496
RWA,2002,0.06009247812499413,0.00047396763227347804,0.0007616415492662621,3.1445140078303e-05,1.0229081189383e-05,0.0003702842054128
RWA,2003,0.0480739824999953,0.00037633882243312197,0.000609277571892798,2.5330626811416e-05,8.239425593063999e-06,0.000307993692595872
RWA,2004,0.0480739824999953,0.00037328588826236395,0.000609299719815846,2.5518538200636e-05,8.299897411338e-06,0.000308971896168336
RWA,2005,0.07211097374999294,0.0005627177081037809,0.0009139755226319999,3.8106148994631e-05,1.2394604708019e-05,0.00045852814078514096
RWA,2006,0.10816646062498941,0.0008440765621556801,0.0013710648979963181,5.7159223491944006e-05,1.8591907062036e-05,0.0006694685271669081
RWA,2007,0.10816646062498941,0.000839893248590318,0.0013702289766300202,5.7416710951431e-05,1.8674769175517002e-05,0.00062640782505236
RWA,2008,0.10816646062498941,0.000839893248590318,0.001371201024134357,5.7416710951431e-05,1.8674769175517002e-05,0.000630453547295091
RWA,2009,0.12018495624998825,0.0009408470560828049,0.001522716200090625,6.332656702854e-05,2.0598563982659997e-05,0.00070060820621298
RWA,2010,0.14030669006305788,0.0010349627286099716,0.0016907854890029232,6.966019185506708e-05,2.266810161767872e-05,0.0007791824316829081
RWA,2011,0.16434368131305552,0.0012323468108299427,0.0019955568047605042,8.169507642636584e-05,2.658062992724072e-05,0.000880143511880217
RWA,2012,0.16434368131305555,0.0012323468108299397,0.0019968176095225432,8.163389509544276e-05,2.6557103058310722e-05,0.0008789138382338811
RWA,2013,0.17636217693805437,0.0013218865493050706,0.002149558525663478,8.817601827732975e-05,2.8679582113493717e-05,0.00090779867428562
RWA,2014,0.16434368131305552,0.0012378762383865437,0.001994171978599438,8.117908037488777e-05,2.6402943971108717e-05,0.000831693166730492
RWA,2015,0.16434368131305555,0.0012215297212372397,0.0019258766349937622,8.213848368262277e-05,2.6708506888290723e-05,0.0008079882760875721
RWA,2016,0.2271021909006085,0.0013241172503230295,0.0020826588662087807,8.944605790940596e-05,2.922933243243148e-05,0.001075856727831864
RWA,2017,0.23732601392280858,0.0016417456641311676,0.00217532148281982,9.040082027444448e-05,2.9965983301219892e-05,0.001078308204870679
RWA,2018,0.3202062573234312,0.002032157907607756,0.002647948171177101,0.00010153667192360569,3.391260751413196e-05,0.001399843454935371
RWA,2019,0.2739269474262346,0.0018886635254458984,0.0024971614262456338,6.268927319453859e-05,2.1060720515127167e-05,0.0011628056304216511
RWA,2020,0.20002130107344296,0.0013931928968461571,0.0016932433879455358,1.9696125922875736e-05,7.3659362032214925e-06,0.0008038164041810701
RWA,2021,0.2664223447837092,0.0017729716027910097,0.002051531813206736,5.583252260099589e-05,1.936354062868646e-05,0.001039560193856124
RWA,2022,0.292579920867836,0.0022172270136995784,0.0024156561423295036,6.360577170814925e-05,2.216142193514557e-05,0.001161361221548561
RWA,2023,0.363223368280198,0.0033399186524362113,0.0028215323312631778,3.303381418264224e-05,1.5017725485853091e-05,0.0014356686799138411
RWA,2024,0.3712356986968639,0.003411716258787032,0.0029053103153865068,3.664956486509424e-05,1.619271256259909e-05,0.0014667750531097091
SAU,2000,98.23083078674779,0.6552448322796907,0.3814180599069059,0.0010744838305514245,0.00044559354548928155,0.5817451845299311
SAU,2001,101.42681268935928,0.5523339102165398,0.3682979612640963,0.0008785522120166257,0.0003806547893182559,0.5877562897450063
SAU,2002,103.96395464516772,0.5297962683319836,0.3504129905578439,0.0008494061408405965,0.00037657184300199836,0.5780676051528127
SAU,2003,110.34786611668434,0.5587572615881934,0.372974302601237,0.0008922674330415973,0.00039585264958401584,0.626743485833472
SAU,2004,119.33417646037375,0.6214340146913175,0.4022465078312325,0.0010017513437630611,0.00044194502235216386,0.675751421700646
SAU,2005,129.21567406884319,0.6722448554277388,0.4240026913061241,0.0010867705627469306,0.00048004477437395076,0.7226400276447427
SAU,2006,133.16191898108042,0.7443772065987654,0.44064211907443207,0.0012082994224123951,0.0005232645521245679,0.7457131372048265
SAU,2007,135.4787922570221,0.8001630260647161,0.4527364025525188,0.0013090753109267987,0.0005598415127267096,0.728279808751916
SAU,2008,143.88807399105366,0.9185684739276331,0.4932902161380341,0.001509720540917027,0.0006336398997403723,0.7824794230912453
SAU,2009,156.76584404436596,1.1550134549719728,0.5509142008557013,0.0019236093932876578,0.0007843488037938044,0.8578066848892494
SAU,2010,173.849118863493,1.2550126900582177,0.5889219088622535,0.0021016362608074295,0.0008629438785640965,0.9094023159013546
SAU,2011,183.6994338324754,1.3877622588361496,0.6232056154476012,0.002343049222548254,0.0009569295563157233,0.9406869608522261
SAU,2012,210.02018044395598,1.636878304329747,0.7001208395920426,0.0027815501429017024,0.0011327597713407642,1.071147770100156
SAU,2013,214.40729214161553,1.5980449025982755,0.7094973519153869,0.0026935046797617454,0.0011051115512709748,1.0647328151801958
SAU,2014,231.31989980156519,1.819750645491049,0.721844847350263,0.003112141130077718,0.0012705421756019992,1.1385391835264316
SAU,2015,244.00610322256745,1.9686819551475818,0.884036847934463,0.0033743492721534435,0.0013728446822459648,1.1749858879640613
SAU,2016,254.81127435132618,1.9096972296104775,0.8915014378000506,0.0033211564475360295,0.0013779597277853157,1.1994141352595964
SAU,2017,261.13555469933067,1.829441420597123,0.887225810005243,0.003229743890233987,0.0013657465056806052,1.1892566940552074
SAU,2018,245.76240145348268,1.7154012418419324,0.8462786770934643,0.0030588536849448867,0.0012983231895283736,1.0764606757914756
SAU,2019,251.60352784830573,1.7737159920563257,0.8794282264570459,0.0031584725309986615,0.0013366924004034532,1.0643871672840348
SAU,2020,255.54552592903514,1.8391791456715985,0.9206987802929505,0.003298795981709567,0.001393180823521155,1.0403828299083953
SAU,2021,264.9246997739307,1.9027599722648383,0.9192255219300687,0.0034140025389057358,0.0014428650018451026,1.0380621368838094
SAU,2022,275.3893444304203,2.022981402836692,0.9392877705077084,0.003630946718378359,0.0015279228839145862,1.090282439935049
SAU,2023,272.6483542690638,2.0305262204232486,0.9097336829551013,0.003643775919728508,0.0015292322318260611,1.0611955339750905
SAU,2024,282.7783271581681,2.002616931749504,0.9101316103789966,0.0035952506179607008,0.0015247007476436765,1.1007509644019349
SDN,2000,1.009553632499901,0.003196806558115524,0.006934990319631067,0.000336983279348451,0.00011028784114224247,0.006519910870137575
SDN,2001,1.0456091193748975,0.0033062177609729402,0.00716312512113462,0.00042655987859430004,0.00013918033930376402,0.006676453038946812
SDN,2002,1.2739605362498754,0.004028923630808573,0.008861200063632,0.00050899360394981,0.00016612526430007202,0.007850025154751366
SDN,2003,2.0441242175472523,0.006459999999999963,0.015254343838072847,0.000891311232199101,0.000290565108021792,0.013096010214820094
SDN,2004,2.17723746558988,0.006879999999999916,0.0192438867536994,0.00096034523680564,0.00031302398748257596,0.013993123788987503
SDN,2005,2.3813042871168104,0.007519999999999985,0.020791934081864,0.001129267238917415,0.00036775739303108594,0.015141870517529556
SDN,2006,3.01706800386978,0.00952999999999992,0.027182634688677508,0.00139328653624146,0.000453882241078245,0.01867336752300516
SDN,2007,2.9462595297177603,0.009309999999999992,0.02684260133564163,0.001300931037217854,0.00042403201540585196,0.01706222070488924
SDN,2008,3.3484441001482,0.010589999999999712,0.030375977177767625,0.001329942603686148,0.000434102509477896,0.019516571483065247
SDN,2009,2.71344984955125,0.008589999999999758,0.02422968703142094,0.0009429818395180601,0.0003084152374074746,0.015817830209870192
SDN,2010,1.094792049840978,0.0034799999999999003,0.00935209385438549,0.00014910005197295,4.99807065053861e-05,0.0061430420011324
SDN,2011,1.669987787741233,0.005299999999999854,0.01559534047379774,0.000362333600514717,0.00011955746129003031,0.009003228572745289
SDN,2012,1.9304718678278252,0.006109999999999813,0.022972425972341923,0.0006899523482732879,0.00022539571017628538,0.010397379706823598
SDN,2013,1.765814904337692,0.005599999999999942,0.021216871313319997,0.000447843173166707,0.0001470773808783298,0.009132774658838185
SDN,2014,2.13496959040213,0.006759999999999763,0.025290193155642966,0.000715464331145904,0.00023378210222173523,0.010847900146525296
SDN,2015,3.9635685361218904,0.012569999999999639,0.051793695296203895,0.000997124282148061,0.0003271640178240286,0.019546894646238062
SDN,2016,4.780108433096331,0.061289999999999914,0.06149212151894841,0.0010253135831431019,0.00033704018085183273,0.023416991968110885
SDN,2017,4.9523941039047505,0.015709999999999783,0.05814997015031566,0.00116786126588418,0.00038286236340044085,0.02340215972121408
SDN,2018,4.72168616558155,0.01493999999999958,0.04318538285038494,0.0017376911041089597,0.0005661070955112168,0.021635420055574377
SDN,2019,4.3559171306036095,0.01377999999999949,0.0372322922316891,0.001644027002504712,0.0005352675975729604,0.019286835004874305
SDN,2020,4.62054313708434,0.014629999999999888,0.04024819174379844,0.0015285799374885598,0.000498086712546158,0.01977849549015087
SDN,2021,5.2083625168928505,0.016559999999999363,0.05850761197789826,0.0005839072589215729,0.000193600644728763,0.0211487898936617
SDN,2022,3.4374867237232527,0.010919999999999857,0.036045608086616256,0.000541399755658686,0.00017807590767145162,0.013887695809393813
SDN,2023,2.187366203749786,0.006947776464154896,0.022341031551009815,0.00035899302022160396,0.00011794599605342932,0.008492039882471963
SDN,2024,2.3775719605975936,0.0075519309392988,0.0242837299467498,0.0003902098045887,0.00012820216962329274,0.0092304781331217
SEN,2000,1.141757084374888,0.012662250266598193,0.01037780595543744,0.000315954265088592,0.00010657436443797212,0.00737370872217936
SEN,2001,1.6222097700679572,0.017519999999999994,0.01458263692530806,0.000490024160330997,0.00016458811369946558,0.010358179886241093
SEN,2002,1.5128803143500031,0.016946030966918865,0.013308680886640866,0.0004202393750107071,0.00014122616111520152,0.009312357574492633
SEN,2003,1.3801636889753999,0.016623154834594395,0.01210822762585553,0.00031482019356283535,0.00010544251346527922,0.008782313739563195
SEN,2004,1.5576512612736866,0.019109185801513197,0.01302916329972174,0.00031473183527445047,0.00010611466577130391,0.009935386579283516
SEN,2005,1.9270672408575003,0.023386185801513283,0.016719458363327146,0.0004314421155443824,0.0001446975973347495,0.01217841724213305
SEN,2006,1.8725007877466138,0.022450154834594453,0.017153067635565913,0.00045974233129114335,0.00015345359650395656,0.011538149674515852
SEN,2007,1.7283248148550991,0.02260015483459431,0.015641774419493437,0.00030788385448726334,0.0001034144381324151,0.009971575154820594
SEN,2008,1.8101916169065488,0.023700154834594426,0.01687418099290466,0.00032258863158499937,0.0001083530820082266,0.010512718884032395
SEN,2009,2.1055874757292963,0.028160154834594456,0.020373951069330376,0.00034602016064737534,0.00011644912836361491,0.012233692218682899
SEN,2010,2.1174846019594864,0.02784024773535094,0.020256864680033078,0.0003530401731195826,0.00011876419909033263,0.011816727734136417
SEN,2011,1.9906288923471407,0.024080185801513197,0.019225159012487867,0.0004699759847195098,0.00015467443261916281,0.01069667585963863
SEN,2012,2.16383960211447,0.024420433536864385,0.020820599265444616,0.0005564357155821798,0.00018004288799252315,0.01156707294571269
SEN,2013,2.2472845693509083,0.02827046450378332,0.021786808109915824,0.00039809826400262407,0.00012805324624948146,0.011557762735575705
SEN,2014,2.437235296538113,0.030983019844946745,0.02367399339519599,0.0004276202915499945,0.00013584389384714996,0.012304796616798282
SEN,2015,2.6395719603005032,0.03493249457286174,0.02592922897202588,0.00035155414286870847,0.00011324872501070806,0.012725715195920615
SEN,2016,2.806529985843282,0.038733432772871675,0.02629230712424653,0.0001996043037541986,6.88204698122328e-05,0.013195855101249878
SEN,2017,3.877059251716924,0.046745519014030075,0.029465090814433076,0.0008168859934357838,0.0002483421335952025,0.017941202367320653
SEN,2018,3.7067842081202853,0.045515086642701943,0.026435764021944332,0.0006573316732818416,0.00020016644609917653,0.0165447159417171
SEN,2019,3.672299315724554,0.04637918580151312,0.02455549090289615,0.0003810129753747675,0.00012372364386219775,0.01573130542062032
SEN,2020,3.2235941296561483,0.048127167122102424,0.025755160507113396,0.00015088169206138745,4.9239664888923474e-05,0.013721743334137702
SEN,2021,3.4423845951396026,0.05016455560885896,0.025855019223894847,0.00015897689438238325,5.2570894737606033e-05,0.01385318716310056
SEN,2022,3.6568337105236526,0.05370240743386284,0.027126756430343426,0.0001235581175819893,4.3522388749604435e-05,0.01472618894582144
SEN,2023,5.398153631178223,0.08329397771311987,0.04256117228037616,0.0002034660520836971,6.072386922523263e-05,0.0209698409680452
SEN,2024,4.853493772456096,0.07473186210599862,0.038148321423433475,0.00018230435836114652,5.466689552042762e-05,0.01885665776913389
SGP,2000,24.44903460236281,0.06855116344331005,0.07613266788596072,0.0005993121109395276,0.00022771271269411556,0.15383883460250572
SGP,2001,20.436336694394498,0.04089756560142649,0.0536253758085726,0.00039333276614388215,0.00015473637161665858,0.121929193919255
SGP,2002,20.319117440623735,0.0345746972562649,0.054837778982759655,0.0003502669923944915,0.00013975861038307617,0.11604670677053289
SGP,2003,21.344320399602026,0.025328612477432524,0.05062051895261777,0.00029579538621329725,0.0001233227390300018,0.12056285336146064
SGP,2004,21.162928232530174,0.01806364469669583,0.04689553277919163,0.00023652484360027105,0.0001033706920004437,0.11596373373908918
SGP,2005,19.21682309625344,0.015446027791568872,0.04810346827752292,0.00016916697858674582,7.712360346884099e-05,0.10358362963030521
SGP,2006,19.33931147311131,0.01209633181305238,0.04468635034099555,0.0001571118412608447,7.380789866287641e-05,0.10318027484153675
SGP,2007,19.82462635303305,0.010057812696335018,0.041953904304142614,0.00016838987812969072,7.874111116954239e-05,0.10219303508031706
SGP,2008,19.555824418181658,0.008776655269452455,0.03970251188996997,0.0001444517198384051,7.00780903029215e-05,0.10088718227172747
SGP,2009,18.940230884921256,0.005587521518992327,0.03778351193372411,0.0001356868682830428,6.714580117228704e-05,0.09614732681459162
SGP,2010,20.99241102437194,0.00691565882393884,0.04324034197903173,0.0001664575374170302,7.93518898206546e-05,0.10297243990465926
SGP,2011,21.397817579748985,0.0074624201606424715,0.04439599093477707,0.0001572952974416193,7.644720296845289e-05,0.1042948906651654
SGP,2012,20.85150652811533,0.005096283754504332,0.040461845614496006,0.00011324369313672209,6.143292653871369e-05,0.09957481999605519
SGP,2013,19.99621112621105,0.0019992038289221134,0.03265849054003715,4.4036222560982396e-05,3.761174650473433e-05,0.09357092917536071
SGP,2014,20.162945646696574,0.0031109790514831006,0.02704324264714404,1.0517775142333153e-05,2.6695412222519897e-05,0.0935265929282626
SGP,2015,20.321179867142575,0.003254621938705531,0.027630635109721708,1.1531173967124655e-05,2.7117140668166187e-05,0.09329882699435564
SGP,2016,20.65810473867698,0.003554896253231643,0.02751600956045023,9.980684572750974e-06,2.7009678149003663e-05,0.09181300115808962
SGP,2017,20.915596784595166,0.0036651090468452024,0.02846867283306803,1.3032186599194304e-05,2.8520628261654064e-05,0.09128769467778693
SGP,2018,20.92371864527738,0.003691995726989129,0.027909045231209496,1.1342750759237145e-05,2.8004308577535724e-05,0.08763050841999773
SGP,2019,21.297608148453584,0.003337795930546553,0.02782821466959587,9.82663704461372e-06,2.7992023143949074e-05,0.08619487348016608
SGP,2020,20.983538423707188,0.002749010227078852,0.02720024838831373,9.35476921252471e-06,2.7438813959871642e-05,0.08159495873480044
SGP,2021,22.194535090312023,0.003727807948433628,0.030556007472199016,1.7703275513271983e-05,3.162685653704395e-05,0.08427380190323512
SGP,2022,22.181019766971833,0.003831000337299187,0.03380452733041377,3.216558455284541e-05,3.6343046160452794e-05,0.08636442322922556
SGP,2023,20.934196356424124,0.003887947619034708,0.03079408556835448,2.7190234001887337e-05,3.313779879458491e-05,0.0817280685042263
SGP,2024,21.68701288441562,0.003972648139989713,0.032087231941910224,2.896391685417228e-05,3.458745722703787e-05,0.08466381366795965
SGP,2025,21.894401822262925,0.004280279171806955,0.033806962132676824,3.530380815800765e-05,3.6910108583823584e-05,0.08546812330774664
SHN,2000,0.012018495624998824,0.000107268151379481,3.3803333133963e-05,3.542072013998086e-07,1.3627704306329834e-07,7.7617986549257e-05
SHN,2001,0.012018495624998824,0.00010738960036635701,3.3937040037441004e-05,3.547559037991243e-07,1.3571342785936528e-07,7.674083952812401e-05
SHN,2002,0.012018495624998824,0.00010742034869501,3.5532818466471e-05,3.5469390657073995e-07,1.3521282568785326e-07,7.4056841082561e-05
SHN,2003,0.012018495624998824,0.000101092067245224,3.5317675460234004e-05,3.525370522607093e-07,1.3419596346906463e-07,7.6998423148968e-05
SHN,2004,0.012018495624998824,0.000100612087646033,3.5977138308683e-05,3.5142277260416383e-07,1.379587849311603e-07,7.7242974042084e-05
SHN,2005,0.012018495624998824,0.00010086839670433801,3.6344134087033e-05,3.5865688958732333e-07,1.400308225622885e-07,7.6421356797524e-05
SHN,2006,0.012018495624998824,0.00010318207864539501,3.7436770774488e-05,3.6697313625769977e-07,1.4228047347368035e-07,7.438539190743401e-05
SHN,2007,0.012018495624998824,9.737995632754701e-05,3.6778685596547e-05,3.7761340182142064e-07,1.4639048320015498e-07,6.9600869450263e-05
SHN,2008,0.012018495624998824,0.00010087454412419501,3.884560790567e-05,3.743890915021518e-07,1.4250310762354085e-07,7.005039414390001e-05
SHN,2009,0.012018495624998824,0.00010786008845682901,4.0558840723446e-05,3.858666228351218e-07,1.4728751009749705e-07,7.0060820621299e-05
SHN,2010,0.012018495624998824,0.000102337251199022,3.9746852994595003e-05,3.702096704371779e-07,1.4175532464450705e-07,6.7437577232605e-05
SHN,2011,0.012018495624998824,0.00010216494383830301,3.9105205820246005e-05,3.66440561828443e-07,1.3607084807732996e-07,6.479404460721101e-05
SHN,2012,0.012018495624998824,0.00010476457539618201,3.9017659476401e-05,3.686805889893743e-07,1.3604188283780356e-07,6.4730734801392e-05
SHN,2013,0.012018495624998824,0.000104498934203659,4.0559391798889e-05,3.844798059318851e-07,1.3902699378709157e-07,6.2159523068764e-05
SHN,2014,0.012018495624998824,0.00010641082413751402,4.2051476833867e-05,4.034267996254274e-07,1.436201688848287e-07,6.1066649865904e-05
SHN,2015,0.012018495624998824,0.000109203391508635,4.5713125401419e-05,4.332864289693142e-07,1.532196007192729e-07,5.9270898345052e-05
SHN,2016,0.012018495624998824,0.00011161260254057699,4.6868884729895e-05,3.8398461932126864e-07,1.3788563338507927e-07,5.8876701116395996e-05
SHN,2017,0.012018495624998824,0.00011224368438169201,4.7589853613948e-05,4.0458247148635886e-07,1.433472947642392e-07,5.6792482246752996e-05
SHN,2018,0.012018495624998824,0.00010967255942817699,4.9090906205015e-05,4.3311375387237924e-07,1.5185660946394297e-07,5.507041174789901e-05
SHN,2019,0.012018495624998824,0.000116061449431908,5.1183855545346e-05,4.3238648225701237e-07,1.5080296543538913e-07,5.3214681357824005e-05
SHN,2020,0.012018495624998824,0.000119042755687016,5.2184861343529996e-05,4.31615775292887e-07,1.5042612720938314e-07,5.1445848348347e-05
SHN,2021,0.012018495624998824,0.00012128813477790301,5.0386565940367e-05,4.095130941876108e-07,1.4140313244471587e-07,4.8801641204236004e-05
SHN,2022,0.012018495624998824,0.00011775184128746201,4.9043400334088e-05,4.290455185010923e-07,1.467018340341138e-07,4.8555594462262e-05
SHN,2023,0.012018495624998824,0.00011881181571939501,4.9210238886402e-05,4.3393650758739e-07,1.4737148554605344e-07,4.6659559793802e-05
SLB,2000,0.0480739824999953,0.000568105041972528,0.000928260311178432,9.22322832423553e-07,2.8305885746319444e-07,0.000310471946197026
SLB,2001,0.0480739824999953,0.0005765737523026859,0.000931606610454306,9.416114289892073e-07,2.908871635568901e-07,0.000306963358112496
SLB,2002,0.0480739824999953,0.00056983650565332,0.0009920505314409658,9.253930154365728e-07,2.8323850210970623e-07,0.00029622736433024396
SLB,2003,0.0480739824999953,0.00056262719906928,0.0009704876099408999,9.101365252551016e-07,2.7846732673981697e-07,0.000307993692595872
SLB,2004,0.0480739824999953,0.000521359573683138,0.001019073679382412,8.240362054517625e-07,2.531588102209653e-07,0.000308971896168336
SLB,2005,0.06009247812499413,0.0006337805480951071,0.001390610735945634,9.927482351716722e-07,3.0560371619687287e-07,0.00038210678398762103
SLB,2006,0.06009247812499413,0.0006358342158057051,0.0013783341879534782,9.971220765474069e-07,3.070081144740425e-07,0.00037192695953716805
SLB,2007,0.060092478124994124,0.000636805310630416,0.001337631684430704,9.9914541811705e-07,3.075992080484829e-07,0.000348004347251312
SLB,2008,0.060092478124994124,0.000625109356598632,0.001313696247094072,9.749416928474207e-07,3.007493865463395e-07,0.000350251970719496
SLB,2009,0.060092478124994124,0.0006308337767734561,0.001284263562277752,9.89706039761142e-07,3.0884906588900725e-07,0.000350304103106496
SLB,2010,0.060092478124994124,0.0006231495233092161,0.0013130341938934961,9.730066018149458e-07,3.030512878260726e-07,0.000337187886163024
SLB,2011,0.060092478124994124,0.000624402673747416,0.0014072391908108001,9.284449820094483e-07,2.7879437851964854e-07,0.00032397022303605596
SLB,2012,0.060092478124994124,0.000713808340309848,0.0014480125067074959,1.0548822713498926e-06,3.0327560228540196e-07,0.00032365367400696
SLB,2013,0.060092478124994124,0.0006765842657182559,0.00155239874023444,9.436417509937907e-07,2.6581347866865224e-07,0.000310797615343816
SLB,2014,0.07211097374999294,0.0007854559129864169,0.0017171111253606029,1.0428622627989252e-06,2.879655906914568e-07,0.00036639989919542694
SLB,2015,0.07211097374999294,0.000825700131015138,0.001693152902067165,1.0656505112832512e-06,2.7906629330237914e-07,0.000355625390070315
SLB,2016,0.08412946937499177,0.00100022584667905,0.00200167001555108,1.420132771580241e-06,3.8932925192258457e-07,0.00041213690781477
SLB,2017,0.08412946937499177,0.0009478275552543801,0.00189750833678926,1.4684536968444973e-06,4.1894753127869636e-07,0.00039754737572727
SLB,2018,0.08412946937499177,0.0009365945875721,0.0018370396877036102,1.499910886250889e-06,4.6979443557428333e-07,0.00038549288223529
SLB,2019,0.08412946937499177,0.00091775358407652,0.0017410957351038402,1.45280208450141e-06,4.4589091759866703e-07,0.00037250276950477005
SLB,2020,0.08412946937499177,0.0009071000892919401,0.0015985171243437,1.429533460538636e-06,4.376990305108868e-07,0.00036012093843843006
SLB,2021,0.08412946937499177,0.0008627140013471301,0.0015760942681952502,1.3446346503412284e-06,4.230095361088254e-07,0.00034161148842965
SLB,2022,0.08412946937499177,0.0008629088689277101,0.0016005693460791502,1.3453690876090142e-06,4.2367641141868224e-07,0.00033988916123583004
SLB,2023,0.08412946937499177,0.00086300719835115,0.0016356390736639401,1.3455610244729929e-06,4.2371466288162884e-07,0.00032661691855662004
SLB,2024,0.08412946937499177,0.00086300719835115,0.0016356390736639401,1.3455610244729929e-06,4.2371466288162884e-07,0.00032661691855662004
SLE,2000,0.060092478124994124,0.00047489876108764,0.0007014254692443441,3.086172947592e-05,1.0211586429912002e-05,0.00038808993274628
SLE,2001,0.0961479649999906,0.000783900887877264,0.0010531601793249239,4.79265910965e-05,1.58619223602e-05,0.000613926716224992
SLE,2002,0.10816646062498941,0.0008313301312428282,0.001216293976235324,5.6968574339138003e-05,1.8846077829152e-05,0.00066651156974304
SLE,2003,0.10816646062498941,0.000871641696892083,0.0012880211030890062,5.4535801754486e-05,1.8047622194069e-05,0.0006929858083407091
SLE,2004,0.08412946937499177,0.00070724829701894,0.0009589481661096401,4.0648214835310004e-05,1.345659696409e-05,0.00054070081829459
SLE,2005,0.0480739824999953,0.00038062910810761195,0.000559125089559942,2.4646529627298e-05,8.155204129866001e-06,0.000305685427190094
SLE,2006,0.036055486874996476,0.00028346920148762,0.00040643056285686,1.8605754406070002e-05,6.156069403035e-06,0.0002231561757223
SLE,2007,0.036055486874996476,0.000295072676184624,0.00046069465044542,1.790549345924e-05,5.926238097572e-06,0.000208802608350788
SLE,2008,0.036055486874996476,0.000306480848105848,0.000455094958755228,1.7217018887636e-05,5.700275175767999e-06,0.0002101511824317
SLE,2009,0.036055486874996476,0.000303532270897432,0.00046691610164488397,1.73949632984e-05,5.758677970344e-06,0.000210182461863896
SLE,2010,0.012018495624998824,9.927006986798201e-05,0.000149307276747784,5.913428460662e-06,1.957338490216658e-06,6.7437577232604e-05
SLE,2011,0.012018495624998824,9.0954182761582e-05,0.00016484941432496201,6.41417000519e-06,2.088258536724e-06,6.479404460721e-05
SLE,2012,0.0480739824999953,0.000349440542156892,0.0007234742802972239,2.6520350492652e-05,8.493260812536e-06,0.000258922939205568
SLE,2013,0.0480739824999953,0.000335482256926626,0.000830960808668352,2.7359328210546e-05,8.616271502574e-06,0.000248638092275052
SLE,2014,0.02403699124999765,0.00016961344277055,0.00044632577623435795,1.3564489873734e-05,4.201263559671e-06,0.000122133299731809
SLE,2015,0.036055486874996476,0.000288275065815216,0.000776280599029364,1.8296825636276e-05,5.578768816148001e-06,0.00017781269503515599
SLE,2016,0.060092478124994124,0.0005336496813358,0.0013725273149626,2.7217875951008e-05,8.166899066224e-06,0.000294383505581984
SLE,2017,0.07211097374999294,0.000667161739995687,0.001618948681576452,3.0969032905881e-05,9.134573568831e-06,0.000340754893480521
SLE,2018,0.07211097374999294,0.000652889805922791,0.001485504768441375,3.1777916424543e-05,9.199644009821999e-06,0.000330422470487388
SLE,2019,0.012018495624998824,0.00011259062746019001,0.000242641333700833,5.0570939375919995e-06,1.438050884592e-06,5.3214681357824005e-05
SLE,2020,0.012018495624998824,0.000111464233095463,0.00022702618292053703,5.117742023654001e-06,1.4276674016650002e-06,5.1445848348347e-05
SLE,2021,0.012018495624998824,0.000107796455323599,0.000215845339585654,5.3400381637870005e-06,1.384758303232e-06,4.8801641204236004e-05
SLE,2022,0.012018495624998824,0.000106848903715353,0.00021068064796479503,5.395990469341001e-06,1.307838261346e-06,4.8555594462262e-05
SLE,2023,0.012018495624998824,0.00010463582520776299,0.000202941492499827,5.529478089365e-06,1.257563044454e-06,4.6659559793802e-05
SLE,2024,0.012018495624998824,0.00010463582520776299,0.000202941492499827,5.529478089365e-06,1.257563044454e-06,4.6659559793802e-05
SLV,2000,1.090060932218799,0.01413999999999988,0.011718111381595927,2.4322573905732404e-05,9.127171324745e-06,0.0070398440382871234
SLV,2001,1.2006661959603697,0.015289999999999828,0.01255088265367123,2.6177929896530908e-05,9.82423070701588e-06,0.007666527887182836
SLV,2002,1.718644874374832,0.022813650329283917,0.01817299232731707,3.946649713081669e-05,1.4808496032712742e-05,0.010590128274806087
SLV,2003,1.5049966560919128,0.020299999999999874,0.015088129718603124,3.525384731133031e-05,1.3226928451990584e-05,0.00964200287451179
SLV,2004,1.4266078410656897,0.01896999999999979,0.013959631010158546,3.2831038667787706e-05,1.2318667063538983e-05,0.009168820780402834
SLV,2005,1.4827744735059507,0.022799999999999862,0.01568660131167294,4.075652403711409e-05,1.5283733497348772e-05,0.009428437686856542
SLV,2006,1.7850779399350583,0.02683999999999999,0.018482692435026885,4.775697155308778e-05,1.7910342899651374e-05,0.01104828143974942
SLV,2007,1.8840884479427136,0.029639999999999802,0.019662583812426828,5.322691091248686e-05,1.9958561299860565e-05,0.010911032311335726
SLV,2008,1.6579049706169353,0.026159999999999937,0.016782221031598626,4.700542464408451e-05,1.762550319096704e-05,0.009663180839645088
SLV,2009,1.77391848219798,0.02812999999999996,0.017704053969422567,5.059463441655045e-05,1.897102107185652e-05,0.01034091024833165
SLV,2010,1.453649080263092,0.02306999999999995,0.013962838415466469,4.150030757612517e-05,1.5560959556631445e-05,0.008156642493211992
SLV,2011,1.5352740500940827,0.024369999999999975,0.014850969347815424,4.292736647359775e-05,1.6079627855462648e-05,0.008276960643824249
SLV,2012,1.5667650021480346,0.02478999999999979,0.014699015969076726,4.2741435246096146e-05,1.5993743481956492e-05,0.008438481238799415
SLV,2013,1.6985239897560518,0.026969999999999997,0.01612942307881119,4.5585231062735106e-05,1.703984283565215e-05,0.008784746811779192
SLV,2014,1.723542632200481,0.027449999999999794,0.01653339574466162,4.5489406597424896e-05,1.69858204166012e-05,0.008757416712838901
SLV,2015,1.7266820541170569,0.02749999999999999,0.016369281750952633,4.46650351333017e-05,1.66602457789594e-05,0.008515374943509863
SLV,2016,1.6795907253684161,0.02675,0.015674574992942,4.2580056264962106e-05,1.58612251715191e-05,0.00822804818680425
SLV,2017,0.992057325638164,0.015799999999999877,0.00911119594591402,2.4636637039181296e-05,9.164354244614102e-06,0.00468789104826686
SLV,2018,0.9010624565015403,0.014309999999999878,0.00812758028056488,2.1835161108043986e-05,8.110505610787474e-06,0.00412879299027228
SLV,2019,1.1741437967996018,0.018699999999999824,0.010433923910752848,2.79379915540806e-05,1.0361133007560999e-05,0.0051987944219068
SLV,2020,0.7440913606727163,0.011809999999999937,0.006487937238919864,1.7246051898588184e-05,6.385749605207373e-06,0.0031851250350217616
SLV,2021,0.6624180243976359,0.010549999999999945,0.005786838707911866,1.54220708982007e-05,5.710312671469599e-06,0.002689778135512314
SLV,2022,0.41440369298809354,0.006599999999999975,0.003619772019174134,9.651937129119201e-06,3.5738799628203e-06,0.001674220991397576
SLV,2023,0.45148191815018646,0.007190526315789418,0.003943147640964884,1.05201740239111e-05,3.895446138526099e-06,0.0017527940445334481
SLV,2024,0.3710810286165916,0.00591002162941596,0.00324094326654648,8.646718375817342e-06,3.2017365522132323e-06,0.00144065263934256
SLV,2025,0.5256981238735048,0.00837253064167261,0.00459133629427418,1.2249517699074569e-05,4.535793448968746e-06,0.00204092457240196
SOM,2000,0.19229592999998119,0.00151967603548045,0.0022366416572915,0.000100441049907375,3.26740403324e-05,0.0012418877847881
SOM,2001,0.20431442562498003,0.001665789386739192,0.0024123461701675442,0.0001035712873845,3.370332527744e-05,0.0013045942719781141
SOM,2002,0.21633292124997885,0.0016626602624856572,0.002565429729510276,0.00011588756011011001,3.7688770871064006e-05,0.001333023139486098
SOM,2003,0.21633292124997883,0.0017432833937841563,0.00271049514177666,0.00011092511946838001,3.6091806419144004e-05,0.0013859716166814001
SOM,2004,0.21633292124997883,0.0018186384780487003,0.0024964348797381,0.00010628693280046802,3.4599190231928e-05,0.0013903735327574962
SOM,2005,0.22835141687497768,0.0018079882635111547,0.0025787676873762406,0.00011906613674068299,3.8733611853014993e-05,0.001452005779152962
SOM,2006,0.2403699124999765,0.0018897946765841398,0.0028962709300779,0.00012615453558485998,4.103667384741e-05,0.00148770783814869
SOM,2007,0.24036991249997652,0.00196715117456417,0.002939717367027312,0.00012139315974528,3.9504414117339e-05,0.0013920173890052548
SOM,2008,0.2523884081249753,0.002145365936740928,0.003119066437915008,0.000122547520775648,3.989784169408e-05,0.001471058277021888
SOM,2009,0.26440690374997416,0.002225903319914505,0.003335570614955205,0.000129714029778135,4.2226040341023e-05,0.001541338053668556
SOM,2010,0.26440690374997416,0.002183941537095615,0.003215944951303161,0.000132296822744658,4.305720968934e-05,0.001483626699117321
SOM,2011,0.26440690374997416,0.002000992020754815,0.003949388152755441,0.000143457718856727,4.6642101992013005e-05,0.0014254689813586198
SOM,2012,0.2644069037499741,0.0019219229818629201,0.003856697512464478,0.00014824242350929,4.8176279922456004e-05,0.001424076165630622
SOM,2013,0.27642539937497296,0.0019290229773280898,0.003923072822655595,0.00015985173368359998,5.1928950581794995e-05,0.0014296690305815748
SOM,2014,0.27642539937497296,0.001950554591861295,0.003851921993411625,0.00015844076809239,5.146905351749e-05,0.001404532946915805
SOM,2015,0.27642539937497296,0.002210108837916665,0.00434756445259472,0.00014228689991452998,4.625844992524e-05,0.001363230661936185
SOM,2016,0.27642539937497296,0.002454788534144695,0.00461206668215923,0.00012692098950926498,4.1292794962859996e-05,0.0013541641256771249
SOM,2017,0.27642539937497296,0.0025574533366501,0.0045617419633512644,0.00012034851152876999,3.916051677846e-05,0.00130622709167531
SOM,2018,0.27642539937497296,0.0025027442560373397,0.00423601636375225,0.0001235774189741,4.0190229980074996e-05,0.00126661947020168
SOM,2019,0.27642539937497296,0.0025895844315843596,0.004173518071671655,0.000118002585932945,3.8380607459459994e-05,0.001223937671229945
SOM,2020,0.2644069037499741,0.0024522131281001724,0.0037705676913770223,0.00011427722359358401,3.7155949955884e-05,0.0011318086636636362
SOM,2021,0.2644069037499741,0.002371522017119186,0.0035970121155066604,0.00011927355588328201,3.8765813634092e-05,0.0010736361064931782
SOM,2022,0.2644069037499741,0.002350675881737742,0.0035138557277826403,0.00012053167039664201,3.916896602636e-05,0.001068223078169748
SOM,2023,0.2644069037499741,0.0023019881545707764,0.003393076626344788,0.000123532689648824,4.01349898877e-05,0.0010265103154636522
SOM,2024,0.2644069037499741,0.0023019881545707764,0.003393076626344788,0.000123532689648824,4.01349898877e-05,0.0010265103154636522
SPM,2000,0.036055486874996476,0.00050473331212462,7.9411519322892e-05,8.85180461854746e-07,3.3048699999668155e-07,0.000232853959647772
SPM,2001,0.036055486874996476,0.000497008841093808,8.185846441431599e-05,8.685575880228805e-07,3.24191522534162e-07,0.000230222518584372
SPM,2002,0.036055486874996476,0.000317636435756556,0.000246600403682012,4.82552533315907e-07,1.7800223258664563e-07,0.00022217052324768002
SPM,2003,0.036055486874996476,0.00032764084186244,0.00025816139750736803,5.040817719911705e-07,1.8615586704460953e-07,0.000230995269446904
SPM,2004,0.036055486874996476,0.000333745440154932,0.00025866589760699203,5.172187190785757e-07,1.9113114118511495e-07,0.00023172892212625199
SPM,2005,0.036055486874996476,0.000337373078281788,0.00026844519223702,5.250253081186413e-07,1.94087682025132e-07,0.00022926407039257203
SPM,2006,0.036055486874996476,0.00033539223369152,0.000282101364595992,5.230259324684101e-07,1.9366015761931983e-07,0.00022315617572229998
SPM,2007,0.036055486874996476,0.00033364535110030403,0.000303164206460284,5.193898233685284e-07,1.923010135643104e-07,0.000208802608350788
SPM,2008,0.036055486874996476,0.000338259229241332,0.000301474139474636,5.29311540085023e-07,1.960575493930645e-07,0.0002101511824317
SPM,2009,0.036055486874996476,0.00034105897722260805,0.000317587410191972,5.350523286802588e-07,1.9819032495780624e-07,0.000210182461863896
SPM,2010,0.036055486874996476,0.0003473958083678,0.00037073413104458805,5.488659791895317e-07,2.0344765694273584e-07,0.000202312731697816
SPM,2011,0.036055486874996476,0.000295273858542168,0.000410292142298436,3.663125046238177e-07,1.3418761124706122e-07,0.000194382133821632
SPM,2012,0.036055486874996476,0.00031792884799751204,0.000402260113890444,3.451521507610164e-07,1.2578245241721898e-07,0.000194192204404176
SPM,2013,0.036055486874996476,0.000315558458561965,0.000469499171454615,2.9571867156467647e-07,1.0695543125952623e-07,0.00018647856920629
SPM,2014,0.036055486874996476,0.00030560945507939006,0.0005224033549903749,2.478211496899817e-07,8.866672755199285e-08,0.00018319994959771003
SPM,2015,0.036055486874996476,0.000309277782049755,0.000517839830840025,2.2256728613067737e-07,7.902889748480244e-08,0.000177812695035155
SPM,2016,0.036055486874996476,0.000308453421052165,0.00051161220947067,2.3077648758648508e-07,8.209551779870344e-08,0.00017663010334919
SPM,2017,0.036055486874996476,0.0003024085736798,0.0005006156013208401,2.3640490084063553e-07,8.419780012649865e-08,0.00017037744674026
SPM,2018,0.036055486874996476,0.00030762720628621504,0.0004936394425859301,2.5702614329719104e-07,9.177901422021198e-08,0.000165211235243695
SPM,2019,0.036055486874996476,0.00030061229032055,0.00047624314686072004,2.709636055511422e-07,9.684314546460447e-08,0.00015964404407347002
SPM,2020,0.036055486874996476,0.00029408063382028505,0.00045579988043744,2.9233105959776995e-07,1.0325955849926702e-07,0.00015433754504504
SPM,2021,0.036055486874996476,0.00029567017812388505,0.00044757958283409504,2.6605241884361e-07,9.30029343125522e-08,0.000146404923612705
SPM,2022,0.036055486874996476,0.00029584383929927505,0.00043791659823249,2.3449994917860694e-07,8.072211872435856e-08,0.00014566678338678502
SPM,2023,0.036055486874996476,0.00030462190442619505,0.00042838185465967005,2.067445619536219e-07,6.974115082584983e-08,0.000139978679381405
SRB,2000,22.61706061981649,0.40946065443798746,0.08979201085058833,0.0001261253969597306,0.0006494728238525789,0.08016106537378334
SRB,2001,23.119443519358647,0.4157879101954852,0.08866525780092872,0.00012793390285317595,0.00065897233795,0.0829345856828165
SRB,2002,23.785242475809856,0.42725688275701085,0.0885420406304241,0.00012977629993306218,0.000678021880164746,0.08187161378660462
SRB,2003,26.208207483949987,0.4670733488760575,0.09412787694309525,0.00014161889612303386,0.0007407438724066877,0.08949896732185078
SRB,2004,27.277452736281,0.48421357583734964,0.0947915717309273,0.0001446504794362081,0.0007699765586355361,0.09266637872932319
SRB,2005,24.965604236772855,0.472342754261057,0.0890546024075991,0.00015834978008158658,0.0007524416148478069,0.08528908642176215
SRB,2006,26.319712880975736,0.5001483032719194,0.09344878929947935,0.00015985368547724992,0.0008011652874894808,0.08855458805602387
SRB,2007,27.105755527288846,0.5102800220886772,0.09440874599650277,0.000165862134431087,0.0008171256636379537,0.08985561950919678
SRB,2008,27.966295068212222,0.529974737366293,0.0970840681848844,0.00015965603256533082,0.000844801977255719,0.09320574431217608
SRB,2009,28.057273005106108,0.5959282454935886,0.10788497265132835,0.000177436180342007,0.0009481562391686992,0.09495927194622834
SRB,2010,26.23640158154339,0.5549310415528467,0.09938890359796478,0.0001663260179400815,0.0008829220471514971,0.08870700252534833
SRB,2011,30.09100239530992,0.6318977122069359,0.10987408083406397,0.0001843056283308209,0.0009901975367329048,0.10567845045882789
SRB,2012,27.562454675852234,0.5807351967564395,0.09785027113020778,0.0001678019944625335,0.0008986461814480133,0.09692030494373667
SRB,2013,29.89484316275629,0.6350767725951644,0.10344506224165873,0.00018117695399181625,0.0009701440932984798,0.10113252008777576
SRB,2014,18.407389261755704,0.38719928632517814,0.0608753566209012,0.00011004502377483977,0.000583193299007414,0.061802896442373655
SRB,2015,24.006925686827632,0.5138731071786247,0.0777430404353201,0.0001459340088851659,0.0007623519496588622,0.08108246898777395
SRB,2016,23.10313915491012,0.5009810812295609,0.06926555558040268,0.0001210026957494553,0.0006513180892547714,0.07752926375834068
SRB,2017,23.014393864012618,0.5140500566229085,0.06400078930634806,0.00010029208817023082,0.000568824289049414,0.078789089577515
SRB,2018,22.184141794727758,0.5107892128329153,0.056126510220584555,7.494745503526854e-05,0.0004604542647177727,0.07978345772865868
SRB,2019,22.303044602918977,0.5132655355438979,0.048454360262837615,4.785711118756914e-05,0.00035109068798064427,0.08402956996946871
SRB,2020,24.422261778568483,0.5459537605366708,0.04245947310984748,1.9966724520358857e-05,0.00024700495738897674,0.09334539629411692
SRB,2021,21.21644943196411,0.4936297332339324,0.038463391560035594,1.840955324070699e-05,0.00022374565634243867,0.07884803158704128
SRB,2022,21.539220498813243,0.5017244247606781,0.03908216093641314,1.856929712791686e-05,0.00022771955711609315,0.08462566184680353
SRB,2023,20.5363450439525,0.47352901832481914,0.03694521206718674,1.746768510702748e-05,0.00021532774206276732,0.08269896557426909
SRB,2024,20.267875624053055,0.46851157822846246,0.03649665881167121,1.807292153875481e-05,0.00021303468894413134,0.08161989373942898
SRB,2025,21.01372425064194,0.48016091999754257,0.0376220858727369,1.8238248687782627e-05,0.00021858935085272566,0.08459472508697849
SSD,2012,0.3485363731249659,0.001093348534128444,0.000449755957350524,3.8659459407812006e-07,1.209952546351487e-07,0.001877191309240368
SSD,2013,0.3725733643749635,0.0011687518813097138,0.00048504056711995403,4.132562902213446e-07,1.293397549548142e-07,0.0019269452151316876
SSD,2014,0.3845918599999624,0.001206453554900352,0.000506340614898144,4.2658713829307245e-07,1.3351200511464692e-07,0.001954132795708944
SSD,2015,0.45670283374995535,0.001405468616096084,0.000610748170755336,7.214014720335155e-07,4.2870841527668564e-07,0.002252294137111954
SSD,2016,0.44930920127374313,0.0013829999999999559,0.000600966979673892,7.074733285372998e-07,4.1893938080067705e-07,0.002201094411285224
SSD,2017,0.4174876368605971,0.00129199999999995,0.0005583380756700601,6.024763348936414e-07,3.2023891608559157e-07,0.001972805910527322
SSD,2018,0.45887256635575224,0.0014129999999999642,0.000613881351853812,7.180809595537045e-07,4.222593263859189e-07,0.002102617661769846
SSD,2019,0.4652481430770913,0.001432999999999975,0.0006224466695456901,7.251527135647047e-07,4.24472623442719e-07,0.0020599942337766004
SSD,2020,0.4652481430770913,0.001432999999999975,0.00062248062735639,7.251527135647047e-07,4.24472623442719e-07,0.0019915209157549203
SSD,2021,0.4684359314377607,0.001442999999999992,0.000626742159499232,7.286885905701675e-07,4.2557927197114633e-07,0.0019021051358247122
SSD,2022,0.3966103556249612,0.00121956880957605,0.0005306863499619,6.341406610194824e-07,3.8193295028826896e-07,0.00160233461725465
SSD,2023,0.42971473212675465,0.0013224104976949352,0.00057496114928692,6.788051384588067e-07,4.03416975348202e-07,0.001668287018904495
SSD,2024,0.42971473212675465,0.0013224104976949352,0.00057496114928692,6.788051384588067e-07,4.03416975348202e-07,0.001668287018904495
STP,2000,0.012018495624998824,9.497975221752801e-05,0.000174770564622238,6.172345895184e-06,2.0423172859820003e-06,7.7617986549256e-05
STP,2001,0.012018495624998824,9.798761098465799e-05,0.000155928650956148,5.990823887062e-06,1.9827402950253075e-06,7.674083952812401e-05
STP,2002,0.02403699124999765,0.000184740029165073,0.000326112817881759,1.2659683186476e-05,4.188017295366e-06,0.00014811368216512198
STP,2003,0.02403699124999765,0.000193698154864908,0.00035341293612852295,1.211906705655e-05,4.0105827097919996e-06,0.000153996846297936
STP,2004,0.02403699124999765,0.00020207094200541,0.000341308463152899,1.1613775667232e-05,3.844741989741e-06,0.000154485948084168
STP,2005,0.036055486874996476,0.00028547183108071204,0.000496960353609624,1.8484897220472002e-05,6.1164030974e-06,0.00022926407039257203
STP,2006,0.036055486874996476,0.000283469201487624,0.000495470594415628,1.8605754406068e-05,6.156069403032e-06,0.00022315617572229998
STP,2007,0.036055486874996476,0.000295072676184624,0.000521985343548088,1.790549345924e-05,5.926238097572e-06,0.000208802608350788
STP,2008,0.036055486874996476,0.000306480848105848,0.000591695196651152,1.7217018887636e-05,5.700275175767999e-06,0.0002101511824317
STP,2009,0.036055486874996476,0.00030353227089743,0.0005923147143689051,1.73949632984e-05,5.758677970340001e-06,0.000210182461863895
STP,2010,0.036055486874996476,0.00029781020960395,0.000573159169792915,1.7740285381985e-05,5.872015470645001e-06,0.000202312731697815
STP,2011,0.0480739824999953,0.00036381673104633,0.000850563712666128,2.5656680020764e-05,8.353034146895999e-06,0.00025917617842883997
STP,2012,0.06009247812499413,0.00043680067769611704,0.001075367729656164,3.3150438115816005e-05,1.0616576015668002e-05,0.00032365367400695704
STP,2013,0.0480739824999953,0.000335482256926626,0.000831959852610954,2.7359328210546e-05,8.616271502574e-06,0.000248638092275052
STP,2014,0.06009247812499413,0.00042403360692637703,0.0010207350380924342,3.391122468433e-05,1.0503158899177e-05,0.00030533324932952103
STP,2015,0.07211097374999294,0.000576550131630435,0.0014202662700880438,3.6593651272554e-05,1.1157537632300999e-05,0.000355625390070315
STP,2016,0.08412946937499177,0.00074710955387012,0.00175780249674835,3.810502633141e-05,1.143365869271e-05,0.00041213690781477
STP,2017,0.08412946937499177,0.0007783553633283001,0.00172782962954493,3.613053839019e-05,1.065700249697e-05,0.00039754737572727
STP,2018,0.08412946937499177,0.00076170477357659,0.00158541106518828,3.7074235828630005e-05,1.073291801146e-05,0.00038549288223529
STP,2019,0.08412946937499177,0.00078813439222133,0.00155375975962013,3.5399657563140004e-05,1.006635619214e-05,0.00037250276950477005
STP,2020,0.08412946937499177,0.0007802496316682401,0.0014537677568035902,3.5824194165580005e-05,9.993671811658322e-06,0.00036012093843843006
STP,2021,0.08412946937499177,0.0007545751872651901,0.00138217095098576,3.73802671465e-05,9.693308122625303e-06,0.00034161148842965
STP,2022,0.060092478124994124,0.00053424451857676,0.000963641943515104,2.6979952346704004e-05,6.539191306733771e-06,0.000242777972311304
STP,2023,0.060092478124994124,0.000523179126038816,0.0009282434629927119,2.7647390446824003e-05,6.287815222271704e-06,0.000233297798969008
SUR,2000,0.19229592999998119,0.0020074596036457,0.001442188978429025,3.228164076661339e-06,1.196777549289866e-06,0.0012418877847881
SUR,2001,0.24847315068804732,0.0025748526745352127,0.001787167399353309,4.1776580583785136e-06,1.5589265184212027e-06,0.00157589594486654
SUR,2002,0.3926950981880332,0.005951111612707062,0.0023226619201377205,1.064034863569622e-05,3.976851724135303e-06,0.0024098814972216137
SUR,2003,0.356724170260338,0.005430044226265802,0.0020637840068186064,9.722022895667473e-06,3.6346889036747013e-06,0.002273425374127937
SUR,2004,0.4665072044523282,0.007260045549460243,0.0026356397371202563,1.3042628806586981e-05,4.873783900270614e-06,0.002985637224159184
SUR,2005,0.6926423153340199,0.010780042957269545,0.004916025043173109,1.934348787953403e-05,7.223341642993512e-06,0.004391747022232569
SUR,2006,0.494858734589703,0.007630042187463093,0.0039008070819800534,1.3678513521648185e-05,5.110400094592538e-06,0.003052558435267844
SUR,2007,0.3975850216199254,0.0060400412567493955,0.003102105242445474,1.080428859751786e-05,4.038090487543262e-06,0.00229499169937809
SUR,2008,0.3946874319238123,0.005790035310978239,0.0030674243780314274,1.0280874966372763e-05,3.8414696062498345e-06,0.002292840715226272
SUR,2009,0.4230389620611871,0.006160033296662311,0.0032706003872471027,1.091676009406636e-05,4.078089926894581e-06,0.0024579394753036442
SUR,2010,0.5362516168343117,0.00780003130606355,0.00483814104253599,1.3807093188170519e-05,5.1550155180806125e-06,0.0030008886594951882
SUR,2011,0.3926950981880332,0.005847030060021957,0.0035324794782529674,1.0235502749821042e-05,3.824852845359853e-06,0.002111230359417204
SUR,2012,0.6691204975630062,0.010073764678539175,0.006686907554264948,1.734357821094147e-05,6.474089016749498e-06,0.003597604699892343
SUR,2013,0.7292129756880003,0.010901631532889068,0.007283655830792252,1.8424892162774842e-05,6.875884560091816e-06,0.003767136735448798
SUR,2014,1.0056383750629732,0.015398160052490645,0.010394131891551158,2.5709910099064345e-05,9.59226870830488e-06,0.005106358657343782
SUR,2015,1.0777493488129661,0.016545059847009658,0.010992735715220565,2.7191810541972832e-05,1.0143954373186563e-05,0.005312576550311462
SUR,2016,0.8013239494379932,0.011881010261520778,0.008259416092422044,2.038136576939779e-05,7.607185439722321e-06,0.0039220978137142265
SUR,2017,0.6931574888130037,0.010215885672295241,0.007410789862815953,1.8121667824045055e-05,6.763561819825228e-06,0.003272754925485791
SUR,2018,0.6931574888130037,0.010278030640350006,0.0078019167673075325,1.825592004174303e-05,6.814022358523176e-06,0.003173075819517301
SUR,2019,0.8373794363129895,0.012384913450405386,0.00991336492321798,2.1976107044125375e-05,8.200204319906295e-06,0.003704653633915757
SUR,2020,0.8253609406879909,0.012169306294335928,0.010343420952819593,2.15795808203633e-05,8.052085889274066e-06,0.0035298131387686365
SUR,2021,0.8493979319379885,0.012542411960917387,0.01069279671000071,2.2247057952705052e-05,8.300992800972965e-06,0.0034468577335955365
SUR,2022,0.9215089056879815,0.013628694687458897,0.011656037552742207,2.417811829850853e-05,9.02082441888111e-06,0.003721709886517793
SUR,2023,0.6330650106880096,0.009369133673084288,0.008038921479797507,1.6638771023000212e-05,6.211096337104261e-06,0.002457910921395983
SUR,2024,0.6409759192006671,0.009487730005031874,0.00814059261877041,1.684937689824927e-05,6.28959792845315e-06,0.0024886235430324104
SVK,2000,7.486770218261796,0.05322826600783589,0.01857750020812057,4.309885216394577e-05,5.332979979677627e-05,0.029872524618053238
SVK,2001,7.795815781362718,0.0667568641788394,0.017966127726165917,4.4696047968252465e-05,8.046634941657404e-05,0.0316198258026819
SVK,2002,7.059806901598542,0.059660218067273146,0.015615542062180892,4.365709246704691e-05,7.433168479063377e-05,0.027949010426328517
SVK,2003,7.871457366706393,0.05635999347241418,0.012418875047836718,4.760053805263805e-05,5.6660294438369434e-05,0.03069646547727815
SVK,2004,7.615535878920061,0.05465633438170422,0.011541474469648158,4.68621195757037e-05,5.098621036765449e-05,0.029796449610770662
SVK,2005,7.393164647331352,0.052098034817095254,0.011459132146815322,4.703530278903189e-05,5.1742559614102054e-05,0.02873509528006084
SVK,2006,7.060777859563898,0.048650095461589604,0.009554960845593163,4.613531188450574e-05,4.885696642163106e-05,0.027344447346554834
SVK,2007,6.397965302111777,0.04065098394135318,0.00857838520673619,4.3475790470938596e-05,4.6543373561970824e-05,0.02416576686636638
SVK,2008,6.253037107198177,0.04227213747310239,0.007447417541564593,4.231798310491629e-05,4.804649796050682e-05,0.02392132154697743
SVK,2009,5.508605855743237,0.03183778164226086,0.006404252644961916,3.8273234418697755e-05,4.456784094723408e-05,0.021710840383451765
SVK,2010,5.351119263271008,0.03353510393591923,0.005699016444602933,4.231223415308898e-05,4.3750765496372175e-05,0.02105887657108145
SVK,2011,5.673128205959712,0.036263218192816984,0.006061780780840024,4.274563848888549e-05,4.5190680957348797e-05,0.022906261973583114
SVK,2012,5.3525416134539965,0.03175228868090492,0.005400739867583201,3.8356845274460665e-05,4.1720408479381654e-05,0.021491979335636895
SVK,2013,4.746718901937787,0.0282869323164333,0.004542135802409977,3.640844704927246e-05,3.79194620103261e-05,0.01845884674156278
SVK,2014,4.228882183621582,0.024872613131784828,0.004256907905686449,2.9874341586355446e-05,3.255357125332597e-05,0.016147570339362455
SVK,2015,4.241770804072504,0.037158608664127304,0.00384637664226721,3.186972164712839e-05,3.4009775156593664e-05,0.016220533604057903
SVK,2016,4.258900594191685,0.007900668357008714,0.002539961220140492,3.217220024186858e-05,3.140644542779968e-05,0.01617553512416807
SVK,2017,4.539622820219705,0.007867724971937525,0.002384218606372811,3.312258421220302e-05,2.8923939185844757e-05,0.017244238605015835
SVK,2018,4.632999609956743,0.005297928463577795,0.0024601029419335277,2.7555742058811916e-05,2.3505833468230318e-05,0.017920260404255338
SVK,2019,4.171365993209312,0.0025885901960760894,0.002165013341172741,1.876698086015062e-05,1.6854106852298295e-05,0.016467218184782906
SVK,2020,3.7988012501562722,0.002093686309007657,0.001725066904574483,1.4802652905543739e-05,1.1802057770176058e-05,0.014886115803172818
SVK,2021,4.183240322133523,0.0026853616951419274,0.001695709306993998,2.789642501443131e-05,1.472639963557744e-05,0.01596913500387496
SVK,2022,3.255070432273845,0.002524257163568502,0.0012784580437409522,2.3853671076557486e-05,1.2749784157179565e-05,0.012852474505935612
SVK,2023,2.838832443140415,0.002143179132946121,0.001116188930435219,2.11253626354101e-05,1.1089800729576528e-05,0.01122290158823386
SVK,2024,2.1785893123796223,0.0014206794590502945,0.000867518674397189,1.6711087831921877e-05,8.120752917764143e-06,0.00855685231818637
SVK,2025,2.0587055135625945,0.0012039680085661854,0.000822693605301784,1.5393669707408592e-05,7.325376303847959e-06,0.0080620830926991
SVN,2000,4.881389397100944,0.0765167600436365,0.012917227759377974,2.7647873070771537e-05,6.528700971646529e-05,0.017337263760487397
SVN,2001,5.28876594574941,0.046282109821821175,0.013157623566330637,8.427568256028011e-05,8.591768878771016e-05,0.019191755448838943
SVN,2002,5.6210939999049465,0.047524033901693644,0.014506073351965824,3.6951851376283484e-05,7.243789850781773e-05,0.019451455247699718
SVN,2003,5.428908758400158,0.04632483305941908,0.013244332354151905,3.411174214729731e-05,6.966607406808515e-05,0.018603496916328583
SVN,2004,5.498680846952761,0.03722152715048866,0.011274711354691389,3.0356418444881232e-05,6.782442857338287e-05,0.01874381562379976
SVN,2005,5.57236819294229,0.02937602702992786,0.011293250762783032,3.0013268505743724e-05,6.61817079705732e-05,0.018857346836810354
SVN,2006,5.766294918132762,0.008820469925633656,0.011595728843525948,3.5434084800819714e-05,6.938164502577211e-05,0.019504284063794893
SVN,2007,5.817686756557976,0.007837902823984394,0.010334142197919477,3.451382042197737e-05,6.841184532830417e-05,0.019282329853610527
SVN,2008,5.650190330765847,0.006676137428259941,0.010251335888518457,2.5644668354086343e-05,6.489575744012394e-05,0.018967144663754383
SVN,2009,5.500369141721328,0.006052450675157405,0.009512140284207634,3.384398073637721e-05,6.697557257193278e-05,0.01884847059470084
SVN,2010,5.643828576263458,0.005823539820223386,0.009979313614199596,2.5931703949216938e-05,6.4275368893298e-05,0.019211278361833763
SVN,2011,5.639966507743647,0.006288887600928441,0.009674910867703732,2.6127722507553544e-05,6.481741473650722e-05,0.019915456208265084
SVN,2012,5.482367992742388,0.006217826600321002,0.009293949223558204,2.6846353063400253e-05,6.4743467578794e-05,0.019409156263946785
SVN,2013,5.187997709932713,0.005125313797895661,0.00819261301407214,2.2751230808076444e-05,5.555803713056794e-05,0.017723449757196006
SVN,2014,4.026450331755949,0.0035814829235696873,0.006125392148808639,3.2796799729964484e-05,4.894849442668661e-05,0.013683272201362466
SVN,2015,4.572826844915026,0.002037235090954681,0.004554724142077296,2.3586794029887428e-05,4.973699323934814e-05,0.015563271710288056
SVN,2016,5.163687995368502,0.0017158998586746053,0.004253337240093272,2.2751663149629552e-05,4.822914887769346e-05,0.017413888430437667
SVN,2017,4.995865657345041,0.0021622474517870535,0.004836376049000152,1.6924116913295765e-05,3.957595497066533e-05,0.017183651365616025
SVN,2018,4.770941550856639,0.0024072977925608703,0.004606595587652575,1.3965772264683797e-05,3.419225634972219e-05,0.01720274305401322
SVN,2019,3.5282766003383443,0.001388787300294688,0.00263931083283989,8.035848623311319e-06,1.8888861921086014e-05,0.01332668646861719
SVN,2020,4.506863635965121,0.0018275773616057592,0.003269498694423776,7.854066945784873e-06,1.6651529330307526e-05,0.017237472378725575
SVN,2021,4.0377638140011705,0.0016130312686583551,0.003011259602767382,3.739241643226575e-05,2.0315013514013233e-05,0.01502953261924241
SVN,2022,3.2938712304460243,0.001295973180182274,0.002422499764247503,2.99148799798732e-05,1.7224232178398665e-05,0.012942820445152839
SVN,2023,3.276142804781298,0.001295765146872865,0.0024056109846926064,8.426082468912897e-06,1.2834980712101815e-05,0.013187330652451503
SVN,2024,3.6398351752285834,0.00144563532163612,0.002673296591525608,1.5731284865035487e-05,1.5854309813590744e-05,0.014652560780523512
SVN,2025,2.4478758824512656,0.0008986006863631165,0.001782730894996659,8.941047274772952e-07,7.907460334261594e-06,0.009832023425689564
SWE,2000,3.8281308490784705,0.005187917869879276,0.003046431504129997,4.593774374065593e-05,2.1357938621057593e-05,0.019781738440006257
SWE,2001,5.032588943462835,0.006445022232175725,0.0038881870191956568,7.144488747432537e-05,3.1856427407605084e-05,0.026739740777419776
SWE,2002,6.046383137071544,0.0073933624181198,0.005205896274541177,7.974265503600892e-05,3.6568069862291136e-05,0.030662210357655432
SWE,2003,7.458582358908014,0.008904065388025267,0.00646506292846879,0.00010488627392135202,4.6642339029074446e-05,0.03900120637030527
SWE,2004,4.43118236841679,0.005993857909887776,0.003890886569962708,7.307385387987638e-05,3.0695376887623185e-05,0.025134776601073015
SWE,2005,3.5641110423244795,0.005535365390880862,0.003629283980915581,6.941433593328852e-05,2.9037481825384116e-05,0.02051083068364721
SWE,2006,3.9915549018350625,0.005482896474390001,0.004248212763706184,8.17855951796095e-05,3.44051903489193e-05,0.022024879642004516
SWE,2007,3.164130875891019,0.004606333783621034,0.0033027341436068633,6.535736002739739e-05,2.8432459092464045e-05,0.016530293643177797
SWE,2008,3.3951458561608807,0.005931523281168414,0.0041376221010489675,7.760548396329339e-05,3.354351814027639e-05,0.018383960695120858
SWE,2009,2.917133264303076,0.0040859363588454795,0.003515609730713582,5.9660852369356955e-05,2.67082192376941e-05,0.01537518553289232
SWE,2010,5.380933505664695,0.00595935112751505,0.005757031984437597,9.26262957764635e-05,4.122774827800056e-05,0.02720399105876229
SWE,2011,3.8014982579268763,0.0043549417099234145,0.004376552441004494,6.218416841885619e-05,2.715152160491336e-05,0.018982300874250353
SWE,2012,2.832563492100049,0.0033525335951133817,0.003224027409242483,5.326226150169116e-05,2.2960050809080407e-05,0.014190707211076403
SWE,2013,2.7395682715791327,0.002564368847467727,0.003111135844318087,5.303465364257301e-05,2.3868660056051817e-05,0.01291371014092885
SWE,2014,2.1680076083689577,0.002355830697391771,0.0026380770977959185,4.513022690268464e-05,1.900832016590146e-05,0.010334512594455891
SWE,2015,2.318538121454216,0.0016160478035438385,0.0022708876829012634,3.216968796584925e-05,1.4163085036125492e-05,0.010807824621734359
SWE,2016,2.577074294379279,0.0021690930133945884,0.0027323452778622195,3.89291545607469e-05,1.6541374643594552e-05,0.012154117640754487
SWE,2017,2.6334110818186915,0.002031478383328066,0.0028980169616646878,4.1549282452310033e-05,1.7851080561507883e-05,0.011999784919917903
SWE,2018,2.7541946736142253,0.002276167320778394,0.0033720065216937636,4.702813830852092e-05,2.0314277052515318e-05,0.012246993017555802
SWE,2019,2.5368827816364177,0.0018126916488983747,0.0030229217725108925,4.316536343234317e-05,1.9193591555276335e-05,0.011069198977892731
SWE,2020,1.8751580408140316,0.0019767334563354074,0.0023870068078716508,3.189207876569447e-05,1.3416858116232985e-05,0.00801714699888864
SWE,2021,2.2602953474424234,0.0029420533765875893,0.0035389289950067486,5.186544017135401e-05,2.272735089519525e-05,0.009158584342862682
SWE,2022,2.2038454034401425,0.004508110918263803,0.003437105118648531,3.7599090243289834e-05,1.2851938157782785e-05,0.008897430540136456
SWE,2023,1.759161065315186,0.001714586221199681,0.0022899479612423037,3.345827259651923e-05,1.5068237689365166e-05,0.006830386111104958
SWE,2024,1.5880993063951887,0.0015565523664837384,0.00207548106895822,3.0374056386987013e-05,1.367151183537053e-05,0.006166029432848653
SWE,2025,1.5880993063951887,0.0015565523664837384,0.00207548106895822,3.0374056386987013e-05,1.367151183537053e-05,0.006166029432848653
SWZ,2000,0.010223823022200085,8.189213544909501e-05,3.6082995241802e-05,6.181041447861834e-08,1.1469313260199513e-07,3.5823301147549e-05
SWZ,2001,0.010223823022200085,8.405853542748501e-05,3.6810201130611e-05,6.344556637515061e-08,1.1772726034366379e-07,3.6243408023577e-05
SWZ,2002,0.032466141669399,0.000273178039901796,0.000109136075990931,4.79804230539259e-07,3.6736294307243266e-07,0.00014376036800976502
SWZ,2003,0.032466141669399,0.00026584372181866797,0.00010839408903355,4.7688804151477e-07,3.6493708727498867e-07,0.00014589928172838
SWZ,2004,0.032466141669399,0.00026481599707945704,0.000109182116312201,4.753603356611067e-07,3.6793277028560255e-07,0.000145941307919932
SWZ,2005,0.02224231864719891,0.00018254260792396,7.274560411446899e-05,4.203028195659945e-07,2.544187437735852e-07,0.00011055672687451101
SWZ,2006,0.02224231864719891,0.000184856289865018,7.3769744876326e-05,4.286190662363738e-07,2.5666839468497906e-07,0.00010842529813688301
SWZ,2007,0.02224231864719891,0.00017905416754717004,7.3290067715475e-05,4.39259331800095e-07,2.6077840441144733e-07,0.000103016028826495
SWZ,2008,0.02224231864719891,0.00018254875534381803,7.5491548625002e-05,4.360350214808239e-07,2.568910288348347e-07,0.00010392330787350901
SWZ,2009,0.02224231864719891,0.00018953429967645202,6.6497614640122e-05,4.4751255281379395e-07,2.616754313087911e-07,0.00010452540457674001
SWZ,2010,0.02224231864719891,0.00019408975906785902,6.2972899385476e-05,4.394624809753808e-07,2.702582937496212e-07,0.00010182348217114
SWZ,2011,0.02224231864719891,0.00019225774552052602,6.007488777273001e-05,4.344406619965206e-07,2.5563750305115097e-07,0.00010056258524014902
SWZ,2012,0.032466141669399,0.000282116535793728,8.207335752784199e-05,5.025420168377321e-07,3.615664990634294e-07,0.00013639825056541198
SWZ,2013,0.032466141669399,0.000280098488325846,8.0033541262768e-05,5.170185553860019e-07,3.5468811874627654e-07,0.000131204701565978
SWZ,2014,0.02044764604440017,0.000178998810376944,3.9381221075718e-05,1.3510443463103936e-07,2.1357639601326394e-07,6.8464867955822e-05
SWZ,2015,0.02044764604440017,0.00016334842243924603,3.6143803086316e-05,1.232918599573369e-07,1.9020899536464643e-07,6.887111928973201e-05
SWZ,2016,0.030671469066600253,0.000245022633658869,5.4200232466746e-05,1.8493778993597658e-07,2.898105375907303e-07,0.000102509016029511
SWZ,2017,0.02044764604440017,0.00016334842243924603,3.6124640974602004e-05,1.2329185995734735e-07,1.9577853799736476e-07,6.9712828891202e-05
SWZ,2018,0.02044764604440017,0.00016334842243924603,3.611696872331e-05,1.2329185995734735e-07,1.9800850780940176e-07,7.3312445549492e-05
SWZ,2019,0.04089529208880034,0.000326696844878488,7.222050405478001e-05,2.4658371991464965e-07,3.9992148343994206e-07,0.000153854660117736
SWZ,2020,0.02044764604440017,0.000163348422439244,3.6104322834786e-05,1.2329185995726847e-07,2.0168408471450295e-07,7.8130600745508e-05
SWZ,2021,0.02044764604440017,0.00016334842243924603,3.6112632473602004e-05,1.2329185995731773e-07,1.991349436441829e-07,7.5943370462774e-05
SWZ,2022,0.02044764604440017,0.00016334842243924603,3.6119524689194e-05,1.2329185995735765e-07,1.9702062433151984e-07,8.035103974831399e-05
SWZ,2023,0.02044764604440017,0.00016334842243924603,3.6125333648314005e-05,1.2329185995735728e-07,1.9523861471605505e-07,8.243686868543799e-05
SWZ,2024,0.02044764604440017,0.00016334842243924603,3.6125333648314005e-05,1.2329185995735728e-07,1.9523861471605505e-07,8.243686868543799e-05
SYC,2000,0.15624044312498472,0.00123473677882786,0.0027185702176241,8.160835304974e-05,2.654765777006e-05,0.00100903382514034
SYC,2001,0.15624044312498472,0.00127383894280056,0.0024916716079848404,7.920157270578e-05,2.5773131094520004e-05,0.0009976309138656002
SYC,2002,0.18027743437498234,0.001385550218738025,0.003161384371459992,9.657296675841e-05,3.1407309059224e-05,0.001110852616238419
SYC,2003,0.18027743437498234,0.001452736161486802,0.0033571422290868333,9.2437599556985e-05,3.0076505349283004e-05,0.00115497634723452
SYC,2004,0.18027743437498234,0.0015155320650405751,0.0032877863063957343,8.857244400039201e-05,2.8832658526586002e-05,0.001158644610631266
SYC,2005,0.2403699124999765,0.0019031455405380598,0.0040104980294649595,0.00012533277551649,4.077222300315e-05,0.00152842713595047
SYC,2006,0.2523884081249753,0.001984284410413344,0.004406258236078368,0.000132462262364096,4.3088507539776006e-05,0.0015620932300560962
SYC,2007,0.2644069037499741,0.002163866292020566,0.004458173795166104,0.000133532475719776,4.3454855529100005e-05,0.0015312191279057742
SYC,2008,0.2644069037499741,0.0022475262194428702,0.004663250181795488,0.000128383117003034,4.1797738917622e-05,0.001541108671165782
SYC,2009,0.27642539937497296,0.002327080743547,0.005016415710213075,0.00013561012204075,4.4145405811079996e-05,0.001611398874289855
SYC,2010,0.3004623906249706,0.002481751746699572,0.005108356716361158,0.000150337298573476,4.8928647374254e-05,0.001685939430815132
SYC,2011,0.31248088624996945,0.0023648087518011204,0.005843820637106561,0.00016954094046704,5.5122484172360006e-05,0.0016846451597874801
SYC,2012,0.32449938187496824,0.0023587236595590177,0.006654051839252809,0.000181933883397749,5.912543445028e-05,0.001747729839637571
SYC,2013,0.3365178774999671,0.002348375798486382,0.006016510537472251,0.000194602110571372,6.3217852882181e-05,0.001740466645925399
SYC,2014,0.3485363731249659,0.00245939492017296,0.007128162530187643,0.00019977314237738,6.4895763130748e-05,0.0017709328461112202
SYC,2015,0.36055486874996473,0.002882750658152175,0.008322798802394655,0.00018559160858421002,6.033710859813e-05,0.001778126950351575
SYC,2016,0.3845918599999624,0.00341535796054915,0.009417761072714057,0.000176585724534674,5.7450845165679e-05,0.001884054435724657
SYC,2017,0.3966103556249612,0.00366938956997625,0.00960609257429865,0.0001726739513239,5.618682842125e-05,0.00187415191414285
SYC,2018,0.40862885124996007,0.003699708900229149,0.009190489819620763,0.00018267966283131302,5.9411644318371e-05,0.001872393999428532
SYC,2019,0.42064734687495886,0.003940671961106615,0.00932121348677021,0.00017956915250667103,5.840527222096001e-05,0.0018625138475238411
SYC,2020,0.40862885124996007,0.0037897839252457083,0.008552496916693547,0.000176610254644616,5.7422831750024005e-05,0.0017491588438437883
SYC,2021,0.40862885124996007,0.003665079481002368,0.008158833773899223,0.000184331859092368,5.9910802889028e-05,0.001659255800943988
SYC,2022,0.42064734687495886,0.003739711630037321,0.008204634482028714,0.0001917549301765,6.2314264132835e-05,0.001699445806179131
SYC,2023,0.42064734687495886,0.003662253882271699,0.00792262279539903,0.000196529278986772,6.3851120275889e-05,0.001633084592783092
SYC,2024,0.42064734687495886,0.003662253882271699,0.00792262279539903,0.000196529278986772,6.3851120275889e-05,0.001633084592783092
SYR,2000,15.0512130498493,0.13407168522070662,0.053083382612670406,0.00023643852550614639,9.521171941735271e-05,0.08932077608005912
SYR,2001,15.795074480696037,0.13017561046668993,0.052205522595870385,0.00022986907325464167,9.41626670098837e-05,0.0920375057459315
SYR,2002,17.66290611802014,0.13883953571267274,0.05769009439594441,0.00024392613178097981,0.00010067515840204408,0.09942446775789088
SYR,2003,19.39676816249937,0.133873460744267,0.06604235274056823,0.00022945244394530434,9.66110397417113e-05,0.1113179745452755
SYR,2004,19.35715808544166,0.16013061816212176,0.06249367289320627,0.0002818556782594787,0.0001152522785294419,0.11194205730068105
SYR,2005,22.27048578231783,0.2079600498172044,0.07359068198450648,0.0003675729742140603,0.0001472680760432907,0.12946079025792598
SYR,2006,23.995800874518352,0.22763288210868224,0.07571169952060525,0.0004044464013873896,0.0001619153252774287,0.13763977344453154
SYR,2007,25.15306169196736,0.26226797539041175,0.08308393303875776,0.0004651443128022592,0.00018327236070124185,0.13890637604241768
SYR,2008,26.86138859821666,0.2827697805447712,0.08624621113731555,0.0005023710492978055,0.00019777999263274028,0.14924020827550988
SYR,2009,28.79607792135873,0.24912584749052138,0.08115032409462547,0.00044317455021807706,0.00018036491630271122,0.1558261887389501
SYR,2010,29.45296844094083,0.20435913209739862,0.07540526266419637,0.0003630586429655204,0.00015428744528955728,0.14979900864255016
SYR,2011,26.964321355649027,0.19368205469172986,0.07110743386980914,0.00033827872270134204,0.00014275253249550332,0.1355106269859366
SYR,2012,20.185759675658982,0.13097266231494825,0.050497771706449354,0.00022564241440075743,9.753984936657931e-05,0.10013726827077915
SYR,2013,15.086288282922325,0.08230505579752659,0.036813038651323515,0.00013876578274593052,6.26431380842347e-05,0.0731079578851691
SYR,2014,12.350816991249623,0.03262259495075157,0.025888221127110388,4.693607227725766e-05,2.765178762501284e-05,0.0592529622867824
SYR,2015,11.6368492731246,0.041992729708956775,0.025802413169691993,6.327070307316541e-05,3.250079621817596e-05,0.05509662535921479
SYR,2016,11.634349527499506,0.0631321161937823,0.029102157790558462,0.00010091657668462561,4.533943803929533e-05,0.05422273125429979
SYR,2017,12.016508556874452,0.054213828114214546,0.028740623756617352,8.100275986867184e-05,3.7941810740531955e-05,0.05464316145826711
SYR,2018,15.094685223749156,0.07884350456198376,0.03829074006491415,0.00011505366855725495,5.0803636188167984e-05,0.06675459751176616
SYR,2019,15.183646896874112,0.07895204536120863,0.038661140133157156,0.00011389617537508655,5.006586008669828e-05,0.0649382681142857
SYR,2020,14.367257223124128,0.07880258597842227,0.03739087254885924,0.00011432490180012408,4.92888034587811e-05,0.05938705025024725
SYR,2021,14.761524305624135,0.07885812869459484,0.03829408382041269,0.00011577469712532016,5.026267881508356e-05,0.05841684569414059
SYR,2022,13.771131188124102,0.0789871493858969,0.03693911935601566,0.00011725424387919113,4.9663925686816204e-05,0.05491378676004256
SYR,2023,13.709079710296123,0.0767123821698517,0.03665326652224382,0.0001154306420609375,4.9215287546459464e-05,0.0533156690505389
SYR,2024,13.577663970941924,0.07541023576442855,0.036200274527964996,0.00011348268564419888,4.8499972612026024e-05,0.052805830081581503
TCA,2000,0.060092478124994124,0.0008412221868743681,0.0009098504356496321,1.4736217085171144e-06,5.528047946328153e-07,0.00038808993274628
TCA,2001,0.060092478124994124,0.0008283480684896801,0.000991573113508736,1.4459249893426408e-06,5.424488705211387e-07,0.000383704197640616
TCA,2002,0.08412946937499177,0.0007411516834319601,0.00083801329324724,1.1238788962887093e-06,4.2275891553790276e-07,0.00051839788757792
TCA,2003,0.08412946937499177,0.000764495297679025,0.000865666412814742,1.1740991528524588e-06,4.415364885266971e-07,0.0005389889620427729
TCA,2004,0.0961479649999906,0.000889987840413156,0.0010001457358365241,1.376849257202207e-06,5.177078789173247e-07,0.000617943792336672
TCA,2005,0.10816646062498941,0.001012119234845368,0.001194444178554692,1.5723683591767062e-06,5.911755659783207e-07,0.000687792211177721
TCA,2006,0.13220345187498705,0.0012297715235355681,0.001494133311630688,1.9256553682493287e-06,7.439122146763111e-07,0.0008182393109817759
TCA,2007,0.14422194749998588,0.001334581404401214,0.00172040946605505,2.086839531751529e-06,8.07534607637813e-07,0.000835210433403144
TCA,2008,0.1562404431249847,0.001465789993379105,0.001812028222711329,2.3036820827068287e-06,8.908090737707486e-07,0.000910655123870694
TCA,2009,0.15624044312498472,0.0014779222346313,0.0019208859609145,2.326889437365942e-06,8.965308485312865e-07,0.00091079066807688
TCA,2010,0.16825893874998354,0.0016211804390497378,0.0023920708717649307,2.5714403173330183e-06,9.919893826189952e-07,0.0009441260812564769
TCA,2011,0.16825893874998354,0.001377944673196791,0.002641128682849272,2.017718931146916e-06,7.961554916576061e-07,0.0009071166245009399
TCA,2012,0.16825893874998354,0.001483667957321718,0.002624598119678073,2.1858847089128954e-06,8.485856877727485e-07,0.0009062302872194879
TCA,2013,0.16825893874998354,0.001472606139955839,0.002998932081845133,2.1247724293089957e-06,8.305077343508962e-07,0.000870233322962682
TCA,2014,0.18027743437498234,0.0015280472753969512,0.003629997478264251,2.1296731770034293e-06,8.307990269613072e-07,0.0009159997479885691
TCA,2015,0.18027743437498234,0.001546388910248777,0.0036259398016787905,2.127908373735401e-06,8.343583062209946e-07,0.000889063475175785
TCA,2016,0.19229592999998119,0.0016450849122782,0.003824618125707525,2.22378349725776e-06,8.770147823601116e-07,0.000942027217862325
TCA,2017,0.22835141687497768,0.0019152542999720749,0.0044553398836339195,2.526290993209747e-06,1.0053958717638711e-06,0.001079057162688303
TCA,2018,0.20431442562498003,0.0017432208356219022,0.0039749425386535284,2.2694226245083482e-06,9.005482222545004e-07,0.000936196999714262
TCA,2019,0.20431442562498003,0.001703469645149792,0.003891585281486916,2.1536576323222646e-06,8.563655603358154e-07,0.0009046495830830121
TCA,2020,0.19229592999998119,0.00156843004704155,0.00358675979649895,1.922642405874472e-06,7.63049234222664e-07,0.00082313357357355
TCA,2021,0.20431442562498003,0.0016754643427020202,0.003820717348647472,2.058287363993936e-06,8.15445292009796e-07,0.000829627900471994
TCA,2022,0.20431442562498003,0.0016764484226959042,0.0038226091597767064,2.058815874782647e-06,8.134317130086413e-07,0.0008254451058584381
TCA,2023,0.20431442562498003,0.0017261907917484362,0.003871261050880704,2.1454259793873953e-06,8.44587639514407e-07,0.0007932125164946321
TCA,2024,0.20431442562498003,0.0017261907917484362,0.003871261050880704,2.1454259793873953e-06,8.44587639514407e-07,0.0007932125164946321
TCD,2000,0.07211097374999294,0.000569878513305165,0.0008898451125565049,3.7034075371103996e-05,1.2253903715889e-05,0.000465707919295539
TCD,2001,0.08412946937499177,0.0006859132768926101,0.0010172271405446702,4.193576720943e-05,1.3879182065170002e-05,0.00053718587669687
TCD,2002,0.08412946937499177,0.0006465901020777501,0.00106919156797872,4.430889115266e-05,1.465806053379e-05,0.00051839788757792
TCD,2003,0.08412946937499177,0.000265476246256342,0.000591618100503276,4.2416734697931e-05,1.4037039484280999e-05,0.0005389889620427729
TCD,2004,0.0961479649999906,0.000303527979646512,0.0006760529007652679,4.6455102668928e-05,1.5378967958964e-05,0.000617943792336672
TCD,2005,0.0961479649999906,0.00030335028089354397,0.0006570945522973799,4.9293059254596e-05,1.6310408259732002e-05,0.000611370854380188
TCD,2006,0.0961479649999906,0.000303330100954908,0.000688645363828908,4.9615345082844e-05,1.6416185074752e-05,0.000595083135259476
TCD,2007,0.0961479649999906,0.00030344702592608396,0.000700927992993432,4.7747982557975996e-05,1.5803301593520002e-05,0.0005568069556020959
TCD,2008,0.10816646062498941,0.000341507230746514,0.0007811797531323801,5.1651056662912003e-05,1.710082552731e-05,0.000630453547295096
TCD,2009,0.13220345187498705,0.00041735687248397105,0.001092142214918904,6.3781532094139e-05,2.1115152557925003e-05,0.0007706690268342911
TCD,2010,0.1562404431249847,0.000493146243338397,0.0013086174934144501,7.68745699886e-05,2.5445400372811e-05,0.000876688504023858
TCD,2011,0.15624044312498472,0.00049273773359734,0.0011898914161831402,8.338421006748e-05,2.714736097742e-05,0.0008423225798937401
TCD,2012,0.18027743437498234,0.000568339822589024,0.002565600251127351,9.9451314347437e-05,3.1849728046996e-05,0.0009709610220208691
TCD,2013,0.21633292124997885,0.0006817704339227311,0.003071435832651195,0.000123116976947457,3.8773221761583004e-05,0.001118871415237734
TCD,2014,0.22835141687497768,0.0007197137820726839,0.003292944012196783,0.00012886265380046699,3.9912003816865e-05,0.0011602663474521869
TCD,2015,0.22835141687497768,0.0007205240047277599,0.003818210354366821,0.00011587989569640999,3.5332202502266996e-05,0.001126147068555977
TCD,2016,0.22835141687497768,0.000721287795095802,0.004050544103918752,0.000103427928613812,3.1034216451665e-05,0.0011186573212115158
TCD,2017,0.2403699124999765,0.0007595876555788499,0.004191028365470789,0.00010323010968627,3.0448578562769996e-05,0.00113584964493507
TCD,2018,0.2523884081249753,0.0007973782821016,0.004037856373738432,0.000111222707485888,3.2198754034368004e-05,0.001156478646705856
TCD,2019,0.26440690374997416,0.0008356625582026589,0.004145684404168461,0.000111256066627002,3.163711946103068e-05,0.001170722989872117
TCD,2020,0.26440690374997416,0.000835568917723023,0.003878889435350721,0.000112590324520377,3.140868283664046e-05,0.0011318086636636232
TCD,2021,0.32449938187496824,0.0010250967328677171,0.004526006910241269,0.000144181030422223,3.7388474187269544e-05,0.001317644312514367
TCD,2022,0.28844389499997175,0.000911111161968106,0.0039268531414339,0.000129503771264183,3.138811827232265e-05,0.001165334267094286
TCD,2023,0.2644069037499741,0.0008350012520724481,0.0034673868939928184,0.00012164851796602402,2.7666386977995633e-05,0.0010265103154636522
TCD,2024,0.2721835773896792,0.00085956011242752,0.003569368861463195,0.00012522641555326,2.8480104242054325e-05,0.00105670179533023
TGO,2000,0.060092478124994124,0.000123680322761944,0.000655182012462424,3.0216242877448e-05,1.0562043331584001e-05,0.00038808993274628
TGO,2001,0.060092478124994124,0.000110438146408856,0.00063343285734356,2.6553968884464003e-05,9.474916468736e-06,0.000383704197640616
TGO,2002,0.06009247812499413,0.00011517341789172101,0.0006161457982446761,2.7863561895393e-05,9.863662298322002e-06,0.0003702842054128
TGO,2003,0.0480739824999953,0.00011739369165862198,0.000526228692840546,2.9275394277935997e-05,9.964255387122e-06,0.000307993692595872
TGO,2004,0.08412946937499177,0.00012818719268582702,0.0008241462093322259,2.986708784444e-05,1.109540241392e-05,0.000540700818294582
TGO,2005,0.0961479649999906,0.000199546099074804,0.00102142462739238,4.8804411878867996e-05,1.7035349879868e-05,0.000611370854380188
TGO,2006,0.10816646062498941,0.00021680909377523502,0.001129626910397089,5.2780898266876e-05,1.8534251010301e-05,0.0006694685271669071
TGO,2007,0.07211097374999294,0.00012958622599707,0.000686301962833521,3.1051796868818996e-05,1.1128575122837999e-05,0.000417605216701572
TGO,2008,0.036055486874996476,0.000113105020771908,0.00043079783273210405,2.8887104226588e-05,9.530491555044e-06,0.0002101511824317
TGO,2009,0.036055486874996476,8.5756079425152e-05,0.00038052314627907204,2.1323444450488e-05,7.285258746192001e-06,0.000210182461863896
TGO,2010,0.10816646062498941,0.000210026642297576,0.001113511979335184,5.0905134420127e-05,1.7977440332007e-05,0.0006069381950934511
TGO,2011,0.07629895450113575,0.000155184576760617,0.000568018593128816,3.891457332169129e-05,1.2951773889264678e-05,0.00039961208700902697
TGO,2012,0.1607011471903423,0.000265629947564428,0.001279396921336262,6.544623434527703e-05,2.1924157559452724e-05,0.000834378777092824
TGO,2013,0.2006718915022668,0.0004730430692262613,0.0022069323905818975,0.00011962501910451061,3.8069968677597456e-05,0.0010204947282544349
TGO,2014,0.1685316620641983,0.002204622669110687,0.000800311877607015,9.661821232096618e-06,3.2588730786166982e-06,0.0008462799538120889
TGO,2015,0.23727282500569286,0.0019177381318964562,0.0006968025395781641,3.889277642582465e-05,1.2083984479107657e-05,0.001145187654504608
TGO,2016,0.5411187002176197,0.007830061933837795,0.002575397502051525,4.563067846312146e-05,1.4567990131810278e-05,0.002643932690548415
TGO,2017,0.43739926987953004,0.005021315215633554,0.001545074051739037,6.432498522223613e-05,1.9465057000226524e-05,0.00204523444901592
TGO,2018,0.24146080575683562,0.0017148304944208392,0.000522929287592355,3.8663211541261314e-05,1.1371590710257075e-05,0.001069593139619541
TGO,2019,0.23080592670291078,0.00012579643420521333,0.000136682625847634,4.317226672512335e-06,1.3802164238140189e-06,0.000939911427457722
TGO,2020,0.26686141357790727,0.0006706648519233852,0.00027427713827669,6.7878759266409074e-06,2.1001148669015255e-06,0.00105616057258201
TGO,2021,0.28698314739097686,0.00018937544168236693,0.000149842743856922,4.8159941109145574e-05,1.2525574126584078e-05,0.001104807986395814
TGO,2022,0.4369161781249931,0.0001899484180524739,0.00022279157059539799,4.816853194435863e-05,1.17857996510833e-05,0.001706906713835068
TGO,2023,0.24309714564212434,9.290075669881856e-07,0.000118409724458376,1.4345620294960574e-08,1.4416415670855034e-07,0.000948414363547508
TGO,2024,0.23374725542511954,8.932765067194092e-07,0.0001138555042869,1.379386566823132e-08,1.3861938145052916e-07,0.00091193688802645
THA,2000,59.70346967771087,0.21531407986549816,0.12947243625842694,0.0003566253388576588,0.001317031387609114,0.2827436407396981
THA,2001,64.46780860778476,0.07920045504603565,0.13168113648543145,0.0002282404987869583,0.0014095351405758747,0.29727019185175263
THA,2002,66.17768423877244,0.06727452003971673,0.13232404103143106,0.00021663873231129912,0.0013498804539180678,0.29856072236498526
THA,2003,69.21306227604913,0.07112791477026498,0.13769283938118357,0.0002256061008525634,0.00138617138421324,0.3117361889559927
THA,2004,75.0181972902453,0.11927569821492941,0.15418554396650216,0.0003219981115745853,0.0015111398108952007,0.34004105269517504
THA,2005,77.99816346945366,0.1328869998738982,0.1578048595882238,0.0003473896207883996,0.0015265257367048355,0.3522923202358618
THA,2006,77.97877642971223,0.13599861991047238,0.14356006797667792,0.0003452757604193015,0.0014670549001703052,0.3561651981694751
THA,2007,85.73861790456678,0.12304472694803403,0.15782089665373153,0.00028957703821523616,0.0014710893624417457,0.3687812228482272
THA,2008,85.18249524090923,0.08718088584017517,0.15007677310676443,0.00023276425582396707,0.0014971763361523237,0.3668789201525381
THA,2009,83.6341731757866,0.07536569805471577,0.1392563798359526,0.00021091968879684658,0.001441452215816716,0.3607745415884644
THA,2010,89.72233532844591,0.07623037877587711,0.13277230093443734,0.00021581003845971394,0.001462801253642115,0.3767164778102425
THA,2011,88.50782074504399,0.11107546413568241,0.14547931031344385,0.0002649762972803712,0.0013813720728229856,0.37014479296825303
THA,2012,90.56803838068825,0.08609277611188523,0.1348631212510482,0.00025606322307874694,0.0011963822977148152,0.37908541941429014
THA,2013,97.05258920777497,0.10463698594781312,0.1505696066493774,0.0002746612576975659,0.0010898920247731907,0.39910932640209384
THA,2014,97.85263905291447,0.10497837199838075,0.15477033367408433,0.0002812587034132553,0.0009927524617287466,0.40612901721089345
THA,2015,96.4921174624253,0.09265677026654368,0.14642752270638795,0.00024222754634815159,0.0007805475330469797,0.4021294661129936
THA,2016,97.14384250093602,0.08942356843494101,0.14716231776223002,0.00024238376669593462,0.0009218206612483808,0.39203088473262165
THA,2017,93.5088150004583,0.08265618540406629,0.14053852966299968,0.00022408206319017075,0.0009387083364012159,0.375494080163966
THA,2018,92.68883732108203,0.08420988917205259,0.13760187424614087,0.00020762915664152633,0.0008889318820373504,0.36744321783179096
THA,2019,94.15706006613178,0.08586133385525029,0.14338139920376236,0.0002855044582943326,0.0010009956236361618,0.37196159360028114
THA,2020,89.85309862869191,0.08386641548355174,0.13417558705297453,0.00021774415874730742,0.0009164861153558916,0.34720455673807843
THA,2021,88.4678379741076,0.08211080519901058,0.13341612860205646,0.00019798804842450916,0.0009088955357031586,0.33315553514938384
THA,2022,87.33034983375968,0.08765606834012149,0.13022532076212806,0.00019291686976875702,0.0008412241431756067,0.34105299870529654
THA,2023,84.7517345391305,0.07323374135252231,0.12193006581110671,0.0001635646174712732,0.0007022801514593528,0.3344568391947762
THA,2024,89.98547814924115,0.07674640034381117,0.12959850449264904,0.00017442584011240824,0.0007634386677611947,0.3552394439180224
THA,2025,84.65798543467109,0.07673806832349908,0.12393898291022597,0.00017441733276908218,0.0007626036446398497,0.3344944801457607
TJK,2000,0.10534209644492057,4.025699456948863e-07,0.000182923763250756,1.2585607775929818e-08,1.2585607775934153e-07,0.000533976905906598
TJK,2001,0.08103238188070812,3.096691889960636e-07,0.000134450082899172,9.681236750716503e-09,9.681236750718959e-08,0.000410791543040592
TJK,2002,0.0648259055045665,2.4773535119685066e-07,0.000102941473469716,7.744989400574594e-09,7.744989400575115e-08,0.00032050066063729003
TJK,2003,0.08103238188070813,3.096691889960641e-07,0.000123336108296827,9.681236750713453e-09,9.681236750718786e-08,0.0003992936232650881
TJK,2004,0.0729291436926373,2.7870227009645736e-07,0.00010654293110866501,8.713113075645885e-09,8.713113075646928e-08,0.00035523915623807996
TJK,2005,0.05672266731649568,2.1676843229724547e-07,7.9639912099908e-05,6.776865725499812e-09,6.776865725503303e-08,0.00027303843318534
TJK,2006,0.10534209644492055,4.02569945694888e-07,0.000137282022338252,1.2585607775934184e-08,1.2585607775934873e-07,0.0005188339761973461
TJK,2007,0.1782712401375579,6.812722157913435e-07,0.000216296734722058,2.1298720851577985e-08,2.1298720851582053e-07,0.0008678035028814139
TJK,2008,0.16206476376141624,6.193383779921301e-07,0.00018356069474232,1.936247350143219e-08,1.9362473501438363e-07,0.000792313744800935
TJK,2009,0.10534209644492057,4.02569945694887e-07,0.000111647613965404,1.2585607775931379e-08,1.2585607775934664e-07,0.000508380402266682
TJK,2010,0.016206476376141622,6.193383779921304e-08,1.6106943529456e-05,1.936247350143802e-09,1.9362473501438016e-08,7.4738164248504e-05
TJK,2011,0.016206476376141622,6.193383779921296e-08,1.5944937910988e-05,1.936247350142752e-09,1.936247350143755e-08,7.5641863972968e-05
TJK,2012,0.03241295275228325,1.2386767559842615e-07,3.1590548162985e-05,3.87249470028607e-09,3.8724947002875006e-08,0.00014965714326312403
TJK,2013,0.04089529208880034,0.00040526704196295997,0.000132655109262636,2.1043464752981618e-07,1.5892231309663383e-07,0.000138090356994428
TJK,2014,0.15335734533300124,0.001498989963897136,0.00048451221384817597,7.771310459424461e-07,5.734833310759101e-07,0.000513486509668656
TJK,2015,0.15335734533300124,0.001498989963897136,0.00047850725946198405,7.759410069579474e-07,5.59484416639222e-07,0.000516533394672992
TJK,2016,0.5929817352876048,0.0057063011036838415,0.0017759711285332469,2.940127784693811e-06,2.1259807786632467e-06,0.001981840976570542
TJK,2017,0.9610393640868077,0.009311822018563091,0.002825865264739734,4.776139768634463e-06,3.4631875004102017e-06,0.003276502957886494
TJK,2018,1.3188731698638108,0.012891313689515417,0.0038149596197311953,6.58290925940029e-06,4.786253054476376e-06,0.004728652737942285
TJK,2019,1.5976411565376862,0.014190995729433073,0.004233491499982737,7.232497251221575e-06,5.43294966179762e-06,0.006052971598246165
TJK,2020,1.7795493861031586,0.015626950291747967,0.00454404561995268,7.92966318778671e-06,5.964078820214225e-06,0.0068097963298081095
TJK,2021,1.8532367320926884,0.016402301239637443,0.004630594075702109,8.296161120345494e-06,6.208922052875397e-06,0.006894642721025226
TJK,2022,1.3850614579056137,0.011976218426373295,0.003322042384997789,6.043123503518233e-06,4.547024870933313e-06,0.005436653450207249
TJK,2023,1.0970529295983287,0.009522059315100948,0.0025680884044368326,4.790223764199558e-06,3.592154921892613e-06,0.004409167688780975
TJK,2024,1.0776574562359302,0.009427748888673204,0.0025344539736625797,4.741776269954706e-06,3.5465005802782455e-06,0.00433221988972162
TJK,2025,1.2290024256954528,0.010559162929029909,0.002859773727598248,5.313420958520604e-06,3.998120063652353e-06,0.0049380183657914585
TKM,2000,10.428867548047135,3.9854424623793824e-05,0.014244758684021464,1.2459751698173898e-06,1.2459751698175409e-05,0.05286371368475471
TKM,2001,11.231088128666148,4.292014959485483e-05,0.01174603159557181,1.3418194136496012e-06,1.3418194136496771e-05,0.05693570786542761
TKM,2002,11.328326986922995,4.329175262165013e-05,0.015806294601075098,1.3534368977505148e-06,1.3534368977505328e-05,0.05600749044636778
TKM,2003,11.433669083367915,4.3694322567345094e-05,0.00826728278698332,1.3660225055263826e-06,1.3660225055264741e-05,0.056340330242703844
TKM,2004,12.616741858826256,4.8215492726687574e-05,0.011034641793844792,1.507368562086934e-06,1.5073685620869738e-05,0.06145637402918727
TKM,2005,13.57292396501861,5.1869589156841186e-05,0.015582313821028562,1.6216071557453552e-06,1.621607155745454e-05,0.06533419651220704
TKM,2006,14.44807368933026,5.52140163979987e-05,0.016175076162959805,1.7261645126531222e-06,1.726164512653225e-05,0.07116007535075848
TKM,2007,15.75269503760966,6.0199690340835357e-05,0.0187339757210497,1.8820324243397604e-06,1.8820324243397952e-05,0.07668227316370445
TKM,2008,15.922863039559147,6.084999563772718e-05,0.02937172806268355,1.9023630215162856e-06,1.90236302151631e-05,0.07784482542669338
TKM,2009,16.919561336691856,6.465892666237887e-05,0.013962709851716562,2.0214422335501534e-06,2.021442233550166e-05,0.08165371384098738
TKM,2010,17.640749535430157,6.741498244444363e-05,0.013698649461980896,2.107605240631522e-06,2.107605240631556e-05,0.0813524917844972
TKM,2011,18.23228592315933,6.967556752411505e-05,0.010490188478881187,2.1782782689117546e-06,2.1782782689118113e-05,0.08509709696959282
TKM,2012,18.791409358136217,7.181228492818793e-05,0.009187547320358374,2.2450788024917584e-06,2.245078802491775e-05,0.0867637288067965
TKM,2013,19.974482133594552,7.633345508753046e-05,0.010223079200292418,2.386424859052198e-06,2.3864248590522733e-05,0.09259859101104244
TKM,2014,21.595129771208715,8.252683886745166e-05,0.011138467667312038,2.5800495940666e-06,2.5800495940666494e-05,0.10080820473253176
TKM,2015,23.855933225680474,9.116660924044195e-05,0.01220942536593022,2.8501560994116812e-06,2.8501560994117134e-05,0.11030166333997253
TKM,2016,23.855933225680474,9.116660924044228e-05,0.012197709921177692,2.850156099411706e-06,2.8501560994117168e-05,0.10667742985445114
TKM,2017,25.29020638496901,9.664775388567243e-05,0.012917355379846637,3.0215139898993576e-06,3.0215139898994466e-05,0.11105590819038777
TKM,2018,26.846028117078603,0.00010259340231439677,0.0136958699817488,3.2073937355131387e-06,3.207341449013537e-05,0.11284856517584406
TKM,2019,23.82352027292819,9.104274156484355e-05,0.01213790990088375,2.8462836047113404e-06,2.8277469889896216e-05,0.09655142346421201
TKM,2020,27.27549974104635,0.00010423464901607583,0.013876116133774721,3.1787095868135684e-06,3.213710393074829e-05,0.10601368833885055
TKM,2021,30.054910439554646,0.0001148563021986412,0.015379061059893798,3.5344806182211594e-06,3.5450946741317735e-05,0.11402522805034038
TKM,2022,34.503588204805524,0.0001318571406745253,0.017759434498952623,4.094891366372685e-06,4.0743964145890864e-05,0.13406188404911157
TKM,2023,34.503588204805524,0.00013185714067452504,0.01786535156479516,4.122270608456131e-06,4.079043681564842e-05,0.13461161199950994
TKM,2024,34.93766218958522,0.00013351597552191857,0.0180901074451746,4.174131024211486e-06,4.130360278970229e-05,0.13630509960060838
TLS,2003,0.0480739824999953,0.00056262719906928,0.000634753437570648,9.423989563438115e-07,3.534141632809853e-07,0.000307993692595872
TLS,2004,0.06009247812499413,0.000651699467103916,0.0007759224254154591,1.0666874675843422e-06,3.9964748047309503e-07,0.00038621487021042104
TLS,2005,0.06009247812499413,0.0006337805480951071,0.000829904646961327,1.0281179393974703e-06,3.8511949528809366e-07,0.00038210678398762103
TLS,2006,0.06009247812499413,0.0006358342158057051,0.000794457680130961,1.0326463839317696e-06,3.8690001298373824e-07,0.00037192695953716805
TLS,2007,0.07211097374999294,0.000764166372756498,0.0009370198885745069,1.2416866446015202e-06,4.6522770220871545e-07,0.000417605216701572
TLS,2008,0.08412946937499177,0.0008751530992380771,0.001116274046694653,1.4136037616739681e-06,5.297189644884901e-07,0.000490352759007298
TLS,2009,0.10816646062498941,0.001135500798192215,0.001609506545752053,1.8452508279512214e-06,6.953876631445684e-07,0.000630547385591682
TLS,2010,0.10816646062498941,0.0011216691419565943,0.0016897058778869223,1.8140975456130467e-06,6.826968693376919e-07,0.0006069381950934401
TLS,2011,0.10816646062498941,0.0011239248127453503,0.0018196301576582782,1.8164790753369407e-06,6.821138221090366e-07,0.0005831464014649
TLS,2012,0.10816646062498941,0.001284855012557727,0.002202388124162239,2.1629268850886412e-06,8.130506040002311e-07,0.0005825766132125291
TLS,2013,0.22835141687497768,0.002571020209729377,0.007498443691701359,4.266604437391731e-06,1.608647542402852e-06,0.00118103093830651
TLS,2014,0.27642539937497296,0.00301091433311459,0.010191237788554375,4.957114998867928e-06,1.8755496220749665e-06,0.001404532946915805
TLS,2015,0.27642539937497296,0.003165183835558045,0.011151145086876969,5.27955034005978e-06,1.990537089338585e-06,0.001363230661936185
TLS,2016,0.32449938187496824,0.0038580139800477435,0.013090474667203391,6.51389127660162e-06,2.4614580253102793e-06,0.001589670930142677
TLS,2017,0.3365178774999671,0.003791310221017506,0.013575307062285009,6.289553053019757e-06,2.3664400027673483e-06,0.0015901895029090919
TLS,2018,0.36055486874996473,0.0040139768038804195,0.014544971852448196,6.650916492281702e-06,2.51196728430631e-06,0.0016521123524369402
TLS,2019,0.40862885124996007,0.004457660265514508,0.016484301432774656,7.299060094681229e-06,2.7305800569406964e-06,0.0018092991661660242
TLS,2020,0.3966103556249612,0.00427632899237625,0.0159042692656357,6.96976574561786e-06,2.6028770273158335e-06,0.00169771299549545
TLS,2021,0.40862885124996007,0.004190325149400336,0.01595714292016572,6.717664946195026e-06,2.544692365990334e-06,0.00165925580094399
TLS,2022,0.40862885124996007,0.004191271649077434,0.01636506590349971,6.694730785290252e-06,2.547650217701319e-06,0.0016508902117168742
TLS,2023,0.40862885124996007,0.004191749249134128,0.01648430143277462,6.675724853994206e-06,2.548339144515955e-06,0.001586425032989268
TLS,2024,0.40862885124996007,0.004191749249134128,0.01648430143277462,6.675724853994206e-06,2.548339144515955e-06,0.001586425032989268
TON,2000,0.036055486874996476,0.000426078781479396,0.000525582590078928,6.917421243177005e-07,2.1229414309740018e-07,0.000232853959647772
TON,2001,0.036055486874996476,0.00043243031422701597,0.000513473688738604,7.062085717419425e-07,2.1816537266762755e-07,0.000230222518584372
TON,2002,0.036055486874996476,0.000427377379239992,0.000493739810555792,6.940447615773787e-07,2.1242887658230887e-07,0.00022217052324768002
TON,2003,0.036055486874996476,0.00042197039930196,0.0005087978344060281,6.826023939413279e-07,2.0885049505482163e-07,0.000230995269446904
TON,2004,0.036055486874996476,0.00039101968026235,0.000492545999892405,6.18027154088799e-07,1.8986910766575525e-07,0.00023172892212624998
TON,2005,0.036055486874996476,0.000380268328857065,0.00054114176559979,5.9564894110301e-07,1.8336222971814646e-07,0.00022926407039257002
TON,2006,0.036055486874996476,0.00038150052948342,0.000519331410170595,5.982732459284331e-07,1.8420486868438242e-07,0.0002231561757223
TON,2007,0.036055486874996476,0.000382083186378245,0.000478284062266135,5.994872508701565e-07,1.8455952482905454e-07,0.00020880260835078501
TON,2008,0.036055486874996476,0.000375065613959175,0.00047048446407296004,5.849650157084746e-07,1.8044963192782042e-07,0.0002101511824317
TON,2009,0.036055486874996476,0.000378500266064075,0.00045544931287722003,5.938236238566458e-07,1.8530943953336986e-07,0.000210182461863895
TON,2010,0.036055486874996476,0.00037388971398553,0.00047084708990620004,5.838039610889127e-07,1.8183077269567946e-07,0.000202312731697815
TON,2011,0.036055486874996476,0.00037464160424845004,0.00052727706303292,5.570669892055754e-07,1.6727662711183002e-07,0.00019438213382163
TON,2012,0.036055486874996476,0.00042828500418591,0.0005355282686555399,6.32929362809852e-07,1.8196536137127618e-07,0.00019419220440417502
TON,2013,0.036055486874996476,0.00040595055943095,0.0005495212939703951,5.661850505961452e-07,1.5948808720124248e-07,0.00018647856920629
TON,2014,0.036055486874996476,0.00039272795649321,0.000586849082110235,5.214311313995009e-07,1.4398279534573034e-07,0.00018319994959771003
TON,2015,0.036055486874996476,0.00041285006550757,0.000578660991577775,5.32825255641603e-07,1.3953314665121588e-07,0.000177812695035155
TON,2016,0.0480739824999953,0.000571557626673744,0.000781830228999666,8.115044409028457e-07,2.2247385824151487e-07,0.000235506804465582
TON,2017,0.0480739824999953,0.000541615745859648,0.000741145826212662,8.391163981968594e-07,2.393985893021971e-07,0.000227169928987014
TON,2018,0.0480739824999953,0.000535196907184056,0.0007175274388687739,8.570919350004677e-07,2.6845396318537044e-07,0.00022028164699159202
TON,2019,0.0480739824999953,0.000524430619472298,0.0006800527892764619,8.301726197151105e-07,2.5479481005643764e-07,0.000212858725431294
TON,2020,0.0480739824999953,0.00051834290816682,0.000624363156602238,8.168762631649079e-07,2.501137317205837e-07,0.000205783393393386
TON,2021,0.0480739824999953,0.000492979429341216,0.000615605036322084,7.683626573376578e-07,2.417197349194097e-07,0.00019520656481694
TON,2022,0.06009247812499413,0.0006163634778055091,0.0007814559147192841,9.609779197205847e-07,3.0262600815626374e-07,0.00024277797231130803
TON,2023,0.0480739824999953,0.000493146970486368,0.000638862580539486,7.688920139843558e-07,2.4212266450384604e-07,0.000186638239175208
TON,2024,0.0480739824999953,0.000493146970486368,0.000638862580539486,7.688920139843558e-07,2.4212266450384604e-07,0.000186638239175208
TTO,2000,3.0063013677742716,1.1488726911754039e-05,0.003525566757939872,3.5917388345163554e-07,3.591738834516786e-06,0.015238879391642337
TTO,2001,3.1035402260311216,1.1860329938549368e-05,0.003627032199341001,3.7079136755253784e-07,3.7079136755253784e-06,0.015733316098455054
TTO,2002,3.1035402260311216,1.1860329938549336e-05,0.003623448765699312,3.707913675524938e-07,3.707913675525387e-06,0.015343969128010514
TTO,2003,3.5612368220000143,0.00020031913660632173,0.004481249348028912,7.585865351485597e-07,4.365833031938109e-06,0.017566059122159992
TTO,2004,3.5531335838119436,5.1234217149764076e-05,0.004155159821555672,4.369513691251601e-07,4.236252989311731e-06,0.017326077560268646
TTO,2005,3.893469587710918,0.00020272635715988258,0.005145754211745147,8.007269304825653e-07,4.7636788040816646e-06,0.01876005128476562
TTO,2006,3.950192255027414,0.00019310192580518582,0.004804133012472204,7.8633194282794e-07,4.823531213006766e-06,0.01947079404051565
TTO,2007,4.233805591609893,0.00019387366214323098,0.005210290167686914,8.195448229658187e-07,5.162123441762841e-06,0.020620765642232648
TTO,2008,4.258115306174105,5.392833909402986e-05,0.005009685347018686,5.211781288564202e-07,5.078520586624301e-06,0.02082867050792869
TTO,2009,4.322941211678672,0.0001725382339947947,0.005336369738033822,7.835614085038203e-07,5.251180848079171e-06,0.020874551128765698
TTO,2010,4.687586930141857,5.5569585795709015e-05,0.00570239270636173,5.724886836352538e-07,5.591626134412426e-06,0.02162939796292576
TTO,2011,4.841548455715204,5.615795725480152e-05,0.005888221090221712,5.831030170709264e-07,5.775569632676098e-06,0.022606069508552477
TTO,2012,5.044129410416974,5.693213022729167e-05,0.006057067702659061,5.990938216079772e-07,6.017600551444049e-06,0.02329900222640165
TTO,2013,5.254813603306815,5.773727011868151e-05,0.006278098967326177,6.155997971493358e-07,6.269312706962794e-06,0.024366941829009666
TTO,2014,5.19809093599032,5.752050168638428e-05,0.006211725326184294,6.013574996770411e-07,6.2015440497077204e-06,0.024270166473062352
TTO,2015,5.287226556059099,0.00010130050918645989,0.0063006857385539536,6.879645281801606e-07,6.339240115161401e-06,0.024450025937177412
TTO,2016,5.210109431615318,0.0002221736753607032,0.005607666382882239,8.453840421023835e-07,6.2962488793603896e-06,0.023308499022765505
TTO,2017,5.713474591249987,0.00020785020696825027,0.0055853939037293155,8.640814351330433e-07,6.884446946986884e-06,0.025097392931203614
TTO,2018,5.487728191249998,9.62831088711076e-05,0.004901210370751607,6.317227886737696e-07,6.538777923633141e-06,0.02307702850591071
TTO,2019,5.7706535868750075,0.0001350200663577538,0.00475709879726332,6.732812009463117e-07,6.867992891949024e-06,0.023400693360338128
TTO,2020,5.401515586874987,0.00013360938753486152,0.00412821809706088,6.312198461296798e-07,6.42697014416061e-06,0.021008665430372622
TTO,2021,5.635228186875007,0.0001345025316041882,0.0041645274299334486,6.430221628291327e-07,6.7061951847816595e-06,0.021389088221397134
TTO,2022,5.951239486874987,0.0001357101841588008,0.004253966664889411,6.629802542513951e-07,7.083745509750053e-06,0.02312880427129322
TTO,2023,5.581840405495171,0.00013429850760071592,0.0038640605715900447,6.113637235392036e-07,6.642410838432994e-06,0.021776193535262063
TTO,2024,5.599408889925858,0.00013436564641854738,0.0038761235369525002,6.131761724986579e-07,6.663400553060313e-06,0.021844734870602758
TUN,2000,6.666023113272832,0.017691215065896264,0.009696208244847387,3.242422849145367e-05,1.8582866379564837e-05,0.03533835956387455
TUN,2001,7.313781807829489,0.01661393008665813,0.010190783155918712,3.0536643442198835e-05,1.868887770524157e-05,0.03846106773402577
TUN,2002,7.33048240368996,0.017443814316663576,0.010155265772842011,3.205571002915126e-05,1.922623216125003e-05,0.03758038818695461
TUN,2003,6.159759469374992,0.0011954186195283496,0.006984426232832288,2.77430380823957e-06,8.02833410426533e-06,0.030477147757491163
TUN,2004,6.340833456249999,0.001895732144920325,0.007199766983267086,4.095865219266722e-06,8.693263360350016e-06,0.031073319240878645
TUN,2005,6.606407138749973,0.0025784276722522867,0.007563895849483432,5.318375554391137e-06,9.402733585067669e-06,0.03206036506994794
TUN,2006,7.09333315039546,0.011774288116085836,0.00887990235033391,2.1898947932222097e-05,1.55476103008819e-05,0.03586883615716849
TUN,2007,7.631881118080089,0.016985086285881808,0.009841673004453691,3.128259139187743e-05,1.9318316498233668e-05,0.03813664236619195
TUN,2008,7.858018594318532,0.008228062217909305,0.00928994316369677,1.56300729312756e-05,1.43242760382894e-05,0.0389006478259001
TUN,2009,8.264602940266412,0.006090119707979756,0.009550412618764149,1.1829576785735238e-05,1.3512968082139067e-05,0.0402692989345219
TUN,2010,8.74150199999999,3.3406075103809305e-05,0.00963512701820104,1.0443794006137778e-06,1.0443794006138199e-05,0.0403125143980356
TUN,2011,8.606482395624989,7.054583544295582e-05,0.009505076670556533,1.0391850128054942e-06,1.0271657263349637e-05,0.04017846552728917
TUN,2012,9.251002199999999,3.53531549016068e-05,0.010230438478928227,1.1052512637659566e-06,1.1052512637660198e-05,0.04271374385893823
TUN,2013,9.418483173750014,0.0011481960706405069,0.010492036430438015,2.77653128901886e-06,1.1782011095904316e-05,0.04370128430085708
TUN,2014,10.076478299374973,0.0044013464398275194,0.011408289438539438,7.388301388075535e-06,1.4004514189246293e-05,0.04715215056253089
TUN,2015,10.091397437394065,0.011865696820274418,0.011689180258509003,1.7193802678807894e-05,1.70711916499006e-05,0.0468902959315623
TUN,2016,9.445371886874987,0.0005609875380913869,0.010345688536927538,1.8439583677791076e-06,1.1506416883237283e-05,0.04225260678988696
TUN,2017,9.861886421249968,0.0033345425069106014,0.010780032748469419,5.836606453308003e-06,1.3245937413423033e-05,0.043378411863886336
TUN,2018,10.052286103749964,0.004248481143381626,0.010883240209712694,7.367286317540914e-06,1.3943455290345012e-05,0.042355368137292675
TUN,2019,10.506626908124986,0.004058850799635714,0.01120951779037059,7.313065631797043e-06,1.4426186045254091e-05,0.04267565388793068
TUN,2020,10.11307602999998,0.0023693374863934,0.010577575902613384,4.5955055039125235e-06,1.3002399528510648e-05,0.03938295830950331
TUN,2021,10.344825129999977,0.003101399320118946,0.010792564520722605,6.051361759155804e-06,1.3819707890294933e-05,0.03929847413733903
TUN,2022,9.50405442999999,0.003098186273991475,0.009879121231724495,6.017347881990383e-06,1.2856787726163034e-05,0.0369572392451788
TUN,2023,10.348513124079112,0.002718680155507232,0.010669247101271439,5.563821850725171e-06,1.3686530121451449e-05,0.04037027481029093
TUN,2024,10.34944101647152,0.0029738392071334586,0.010684010557887562,5.978851028720893e-06,1.3824020186718083e-05,0.04037358932488852
TUN,2025,10.842602118875007,0.0029757238462750123,0.01118554115855274,6.036378172655412e-06,1.4408007859992786e-05,0.04229759823016357
TUR,2000,72.48675472164909,1.2874963647510602,0.29402182975440205,0.001084626958662238,0.0035352468974711635,0.30498896091375843
TUR,2001,72.91007554157936,1.2745925861309855,0.3017763675442926,0.0011068657420038866,0.003484203508510828,0.30905557585558935
TUR,2002,67.2839081349387,1.1037333766854713,0.25546989380018365,0.0009249229761081512,0.003012259553530826,0.28056406931761174
TUR,2003,65.64428370302299,0.8981722239030092,0.2105273083996357,0.0007148854623004459,0.002705817704940639,0.2771864907249137
TUR,2004,69.39687245643505,0.9976171742416269,0.22913863785558602,0.0007683725587489459,0.0030179245345019405,0.28614335897884224
TUR,2005,77.71105044311494,1.1891864252976267,0.29866024731306173,0.0009649033587742425,0.0033617887940810163,0.3132000547645224
TUR,2006,85.33325393236362,1.3571177021494039,0.2742951218424327,0.0009903145573415817,0.0038577057185107707,0.3415161595376684
TUR,2007,103.01443953507928,1.6255968677782238,0.29984473076945584,0.00126112090220059,0.004540310650659096,0.410147263889212
TUR,2008,111.75462443740238,1.8057589827783138,0.28706358222332695,0.0013381095759280863,0.005075933765524742,0.4446427199567394
TUR,2009,109.05216786653793,1.7511233976287162,0.24417163371185863,0.0012427208548977282,0.004979853785881695,0.43290850629624483
TUR,2010,108.00090373922309,1.564314767961418,0.19324481760777618,0.0010763436702312496,0.00494061790931587,0.4168142989088279
TUR,2011,118.9880806229745,1.737567751585218,0.2083146992340804,0.00118249204309128,0.005667324686343012,0.4668352536579888
TUR,2012,120.65222305466261,1.627764155888857,0.19535938681541762,0.0011103797310975717,0.005258823435041546,0.4732402348156516
TUR,2013,112.49641355235339,1.4066586507155636,0.1697470120881958,0.000967193531859158,0.004257387254291443,0.43590857109797276
TUR,2014,129.91341471685553,1.7269096410878582,0.2017904782723359,0.001188627226366273,0.005007996893077939,0.5006633610407424
TUR,2015,123.07354339149947,1.5599632756693418,0.18198980048826666,0.0010676113127204765,0.004209734518049531,0.4683758142067139
TUR,2016,132.83166333024255,1.874152140278888,0.220845742632635,0.0012844814787502244,0.005238453234623815,0.48742342530417043
TUR,2017,145.8019154454669,1.9788525903779761,0.23966228810359763,0.001343730178369921,0.005764232704865748,0.5409062431245711
TUR,2018,148.76513322931362,2.3093493103547273,0.2869032779085975,0.001585513947160232,0.006902127610116715,0.5556016154186435
TUR,2019,136.37423171248128,2.361860265072707,0.29663359029444886,0.0016128361458529698,0.007414531073759057,0.5194564247424652
TUR,2020,130.24665279177026,1.986467687912698,0.2692380008785833,0.0013552304236010817,0.0063947686168660325,0.49947300707226483
TUR,2021,149.37970671351928,2.2416803507225076,0.27622225028834446,0.0015239988544814864,0.007501520507991171,0.5581324468583451
TUR,2022,146.23251091576944,2.446160518095901,0.2676627068735068,0.0016653734454211238,0.00815040197003372,0.5735090327878533
TUR,2023,137.50071735538424,2.267123999572107,0.22687580517069783,0.00156878004158857,0.007656438442316954,0.5509029193363911
TUR,2024,139.40295015061906,2.3304908708065812,0.2318248568433965,0.0016126214297404956,0.007867590984311505,0.5587271024017861
TUR,2025,145.316454759334,2.332696689689099,0.23676207112435732,0.0016157217768577405,0.007881012448768888,0.5818069384301728
TWN,2000,116.07593198905701,0.05047103530472849,0.07572566586378293,0.0010824781671932024,0.001343425349781545,0.4799554694774621
TWN,2001,127.21679415693167,0.04864857904413239,0.08357319599196843,0.0012031443341856628,0.001477930943748723,0.5285076645749431
TWN,2002,132.34764743837272,0.03924479974026425,0.08616907142813672,0.001127306353012101,0.001522209365150576,0.5192834415959878
TWN,2003,140.71138391375595,0.031598245822816215,0.09171115672786959,0.001149896385763881,0.0016280693696885855,0.5443422083537226
TWN,2004,145.13868103690893,0.025083293859410237,0.08862289852102026,0.0011213412729118876,0.0016445895627695678,0.5579611157835122
TWN,2005,151.51957126631495,0.021142421563193074,0.08722617310640225,0.001140412590476617,0.0017101001804231493,0.5767488678037286
TWN,2006,158.2502681201784,0.022143885415659214,0.08308804013145202,0.001215826495215538,0.0017813916768688797,0.6049564076282925
TWN,2007,162.2882976863777,0.017334167374881516,0.08144526449496656,0.0011881818780061287,0.0018170945323826104,0.6004315546570191
TWN,2008,156.69667294353897,0.014012907722956899,0.07540773318256634,0.0011099831627919784,0.0017300404840436927,0.5884766313128859
TWN,2009,149.5215998678204,0.00979371698886368,0.06931748977992405,0.0009786159982453062,0.001666556986664269,0.5568380816630423
TWN,2010,158.83059392382302,0.0073181217388376095,0.06936712498276348,0.0010187277795529327,0.0016876910213111515,0.5919636007274705
TWN,2011,160.2365012891331,0.009522445532151771,0.06949052222463228,0.0009598458387708723,0.0015640597945659003,0.6100112952461362
TWN,2012,157.95465179317,0.009640782244601166,0.06767873725510949,0.0009131634922403807,0.0013915453317130757,0.5998088156339839
TWN,2013,157.9056661916205,0.0073714760589297535,0.06568232764698906,0.0008831276091189829,0.0012175345427004958,0.5847371111373749
TWN,2014,162.89902721258804,0.008212914535879003,0.06765570687514727,0.0009116340308015922,0.0010952159252144492,0.6034751311868081
TWN,2015,162.87044189040319,0.009156794829404229,0.067283596388111,0.0009481417294031522,0.0009374541105088666,0.6121446638221841
TWN,2016,168.68594727190913,0.009920265043123313,0.06987078130111021,0.0008988156873786662,0.0009348183086967168,0.6244949690322078
TWN,2017,179.50815475841972,0.008728806613826244,0.06489135158453505,0.0008787297096251778,0.000954441765791336,0.6696383636548581
TWN,2018,178.2532839308458,0.00803900263014413,0.057211083335799835,0.0007071594259804176,0.0008941263169538327,0.6732035801122899
TWN,2019,169.8419902053176,0.0060874525319405785,0.045391349710262784,0.0005465617935116643,0.0007927677830863747,0.6545410916878598
TWN,2020,172.24790227781983,0.005466073350820449,0.042581680039478854,0.00042588939285091606,0.0007421400547932783,0.6626369883904178
TWN,2021,179.51270511329798,0.005385380631038366,0.041505261956768284,0.0004530878587283414,0.0007784916813942819,0.6721324742170041
TWN,2022,173.45919040819555,0.004335817586155817,0.03851171460255016,0.00042343637255003365,0.0007477638422077258,0.6795655522646917
TWN,2023,171.70809990805333,0.004297753727303444,0.038010366365679234,0.00042237977982054626,0.000748801351242056,0.684713330976289
TWN,2024,171.7100248913954,0.00415050030971329,0.03739800578963832,0.0004161262788063834,0.0007265578526168612,0.6839825626391459
TWN,2025,169.09560230378509,0.0038401793010065374,0.0358406240606153,0.0003961459884849844,0.000679566569594289,0.6724218509562454
TZA,2000,0.27767585938317935,0.0018264112340134744,0.0027007440597437596,0.00013361786073961602,4.52437934608338e-05,0.0016120635647719102
TZA,2001,0.12986456667759597,0.001055097511081125,0.000808050080787633,2.3804380140635398e-05,8.709920288224383e-06,0.0005969106223011119
TZA,2002,0.11605139844979838,0.000949908598366619,0.0003578654654695521,1.2642011829495847e-06,1.2999169422774023e-06,0.000461779553337532
TZA,2003,0.09739842500819695,0.00060315028808964,0.000433578653752313,2.9171386287268044e-05,1.0216819082311762e-05,0.00043769784518514303
TZA,2004,0.2799108348140134,0.0011700247487698352,0.000825780221782322,5.080263475517772e-06,2.6352116213626905e-06,0.0012959426048333729
TZA,2005,1.2754209083387509,0.00830609201138499,0.0070156483042280145,1.9024615770378863e-05,7.563898697111088e-06,0.006858934155150348
TZA,2006,1.0717839550178083,0.00840187810579126,0.0071716302821778505,3.88429561910694e-05,1.3750205312393074e-05,0.005929771717557474
TZA,2007,0.8792684906207283,0.003303105108388338,0.004958477763345423,0.00020116310182154268,6.816513212811743e-05,0.004569842830884222
TZA,2008,0.8358747465831897,0.0019258221289275023,0.003739495506039043,0.00015540714603719821,5.279082838620442e-05,0.0043027212309482135
TZA,2009,1.301948269374992,0.0007076356410995101,0.00276693933375985,4.094011951834289e-05,1.50959025267365e-05,0.006367612854970528
TZA,2010,1.5678847431249843,0.0017999542797337892,0.00387391539119652,4.65166982950455e-05,1.7182430106705276e-05,0.007386660265015865
TZA,2011,1.9658825599999625,0.0043280310636721045,0.006884791426789096,0.0001199300894245967,4.1145271992552396e-05,0.00945390184632643
TZA,2012,2.4542668549999345,0.008449598784146212,0.010505867770962168,0.00015671137322705888,5.2557419708913584e-05,0.011849224560996125
TZA,2013,3.0242662677562224,0.012116734169073712,0.017854337973963776,0.0005175723478998099,0.000166547850504929,0.01469670041425681
TZA,2014,2.362915524374926,0.008281379501204285,0.011423508571144094,0.0002495839231067019,7.965503976129821e-05,0.011343000388762358
TZA,2015,3.204070418544668,0.014086635550189545,0.017664166333291296,0.0006015883340860799,0.0001868345468016002,0.015266556555553316
TZA,2016,2.490712929999981,0.002263072536544128,0.0055854476056622394,5.39994637687278e-05,1.809145469111549e-05,0.011219940723666255
TZA,2017,2.6529934168749776,0.001363173447589281,0.004705931479029042,0.0001439558632379814,4.4492133467464e-05,0.011726294090995551
TZA,2018,2.82793746499999,0.0012307798510430867,0.0052426960463319745,2.1205953631491202e-05,8.148213804690593e-06,0.011923771316153261
TZA,2019,2.9291586781249945,0.00019947264399578301,0.004602009506037782,4.8203127829447906e-05,1.57422591967946e-05,0.011893759930423253
TZA,2020,2.5896975781249947,0.0001981753768898071,0.004200280866180384,4.8175330685014506e-05,1.5205757985875398e-05,0.010089231193595751
TZA,2021,3.092884669375002,0.0005065310597851759,0.005198273808485838,5.3302667676941905e-05,1.58285763190072e-05,0.01175651816458269
TZA,2022,3.757759395625009,5.2016204643172604e-05,0.006014414314878544,9.8326914334549e-06,4.666700755240101e-06,0.014602435591901794
TZA,2023,4.17106330259168,0.0009949892737526956,0.006805906308239796,0.00024984079501120583,5.91925652567167e-05,0.016266945163084714
TZA,2024,3.2062480152772723,0.0009661983556509474,0.0052644848838557644,0.00024338399655438818,5.7166066619243225e-05,0.012502986785355523
UGA,2000,0.012018495624998824,3.7701673590636004e-05,0.000137000375824025,9.629034742196e-06,3.1766785356989997e-06,7.7617986549257e-05
UGA,2001,0.012018495624998824,3.7701673590636004e-05,0.00013891329876476,9.629034742196e-06,3.1766785356989997e-06,7.674083952812401e-05
UGA,2002,0.012018495624998824,3.7701673590636004e-05,0.000139793377887862,9.629034742196e-06,3.1766785356989997e-06,7.4056841082561e-05
UGA,2003,0.012018495624998824,3.7701673590636004e-05,0.000140094762477228,9.629034742196e-06,3.1766785356989997e-06,7.6998423148968e-05
UGA,2004,0.0,0.0,0.0,0.0,0.0,0.0
UGA,2005,0.06009247812499413,0.000188508367953178,0.0007388887973995571,4.8145173710984e-05,1.5883392678496002e-05,0.00038210678398762103
UGA,2006,0.3004623906249706,0.0009425418397658841,0.0038171639132894976,0.00024072586855491802,7.9416963392488e-05,0.001859634797685844
UGA,2007,0.446290370493715,0.0013999999999999501,0.0056981751366169085,0.00035756101401354006,0.000117961605584622,0.00258453293846796
UGA,2008,0.49410719590375596,0.00154999999999998,0.00612238697762664,0.00039587112265782,0.00013060034904012,0.0028799281459486797
UGA,2009,0.701313439347266,0.002199999999999912,0.008464281665974727,0.000561881593449792,0.00018536823734721598,0.0040882483637314
UGA,2010,0.7904264141137304,0.0025999999999999535,0.009753885599156707,0.0006332775448883221,0.00020653625804895002,0.004435200878020905
UGA,2011,0.7617363188677057,0.002509999999999902,0.009694864836935822,0.0006102914797017121,0.00019894900936513198,0.00410666846863804
UGA,2012,0.22835141687497768,0.000755739929616884,0.0025261882717741158,0.000182951660101718,5.957374627427399e-05,0.0012298839612264409
UGA,2013,0.0,0.0,0.0,0.0,0.0,0.0
UGA,2014,0.07211097374999294,0.000306459149591187,0.000611600839168698,5.3853589324026e-05,1.746055316907e-05,0.00036639989919542694
UGA,2015,0.060092478124994124,0.000679875468938696,0.001551937016415112,1.857994643208e-05,6.07589988056399e-06,0.000296354491725256
UGA,2016,0.06009247812499413,0.000662770693972814,0.0014189039166171312,1.9576594839228e-05,6.392825803018041e-06,0.000294383505581984
UGA,2017,0.06009247812499413,0.0006893831432761351,0.0013935030900761882,1.7865485504601e-05,5.837215531661575e-06,0.00028396241123376705
UGA,2018,0.24036991249997652,0.003461670934535009,0.0066334961472270335,2.7383525170882776e-05,9.113864391152618e-06,0.0011014082349579699
UGA,2019,0.10816646062498941,0.0012693961794542283,0.002296170966762862,3.0197294362984003e-05,9.862086628312721e-06,0.00047893213222041604
UGA,2020,0.0961479649999906,0.000931594338241212,0.0016070313572560438,3.9063627927419996e-05,1.2706875709055998e-05,0.000411566786786772
UGA,2021,0.10816646062498941,0.000962892174942672,0.00164098564629974,4.9248539438072004e-05,1.6005578724018e-05,0.00043921477083811605
UGA,2022,0.12018495624998825,0.001198847076895245,0.00200263002304584,4.663469503995e-05,1.5171791443694999e-05,0.00048555594462261
UGA,2023,0.13220345187498705,0.001294137379690343,0.002129040780347098,5.281008015406001e-05,1.7175378016776e-05,0.0005132551577318261
UGA,2024,0.13220345187498705,0.001294137379690343,0.002129040780347098,5.281008015406001e-05,1.7175378016776e-05,0.0005132551577318261
UKR,2000,77.62398858366753,0.8107600657932537,0.15751176272219916,0.0002674774423612183,0.00022354828463771052,0.29801307536624594
UKR,2001,73.39648135315572,0.7474973283363588,0.1415066067054881,0.00024680225771173364,0.00020743443314465645,0.28553683597859564
UKR,2002,75.47479229693133,0.7752092953697284,0.14188599524298626,0.000249712118235082,0.00021254196590188805,0.2822410968949303
UKR,2003,70.86757093314438,0.6833855326807873,0.12712074801347015,0.0002140125503644693,0.0001890315575065806,0.2667632588757693
UKR,2004,75.36500359475484,0.723290408109793,0.12957666514592345,0.00022354238831600343,0.00020047929537210274,0.2822880760138621
UKR,2005,71.72249487898632,0.7097102735921745,0.1229273332401862,0.00021900944647190856,0.0001953352339289674,0.2653783086659675
UKR,2006,82.45457238459076,0.9100045902646179,0.1515615827495565,0.0002818093958077378,0.00023895728271750214,0.29515562467596657
UKR,2007,87.01084237704765,0.963289908709784,0.16393807631288737,0.00030526727926807727,0.0002521139445859278,0.30339232419089246
UKR,2008,88.33004390821637,0.9974933169185302,0.16201238546164018,0.00031973012119962873,0.000259884856888051,0.30943407698141345
UKR,2009,75.77964668160605,0.8909082298151753,0.13813638603513861,0.00030105826938966806,0.0002334468062615216,0.267033640892662
UKR,2010,82.68014336567457,0.949695805128778,0.14609964487883675,0.00030166334336578234,0.0002451012978688352,0.2890969685606175
UKR,2011,91.73767343232959,1.0544177577414098,0.16261667894380474,0.0003014604257063972,0.00024915215923316223,0.33231301033641036
UKR,2012,95.42385518857144,1.0978231003230372,0.17236618280327703,0.0002909117238895855,0.00023568092752434262,0.3447201376567253
UKR,2013,92.74512251494367,1.0805809992065298,0.17315484589995456,0.0002557837044510931,0.00020608371161718006,0.3232722577140338
UKR,2014,80.020321768244,0.9477234273769028,0.14854217899059668,0.00019687317176521148,0.0001580654444837407,0.2775712585564813
UKR,2015,67.18174005434936,0.8043061407190182,0.12228552147509329,0.00016936641156424352,0.000122080060322431,0.2353398890234628
UKR,2016,69.13916371366496,0.7116338320323705,0.11417324470535088,0.00018059373044297552,0.00012076200589175909,0.24049669196464946
UKR,2017,56.343118499596756,0.47061289085348784,0.08150169964416577,0.00014012024892676818,8.92079740359191e-05,0.19863057019272506
UKR,2018,59.943742286766344,0.37151812014261215,0.07393709598773404,0.00012493970343974118,8.024005662299815e-05,0.2203108078249739
UKR,2019,56.525294426838,0.22446944846661335,0.05644156345010954,8.94652248753522e-05,5.9649888522035384e-05,0.21529998572490036
UKR,2020,49.700988980153255,0.0738419269913464,0.0357460460123658,3.8674257749666035e-05,3.407072116667065e-05,0.1904513153441428
UKR,2021,43.92803146035881,0.06756663935591975,0.0324522249062233,4.4911347279951694e-05,3.5315701180659375e-05,0.16375636398596294
UKR,2022,27.77547044059255,0.04145899946454434,0.02138320339146189,2.9940523255569504e-05,2.3724467161348612e-05,0.10903836362895626
URY,2000,0.3966103556249612,0.0057247884085406,0.00212376529554385,1.0081189253573742e-05,3.756040135583224e-06,0.00256139355612545
URY,2001,0.012018495624998824,0.000113969617873014,7.642810708386e-05,1.76921847547794e-07,6.545499824938298e-08,7.674083952812401e-05
URY,2002,0.02403699124999765,0.00030508504614676195,0.000135939645103563,5.205171315905824e-07,1.9360844851675543e-07,0.00014811368216512198
URY,2003,0.012018495624998824,0.000129363342707293,6.861985271095201e-05,2.1017997271700418e-07,7.79658878607294e-08,7.6998423148968e-05
URY,2004,0.9049801384730664,0.011069999999999892,0.005857574379669109,1.869779851409961e-05,6.950924925089258e-06,0.005816315080173204
URY,2005,0.798239793309466,0.009369999999999936,0.005386009272741792,1.5640510624324402e-05,5.810605853298108e-06,0.005075724113723328
URY,2006,1.682303643187076,0.02185999999999997,0.009830253953353171,3.75268395467212e-05,1.39628896166846e-05,0.010412186326005816
URY,2007,0.9986835284788944,0.010319999999999972,0.007301013903229926,1.6537046893995612e-05,6.129537484060752e-06,0.005783522668444968
URY,2008,2.7051920387875237,0.021510030966918794,0.023577079070386565,3.091947520194157e-05,1.1393913343024322e-05,0.01575973070147718
URY,2009,2.2597766612369403,0.016740030966918656,0.02008999710758692,2.3182558590365683e-05,8.52419242572117e-06,0.013165049124090797
URY,2010,0.8718430289588381,0.008471154834594478,0.005668351215398553,1.3619488746488157e-05,5.242097323038795e-06,0.0048515446869431085
URY,2011,2.059032235142915,0.017790185801513182,0.01621942648623201,2.6401796848439172e-05,9.804479056966835e-06,0.011065451568569536
URY,2012,2.9347040068567907,0.02753003096691883,0.013398162515496423,4.1203738082558774e-05,1.524365570392562e-05,0.015799871097149365
URY,2013,1.4553550966547333,0.01371999999999997,0.0059976624796608605,2.0220889521378704e-05,7.4750596145217995e-06,0.007527080054477335
URY,2014,0.5589182309882603,0.006169999999999997,0.001821282612218456,9.4569014548307e-06,3.5073077943004646e-06,0.002839894857093112
URY,2015,0.7148824253900593,0.004210999999999949,0.0015531860481920198,4.726513451682246e-06,1.8613560325900955e-06,0.003525543036835998
URY,2016,0.3485363731249659,0.002216925435172404,0.000806320583038872,2.805395354481405e-06,1.1773133713141328e-06,0.001707424332375476
URY,2017,0.1724469195011263,0.0010259679919357532,0.00040809604488823006,1.7233370200135205e-06,1.2135926888277573e-06,0.000809469144049435
URY,2018,0.28452863756304375,0.0019773946765505946,0.000741170849214342,3.0603175572876136e-06,1.6622542231674256e-06,0.0013006818200887449
URY,2019,0.19702935737955357,0.0008370056477631167,0.00040258314850386,1.4995747718987562e-06,1.2430346835478227e-06,0.000848086456743436
URY,2020,0.5342425506019491,0.002764999999999935,0.001178710342040484,3.4290367899581464e-06,1.982030313646856e-06,0.00228685536834849
URY,2021,1.9430810338128817,0.009441709519885174,0.004059057907899954,9.965648211423308e-06,4.5827365268056875e-06,0.007887807083181035
URY,2022,1.0816646062498942,0.005154284555262767,0.0022473256637666,5.630063626746506e-06,3.03068337303528e-06,0.004370003501603536
URY,2023,0.8058801521768933,0.003932954262772593,0.001706358468410588,4.398292720212199e-06,2.3389409497429575e-06,0.003128678856355574
URY,2024,0.12462064208921031,0.000608188803521535,0.00026386986624905997,6.801483587957009e-07,3.6169189944478723e-07,0.00048381631799312996
URY,2025,0.2160091129546312,0.001054193926103994,0.000457374434831704,1.1789238219125484e-06,6.269326257042979e-07,0.000838614951188092
USA,2000,2341.831728018159,10.336169911169335,4.901027640911294,0.009036952990392142,0.05741698395054181,5.0196574495322235
USA,2001,2307.530882201827,9.871444516272778,4.540280378371379,0.009240850603473074,0.05493689240809541,5.134623884751919
USA,2002,2333.93136885493,9.68976707924454,4.388618387470936,0.008533076554905577,0.05668089853389194,4.824344732042398
USA,2003,2379.3218251190015,10.057600525525546,4.107415196555168,0.009399915126867173,0.05931861925796925,4.896720022937435
USA,2004,2409.8358571601366,9.585816673641427,3.630670536193159,0.009241881042718295,0.05653567759564797,5.015614839482725
USA,2005,2464.819467370583,9.50153082291218,3.4818798030202833,0.00922494239726259,0.056949281478204106,5.021795035156268
USA,2006,2421.4803822773374,8.811375680243053,3.298025908083489,0.007902160057641336,0.05534778622820742,4.9390494655430475
USA,2007,2486.0166236616406,8.225610192268208,3.1033899377938114,0.007796665377669434,0.053043760489528226,5.042713005399385
USA,2008,2430.6036701412695,7.188997615071978,2.9018122421179626,0.007366340051858441,0.05244669715354672,5.3939870797067755
USA,2009,2210.257173759525,5.467497111115067,1.9476005849499185,0.006612727780568053,0.04778064629243442,5.557506583794715
USA,2010,2328.3169907060123,4.826812114647693,2.0175562433633942,0.006896469946947675,0.050537412055864414,5.68958127273751
USA,2011,2219.4717885089112,4.316747879702732,1.9656674526158466,0.006844566241374378,0.05449141544685587,5.277177665063992
USA,2012,2088.018341649303,3.172518508682215,1.7312333619826288,0.006280834566586394,0.05233570116692754,5.389166968632195
USA,2013,2110.2246937583964,3.0833927313221006,1.7056745133317615,0.006134613729093463,0.05042933206988018,5.177914118305522
USA,2014,2112.5968807674412,3.0585522302946853,1.6803958861505182,0.006016740480351382,0.049991740532056336,5.211652331974658
USA,2015,1967.838039957698,2.166038411038687,1.387418802717269,0.0053497236667173174,0.045409394096891265,5.399830826403347
USA,2016,1871.7234484667727,1.4733450370132894,1.2242134803263967,0.004423968773687564,0.03772360724277692,5.108882051892442
USA,2017,1805.3845943642023,1.2993376846257338,1.0841027433369428,0.0034326641180190114,0.028348890140219185,4.91395458140791
USA,2018,1828.4308021647475,1.228101917751648,1.047869273308288,0.0024001569535319844,0.017952561353403423,5.032031550648943
USA,2019,1686.5344184224718,1.0359645858113224,0.894879918639631,0.0014172764318876687,0.009452251286116715,4.861976915740004
USA,2020,1504.9719395870025,0.8520923052686885,0.7354726270695496,0.0019791211665529823,0.024461881334245445,4.551700569699302
USA,2021,1616.1861807464825,0.9757113351560824,0.776432514949913,0.0020022080245245535,0.002106557258755753,4.378345488775362
USA,2022,1596.9739318876261,0.9162073168421477,0.7601720899116974,0.0018926642123174384,0.0019966675139104976,4.570663744111665
USA,2023,1480.0419118871575,0.7463364819782417,0.6939572397925944,0.001514689207429314,0.0017558276661007708,4.677136640477847
USA,2024,1484.5424563079293,0.72143930394143,0.6950161343077887,0.001458868564260351,0.0017591495247051149,4.729343954093066
USA,2025,1547.9025799433045,0.81312410961594,0.7223546700692028,0.001610378807765326,0.0018266076206468385,4.838130879670355
UZB,2000,20.035912267477634,0.09638544034658297,0.029191908454605814,0.00011257148765782695,7.5070604550803e-05,0.10383501656652244
UZB,2001,19.846825509668633,0.09101245270892461,0.028062093985186144,0.00011283740268119846,7.268065462874156e-05,0.10318511211001541
UZB,2002,19.79452397830964,0.09178170620782317,0.027274162476558166,0.00011069200943071493,7.270243493516042e-05,0.09978879333190584
UZB,2003,18.79245277109269,0.09145633683445778,0.025390917662600737,0.00010063570727749994,7.030499875746224e-05,0.09446344430895769
UZB,2004,19.687367630700695,0.08451380100377169,0.024457420910231027,9.4130039080091e-05,6.782473172880089e-05,0.0980303978557521
UZB,2005,17.438721693675753,0.07374166002212171,0.020851929041336828,7.703451511007018e-05,5.894419342477572e-05,0.08530354380880327
UZB,2006,19.752813114665777,0.0726499947386249,0.022204519657271708,7.142831033208317e-05,6.062655153402261e-05,0.09728136209313039
UZB,2007,19.04709427539084,0.05707304695325503,0.01991175522366161,5.2000175884600365e-05,5.1352843441187124e-05,0.09172486844155119
UZB,2008,19.771943810956884,0.0585827275431665,0.019634747356422944,4.030264330045275e-05,5.158113987614805e-05,0.09462268051532623
UZB,2009,18.68827263431992,0.0515259895905625,0.017576979558199656,3.0195783977209484e-05,4.6345696927985826e-05,0.08822873257958781
UZB,2010,18.309446564161938,0.0418992228187346,0.01616254184025341,2.3204304381386236e-05,4.1212997497879155e-05,0.08303391009020583
UZB,2011,19.625439376455954,0.041363478190838694,0.016899816032141635,1.861446344355035e-05,4.1594124482451896e-05,0.08991315788180965
UZB,2012,19.86794306706858,0.051050719127792396,0.017305169633158028,1.674294560274822e-05,4.48598191037529e-05,0.08940355391486399
UZB,2013,21.14502997762624,0.0565203440727446,0.018075654261582894,1.5131418532124496e-05,4.76761440732092e-05,0.09479399505685542
UZB,2014,21.571486586579795,0.05826596478077564,0.018454006964747815,1.415325041329489e-05,4.793089912549763e-05,0.09701645740149173
UZB,2015,21.106966315357003,0.038565811426102825,0.0167748556942835,1.0710316807597382e-05,3.9440606586779404e-05,0.09525375619921182
UZB,2016,21.693728230468,0.03967352467483837,0.017135970651411148,1.1000162493935277e-05,4.057763045086479e-05,0.09486572510241556
UZB,2017,22.524342980654684,0.052749376757835406,0.018319556243456554,1.3137449798408765e-05,4.640794199186165e-05,0.09641840477563406
UZB,2018,59.16734786781076,0.05771177958662153,0.04362794564141313,2.4274575298106152e-05,9.264438387078652e-05,0.2471902483310928
UZB,2019,58.480797876273364,0.0830214008927728,0.04472364644845403,3.2283930678469243e-05,0.0001014804958920848,0.23613993216549992
UZB,2020,61.873919543799815,0.07680934651450597,0.046648783666999434,2.9364902529485672e-05,0.00010102545453280621,0.24038382447268006
UZB,2021,67.86651612023769,0.09930800599277137,0.054603331675478525,5.495938697867492e-05,0.00011792547200104191,0.257387212448915
UZB,2022,68.9200487546085,0.09885122994980328,0.05581347937713186,5.6488105499022873e-05,0.00011890141175922666,0.2681785054636633
UZB,2023,71.29073835670928,0.1217032953202252,0.05914023578062128,6.179634668140787e-05,0.00012922539225237604,0.2789136600324109
UZB,2024,70.56898815919342,0.12170053711673746,0.05864878537328409,6.171011653026514e-05,0.00012837213300137583,0.27609783818304623
UZB,2025,72.01248855422514,0.12170605352371293,0.05963168618795847,6.188257683255061e-05,0.00013007865150337628,0.28172948188177566
VCT,2000,0.06009247812499413,0.00084122218687437,0.00021844244997864103,1.473621708517643e-06,5.528047946327521e-07,0.00038808993274628504
VCT,2001,0.060092478124994124,0.0008283480684896801,0.000218953857886816,1.4459249893433362e-06,5.424488705211113e-07,0.000383704197640616
VCT,2002,0.060092478124994124,0.000529394059594256,0.000644572765876008,8.027706402061487e-07,3.019706539554977e-07,0.0003702842054128
VCT,2003,0.07211097374999294,0.000655281683724879,0.000798656581308654,1.0063707024453016e-06,3.784598473083805e-07,0.000461990538893808
VCT,2004,0.07211097374999294,0.000667490880309867,0.000776548887105033,1.03263694290187e-06,3.882809091879111e-07,0.000463457844252504
VCT,2005,0.08412946937499177,0.000787203849324178,0.0009713257041802931,1.2229531682485283e-06,4.598032179831248e-07,0.000534949497582665
VCT,2006,0.08412946937499177,0.000782581878613546,0.001019268182296298,1.225417052522285e-06,4.733986820667623e-07,0.000520697743352039
VCT,2007,0.0961479649999906,0.000889720936267476,0.001195234765453956,1.3912263545010363e-06,5.383564050921064e-07,0.0005568069556020959
VCT,2008,0.0961479649999906,0.00090202461131022,0.00116482208771496,1.4176505124351956e-06,5.48190199243474e-07,0.0005604031531512
VCT,2009,0.0961479649999906,0.0009094906059269519,0.001692149053978596,1.4319319614559633e-06,5.517112914040863e-07,0.000560486564970384
VCT,2010,0.0961479649999906,0.0009263888223141359,0.00141611968669338,1.469394467047617e-06,5.668510757822999e-07,0.0005395006178608439
VCT,2011,0.08412946937499177,0.000688972336598392,0.001272135517411539,1.0088594655734553e-06,3.980777458287731e-07,0.000453558312250472
VCT,2012,0.0961479649999906,0.0008478102613266959,0.001772345558384088,1.2490769765215762e-06,4.849061072987931e-07,0.000517845878411136
VCT,2013,0.0961479649999906,0.00084148922283192,0.0016263270317966518,1.2141556738909378e-06,4.745758482006741e-07,0.000497276184550104
VCT,2014,0.10816646062498941,0.0009168283652381751,0.002041496682313257,1.277803906201965e-06,4.984794161764259e-07,0.000549599848793138
VCT,2015,0.10816646062498941,0.0009278333461492681,0.002039214660538666,1.2767450242410608e-06,5.006149837324303e-07,0.000533438085105471
VCT,2016,0.10816646062498941,0.00092536026315649,0.0020165161773956783,1.2508782172074896e-06,4.9332081507753e-07,0.00052989031004756
VCT,2017,0.10816646062498941,0.000907225721039404,0.001978157440114037,1.1966641546783956e-06,4.762401497827315e-07,0.000511132340220775
VCT,2018,0.10816646062498941,0.0009228816188586541,0.001972493350113832,1.2014590365046954e-06,4.767608235461787e-07,0.000495633705731086
VCT,2019,0.10816646062498941,0.0009018368709616501,0.001931128818715954,1.140171687700202e-06,4.5337000253063697e-07,0.00047893213222041203
VCT,2020,0.10816646062498941,0.0008822419014608681,0.0018911062271699522,1.0814863533045825e-06,4.2921519425025055e-07,0.000463012635135115
VCT,2021,0.0961479649999906,0.000788453808330372,0.0016852994565802078,9.686058183503346e-07,3.8373896094578635e-07,0.00039041312963388
VCT,2022,0.10816646062498941,0.00088753151789783,0.001896900665713235,1.0899613454731643e-06,4.306403186514352e-07,0.00043700035016034803
VCT,2023,0.10816646062498941,0.000913865713278583,0.0019210432868303822,1.135813753793159e-06,4.4713463268388363e-07,0.00041993603814422003
VCT,2024,0.10816646062498941,0.000913865713278583,0.0019210432868303822,1.135813753793159e-06,4.4713463268388363e-07,0.00041993603814422003
VEN,2000,15.17273619068119,0.06590545712214003,0.04044284271233686,0.00010942744491875274,5.12931011983108e-05,0.08509915433496017
VEN,2001,21.12099207860839,0.08946818452580729,0.058131872750122174,0.00014560837446402197,6.84934816826409e-05,0.11827248510394829
VEN,2002,23.278849564484304,0.1220164194114294,0.06916827955795021,0.00020076965645603832,8.847324867924598e-05,0.12864873819004985
VEN,2003,23.4968814169263,0.15167957572235294,0.07531187594493402,0.00025307289329742455,0.0001059057367967575,0.13521928772648248
VEN,2004,21.347886916426134,0.10789945185467713,0.06693821115754155,0.00017068848033758522,7.507096081869138e-05,0.12113974141926036
VEN,2005,21.003947923199206,0.11571511648603139,0.0687282770540811,0.00018288923218330404,7.828393279986356e-05,0.11935883674134012
VEN,2006,22.795285704112327,0.1265064480635437,0.0759535085202128,0.00019792160223898393,8.420747377403674e-05,0.12903001932696698
VEN,2007,23.189093728816253,0.11175409689251277,0.08299365529888592,0.00017554315274053697,7.823752773842286e-05,0.12363788934168021
VEN,2008,23.868607828438797,0.10862282724883768,0.09350093262246845,0.0001629064618386745,7.300942848109867e-05,0.12858859229806788
VEN,2009,24.77569099228628,0.10089431366094397,0.10683232538484665,0.00014326428807046558,6.602037985618455e-05,0.13279241438395178
VEN,2010,27.653889028302466,0.11076641941142983,0.13330835171873687,0.00015123365776153192,6.943908475099065e-05,0.1430291087739057
VEN,2011,26.016494712504343,0.09982130986981111,0.12793729302300705,0.00012715010167283646,5.887252698945366e-05,0.1324358011738322
VEN,2012,31.299526143007313,0.09334189432884872,0.15648056772487762,9.8111992367047e-05,5.090514930784841e-05,0.15813812971505187
VEN,2013,31.023202799380556,0.08839466744899686,0.14307825111623712,9.212381958207869e-05,4.95801789047707e-05,0.15278208187219516
VEN,2014,30.69167613741576,0.07706453431350253,0.14442550858459666,6.96309398588073e-05,4.11055690560059e-05,0.15005314225046093
VEN,2015,37.26987885523271,0.0823924707302746,0.16774991194454175,7.00445618960234e-05,4.64865183464476e-05,0.17796114133642818
VEN,2016,34.84828393662481,0.07441000311427928,0.15429088293512674,6.5762288334926e-05,4.42971685305001e-05,0.1628924927407745
VEN,2017,32.515263111460946,0.07150354411758124,0.14423797592244372,6.471158074590804e-05,4.1981360071024256e-05,0.14809199438506554
VEN,2018,31.24640102141067,0.06871106676406863,0.13767249466077702,6.218529056233082e-05,4.0305243508801855e-05,0.13712561649776334
VEN,2019,26.675329055446767,0.058632148291426336,0.11670647412868218,5.305274499685145e-05,3.436562656059282e-05,0.1129946360503605
VEN,2020,13.222421888691942,0.02826855149922532,0.05731591246589228,2.873833148233331e-05,1.880532245308988e-05,0.053657297151539315
VEN,2021,12.566754521619446,0.02216883020149515,0.04976342210457093,1.9769739899735606e-05,1.5582740821228426e-05,0.04901624703105406
VEN,2022,13.038837360084177,0.022989635341386545,0.05080511201270296,2.00590620586837e-05,1.5909439745966996e-05,0.05147876360416013
VEN,2023,4.950122110291424,0.011467295696691677,0.02124940634643745,1.0136718128726135e-05,6.27673616778171e-06,0.019263038494196465
VEN,2024,5.082642646340049,0.012310627546140063,0.02225467044353384,1.085527296715783e-05,6.4638012370629904e-06,0.01977642428402263
VGB,2000,0.08412946937499177,0.0011777110616241078,0.00029391908669436503,2.063070391924665e-06,7.73926712485782e-07,0.000543325905844799
VGB,2001,0.0961479649999906,0.0013253569095834838,0.000342079571514792,2.313479982949286e-06,8.67918192833788e-07,0.000613926716224992
VGB,2002,0.10816646062498941,0.0009529093072696541,0.0011238188294670401,1.4449871523712689e-06,5.435471771201605e-07,0.00066651156974304
VGB,2003,0.10816646062498941,0.000982922525587324,0.001178488511030502,1.509556053667405e-06,5.676897709628957e-07,0.0006929858083407001
VGB,2004,0.12018495624998825,0.001112484800516445,0.001316191682446365,1.7210615715030732e-06,6.471348486466561e-07,0.00077242974042084
VGB,2005,0.13220345187498705,0.00123703462036656,0.0014886472857642721,1.921783550104571e-06,7.22547913973224e-07,0.0008406349247727681
VGB,2006,0.13220345187498705,0.001229771523535565,0.001572082639044877,1.925655368249329e-06,7.43912214676311e-07,0.0008182393109817661
VGB,2007,0.14422194749998588,0.001334581404401196,0.001751077145267298,2.0868395317514504e-06,8.075346076380422e-07,0.000835210433403144
VGB,2008,0.14422194749998588,0.0013530369169653298,0.001739957252890338,2.1264757686525276e-06,8.222852988652874e-07,0.0008406047297267999
VGB,2009,0.1562404431249847,0.001477922234631292,0.002029093454204336,2.326889437366082e-06,8.965308485312856e-07,0.000910790668076885
VGB,2010,0.15624044312498472,0.00150538183626046,0.00236450232375766,2.3877660089521304e-06,9.21132998146407e-07,0.00087668850402386
VGB,2011,0.1562404431249847,0.0012795200536827361,0.00261703144742776,1.873596150350598e-06,7.392872422534927e-07,0.000842322579893732
VGB,2012,0.15624044312498472,0.00137769167465588,0.00259188575565198,2.029750086847309e-06,7.87972424360193e-07,0.0008414995524181001
VGB,2013,0.15624044312498472,0.0013674199871018602,0.00293958020989464,1.973002970072698e-06,7.711857533262748e-07,0.0008080737998939201
VGB,2014,0.15624044312498472,0.0013243076386773602,0.00314290270691164,1.8457167534028009e-06,7.200258233664653e-07,0.0007938664482567601
VGB,2015,0.16825893874998354,0.0014432963162321758,0.0033808810146869935,1.9860478154861436e-06,7.787344191395951e-07,0.0008297925768307351
VGB,2016,0.16825893874998354,0.00143944929824344,0.0033432484533851697,1.9458105601003038e-06,7.673879345650997e-07,0.00082427381562955
VGB,2017,0.13220345187498705,0.00110883143682594,0.002576869618709854,1.4625895223845412e-06,5.820712941790833e-07,0.0006247173047142831
VGB,2018,0.13220345187498705,0.001127966423049456,0.002569491226503456,1.4684499335056846e-06,5.827076732235026e-07,0.00060577452922688
VGB,2019,0.13220345187498705,0.001102245064508704,0.002515607242301872,1.393543173855583e-06,5.541188919819996e-07,0.000585361494936064
VGB,2020,0.13220345187498705,0.001078295657341056,0.002463471351535264,1.3218166540387482e-06,5.245963485280838e-07,0.000565904331831808
VGB,2021,0.13220345187498705,0.001084123986454247,0.0024697966350035873,1.3318330002317903e-06,5.276410713004542e-07,0.0005368180532465891
VGB,2022,0.13220345187498705,0.001084760744097346,0.00247101954377561,1.3321749778006646e-06,5.263381672408843e-07,0.000534111539084874
VGB,2023,0.13220345187498705,0.0011169469828960562,0.0025024692077969092,1.3882168101917156e-06,5.464978843916779e-07,0.0005132551577318261
VIR,2000,0.8172577024999201,0.011440621741491425,0.003114707497281243,2.0041255235840157e-05,7.518145207006275e-06,0.005278023085349424
VIR,2001,0.8172577024999201,0.011265533731459599,0.003039665840435643,1.966457985506936e-05,7.377304639087437e-06,0.005218377087912453
VIR,2002,0.8172577024999201,0.007199759210481968,0.002108631970713944,1.0917680706805563e-05,4.1068008937963134e-06,0.005035865193614112
VIR,2003,0.8172577024999201,0.0074265257488819285,0.0021398997319977677,1.1405534627713457e-05,4.289211602830277e-06,0.005235892774129784
VIR,2004,0.8292761981249187,0.007676145123563491,0.00218272136995143,1.1875324843371399e-05,4.46523045566163e-06,0.0053297652089038345
VIR,2005,0.7691837199999246,0.0071972923366781585,0.0020234856641768687,1.1181286109700954e-05,4.203915135845599e-06,0.004890966835041551
VIR,2006,0.7691837199999246,0.00715503431875247,0.0019285205057429568,1.1203813051633944e-05,4.328216521754838e-06,0.004760665082075803
VIR,2007,0.7691837199999249,0.00711776749013974,0.001835525683403244,1.1129810836008687e-05,4.30685124073656e-06,0.004454455644816814
VIR,2008,0.7691837199999246,0.007216196890481797,0.001765939454658019,1.1341204099481531e-05,4.385521593948371e-06,0.004483225225209586
VIR,2009,0.7331282331249283,0.006934865870193008,0.001609369389297648,1.0918481206102447e-05,4.2067985969563575e-06,0.0042737100578992444
VIR,2010,0.7571652243749258,0.007295311975723776,0.0015940840150985278,1.1571481428000072e-05,4.463952221786734e-06,0.004248567365654112
VIR,2011,0.757165224374926,0.006200751029385519,0.00145283861126996,9.079735190162039e-06,3.5826997124583963e-06,0.004082024810254285
VIR,2012,0.6850542506249329,0.006040648111952739,0.001353897476272311,8.899673457717995e-06,3.454956014504604e-06,0.003689651883679323
VIR,2013,0.6489987637499365,0.005680052254115433,0.001268382086912152,8.195550798764312e-06,3.2033869753547285e-06,0.003356614245713268
VIR,2014,0.61294327687494,0.00519536073634963,0.001170658392321495,7.24088880181202e-06,2.8247166916680484e-06,0.0031143991431610753
VIR,2015,0.61294327687494,0.00525772229484579,0.001169349809278035,7.234888470700756e-06,2.836818241150861e-06,0.003022815815597655
VIR,2016,0.6009247812499412,0.005140890350869412,0.0011336605738157001,6.949323428931167e-06,2.7406711948747396e-06,0.002943835055819828
VIR,2017,0.46872132937495414,0.0039313114578374345,0.000867434695818761,5.1855446702732e-06,2.063707315725505e-06,0.002214906807623391
VIR,2018,0.480739824999953,0.004101696083816203,0.000887129185752702,5.339817940020961e-06,2.11893699353968e-06,0.002202816469915938
VIR,2019,0.5167953118749494,0.00430877616126126,0.00093366489254051,5.4474869523453676e-06,2.1661011232022764e-06,0.00228823129838641
VIR,2020,0.4927583206249517,0.004019101995543957,0.000871788447636057,4.92677116505458e-06,1.9553136626954873e-06,0.002109279782282211
VIR,2021,0.5047768162499506,0.0041393824937344,0.0008953446067240959,5.085180546339629e-06,2.0146295449648728e-06,0.002049668930577856
VIR,2022,0.5167953118749494,0.0042404283632896025,0.000917116216716546,5.20759309503885e-06,2.0575037446686137e-06,0.002087890561877208
VIR,2023,0.5167953118749494,0.00436624729677543,0.000928788725320104,5.426665712568571e-06,2.1363099117128357e-06,0.002006361071133474
VNM,2000,8.96824469357022,0.030412334772176024,0.03052717201250847,8.863769888427674e-05,7.887525986962745e-05,0.04672609519703786
VNM,2001,9.382632706960274,0.031507252317079286,0.0323599534971104,0.00010258435380713506,8.411267880089075e-05,0.048924477533820995
VNM,2002,12.198769721023657,0.038517576487433945,0.03777607322139213,0.00010160830863567239,0.00010815706089808082,0.058288536334928066
VNM,2003,15.99840681987929,0.04588058220580544,0.04182358255307038,9.468903767369006e-05,0.000140760735144025,0.07199437022208308
VNM,2004,16.69550407160513,0.041276598196719985,0.04079668081763788,6.691214256496631e-05,0.00012836947231652877,0.07349561582413083
VNM,2005,22.610380605197513,0.06313874938639615,0.056648177509694406,9.065795848385813e-05,0.00019015442460498073,0.09667067142672886
VNM,2006,24.370044837742384,0.06390769715855364,0.05862000446593264,8.450107454789016e-05,0.00020175842405239087,0.10360995560494952
VNM,2007,26.711069842002193,0.06471393935809297,0.06634043817711795,0.00011604442481810535,0.00021219832086317173,0.11436695275028673
VNM,2008,27.321186727750572,0.05475163769016679,0.06176684579070788,9.309076233916451e-05,0.00020606547128376309,0.11704417002408501
VNM,2009,29.650397611833558,0.05048142033129218,0.06407959106975225,0.00010346750797197322,0.00021510934680127683,0.12794717143573223
VNM,2010,36.41862394225171,0.056449578068605115,0.07756418818778961,0.00012715578702620687,0.0002696011885999457,0.15183309067898815
VNM,2011,36.32133793858269,0.06299947138495586,0.07486820150365768,0.0001138367696305143,0.0003132125679863541,0.14863641373654124
VNM,2012,37.28466458853295,0.06079863436263896,0.07469898708195435,0.00010799916876189749,0.0003161617892315441,0.15062064152313753
VNM,2013,40.830563475532315,0.06427958647230186,0.08006191871003801,0.00012423827086663426,0.0003349275534363742,0.16190268141110958
VNM,2014,51.741867312601855,0.0901289473206812,0.09505006693491364,0.00016734512231880122,0.0004508961523653549,0.19996163287104762
VNM,2015,69.32787032987483,0.13878955426336964,0.12111486112331976,0.00025813673130221525,0.0006716202937476994,0.25659784628655385
VNM,2016,82.85337082590404,0.1567039595867238,0.14165202214912698,0.0003139879916412131,0.0007728020089068806,0.301090338465104
VNM,2017,78.82169974554029,0.13967860250349465,0.11767332607184276,0.0002754398206694806,0.0006790531385494781,0.286344061557003
VNM,2018,100.31749561617299,0.18869195882016035,0.14779500415171565,0.00037183897122760993,0.0008160677734435374,0.3712324226920765
VNM,2019,127.5667627677923,0.2520652917714824,0.1850860895306324,0.00048796615183472166,0.0009863983749424405,0.48644646027672994
VNM,2020,126.16437727356875,0.2459223035615724,0.1717784721351066,0.0004966471708313124,0.0011713069168925105,0.4837619590848869
VNM,2021,117.3997402946724,0.22046869349645615,0.14732341511588729,0.0004479125159448137,0.0008414974748521319,0.4371777300525373
VNM,2022,107.31937354670849,0.19355100528087343,0.13589734545916088,0.0003815618034275015,0.0007330112378950087,0.4211444999419652
VNM,2023,129.2917221855666,0.23392535667697045,0.16141241687846639,0.00046706041941355666,0.0008826272589195644,0.5193049929667998
VNM,2024,146.43942326975096,0.2719427459667954,0.17604328007042805,0.0005400399743915222,0.0010301029764850384,0.5888657485177409
VNM,2025,142.0386452878572,0.26565554594287943,0.17013376816124728,0.0005274674407458386,0.0010050005929184518,0.5712886068277099
VUT,2000,0.036055486874996476,0.00042607878147939496,0.000513475022894865,6.917421243175864e-07,2.122941430973244e-07,0.00023285395964776998
VUT,2001,0.036055486874996476,0.00043243031422701505,0.000523696114174,7.062085717419426e-07,2.1816537266762758e-07,0.00023022251858437
VUT,2002,0.036055486874996476,0.00042737737923999,0.0005458744470453901,6.940447615774794e-07,2.124288765822438e-07,0.00022217052324768002
VUT,2003,0.036055486874996476,0.00042197039930196,0.0006536978068279,6.826023939412914e-07,2.0885049505489156e-07,0.00023099526944690002
VUT,2004,0.036055486874996476,0.00039101968026235,0.0007547281353887201,6.180271540887234e-07,1.898691076657964e-07,0.00023172892212624998
VUT,2005,0.036055486874996476,0.000380268328857065,0.000805602541818495,5.956489411030094e-07,1.833622297181623e-07,0.00022926407039257002
VUT,2006,0.036055486874996476,0.00038150052948342504,0.0008252152530405951,5.982732459282886e-07,1.8420486868444375e-07,0.0002231561757223
VUT,2007,0.036055486874996476,0.00038208318637825004,0.0006497668552835701,5.994872508702317e-07,1.8455952482903196e-07,0.00020880260835078501
VUT,2008,0.0480739824999953,0.000500087485278906,0.000856741753069776,7.79953354277857e-07,2.4059950923714814e-07,0.0002802015765756
VUT,2009,0.0480739824999953,0.0005046670214187659,0.0007502520963382019,7.917648318087797e-07,2.470792527111757e-07,0.000280243282485192
VUT,2010,0.0480739824999953,0.000498519618647376,0.000767356882163742,7.784052814518834e-07,2.4244103026090597e-07,0.00026975030893042196
VUT,2011,0.0480739824999953,0.000499522138997934,0.000754154865095802,7.42755985607542e-07,2.2303550281577333e-07,0.00025917617842883997
VUT,2012,0.0480739824999953,0.0005710466722478819,0.0006393642657100979,8.439058170799591e-07,2.426204818283682e-07,0.000258922939205568
VUT,2013,0.0480739824999953,0.000541267412574606,0.000663620837674524,7.549134007949278e-07,2.1265078293499e-07,0.000248638092275052
VUT,2014,0.0480739824999953,0.000523637275324278,0.0007450415337014701,6.952415085325605e-07,1.9197706046097386e-07,0.000244266599463618
VUT,2015,0.036055486874996476,0.00041285006550757,0.000550984681327325,5.328252556415605e-07,1.395331466512155e-07,0.000177812695035155
VUT,2016,0.0480739824999953,0.000571557626673744,0.0007444367010171119,8.115044409030982e-07,2.2247385824150434e-07,0.000235506804465582
VUT,2017,0.0480739824999953,0.000541615745859648,0.00070569815974536,8.39116398196784e-07,2.3939858930217557e-07,0.000227169928987014
VUT,2018,0.0480739824999953,0.000535196907184056,0.00068320939721679,8.570919350004976e-07,2.684539631852969e-07,0.00022028164699159202
VUT,2019,0.0480739824999953,0.000524430619472298,0.0006475270924407659,8.301726197150736e-07,2.547948100563483e-07,0.000212858725431294
VUT,2020,0.0480739824999953,0.00051834290816682,0.0005945009943300599,8.168762631648312e-07,2.5011373172046673e-07,0.000205783393393386
VUT,2021,0.0480739824999953,0.000492979429341216,0.000586161759127026,7.68362657337786e-07,2.4171973491940954e-07,0.00019520656481694
VUT,2022,0.0480739824999953,0.000493090782244404,0.000595264231610244,7.687823357765653e-07,2.421008065250109e-07,0.00019422237784904402
VUT,2023,0.0480739824999953,0.000493146970486368,0.000608306937004218,7.68892013984411e-07,2.4212266450384545e-07,0.000186638239175208
WSM,2000,0.036055486874996476,0.000426078781479396,0.0006686142477421401,6.917421243176834e-07,2.1229414309738883e-07,0.000232853959647772
WSM,2001,0.036055486874996476,0.00043243031422701505,0.00066988295875113,7.06208571741958e-07,2.1816537266768978e-07,0.00023022251858437
WSM,2002,0.036055486874996476,0.00042737737923999,0.0007025699191634251,6.940447615774374e-07,2.1242887658228783e-07,0.00022217052324768002
WSM,2003,0.036055486874996476,0.00042197039930196,0.00067679840685748,6.826023939413523e-07,2.0885049505480334e-07,0.00023099526944690002
WSM,2004,0.0480739824999953,0.000521359573683138,0.000842849385004926,8.240362054517316e-07,2.531588102209751e-07,0.000308971896168336
WSM,2005,0.0480739824999953,0.0005070244384760879,0.000873428834730828,7.941985881373629e-07,2.4448297295754974e-07,0.000305685427190094
WSM,2006,0.06009247812499413,0.0006358342158057051,0.001036285005628649,9.971220765473588e-07,3.070081144740644e-07,0.00037192695953716805
WSM,2007,0.06009247812499413,0.000636805310630412,0.001010880512029668,9.991454181170675e-07,3.075992080485005e-07,0.00034800434725130904
WSM,2008,0.0480739824999953,0.000500087485278906,0.000786269163535482,7.799533542779366e-07,2.4059950923707165e-07,0.0002802015765756
WSM,2009,0.060092478124994124,0.0006308337767734561,0.0009606105301669279,9.897060397611845e-07,3.0884906588900365e-07,0.000350304103106496
WSM,2010,0.06009247812499413,0.0006231495233092151,0.000935583565869281,9.730066018149716e-07,3.030512878261289e-07,0.00033718788616302303
WSM,2011,0.060092478124994124,0.000624402673747416,0.000859225095077568,9.284449820094555e-07,2.787943785196184e-07,0.00032397022303605596
WSM,2012,0.06009247812499413,0.0007138083403098481,0.0008880073871634071,1.0548822713499917e-06,3.032756022854291e-07,0.00032365367400695704
WSM,2013,0.07211097374999294,0.0008119011188619089,0.001124813889122625,1.1323701011924808e-06,3.1897617440237824e-07,0.000372957138412578
WSM,2014,0.08412946937499177,0.0009163652318174899,0.0013043511753365001,1.216672639932207e-06,3.3595985580663996e-07,0.0004274665490613301
WSM,2015,0.07211097374999294,0.000825700131015138,0.0011024160348080969,1.0656505112833772e-06,2.790662933023464e-07,0.000355625390070315
WSM,2016,0.08412946937499177,0.00100022584667905,0.0013032922891039302,1.4201327715803856e-06,3.893292519224526e-07,0.00041213690781477
WSM,2017,0.08412946937499177,0.0009478275552543821,0.001235472362894451,1.468453696844409e-06,4.189475312786651e-07,0.000397547375727271
WSM,2018,0.07211097374999294,0.000802795360776084,0.001025229493870335,1.2856379025008047e-06,4.026809447779918e-07,0.000330422470487388
WSM,2019,0.08412946937499177,0.00091775358407652,0.00113363173176566,1.452802084501426e-06,4.4589091759853066e-07,0.00037250276950477005
WSM,2020,0.08412946937499177,0.000907100089291935,0.001040798446283453,1.429533460538568e-06,4.37699030510981e-07,0.000360120938438426
WSM,2021,0.07211097374999294,0.0007394691440118239,0.0008795990308155299,1.1525439860068447e-06,3.625796023789897e-07,0.00029280984722541
WSM,2022,0.07211097374999294,0.0007396361733666059,0.000893258273933307,1.1531735036648787e-06,3.6315120978747855e-07,0.000291333566773566
WSM,2023,0.07211097374999294,0.000739720455729552,0.0009128302621176599,1.1533380209767525e-06,3.631839967557472e-07,0.000279957358762812
WSM,2024,0.07211097374999294,0.000739720455729552,0.0009128302621176599,1.1533380209767525e-06,3.631839967557472e-07,0.000279957358762812
XKX,2000,2.997374818107423,0.018153712668444004,0.008866197992438245,1.3955978458534357e-05,5.0590549609898684e-05,0.010538021921633495
XKX,2001,3.794833013839029,0.022473933865509513,0.010996363612955768,1.779433088323472e-05,6.252181643927847e-05,0.013486801808251321
XKX,2002,3.774385367794629,0.02192906905359178,0.010765769722740265,1.7939944887673413e-05,6.216959796220863e-05,0.012899505795687757
XKX,2003,3.6943894562198274,0.021456180333357673,0.010458077935897278,1.8344834888550837e-05,6.074847143079829e-05,0.012521700961302526
XKX,2004,4.09311855408563,0.023175496487563185,0.011365009057235021,2.0558382516959932e-05,6.557543569284093e-05,0.013825454389775858
XKX,2005,4.491847651951433,0.02582598579310295,0.012332529667510085,2.2830508293153132e-05,7.246892451590377e-05,0.015069999437238375
XKX,2006,4.471400005907033,0.024246371460001408,0.011962530547650514,2.3282723698661648e-05,7.095533361268156e-05,0.014956129993625127
XKX,2007,4.890576749817235,0.024527201843396046,0.01253420438112098,2.5736723076574987e-05,7.605565770480468e-05,0.016044817601987196
XKX,2008,5.24841055559424,0.023823896902825867,0.013040777489892123,2.8260695102375633e-05,8.231698305572285e-05,0.017449159704118113
XKX,2009,5.011467953480839,0.02029184815282276,0.011495598730439725,2.781898241615453e-05,7.93871117303631e-05,0.016923242374831574
XKX,2010,5.16482529881384,0.0178754748071763,0.010864288717082586,2.8668270421302766e-05,8.145669563383131e-05,0.017397933666254396
XKX,2011,5.880492910367846,0.019773021974900093,0.012365340278200212,3.2495864013629577e-05,9.279415285551878e-05,0.02059593636791316
XKX,2012,6.033850255700848,0.01885837961000014,0.012287518535675175,3.2637257128416384e-05,9.139399086724794e-05,0.021170814127305218
XKX,2013,6.596160521921852,0.018938090712412595,0.012127907127195097,3.403221100668859e-05,9.292629431230142e-05,0.022294706999171635
XKX,2014,5.461316166457642,0.015298866034535688,0.009045883737542003,2.6912322267895427e-05,7.300275658457925e-05,0.018306953960092232
XKX,2015,6.176983778011649,0.016592459756728666,0.009575221174508044,2.9243951448050298e-05,7.787177853878825e-05,0.020823913364199097
XKX,2016,5.921388202456647,0.0147477030624412,0.008683670727619115,2.7547366973723272e-05,7.0719532141278e-05,0.019808947122801998
XKX,2017,5.931612025478846,0.013640342095675117,0.008044733681808771,2.6725109206278212e-05,6.39719010911314e-05,0.020238656446250176
XKX,2018,5.798702326190247,0.013274320957144098,0.007554644170544775,2.5378078933701985e-05,5.5817836723854046e-05,0.02080249250225406
XKX,2019,6.238326716144849,0.014407730742388962,0.007865471608047892,2.6860142185128702e-05,5.542428822254257e-05,0.023477586684283184
XKX,2020,6.555265229833053,0.01456089364414834,0.007846441981256289,2.861045156518171e-05,6.864144758094859e-05,0.02505323808691104
XKX,2021,6.6677272830772525,0.013957156846692634,0.007584598653053771,2.7835341247298502e-05,5.224073902291544e-05,0.024768368726837294
XKX,2022,6.6677272830772525,0.013948330557896495,0.007700250316103961,2.7483629842011748e-05,5.1654177089917814e-05,0.026202819032538634
XKX,2023,5.727135565034845,0.011577932040899085,0.006535744774771708,2.3091181977282377e-05,4.318246987942134e-05,0.02308776435737366
XKX,2024,6.378224851423308,0.012883401433641075,0.007274717063670034,2.5672387157374215e-05,4.8085202607837515e-05,0.025712700346971363
XKX,2025,5.40675829712941,0.010935558212724454,0.006172123489758245,2.1821065142634017e-05,4.0770014092422905e-05,0.02179612918788907
YEM,2000,3.2295549836183484,0.04690999999999997,0.01732922602204188,8.27964208298142e-05,3.10600275363677e-05,0.02085714910584745
YEM,2001,3.4461311263674936,0.04774999999999976,0.019476474657503868,8.33795744051779e-05,3.126767991895773e-05,0.02200433432045831
YEM,2002,3.520465953988839,0.047139999999999814,0.020768005516557806,8.164379222959039e-05,3.060838149125836e-05,0.02169278051313026
YEM,2003,3.6780218440962433,0.04650999999999963,0.02302861329374376,7.939337878076209e-05,2.9750104826210993e-05,0.023563837866180055
YEM,2004,3.874794126464077,0.04784999999999985,0.02713917172123183,8.116628334569459e-05,3.04078724275e-05,0.02490333494870457
YEM,2005,4.066351626768794,0.04820999999999994,0.029329525117043745,8.085675141265348e-05,3.0280083343366298e-05,0.025856489716326005
YEM,2006,4.312580796696363,0.0509899999999996,0.03321442638404198,8.54527563641854e-05,3.2000378335074795e-05,0.02669161122191302
YEM,2007,4.942122829959204,0.0516799999999995,0.042410569533720924,8.337278724666601e-05,3.1179368607106204e-05,0.028620557566262396
YEM,2008,5.348269051855794,0.0571699999999996,0.04416860305182667,9.290298464880799e-05,3.4752528865969636e-05,0.03117264978578834
YEM,2009,5.608942200769295,0.05859,0.04677878753077635,9.44862344552444e-05,3.53350630677996e-05,0.032696862042029845
YEM,2010,6.1993372693558415,0.05734529534313173,0.04018437412117541,9.646385355544562e-05,3.7719965183621566e-05,0.03340041163441223
YEM,2011,5.308737948162343,0.05041343732799741,0.037246642713843876,8.251513628957279e-05,3.189635954716541e-05,0.02796940043312566
YEM,2012,5.854299832306468,0.046095697913077265,0.039220179840401555,7.26268785943945e-05,2.8830020268320937e-05,0.030384663525024416
YEM,2013,6.452754357480945,0.044336998523670845,0.04439780039739161,6.66600928997024e-05,2.6940340838656997e-05,0.0323917142961982
YEM,2014,5.784033447680046,0.036657586895130254,0.03692595078923136,5.455569819955781e-05,2.259214831521966e-05,0.02856915733779901
YEM,2015,4.2625587985197555,0.02642582178075286,0.026790574395640344,3.883209003821457e-05,1.6195404708117703e-05,0.020552223193715614
YEM,2016,3.544494755237398,0.02393405666637574,0.023147119656094298,3.527453944028625e-05,1.4318344927117892e-05,0.01691053410026707
YEM,2017,2.9965821639128007,0.02273244638659283,0.020654010570471153,3.361305304285092e-05,1.3195506534173585e-05,0.013946204107482338
YEM,2018,2.3918214129811632,0.020910836106810035,0.017684427679624144,3.0977110779378114e-05,1.1715416222872256e-05,0.010876826159277351
YEM,2019,2.2336895224941147,0.019370836106810185,0.01649705308962,2.8803677865938886e-05,1.0893864340311706e-05,0.00980814383128264
YEM,2020,1.9298579368957824,0.01587105287524242,0.013932400492582524,2.368544076198247e-05,9.053516354134922e-06,0.008152374562254733
YEM,2021,1.8701544399367052,0.013861610279782714,0.012941381056832055,2.0971677314165653e-05,8.225363584014363e-06,0.007481488997616537
YEM,2022,1.955769820636196,0.015231393511350298,0.01391669639691228,2.3358826925261283e-05,9.049155022158746e-06,0.00784506866706756
YEM,2023,3.6340463828150025,0.03436180512239945,0.028518181636523074,5.3329162856348365e-05,1.977004584431965e-05,0.014109277438938243
YEM,2024,3.6815379712538743,0.034815923848669994,0.028892971431221406,5.403389020293723e-05,2.0030688276126027e-05,0.014293654642176308
ZAF,2000,197.1328961114611,1.6695193999999807,0.6854232900332048,0.0014074481025956125,0.002611608953330487,0.6907348736529347
ZAF,2001,182.94526652004626,1.552493039999981,0.6374357845005733,0.0013089412196112967,0.0024288232029414936,0.6485401719171362
ZAF,2002,187.84120374276816,1.5933324799999993,0.6529300522534929,0.0013448792380650366,0.0024955084686970382,0.6403277117909676
ZAF,2003,209.326891453149,1.7673405999999783,0.7253722030719225,0.0014904812737237514,0.0027656822529013607,0.7053527097233492
ZAF,2004,225.82878101174276,1.8913544399999878,0.7754291973674453,0.0015960581659250097,0.002961586852459339,0.7587211243526328
ZAF,2005,220.9768060782302,1.8562722547863315,0.7612756467792283,0.0015661768302816972,0.002906179805180713,0.7378586198641452
ZAF,2006,224.9054824005671,1.8810620021874436,0.7705435875136626,0.0015881430243191474,0.0029469077409368196,0.7488288595387641
ZAF,2007,233.4591140424928,1.938291646283744,0.7979207311411172,0.002337012539328347,0.0032649562578357006,0.7653134311271654
ZAF,2008,266.2803685466752,2.1836274516172076,0.8950885636320141,0.0019299035615296767,0.003449360254582626,0.8825589392358433
ZAF,2009,247.15100427403698,2.0160651783174126,0.8262037905763324,0.0017310398591252206,0.003168149345055672,0.8332483151257033
ZAF,2010,259.57442378990714,2.145528104447721,0.8802907738363673,0.0019362672627494873,0.003402960796174481,0.8738664715144228
ZAF,2011,245.5100819806454,2.0360113493710097,0.8357819372779545,0.002049203066490871,0.0031459724087183247,0.8604471084076009
ZAF,2012,251.35042712319077,2.0912230365333495,0.8578064951509375,0.002716741030296177,0.0032779654486155096,0.8846366438537137
ZAF,2013,255.44271603714944,2.1139655357410154,0.8698815098494561,0.0036741855703854276,0.003458846695297557,0.8693119710399002
ZAF,2014,270.87538399336944,2.2180062836718126,0.911607736010019,0.0036920224349106232,0.003414329945526543,0.9138398934993516
ZAF,2015,244.6607831522603,2.0347124799999947,0.8211903661859776,0.004105869834041659,0.0032159879942311297,0.8297305782590052
ZAF,2016,249.5147201565428,2.075210843347179,0.8193168087935216,0.0011808125856452416,0.0021856943627938837,0.8339560147607162
ZAF,2017,237.89104507488116,1.9821019733887184,0.7664568574140838,0.0011085369600103037,0.001970670449618576,0.8111762653757578
ZAF,2018,244.36394223524735,2.0531912246680544,0.7787805386071097,0.0016880643803134944,0.00210046038519879,0.8771063194211031
ZAF,2019,269.2034800398436,2.2330998544369276,0.8275809705471108,0.0017527847406410039,0.002121212088761829,1.0134986750965815
ZAF,2020,259.77341191740294,2.185442110911408,0.7898477020876125,0.0017197369474002068,0.0019369792458219536,0.9931373146678011
ZAF,2021,251.67959162982228,2.0893126399999846,0.7440899741591136,0.002276303884805127,0.0018906732814071383,0.9354762827556689
ZAF,2022,240.7535180261729,1.9980330799999972,0.7007688886960677,0.0029896748644095126,0.0019135483224160766,0.9464141370550974
ZAF,2023,237.01011356631398,1.9665700039710796,0.677721415262509,0.0028929663462916914,0.0017022519241747932,0.9550570645470207
ZAF,2024,253.16412513831108,2.108679860029297,0.7244067565491901,0.0017745902793588533,0.001383747292198828,1.0204080523962316
ZAF,2025,241.85146074851187,2.014061183491943,0.6920125968720866,0.0017591856508554521,0.001343018231579872,0.9747985483454159
ZMB,2000,0.03426081427219774,0.000251936695773941,0.000290817365792582,1.377738409130082e-05,4.704956717808482e-06,0.000191059274246062
ZMB,2001,0.04627930989719656,0.000335259640733155,0.00041042430087903696,2.0633888308217813e-05,6.99770852512349e-06,0.000266465926607949
ZMB,2002,0.05650313291939665,0.000420550446588666,0.000456526737623926,2.0698263965687627e-05,7.117161628306981e-06,0.000291874050174884
ZMB,2003,0.05650313291939665,0.000420550446588666,0.00045415375639377205,2.0698263965687613e-05,7.117161628306994e-06,0.000299896128026316
ZMB,2004,0.04627930989719656,0.000335259640733155,0.00041249275124227697,2.063388830821783e-05,6.997708525123472e-06,0.00026607808906517597
ZMB,2005,0.05650313291939665,0.000420550446588666,0.000454223617127438,2.0698263965687627e-05,7.117161628306981e-06,0.000297534810546546
ZMB,2006,0.012018495624998824,7.915832373758e-05,0.000129080386794395,7.106995217969e-06,2.376528160838e-06,7.438539190743401e-05
ZMB,2007,0.012018495624998824,3.3534292310045e-05,0.000152340525018447,8.458108291115e-06,2.8581810340890003e-06,6.9600869450263e-05
ZMB,2008,0.012018495624998824,3.7701673590636004e-05,0.000151901999919351,9.600503569132e-06,3.176830518348e-06,7.005039414390001e-05
ZMB,2009,0.012018495624998824,3.7701673590636004e-05,0.000151902625057628,9.600503569132e-06,3.176830518348e-06,7.0060820621299e-05
ZMB,2010,0.012018495624998824,3.7701673590636004e-05,0.000151901999919351,9.600503569132e-06,3.176830518348e-06,6.7437577232605e-05
ZMB,2011,0.012018495624998824,5.148238326195e-05,0.000143871453590892,8.771339328688e-06,2.88618404798e-06,6.479404460721101e-05
ZMB,2012,0.012018495624998824,3.7701673590636004e-05,0.000151904658015054,9.600503569132e-06,3.10726046278e-06,6.4730734801392e-05
ZMB,2013,0.012018495624998824,3.7701673590636004e-05,0.000151904658015054,9.600503569132e-06,3.0556514803760005e-06,6.2159523068764e-05
ZMB,2014,0.32449938187496824,0.00466737507911908,0.0025514856310166647,3.939511853016432e-05,1.2492912739233762e-05,0.0016487995463794248
ZMB,2015,0.31248088624996945,0.004380052266266881,0.002366349896281,4.475415484664e-05,1.3956573160065424e-05,0.0015410433569713602
ZMB,2016,0.5506739483715765,0.006085345739516224,0.002236583085539001,3.9702610435699514e-05,1.445646994572046e-05,0.002252038240836131
ZMB,2017,1.6894898268169538,0.01808276769119418,0.0056032571148661135,3.848475001390201e-05,2.103342349043888e-05,0.00650345225461357
ZMB,2018,2.149723897634979,0.020534544658648006,0.004873486182434464,2.7359775599258382e-05,2.310358712216349e-05,0.008066951338017544
ZMB,2019,1.879694906411561,0.018726585237338132,0.004649345927522438,2.5225319136246147e-05,1.9903073639505212e-05,0.007349715699551564
ZMB,2020,1.9086477377213886,0.017740416216205018,0.0037435996905388048,2.112786792419974e-05,2.0305000778934273e-05,0.007408941475701546
ZMB,2021,1.2412161434863997,0.011033956209902095,0.002106076547924522,1.2056707644791707e-05,1.3032476784498978e-05,0.00464324187554924
ZMB,2022,1.8914072591070155,0.015778799083269648,0.002556666397496232,1.1909496631920734e-05,1.9031398039645767e-05,0.007432471176719113
ZMB,2023,1.882978108687614,0.015645919145149196,0.0025413050924485013,2.1381248886113054e-05,2.0844006325449972e-05,0.007589633044511357
ZMB,2024,2.2795884643125754,0.016890074373640183,0.002933067839416643,0.0003381978666674691,9.306870247368099e-05,0.009129398517706824
ZWE,2000,3.331715845229021,0.02516636760003217,0.013309076846393895,6.685526632335937e-05,5.086661953203998e-05,0.011851546299961827
ZWE,2001,4.328266483596233,0.03293689939938509,0.01690353200622662,4.4004154354238234e-05,5.237746910503608e-05,0.01541195645698207
ZWE,2002,4.1833382886826325,0.03188447219449141,0.01623233474635111,3.363775787819864e-05,4.777947586723818e-05,0.01429357633423177
ZWE,2003,3.028046287174023,0.0230641656531635,0.011812685587237326,2.6980381072011053e-05,3.542629222894255e-05,0.010239875063612118
ZWE,2004,3.6925947836170283,0.028137793309679558,0.014321465166931453,3.080984560654374e-05,4.2532105826192175e-05,0.012442943072054605
ZWE,2005,3.89707124406103,0.029698909511684295,0.015173426671767468,3.198814238639998e-05,4.471851000996135e-05,0.013047861986052777
ZWE,2006,2.254625082692414,0.017051215812525486,0.00805397317993288,4.1586030768835814e-05,3.325297694893894e-05,0.007609815827512773
ZWE,2007,1.8949966043126127,0.014359616595526328,0.0070014654996665105,2.9982422673949326e-05,2.6359259318183466e-05,0.006254175904751115
ZWE,2008,1.6087295596910105,0.012174053912719598,0.006046183794627155,2.833280718215058e-05,2.329829346090667e-05,0.005390402416377191
ZWE,2009,1.5455919489550112,0.011746073188627686,0.005727076305579394,1.8437729418053583e-05,1.9574861896616407e-05,0.005239748413937348
ZWE,2010,2.424840728864218,0.018458872857248735,0.010383159491671385,2.350440557143524e-05,2.897639988682364e-05,0.008182511142726829
ZWE,2011,3.3996932611788235,0.025793466543753155,0.008920473776145806,4.818449273603059e-05,4.355829819854246e-05,0.011962232002058048
ZWE,2012,3.184992977712622,0.024154294531648104,0.012621054772250955,4.694728111718061e-05,3.989308167673428e-05,0.011230989632063204
ZWE,2013,3.861559969780626,0.029265623861754696,0.015125268817944586,6.0377249220848245e-05,4.7979725321319833e-05,0.013125563882005104
ZWE,2014,3.86639977499443,0.029464742081383798,0.01514587236052594,3.18113978694215e-05,3.811556766620789e-05,0.012966694259538065
ZWE,2015,3.989085651260831,0.030401411802586726,0.015715809565303433,3.251837593733523e-05,3.830907004095755e-05,0.013454703600197801
ZWE,2016,3.461036199312024,0.026261801404354534,0.01361108116318988,4.853798176998747e-05,3.963091332387668e-05,0.0116234702266446
ZWE,2017,3.0009641633130206,0.02274928994984344,0.011794892416479153,4.588681401531098e-05,3.5677870042730424e-05,0.0102787376359647
ZWE,2018,3.655288836733826,0.02796077445377197,0.014403981277027932,2.2155194265072016e-05,3.395037097532592e-05,0.013141514097503837
ZWE,2019,4.811751373365528,0.03680918434829565,0.01896224277127605,2.8817134471795436e-05,4.508564437529326e-05,0.0181265793540403
ZWE,2020,2.438653897092016,0.018700243640619018,0.00961744000159871,1.513983448918911e-05,2.3099274485208922e-05,0.0093346831326424
ZWE,2021,2.1981219497730176,0.01678199917155309,0.008657695844985163,1.2666690383454214e-05,2.0458614839134164e-05,0.008163912324748048
ZWE,2022,2.5559557555500207,0.019513952525061544,0.010069009528988784,1.4728709748202598e-05,2.3536505907155784e-05,0.010043879968539192
ZWE,2023,4.075313936876462,0.031113794718960534,0.016056997140811262,2.3484020010409573e-05,3.718807986498811e-05,0.016430063349919255
ZWE,2024,4.093922676314254,0.03125586684096492,0.016130316762458803,2.3591252978493637e-05,3.735788844884651e-05,0.01650508647023852
