scenario,year,p5,p17,p50,p83,p95,P_pos
zero,2000,0.0,0.0,0.0,0.0,0.0,0.0
zero,2001,0.0,0.0,0.0,0.0,0.0,0.0
zero,2002,0.0,0.0,0.0,0.0,0.0,0.0
zero,2003,0.0,0.0,0.0,0.0,0.0,0.0
zero,2004,0.0,0.0,0.0,0.0,0.0,0.0
zero,2005,0.0,0.0,0.0,0.0,0.0,0.0
zero,2006,0.0,0.0,0.0,0.0,0.0,0.0
zero,2007,0.0,0.0,0.0,0.0,0.0,0.0
zero,2008,0.0,0.0,0.0,0.0,0.0,0.0
zero,2009,0.0,0.0,0.0,0.0,0.0,0.0
zero,2010,0.0,0.0,0.0,0.0,0.0,0.0
zero,2011,0.0,0.0,0.0,0.0,0.0,0.0
zero,2012,0.0,0.0,0.0,0.0,0.0,0.0
zero,2013,0.0,0.0,0.0,0.0,0.0,0.0
zero,2014,0.0,0.0,0.0,0.0,0.0,0.0
zero,2015,0.0,0.0,0.0,0.0,0.0,0.0
zero,2016,0.0,0.0,0.0,0.0,0.0,0.0
zero,2017,0.0,0.0,0.0,0.0,0.0,0.0
zero,2018,0.0,0.0,0.0,0.0,0.0,0.0
zero,2019,0.0,0.0,0.0,0.0,0.0,0.0
zero,2020,0.0,0.0,0.0,0.0,0.0,0.0
zero,2021,0.0,0.0,0.0,0.0,0.0,0.0
zero,2022,0.0,0.0,0.0,0.0,0.0,0.0
zero,2023,0.0,0.0,0.0,0.0,0.0,0.0
zero,2024,0.0,0.0,0.0,0.0,0.0,0.0
zero,2025,0.0,0.0,0.0,0.0,0.0,0.0
zero,2026,0.0,0.0,0.0,0.0,0.0,0.0
zero,2027,0.0,0.0,0.0,0.0,0.0,0.0
zero,2028,0.0,0.0,0.0,0.0,0.0,0.0
zero,2029,0.0,0.0,0.0,0.0,0.0,0.0
zero,2030,0.0,0.0,0.0,0.0,0.0,0.0
zero,2031,0.0,0.0,0.0,0.0,0.0,0.0
zero,2032,0.0,0.0,0.0,0.0,0.0,0.0
zero,2033,0.0,0.0,0.0,0.0,0.0,0.0
zero,2034,0.0,0.0,0.0,0.0,0.0,0.0
zero,2035,0.0,0.0,0.0,0.0,0.0,0.0
zero,2036,0.0,0.0,0.0,0.0,0.0,0.0
zero,2037,0.0,0.0,0.0,0.0,0.0,0.0
zero,2038,0.0,0.0,0.0,0.0,0.0,0.0
zero,2039,0.0,0.0,0.0,0.0,0.0,0.0
zero,2040,0.0,0.0,0.0,0.0,0.0,0.0
zero,2041,0.0,0.0,0.0,0.0,0.0,0.0
zero,2042,0.0,0.0,0.0,0.0,0.0,0.0
zero,2043,0.0,0.0,0.0,0.0,0.0,0.0
zero,2044,0.0,0.0,0.0,0.0,0.0,0.0
zero,2045,0.0,0.0,0.0,0.0,0.0,0.0
zero,2046,0.0,0.0,0.0,0.0,0.0,0.0
zero,2047,0.0,0.0,0.0,0.0,0.0,0.0
zero,2048,0.0,0.0,0.0,0.0,0.0,0.0
zero,2049,0.0,0.0,0.0,0.0,0.0,0.0
zero,2050,0.0,0.0,0.0,0.0,0.0,0.0
F1_CO2,2000,0.0,0.0,0.0,0.0,0.0,0.0
F1_CO2,2001,0.0,0.0,0.0,0.0,0.0,0.0
F1_CO2,2002,0.0,0.0,0.0,0.0,0.0,0.0
F1_CO2,2003,0.0,0.0,0.0,0.0,0.0,0.0
F1_CO2,2004,0.0,0.0,0.0,0.0,0.0,0.0
F1_CO2,2005,0.0,0.0,0.0,0.0,0.0,0.0
F1_CO2,2006,1.4453664789471077e-06,2.0806208794965642e-06,2.7040953227697173e-06,3.295791884738719e-06,3.752859811356757e-06,1.0
F1_CO2,2007,7.724943316134159e-06,1.0464288789080457e-05,1.2936365237692371e-05,1.537613316031638e-05,1.7297346857958473e-05,1.0
F1_CO2,2008,2.3170090571511537e-05,2.921581944974605e-05,3.521632243064232e-05,4.082239684066735e-05,4.566580901155248e-05,1.0
F1_CO2,2009,5.1534058002289385e-05,6.161416822578759e-05,7.333365647355095e-05,8.428746223216876e-05,9.373370266985148e-05,1.0
F1_CO2,2010,9.620579658076167e-05,0.00011130073689855636,0.00013152409519534558,0.0001498536963481456,0.00016612904437351972,1.0
F1_CO2,2011,0.00016154137847479433,0.0001834638969739899,0.00021502077288459986,0.00024498847778886557,0.0002700642799027264,1.0
F1_CO2,2012,0.0002526584139559418,0.0002824054274242371,0.0003302680270280689,0.0003751967858988792,0.000414017093135044,1.0
F1_CO2,2013,0.0003727322327904403,0.00041401818743906914,0.00048152566887438297,0.0005461805500090122,0.0006022058660164475,1.0
F1_CO2,2014,0.0005247224471531808,0.0005831497372128069,0.0006711516762152314,0.00076211120467633,0.0008350593270733953,1.0
F1_CO2,2015,0.0007087882258929312,0.0007851563626900315,0.0009022121666930616,0.0010226879734545945,0.0011193023528903723,1.0
F1_CO2,2016,0.0009203773224726319,0.001031286595389247,0.001180079416371882,0.001335964282043278,0.0014585312455892563,1.0
F1_CO2,2017,0.0011859905207529664,0.0013220775173977018,0.0015164194628596306,0.0017232796875759958,0.0018644575029611588,1.0
F1_CO2,2018,0.0015118352603167295,0.001678166096098721,0.001919403439387679,0.0021848916076123714,0.0023656897246837616,1.0
F1_CO2,2019,0.0018877664115279913,0.002095377165824175,0.0023905537091195583,0.002715545520186424,0.0029392598662525415,1.0
F1_CO2,2020,0.002307192189618945,0.002573528653010726,0.0029295349959284067,0.0033306872937828302,0.0035962979309260845,1.0
F1_CO2,2021,0.002795629436150193,0.003122770553454757,0.003560476703569293,0.0040464214049279685,0.004364033229649067,1.0
F1_CO2,2022,0.0033689355477690697,0.003782078763470054,0.0043074944987893105,0.004887235723435878,0.005279018543660641,1.0
F1_CO2,2023,0.004063030704855919,0.004546190425753593,0.005185854155570269,0.005888074077665805,0.00636093458160758,1.0
F1_CO2,2024,0.004861216060817242,0.005435336381196976,0.006207822822034359,0.007039765734225511,0.00761625450104475,1.0
F1_CO2,2025,0.0057913633063435555,0.006479047983884811,0.007399390917271376,0.008396856114268303,0.009087556041777134,1.0
F1_CO2,2026,0.006469877902418375,0.00729707283899188,0.008380713872611523,0.0095056788995862,0.010253144428133965,1.0
F1_CO2,2027,0.00677316403016448,0.007654132787138224,0.00881193857640028,0.010079174861311912,0.010897704400122166,1.0
F1_CO2,2028,0.006959761958569288,0.007837729156017303,0.009058044292032719,0.010384037159383297,0.01133456826210022,1.0
F1_CO2,2029,0.007013227790594101,0.007908366061747074,0.009183881804347038,0.010565333813428878,0.011532694101333618,1.0
F1_CO2,2030,0.007054983638226986,0.007928775437176228,0.009245965629816055,0.010689380764961242,0.01166757196187973,1.0
F1_CO2,2031,0.0070796264335513115,0.007980772480368614,0.009316558949649334,0.010788750648498534,0.011780615895986557,1.0
F1_CO2,2032,0.00710080424323678,0.008005934581160546,0.00937649980187416,0.010847644507884979,0.011908024549484253,1.0
F1_CO2,2033,0.007094255648553371,0.007991654425859451,0.009398054331541061,0.01088711153715849,0.012014264240860939,1.0
F1_CO2,2034,0.007113248575478792,0.007983752898871899,0.009404678829014301,0.010893702134490013,0.012104923836886883,1.0
F1_CO2,2035,0.007077277638018131,0.007938052527606487,0.009396487846970558,0.010895770229399204,0.012135191820561886,1.0
F1_CO2,2036,0.007071972358971834,0.007928729243576526,0.009377810172736645,0.010889888368546962,0.012137658894062042,1.0
F1_CO2,2037,0.007006992120295763,0.00789625383913517,0.009346825070679188,0.010868483409285545,0.012199075892567635,1.0
F1_CO2,2038,0.006932285148650408,0.007856308668851852,0.009317722171545029,0.01082336027175188,0.012195312418043613,1.0
F1_CO2,2039,0.006900807376950979,0.007811183948069811,0.009254193864762783,0.010793357342481612,0.012173555791378021,1.0
F1_CO2,2040,0.006825061980634928,0.007767669763416052,0.00919559970498085,0.010748961940407753,0.012152492068707943,1.0
F1_CO2,2041,0.006818498019129038,0.007720394618809223,0.009162409231066704,0.010707188956439495,0.012132768519222736,1.0
F1_CO2,2042,0.0067721023224294186,0.00765880299732089,0.009102870710194111,0.010657016932964324,0.012117582373321056,1.0
F1_CO2,2043,0.006701636593788862,0.007595478370785713,0.00905467290431261,0.010623499937355518,0.012088630348443985,1.0
F1_CO2,2044,0.006647710222750902,0.007536295242607594,0.009016728959977627,0.010575167834758759,0.012046447023749352,1.0
F1_CO2,2045,0.006580522283911705,0.007499618735164404,0.008972940035164356,0.010550717450678348,0.01201683934777975,1.0
F1_CO2,2046,0.006538309156894684,0.007444792427122593,0.008937136270105839,0.01054678987711668,0.012005473487079144,1.0
F1_CO2,2047,0.006474444642663002,0.007367652282118798,0.0088844308629632,0.010529439896345139,0.011965817771852016,1.0
F1_CO2,2048,0.006428983993828297,0.0073189763352274895,0.008834104053676128,0.010488632321357726,0.011915359646081924,1.0
F1_CO2,2049,0.006400625221431255,0.00725789749994874,0.008798017166554928,0.01049227826297283,0.011871468275785446,1.0
F1_CO2,2050,0.006351537071168423,0.007213781401515007,0.008755458518862724,0.01045924499630928,0.01187694352120161,1.0
F1_CO2aer,2000,0.0,0.0,0.0,0.0,0.0,0.0
F1_CO2aer,2001,0.0,0.0,0.0,0.0,0.0,0.0
F1_CO2aer,2002,0.0,0.0,0.0,0.0,0.0,0.0
F1_CO2aer,2003,0.0,0.0,0.0,0.0,0.0,0.0
F1_CO2aer,2004,0.0,0.0,0.0,0.0,0.0,0.0
F1_CO2aer,2005,0.0,0.0,0.0,0.0,0.0,0.0
F1_CO2aer,2006,-6.544640200445428e-05,-4.874135775025934e-05,-2.986149956996087e-05,-1.4678504339826765e-05,-8.085619811026845e-06,0.007134363852556481
F1_CO2aer,2007,-0.0002634726115502417,-0.00019704699516296387,-0.00012294761836528778,-6.384022126439961e-05,-3.32758754666429e-05,0.007134363852556481
F1_CO2aer,2008,-0.0005688999081030488,-0.00043034059344790874,-0.0002682422928046435,-0.0001409249205607921,-7.157857180573046e-05,0.009512485136741973
F1_CO2aer,2009,-0.0009250455186702311,-0.0007119317771866917,-0.0004406149673741311,-0.00023009092838037777,-0.00010407175432192162,0.01070154577883472
F1_CO2aer,2010,-0.001261307974345982,-0.0009917441522702575,-0.0006017725099809468,-0.0003018143819645051,-0.00012349594908300787,0.014268727705112961
F1_CO2aer,2011,-0.0016732040094211698,-0.0013099540956318378,-0.0007858441094867885,-0.0003809772548265757,-0.00013353406393434852,0.02140309155766944
F1_CO2aer,2012,-0.0021518347784876823,-0.001660731085576117,-0.0009830760536715388,-0.0004488796810619534,-0.00013214777573011816,0.03210463733650416
F1_CO2aer,2013,-0.0025812892708927393,-0.001961987791582942,-0.001130041666328907,-0.00048721451312303557,-8.703792991582304e-05,0.04042806183115339
F1_CO2aer,2014,-0.002999011892825365,-0.0022675319109112025,-0.00126204127445817,-0.0004926411609631039,-1.4990083400334697e-05,0.04994054696789536
F1_CO2aer,2015,-0.0034934694413095713,-0.002614600444212556,-0.0013964748941361904,-0.0004889606672804804,0.00011425216507632285,0.06064209274673008
F1_CO2aer,2016,-0.0039013135246932507,-0.0029123397544026375,-0.001488243811763823,-0.0004425768740475181,0.0002457295486237854,0.07966706302021404
F1_CO2aer,2017,-0.004314022604376078,-0.0031935488339513538,-0.0015865169698372483,-0.0003621593001298612,0.00040472359978593886,0.10939357907253269
F1_CO2aer,2018,-0.004928334150463343,-0.003593694977462292,-0.0017375185852870345,-0.0002822563925292345,0.0006409623310901225,0.13555291319857313
F1_CO2aer,2019,-0.005620965734124184,-0.004032883420586586,-0.0018852951470762491,-0.0001723161054542289,0.0009021471487358212,0.15219976218787157
F1_CO2aer,2020,-0.006236102432012558,-0.004416947159916162,-0.0019158931681886315,1.296341470151578e-05,0.0012276319321244955,0.1724137931034483
F1_CO2aer,2021,-0.006884966976940632,-0.004919352289289236,-0.0019400862511247396,0.0002619173726998269,0.0016735764220356941,0.1938168846611177
F1_CO2aer,2022,-0.007679004687815905,-0.005458683613687753,-0.0020440611988306046,0.0004990135901607572,0.002142043085768819,0.2235434007134364
F1_CO2aer,2023,-0.008163386955857277,-0.005635188333690166,-0.0018763858824968338,0.0009140268550254401,0.002735425252467394,0.27110582639714625
F1_CO2aer,2024,-0.008318629115819931,-0.005525020509958267,-0.001436825143173337,0.0015635785413905976,0.0035090201999992132,0.34720570749108204
F1_CO2aer,2025,-0.00853024236857891,-0.005532572045922279,-0.0010129553265869617,0.0022948629688471513,0.0043459744192659855,0.40665873959571935
F1_CO2aer,2026,-0.005765725392848253,-0.0030108102597296224,0.0009807448368519545,0.003927287086844442,0.005710324738174677,0.6040428061831153
F1_CO2aer,2027,-0.0016442204359918833,0.0008186933118849993,0.0036944395396858454,0.00591245200484991,0.00722624734044075,0.89179548156956
F1_CO2aer,2028,0.001185393426567316,0.003086015023291111,0.005211479961872101,0.006927570607513187,0.0081133171916008,0.9702734839476813
F1_CO2aer,2029,0.0028095662128180265,0.004307264182716608,0.0060309129767119884,0.007544982060790062,0.008819696493446827,0.9988109393579072
F1_CO2aer,2030,0.003767644055187702,0.005128871183842421,0.006570572964847088,0.008050503954291344,0.009209648706018925,1.0
F1_CO2aer,2031,0.004329696763306856,0.005610629823058844,0.0069428179413080215,0.00833072941750288,0.009545275010168552,1.0
F1_CO2aer,2032,0.00481185968965292,0.006015103776007891,0.007207070477306843,0.008620270900428294,0.00979705061763525,1.0
F1_CO2aer,2033,0.005204691085964441,0.006263126339763403,0.00742892874404788,0.008871229365468025,0.010014453902840614,1.0
F1_CO2aer,2034,0.005507838446646929,0.006452079396694899,0.007621919270604849,0.009037508815526962,0.010210833512246609,1.0
F1_CO2aer,2035,0.005690716207027435,0.006627849582582712,0.007784991059452295,0.009194139391183851,0.010359860956668854,1.0
F1_CO2aer,2036,0.005835536401718855,0.006727523542940617,0.007899926044046879,0.00929288063198328,0.010473420843482018,1.0
F1_CO2aer,2037,0.005961074959486723,0.006815479043871165,0.008007638156414032,0.009381254948675631,0.010554030537605286,1.0
F1_CO2aer,2038,0.006006733980029821,0.006886144634336233,0.00805705226957798,0.009422576613724231,0.010639685206115246,1.0
F1_CO2aer,2039,0.00606333464384079,0.006948094628751278,0.008105045184493065,0.009462631307542324,0.010730681009590626,1.0
F1_CO2aer,2040,0.006113056559115648,0.006981809064745903,0.008149594999849796,0.009511756896972656,0.010835704393684864,1.0
F1_CO2aer,2041,0.006143246311694384,0.006991500686854124,0.008169474080204964,0.009560657478868959,0.010880349203944206,1.0
F1_CO2aer,2042,0.006179410498589277,0.007010104600340128,0.008172471076250076,0.009594014473259449,0.010909970849752426,1.0
F1_CO2aer,2043,0.006162173580378294,0.0069880903698503975,0.008182471618056297,0.009588228538632393,0.0109001649543643,1.0
F1_CO2aer,2044,0.006168527994304895,0.006980427913367749,0.008194254711270332,0.009629110619425773,0.0109102176502347,1.0
F1_CO2aer,2045,0.006171226501464844,0.006962637975811958,0.008184714242815971,0.009613144397735595,0.010955922305583954,1.0
F1_CO2aer,2046,0.006153029389679432,0.006956854648888111,0.008191019296646118,0.009616169705986976,0.01098982896655798,1.0
F1_CO2aer,2047,0.00613878108561039,0.006916967034339905,0.00818728469312191,0.009608452767133712,0.011033475399017334,1.0
F1_CO2aer,2048,0.006153029389679432,0.006902770046144724,0.00816329475492239,0.009597240947186947,0.011064096353948116,1.0
F1_CO2aer,2049,0.006122766528278589,0.006903175637125969,0.008155854418873787,0.009605157747864723,0.011045621708035469,1.0
F1_CO2aer,2050,0.006105431821197271,0.006850359961390495,0.008142502047121525,0.009606824070215224,0.011042685247957706,1.0
F1_CO2aerNOx,2000,0.0,0.0,0.0,0.0,0.0,0.0
F1_CO2aerNOx,2001,0.0,0.0,0.0,0.0,0.0,0.0
F1_CO2aerNOx,2002,0.0,0.0,0.0,0.0,0.0,0.0
F1_CO2aerNOx,2003,0.0,0.0,0.0,0.0,0.0,0.0
F1_CO2aerNOx,2004,0.0,0.0,0.0,0.0,0.0,0.0
F1_CO2aerNOx,2005,0.0,0.0,0.0,0.0,0.0,0.0
F1_CO2aerNOx,2006,-6.329726602416486e-05,-4.5979781134519726e-05,-2.7687092369887978e-05,-1.3243775538285269e-05,-5.520795184565941e-06,0.01070154577883472
F1_CO2aerNOx,2007,-0.0002529543708078563,-0.00018896404071711004,-0.00011663627810776234,-5.6510294962208723e-05,-2.376355587330181e-05,0.01070154577883472
F1_CO2aerNOx,2008,-0.000550707511138171,-0.0004147692059632391,-0.00025816576089709997,-0.00012515884591266513,-5.2721337851835415e-05,0.013079667063020214
F1_CO2aerNOx,2009,-0.0008966499590314925,-0.000688876595813781,-0.00042591633973643184,-0.00020570629567373547,-7.609427848365158e-05,0.015457788347205707
F1_CO2aerNOx,2010,-0.001245472114533186,-0.0009609759086742997,-0.0005845171399414539,-0.00027898122207261635,-7.955405453685671e-05,0.023781212841854936
F1_CO2aerNOx,2011,-0.0016510208370164037,-0.001278197136707604,-0.0007679908885620534,-0.00034929902176372707,-8.815285400487483e-05,0.027348394768133173
F1_CO2aerNOx,2012,-0.0021234722808003426,-0.001639404403977096,-0.0009724251576699317,-0.0004213894542772327,-8.081695705186576e-05,0.034482758620689655
F1_CO2aerNOx,2013,-0.0025585650000721216,-0.0019443635363131761,-0.0011438964866101742,-0.00046434602118097313,-4.906965114059858e-05,0.04399524375743163
F1_CO2aerNOx,2014,-0.00304862461052835,-0.0022675810381770135,-0.0013073236914351583,-0.00048250195104628825,-8.05377567303367e-06,0.04994054696789536
F1_CO2aerNOx,2015,-0.003575441660359502,-0.0026406549382954835,-0.001480777282267809,-0.0005125215044245124,6.736440991517156e-05,0.06183115338882283
F1_CO2aerNOx,2016,-0.004034709185361862,-0.0029703509993851186,-0.001620474155060947,-0.00050055820029229,0.00018270530563313514,0.06658739595719382
F1_CO2aerNOx,2017,-0.0045331548899412155,-0.003326316038146615,-0.0017478003865107894,-0.0004265900643076748,0.0003121058107353747,0.09036860879904875
F1_CO2aerNOx,2018,-0.0052201952785253525,-0.0038197753485292195,-0.001941996393725276,-0.00038404625956900423,0.0004639043181668967,0.10582639714625446
F1_CO2aerNOx,2019,-0.005983029492199421,-0.00435116421431303,-0.002143316902220249,-0.0003358070563990624,0.0006812374340370297,0.11652794292508918
F1_CO2aerNOx,2020,-0.006657786201685667,-0.004809306096285581,-0.002254191320389509,-0.00020172282529529206,0.0009527147631160915,0.13793103448275862
F1_CO2aerNOx,2021,-0.007458115462213755,-0.005311562772840261,-0.002373136579990387,-3.910818377335208e-05,0.0012739773374050856,0.16646848989298454
F1_CO2aerNOx,2022,-0.008350408636033535,-0.005928109120577574,-0.002526102354750037,0.0001517186086857683,0.0017252358375117183,0.18906064209274673
F1_CO2aerNOx,2023,-0.008888035081326962,-0.006236732378602028,-0.0024924841709434986,0.000538672553375362,0.0023125631269067526,0.22473246135552913
F1_CO2aerNOx,2024,-0.00906621478497982,-0.006231330521404743,-0.0021106181666254997,0.0011532122036442157,0.00296935741789639,0.28180737217598095
F1_CO2aerNOx,2025,-0.00936680193990469,-0.006240626703947782,-0.0018290389562025666,0.0017787859309464685,0.0038621092680841684,0.33174791914387636
F1_CO2aerNOx,2026,-0.007085129152983427,-0.0041353473439812655,-0.0001477512123528868,0.003026545466855168,0.0048715295270085335,0.4839476813317479
F1_CO2aerNOx,2027,-0.003057383466511965,-0.0005810854490846394,0.002252382691949606,0.004465959686785936,0.005853604059666395,0.7752675386444708
F1_CO2aerNOx,2028,-0.0007041856297291815,0.0014119972242042423,0.0035774961579591036,0.0052696225233376005,0.006332828663289547,0.929845422116528
F1_CO2aerNOx,2029,0.0008570962236262858,0.0026379939168691634,0.00432357843965292,0.005794407241046428,0.006857004947960377,0.9702734839476813
F1_CO2aerNOx,2030,0.0018275388283655047,0.0033727527130395173,0.00483541376888752,0.006188869010657072,0.007250458933413029,0.9964328180737217
F1_CO2aerNOx,2031,0.002648744033649564,0.00392385022714734,0.00524517148733139,0.006555097736418247,0.007547104265540838,0.9988109393579072
F1_CO2aerNOx,2032,0.003105643205344677,0.004317700769752264,0.005522888153791428,0.006842866819351911,0.007790752686560154,0.9988109393579072
F1_CO2aerNOx,2033,0.0036224815994501114,0.004618589207530022,0.005790370982140303,0.007054602913558483,0.008009806275367737,1.0
F1_CO2aerNOx,2034,0.00396517151966691,0.004861344303935766,0.005979496985673904,0.007273687608540058,0.00818846095353365,1.0
F1_CO2aerNOx,2035,0.004253242630511522,0.0050711859948933125,0.00615768413990736,0.007421424333006143,0.0084533067420125,1.0
F1_CO2aerNOx,2036,0.004409231245517731,0.005284437723457813,0.006346205715090036,0.007567276433110236,0.008645446971058846,1.0
F1_CO2aerNOx,2037,0.004551328718662262,0.005440813302993774,0.006461791694164276,0.007690667826682329,0.008802487514913082,1.0
F1_CO2aerNOx,2038,0.004719552583992481,0.0055521241389215,0.006582692731171846,0.00782976597547531,0.008899210952222347,1.0
F1_CO2aerNOx,2039,0.004852720536291599,0.005662714876234531,0.006693631876260042,0.007945739291608333,0.008963391184806824,1.0
F1_CO2aerNOx,2040,0.004915227647870779,0.0057402878068387505,0.006807383149862289,0.00802458394318819,0.009062721394002438,1.0
F1_CO2aerNOx,2041,0.005014230962842703,0.005814333073794841,0.006884367670863867,0.008087017573416233,0.009121219627559185,1.0
F1_CO2aerNOx,2042,0.005077160894870758,0.005874810740351677,0.006937180645763874,0.008156322687864304,0.009215357713401318,1.0
F1_CO2aerNOx,2043,0.005115420091897249,0.005939569789916277,0.007001445163041353,0.008220373280346392,0.009346234612166882,1.0
F1_CO2aerNOx,2044,0.005141364876180887,0.0059939282946288586,0.007045738864690065,0.008285173214972017,0.009445545263588428,1.0
F1_CO2aerNOx,2045,0.005183077417314053,0.006019389349967241,0.007103205658495426,0.008370626531541346,0.009546966291964054,1.0
F1_CO2aerNOx,2046,0.005237627308815718,0.006034991797059774,0.007146856281906366,0.008445330522954464,0.009641225449740887,1.0
F1_CO2aerNOx,2047,0.005274204537272453,0.0060474960133433345,0.007180483546108007,0.008503933623433112,0.009723576717078686,1.0
F1_CO2aerNOx,2048,0.005241896025836468,0.006076440308243036,0.00721476785838604,0.008537954092025757,0.009764344431459904,1.0
F1_CO2aerNOx,2049,0.005277128424495459,0.006080344971269369,0.007245585788041353,0.008570409193634986,0.009815909899771214,1.0
F1_CO2aerNOx,2050,0.005271946080029011,0.006096247397363186,0.0072770435363054276,0.008601556345820428,0.009829901158809662,1.0
F1_full,2000,0.0,0.0,0.0,0.0,0.0,0.0
F1_full,2001,0.0,0.0,0.0,0.0,0.0,0.0
F1_full,2002,0.0,0.0,0.0,0.0,0.0,0.0
F1_full,2003,0.0,0.0,0.0,0.0,0.0,0.0
F1_full,2004,0.0,0.0,0.0,0.0,0.0,0.0
F1_full,2005,0.0,0.0,0.0,0.0,0.0,0.0
F1_full,2006,-6.180227501317859e-05,-4.463727527763694e-05,-2.648499867063947e-05,-1.2185950618004428e-05,-4.796280791197205e-06,0.015457788347205707
F1_full,2007,-0.00024595021386630833,-0.00018180881452281027,-0.00011032885231543332,-5.13381943164859e-05,-1.8388540411251597e-05,0.0178359096313912
F1_full,2008,-0.000530068704392761,-0.0003989798715338111,-0.00024338188813999295,-0.00011185963812749852,-3.800896956818178e-05,0.022592152199762187
F1_full,2009,-0.0008541831048205495,-0.0006519793649204075,-0.0003894199326168746,-0.00017254984413739302,-4.367563087726012e-05,0.026159334126040427
F1_full,2010,-0.0011724282521754503,-0.0008980553015135228,-0.0005276481388136744,-0.00021582441404461878,-3.137915700790472e-05,0.041617122473246136
F1_full,2011,-0.001539871795102954,-0.001164174173027277,-0.0006726247956976295,-0.00024418997927568904,6.555601885338547e-06,0.05112960760998811
F1_full,2012,-0.0019419122254475951,-0.0014680568128824234,-0.0008213120745494962,-0.0002640779246576135,7.493440352845937e-05,0.06420927467300833
F1_full,2013,-0.0023184276651591063,-0.0017150844912976026,-0.0009195202146656811,-0.0002396721334662291,0.00017281869077123702,0.08680142687277051
F1_full,2014,-0.0026959748938679695,-0.0019513688515871762,-0.0009931836975738406,-0.0001887163874926051,0.00031077416497282684,0.11652794292508918
F1_full,2015,-0.0030895592644810677,-0.002194479526951909,-0.0010574404150247574,-0.0001113508886191999,0.0004887838149443269,0.14625445897740785
F1_full,2016,-0.0034235408529639244,-0.0023741330485790965,-0.001068265177309513,3.525036590872248e-05,0.0007167421863414347,0.1807372175980975
F1_full,2017,-0.003763019572943449,-0.002577460603788495,-0.001046938356012106,0.00024972553364932537,0.0010351060191169381,0.23067776456599287
F1_full,2018,-0.0042362092062830925,-0.002870491612702608,-0.0010588564909994602,0.0004775822977535426,0.0014011372113600373,0.272294887039239
F1_full,2019,-0.0047344425693154335,-0.0031502007972449065,-0.0010177516378462315,0.0007527620764449236,0.0018114177510142326,0.30439952437574314
F1_full,2020,-0.00515773193910718,-0.0033413391094654797,-0.0008925739675760269,0.001123450277373194,0.002311084419488907,0.3388822829964328
F1_full,2021,-0.005587044171988964,-0.0035481597296893597,-0.0007322396850213408,0.0016300852410495276,0.0029304828494787216,0.38287752675386444
F1_full,2022,-0.006077596917748451,-0.0038074268493801353,-0.0005569346249103546,0.002194775594398379,0.003648496698588133,0.4221165279429251
F1_full,2023,-0.006310928147286177,-0.003720829077064991,-0.00012433253868948668,0.002946980250999331,0.0046479045413434505,0.49108204518430437
F1_full,2024,-0.006016880739480257,-0.0031545343343168494,0.0007137710927054286,0.0040415158495306965,0.00587266543880105,0.5719381688466112
F1_full,2025,-0.005813117604702711,-0.0026724586728960275,0.0015616343589499593,0.0052577186375856386,0.0072889626026153564,0.652794292508918
F1_full,2026,-0.0029061671812087297,-9.921059699990111e-06,0.0036159828305244446,0.007103342283517122,0.00877378135919571,0.8299643281807372
F1_full,2027,0.0011620359728112817,0.0036789494566619395,0.006330656819045544,0.008731587231159209,0.010110273957252502,0.9774078478002378
F1_full,2028,0.003857198404148221,0.005659370496869087,0.00764844985678792,0.009599899314343928,0.011131265200674534,0.9988109393579072
F1_full,2029,0.005300883669406176,0.006697549764066934,0.008359634317457676,0.010221265815198421,0.011740113608539104,1.0
F1_full,2030,0.006110949907451868,0.0073153599165380005,0.008836804889142513,0.010544903390109538,0.012151578441262245,1.0
F1_full,2031,0.006589293014258146,0.007784473337233067,0.009125364944338799,0.010883250273764133,0.012337405234575272,1.0
F1_full,2032,0.006936491001397371,0.008011629991233348,0.009338933043181896,0.011045104451477527,0.012518667615950108,1.0
F1_full,2033,0.007142539601773024,0.008172726444900035,0.009505053050816059,0.011182676628231998,0.012710964307188988,1.0
F1_full,2034,0.007277918513864279,0.008279845677316188,0.00962656456977129,0.011249956302344799,0.012818021699786186,1.0
F1_full,2035,0.007380744908004999,0.008367976173758507,0.00968195591121912,0.01136843916028738,0.012836110778152943,1.0
F1_full,2036,0.007437906228005886,0.008388394862413407,0.00970910768955946,0.011346766911447047,0.012945056892931461,1.0
F1_full,2037,0.007449622731655836,0.00840920526534319,0.00972712691873312,0.01135721169412136,0.012844850309193134,1.0
F1_full,2038,0.0074547999538481236,0.00837902370840311,0.009742086753249168,0.011341082863509655,0.01279324758797884,1.0
F1_full,2039,0.0074461475014686584,0.008353819698095321,0.009720681235194206,0.011369743756949902,0.012839323841035366,1.0
F1_full,2040,0.007430370431393385,0.00830861683934927,0.009660364128649235,0.011345180496573445,0.012865664437413216,1.0
F1_full,2041,0.007400119211524725,0.008268254436552524,0.009615964256227016,0.011300293542444705,0.012851061299443245,1.0
F1_full,2042,0.007352350279688835,0.008216137439012528,0.009574447758495808,0.01121858712285757,0.012824460864067078,1.0
F1_full,2043,0.007301974575966597,0.008159785531461239,0.009541078470647335,0.011155216582119465,0.012839914299547672,1.0
F1_full,2044,0.007247183937579393,0.008093179203569889,0.00949804112315178,0.011120088584721088,0.012803271412849426,1.0
F1_full,2045,0.007175761740654707,0.008028842322528363,0.009416438639163971,0.01107343304902315,0.012758968397974968,1.0
F1_full,2046,0.007113027386367321,0.007960424199700356,0.009369850158691406,0.01101697813719511,0.012706420384347439,1.0
F1_full,2047,0.00706885103136301,0.007896136492490768,0.009322472847998142,0.010946028493344783,0.012647990137338638,1.0
F1_full,2048,0.006981691811233759,0.007830695062875748,0.009257982484996319,0.010878264158964156,0.012537973932921886,1.0
F1_full,2049,0.006929150316864252,0.007769155688583851,0.009193451143801212,0.010825241729617118,0.012473320588469505,1.0
F1_full,2050,0.0068641360849142075,0.007704507745802403,0.0091334767639637,0.010791630484163761,0.012465192936360836,1.0
F1_SO2,2000,0.0,0.0,0.0,0.0,0.0,0.0
F1_SO2,2001,0.0,0.0,0.0,0.0,0.0,0.0
F1_SO2,2002,0.0,0.0,0.0,0.0,0.0,0.0
F1_SO2,2003,0.0,0.0,0.0,0.0,0.0,0.0
F1_SO2,2004,0.0,0.0,0.0,0.0,0.0,0.0
F1_SO2,2005,0.0,0.0,0.0,0.0,0.0,0.0
F1_SO2,2006,-6.875412509543821e-05,-5.147276460775174e-05,-3.2339121389668435e-05,-1.658490073168651e-05,-9.890934052236844e-06,0.0047562425683709865
F1_SO2,2007,-0.0002770016435533762,-0.00021104754123371094,-0.00013510111602954566,-7.339460134971888e-05,-4.264913877705112e-05,0.0047562425683709865
F1_SO2,2008,-0.0006129773682914674,-0.0004654037591535598,-0.00029895236366428435,-0.00017062836850527673,-9.843436419032514e-05,0.0047562425683709865
F1_SO2,2009,-0.0009999989997595549,-0.0007831683498807252,-0.000507930526509881,-0.0002899351238738746,-0.00016529482672922313,0.0047562425683709865
F1_SO2,2010,-0.0014145999448373914,-0.001124542043544352,-0.0007241739658638835,-0.0004133489157538861,-0.00023436150513589382,0.0047562425683709865
F1_SO2,2011,-0.0019066190579906106,-0.0015233529498800634,-0.0009803379653021693,-0.0005633332650177181,-0.0003149655240122229,0.0047562425683709865
F1_SO2,2012,-0.0024766779970377684,-0.001996636809781194,-0.001294759102165699,-0.0007399721071124078,-0.0004057095793541521,0.0047562425683709865
F1_SO2,2013,-0.0030497496481984854,-0.0024617638438940046,-0.001583532546646893,-0.00091430488973856,-0.0004897514590993524,0.0047562425683709865
F1_SO2,2014,-0.0036818599328398705,-0.0029727029614150524,-0.0018895446555688977,-0.0011019046884030105,-0.0005846489802934229,0.0047562425683709865
F1_SO2,2015,-0.004403616767376661,-0.0035487509332597254,-0.0022507819812744856,-0.0013110734056681395,-0.0006962537881918252,0.0047562425683709865
F1_SO2,2016,-0.005121274851262569,-0.00411464087665081,-0.0026136517990380526,-0.0015207299496978527,-0.000811682315543294,0.0047562425683709865
F1_SO2,2017,-0.005941777490079403,-0.004762580338865519,-0.00302195455878973,-0.0017493035877123476,-0.0009347980958409607,0.0047562425683709865
F1_SO2,2018,-0.007026991806924343,-0.005624915380030871,-0.0035538843367248774,-0.002043991768732667,-0.0010868851095438004,0.0035671819262782403
F1_SO2,2019,-0.008168293163180351,-0.006596217304468155,-0.0041564772836863995,-0.0023737549781799316,-0.0012679476058110595,0.0035671819262782403
F1_SO2,2020,-0.009337306022644043,-0.007552854064851999,-0.004722483456134796,-0.0026923676952719704,-0.0014454536139965057,0.0035671819262782403
F1_SO2,2021,-0.010636751540005207,-0.008626051247119904,-0.005407475866377354,-0.003049743780866267,-0.0016361213056370616,0.0035671819262782403
F1_SO2,2022,-0.012241561897099018,-0.009912283532321453,-0.006217638496309519,-0.003483807621523738,-0.0018738321959972382,0.0035671819262782403
F1_SO2,2023,-0.013671274296939373,-0.011071373149752617,-0.006923776585608721,-0.0038958485238254083,-0.0020902499090880156,0.0035671819262782403
F1_SO2,2024,-0.014946820214390755,-0.01204974837601185,-0.007501313462853432,-0.0042822344228625325,-0.002263578586280346,0.0035671819262782403
F1_SO2,2025,-0.016407661139965057,-0.01320071890950203,-0.008204647339880466,-0.004688677564263346,-0.0024759697262197733,0.0035671819262782403
F1_SO2,2026,-0.014644785784184933,-0.01154897566884756,-0.00722058629617095,-0.0040742414072156,-0.002181715564802289,0.0035671819262782403
F1_SO2,2027,-0.010795161128044128,-0.008070538006722926,-0.004948971793055534,-0.002678070263937117,-0.001395569066517055,0.0035671819262782403
F1_SO2,2028,-0.008191686123609543,-0.006051426939666271,-0.003676003310829401,-0.0019189250189810996,-0.0009805529844015837,0.0035671819262782403
F1_SO2,2029,-0.006853417027741671,-0.0049168231897056104,-0.0029204871971160173,-0.0015119643649086363,-0.0007916407193988562,0.0035671819262782403
F1_SO2,2030,-0.0060532791540026665,-0.004196842201054096,-0.0024569639936089516,-0.001255511562339962,-0.0006540520116686821,0.0035671819262782403
F1_SO2,2031,-0.0052132816053926945,-0.0036139420233666894,-0.002090440597385168,-0.0010381355183199054,-0.0005396613269113004,0.0035671819262782403
F1_SO2,2032,-0.004646047949790955,-0.003179060015827417,-0.0018408450996503234,-0.0008948693634010852,-0.0004675551026593894,0.0035671819262782403
F1_SO2,2033,-0.0041633606888353825,-0.002802559547126293,-0.0016266879392787814,-0.0007643612567335367,-0.00039656582521274686,0.0035671819262782403
F1_SO2,2034,-0.003794571151956916,-0.0025376305449754,-0.0014636078849434853,-0.0006865565432235599,-0.0003488458169158548,0.0035671819262782403
F1_SO2,2035,-0.003419098211452365,-0.0022752264980226756,-0.0013436039444059134,-0.0006183940568007531,-0.0003104283823631704,0.0035671819262782403
F1_SO2,2036,-0.0031347039621323347,-0.0020899637136608364,-0.0012158181052654982,-0.0005517744575627148,-0.00027107991627417505,0.0035671819262782403
F1_SO2,2037,-0.0029023848474025726,-0.0019291876116767526,-0.0010882236529141665,-0.0004949478199705484,-0.00023761458578519523,0.0035671819262782403
F1_SO2,2038,-0.0027369309682399035,-0.0018052382860332726,-0.0009973278502002358,-0.0004520516260527076,-0.000207703749765642,0.0035671819262782403
F1_SO2,2039,-0.002553299767896533,-0.0016880083829164505,-0.0009253506432287395,-0.0004151947679929437,-0.00019037252059206367,0.0035671819262782403
F1_SO2,2040,-0.002400321187451482,-0.0015869262162595986,-0.0008616779232397676,-0.000387107353890315,-0.00016651248733978719,0.0035671819262782403
F1_SO2,2041,-0.0022822823375463486,-0.0014799145516008138,-0.0007956178160384297,-0.0003552749927621335,-0.0001544920523883775,0.0035671819262782403
F1_SO2,2042,-0.0021756128408014774,-0.0013904039515182376,-0.000737993570510298,-0.0003315315349027516,-0.00014410767471417785,0.0035671819262782403
F1_SO2,2043,-0.00204210402444005,-0.0013132554246112703,-0.0006932711112312973,-0.00030239942134357994,-0.00013291306095197797,0.0035671819262782403
F1_SO2,2044,-0.0019265987211838365,-0.001246822252869606,-0.0006544085335917771,-0.00028042868943884975,-0.00011994985106866807,0.0035671819262782403
F1_SO2,2045,-0.0018301851814612746,-0.001189393037930131,-0.0006213912274688482,-0.0002635160693898798,-0.00011394096509320661,0.0035671819262782403
F1_SO2,2046,-0.001759122940711677,-0.0011350296903401612,-0.0005833928589709103,-0.00025059047038666915,-0.00010723590821726248,0.0035671819262782403
F1_SO2,2047,-0.001684372080489993,-0.001082597067579627,-0.0005632309475913644,-0.00023832096776459376,-0.00010241686686640605,0.0035671819262782403
F1_SO2,2048,-0.0016121702501550317,-0.001043167570605874,-0.0005304606165736914,-0.00022473537828773265,-0.00010061652574222535,0.0035671819262782403
F1_SO2,2049,-0.0015506299678236246,-0.0009919574484229087,-0.0005060571129433811,-0.00020993980870116509,-9.577232412993908e-05,0.0035671819262782403
F1_SO2,2050,-0.0015031342627480626,-0.0009567490778863429,-0.00048115922254510224,-0.00020035167399328204,-9.125502401730046e-05,0.0035671819262782403
F1_BC,2000,0.0,0.0,0.0,0.0,0.0,0.0
F1_BC,2001,0.0,0.0,0.0,0.0,0.0,0.0
F1_BC,2002,0.0,0.0,0.0,0.0,0.0,0.0
F1_BC,2003,0.0,0.0,0.0,0.0,0.0,0.0
F1_BC,2004,0.0,0.0,0.0,0.0,0.0,0.0
F1_BC,2005,0.0,0.0,0.0,0.0,0.0,0.0
F1_BC,2006,-7.678538054278761e-07,-3.5558084618969584e-07,1.4020976379924832e-07,3.1609257575837543e-07,4.3142119920958066e-07,0.633769322235434
F1_BC,2007,-3.062700443479116e-06,-1.417509338352829e-06,5.790557793261542e-07,1.2680753343374815e-06,1.7257879108001362e-06,0.633769322235434
F1_BC,2008,-8.122420695144683e-06,-3.7638915728166465e-06,1.5236098533932818e-06,3.2645189548929914e-06,4.409745997691061e-06,0.6325802615933412
F1_BC,2009,-1.541829806228634e-05,-7.3110398261633234e-06,2.8634531190618873e-06,6.03239977863268e-06,8.116028766380623e-06,0.6302021403091558
F1_BC,2010,-2.5800514777074568e-05,-1.211829494423e-05,4.774213721248088e-06,9.932876309903804e-06,1.3337687960301992e-05,0.6302021403091558
F1_BC,2011,-3.906224083038978e-05,-1.8228224871563724e-05,7.139183253457304e-06,1.4774479313928167e-05,1.994053127418738e-05,0.6302021403091558
F1_BC,2012,-5.4999029089231044e-05,-2.6089719176525248e-05,1.0065860806207638e-05,2.0884596233372572e-05,2.8363108867779374e-05,0.6302021403091558
F1_BC,2013,-7.988890865817666e-05,-3.8092722388682876e-05,1.4443771760852542e-05,3.0340261946548698e-05,4.104691470274702e-05,0.629013079667063
F1_BC,2014,-0.00010941757500404492,-5.191753443796187e-05,1.9616238205344416e-05,4.0519067260902376e-05,5.5061649618437514e-05,0.629013079667063
F1_BC,2015,-0.00014410747098736465,-6.905803020345047e-05,2.5433519112993963e-05,5.307550600264221e-05,7.194469799287617e-05,0.629013079667063
F1_BC,2016,-0.00018337987421546131,-8.860162051860242e-05,3.167091927025467e-05,6.61885700537823e-05,8.932741184253246e-05,0.629013079667063
F1_BC,2017,-0.00021621465566568077,-0.00010498391347937285,3.7090616388013586e-05,7.709900091867893e-05,0.00010411653784103692,0.6242568370986921
F1_BC,2018,-0.00025571274454705417,-0.00012520144518930463,4.34604226029478e-05,8.996744873002172e-05,0.00012203922960907221,0.6242568370986921
F1_BC,2019,-0.0002996026596520096,-0.0001475652155932039,5.07625809404999e-05,0.00010501056240173055,0.0001424844522261992,0.6230677764565993
F1_BC,2020,-0.0003387743199709803,-0.00016702264838386327,5.690635953214951e-05,0.00011760501511162146,0.0001595182402525097,0.6218787158145065
F1_BC,2021,-0.00038375958683900535,-0.0001863091660197824,6.306595605565235e-05,0.00013070039567537607,0.00017560116248205304,0.6206896551724138
F1_BC,2022,-0.00044077899656258523,-0.00021890093339607116,7.210844341898337e-05,0.00015000377316027875,0.00020151925855316222,0.619500594530321
F1_BC,2023,-0.0005040321848355234,-0.0002500345115549862,8.192655513994396e-05,0.00017117539537139236,0.00022915800218470395,0.619500594530321
F1_BC,2024,-0.0005681243492290378,-0.00027847065939567983,9.463434253120795e-05,0.00019733611552510407,0.00026297307340428233,0.6206896551724138
F1_BC,2025,-0.00066237902501598,-0.0003228468995075673,0.00011151516082463786,0.00023129835317376997,0.00031035777647048235,0.6206896551724138
F1_BC,2026,-0.0006083804764784873,-0.00029726017382927236,0.00010134750482393429,0.00021083347673993557,0.0002755028544925153,0.6206896551724138
F1_BC,2027,-0.00042409944580867887,-0.00020362990035209804,6.472974928328767e-05,0.00014457128418143836,0.00019776409317273647,0.6206896551724138
F1_BC,2028,-0.0003154127625748515,-0.00014581794093828648,4.623982749762945e-05,0.00010558663634583355,0.00014636073319707066,0.6206896551724138
F1_BC,2029,-0.0002681750920601189,-0.0001135740676545538,3.567616658983752e-05,8.256564033217726e-05,0.00011448612349340692,0.6206896551724138
F1_BC,2030,-0.00022088407422415912,-9.288601722801104e-05,2.8703105272143148e-05,6.886836199555546e-05,9.683923417469487e-05,0.6206896551724138
F1_BC,2031,-0.000194642212591134,-8.054199133766814e-05,2.484761535015423e-05,5.845090490765867e-05,8.217556023737416e-05,0.6206896551724138
F1_BC,2032,-0.00017293480050284415,-7.042584038572385e-05,2.090977068291977e-05,5.029614985687656e-05,7.349145016632974e-05,0.6206896551724138
F1_BC,2033,-0.00015515492123086005,-6.239212671061977e-05,1.812372101994697e-05,4.444702717592008e-05,6.55972835374996e-05,0.6206896551724138
F1_BC,2034,-0.00013491766003426164,-5.625737394439056e-05,1.6218595192185603e-05,4.0034524863585804e-05,5.988857810734771e-05,0.6206896551724138
F1_BC,2035,-0.00012599681213032454,-5.170076183276251e-05,1.4474551790044643e-05,3.646113909780978e-05,5.5015738325892016e-05,0.6206896551724138
F1_BC,2036,-0.0001154575584223494,-4.695312964031473e-05,1.3004082575207576e-05,3.282060351921245e-05,5.063323624199256e-05,0.6206896551724138
F1_BC,2037,-0.00010416046279715374,-4.246877142577432e-05,1.1631054803729057e-05,2.9580165210063567e-05,4.678256300394423e-05,0.6206896551724138
F1_BC,2038,-9.38515440793708e-05,-3.964665083913133e-05,1.0477400792296976e-05,2.689800858206581e-05,4.2541967559373006e-05,0.6206896551724138
F1_BC,2039,-8.834852633299306e-05,-3.6427059239940714e-05,9.469051292398944e-06,2.4995467174449005e-05,3.978103632107377e-05,0.6206896551724138
F1_BC,2040,-8.320499182445928e-05,-3.416615727473982e-05,8.58901967148995e-06,2.3108238019631236e-05,3.7456131394719705e-05,0.6206896551724138
F1_BC,2041,-7.736131374258548e-05,-3.19704158755485e-05,7.836117219994776e-06,2.1546527204918674e-05,3.5466473491396755e-05,0.6206896551724138
F1_BC,2042,-7.25049467291683e-05,-3.002551493409555e-05,7.20187381375581e-06,2.0285127538954827e-05,3.384220690350048e-05,0.6206896551724138
F1_BC,2043,-6.928168295416981e-05,-2.8255370853003115e-05,6.624891284445766e-06,1.918325106089469e-05,3.234947507735342e-05,0.6206896551724138
F1_BC,2044,-6.577849126188084e-05,-2.6016961055574938e-05,6.152338301035343e-06,1.7933551862370217e-05,3.0974675610195845e-05,0.6206896551724138
F1_BC,2045,-6.222906813491136e-05,-2.4763152032392094e-05,5.7166248552675825e-06,1.702716217550914e-05,2.9707547582802363e-05,0.6206896551724138
F1_BC,2046,-6.107695662649348e-05,-2.3447501371265388e-05,5.440426321001723e-06,1.609180944797117e-05,2.8219446903676726e-05,0.6206896551724138
F1_BC,2047,-5.9178688388783485e-05,-2.2437101506511677e-05,5.083200903754914e-06,1.5299889855668877e-05,2.6595556846586987e-05,0.6206896551724138
F1_BC,2048,-5.6659511756151915e-05,-2.1104669940541495e-05,4.866215022047982e-06,1.4620299771195274e-05,2.541001231293194e-05,0.6206896551724138
F1_BC,2049,-5.470698670251295e-05,-1.9969236745964736e-05,4.602747139870189e-06,1.4091863886278586e-05,2.462828706484288e-05,0.6206896551724138
F1_BC,2050,-5.3297579142963514e-05,-1.88991009054007e-05,4.4255743887333665e-06,1.3552394193538929e-05,2.3707154468866065e-05,0.6206896551724138
F1_OC,2000,0.0,0.0,0.0,0.0,0.0,0.0
F1_OC,2001,0.0,0.0,0.0,0.0,0.0,0.0
F1_OC,2002,0.0,0.0,0.0,0.0,0.0,0.0
F1_OC,2003,0.0,0.0,0.0,0.0,0.0,0.0
F1_OC,2004,0.0,0.0,0.0,0.0,0.0,0.0
F1_OC,2005,0.0,0.0,0.0,0.0,0.0,0.0
F1_OC,2006,-1.1090091902588028e-06,-4.6593636398029044e-07,-1.1728192816917726e-07,-5.6151912275481674e-08,-2.888605621365059e-08,0.0035671819262782403
F1_OC,2007,-4.392063601699192e-06,-1.8557227576820878e-06,-4.5087881517247297e-07,-2.264938558482755e-07,-1.1971026481205627e-07,0.0035671819262782403
F1_OC,2008,-1.1058519703510683e-05,-4.662471201299922e-06,-1.1043798622267786e-06,-5.684914071935055e-07,-3.0883376211932045e-07,0.0035671819262782403
F1_OC,2009,-2.15059317270061e-05,-9.159806722891517e-06,-2.120974613717408e-06,-1.096390110433277e-06,-6.020785576765775e-07,0.0035671819262782403
F1_OC,2010,-3.443286914261989e-05,-1.4943035785108804e-05,-3.4775271160469856e-06,-1.8081555936078087e-06,-9.855446023721015e-07,0.0035671819262782403
F1_OC,2011,-5.184554902371019e-05,-2.2551147048943675e-05,-5.2288733058958314e-06,-2.71497733592696e-06,-1.4852369076834293e-06,0.0035671819262782403
F1_OC,2012,-7.187868322944269e-05,-3.1535624293610455e-05,-7.399294645438204e-06,-3.828772059932817e-06,-2.076924147331738e-06,0.0035671819262782403
F1_OC,2013,-9.644682722864673e-05,-4.1736086859600616e-05,-9.701103408588096e-06,-5.077971945866011e-06,-2.716650669754017e-06,0.0035671819262782403
F1_OC,2014,-0.00012001996219623834,-5.267067754175514e-05,-1.229779991263058e-05,-6.404024588846371e-06,-3.433815891185077e-06,0.0035671819262782403
F1_OC,2015,-0.00014775128511246294,-6.294546619756147e-05,-1.4813945199421141e-05,-7.748192911094525e-06,-4.192832875560271e-06,0.0035671819262782403
F1_OC,2016,-0.0001731221127556637,-7.380317110801114e-05,-1.744565633998718e-05,-9.047204184753356e-06,-4.896851805824554e-06,0.0035671819262782403
F1_OC,2017,-0.0001991715980693698,-8.574893436161799e-05,-2.0157684048172086e-05,-1.0509316780371595e-05,-5.61310207558563e-06,0.0035671819262782403
F1_OC,2018,-0.0002233734558103606,-9.717239154269918e-05,-2.2647829609923065e-05,-1.176779733214062e-05,-6.268783181440085e-06,0.0035671819262782403
F1_OC,2019,-0.0002426227438263595,-0.0001049453203449957,-2.454962486808654e-05,-1.286918286496075e-05,-6.7756027419818565e-06,0.0035671819262782403
F1_OC,2020,-0.0002725982922129333,-0.0001185162429464981,-2.772022708086297e-05,-1.462743366573705e-05,-7.59760951041244e-06,0.0035671819262782403
F1_OC,2021,-0.00029779496253468096,-0.00013118920323904604,-3.0694074666826054e-05,-1.622210875211749e-05,-8.397153578698635e-06,0.0035671819262782403
F1_OC,2022,-0.0003273140755482018,-0.0001428637304343283,-3.321102849440649e-05,-1.7586272952030418e-05,-9.028891327034216e-06,0.0035671819262782403
F1_OC,2023,-0.00036119663855060935,-0.00015717983478680253,-3.676972119137645e-05,-1.9480745322653106e-05,-1.0012908205681015e-05,0.0035671819262782403
F1_OC,2024,-0.00038587069138884544,-0.0001725442154565826,-4.107455970370211e-05,-2.1836502855876468e-05,-1.1256782272539567e-05,0.0035671819262782403
F1_OC,2025,-0.0004431346897035837,-0.0001973241684027016,-4.692237052950077e-05,-2.5015000210260042e-05,-1.2979038729099557e-05,0.0035671819262782403
F1_OC,2026,-0.00040860354783944786,-0.0001810819521779194,-4.2417130316607654e-05,-2.243294002255425e-05,-1.1420188457123004e-05,0.0035671819262782403
F1_OC,2027,-0.0002939517144113779,-0.00012666278926189988,-2.8856984499725513e-05,-1.4953908612369577e-05,-7.338576324400492e-06,0.0035671819262782403
F1_OC,2028,-0.0002198870643042028,-9.175124578177927e-05,-2.133653288183268e-05,-1.0407135596324225e-05,-5.352623702492565e-06,0.0035671819262782403
F1_OC,2029,-0.00017758994363248348,-7.487489638151599e-05,-1.6932965081650764e-05,-8.193609937734438e-06,-4.1872017391142435e-06,0.0035671819262782403
F1_OC,2030,-0.00015660074132028967,-6.188616680447011e-05,-1.3924714949098416e-05,-6.8599966652982425e-06,-3.508400141072343e-06,0.0035671819262782403
F1_OC,2031,-0.00013936586037743837,-5.279097604216076e-05,-1.2011706530756783e-05,-5.885899190616329e-06,-2.954276396849309e-06,0.0035671819262782403
F1_OC,2032,-0.00012456341937649995,-4.5867804146837436e-05,-1.05572344182292e-05,-5.1027061090280795e-06,-2.5905439997586654e-06,0.0035671819262782403
F1_OC,2033,-0.00011679931049002334,-4.0797046676743765e-05,-9.564029824105091e-06,-4.442921181180286e-06,-2.3439527012669714e-06,0.0035671819262782403
F1_OC,2034,-0.00010725813626777381,-3.664005926111712e-05,-8.518250979250297e-06,-3.931182436645033e-06,-2.0901215975754894e-06,0.0035671819262782403
F1_OC,2035,-9.759938257047907e-05,-3.286634964752011e-05,-7.679966984142084e-06,-3.4269824027433064e-06,-1.8740964833341422e-06,0.0035671819262782403
F1_OC,2036,-8.974134107120335e-05,-3.0111777959973548e-05,-6.94316258886829e-06,-3.0006754059286327e-06,-1.6391072676924523e-06,0.0035671819262782403
F1_OC,2037,-8.077779784798622e-05,-2.7526877602213062e-05,-6.340199888654752e-06,-2.6823999178304814e-06,-1.4514336044157972e-06,0.0035671819262782403
F1_OC,2038,-7.571106107207015e-05,-2.531523241486866e-05,-5.900034466321813e-06,-2.391119141975652e-06,-1.2887646789749851e-06,0.0035671819262782403
F1_OC,2039,-7.009718683548272e-05,-2.3452791356248782e-05,-5.423491074907361e-06,-2.1643430045514836e-06,-1.1284919310128316e-06,0.0035671819262782403
F1_OC,2040,-6.54773975838907e-05,-2.1506488701561465e-05,-5.071095074526966e-06,-2.0380681235110418e-06,-1.0063091622214415e-06,0.0035671819262782403
F1_OC,2041,-6.136335287010297e-05,-1.963282993528992e-05,-4.76354944112245e-06,-1.8814482700690864e-06,-9.200653039442841e-07,0.0035671819262782403
F1_OC,2042,-5.770010102423839e-05,-1.8188907415606077e-05,-4.4519415496324655e-06,-1.772866949067975e-06,-8.516898901689274e-07,0.0035671819262782403
F1_OC,2043,-5.4465283028548583e-05,-1.7146575191873123e-05,-4.2304031921958085e-06,-1.6726372678022023e-06,-7.890509436947468e-07,0.0035671819262782403
F1_OC,2044,-5.110149868414737e-05,-1.6280857380479574e-05,-3.992656729678856e-06,-1.5666698118366187e-06,-7.451171200045792e-07,0.0035671819262782403
F1_OC,2045,-4.9503443733556196e-05,-1.5394693400594404e-05,-3.771313686229405e-06,-1.4784594895900235e-06,-6.936292606951611e-07,0.0035671819262782403
F1_OC,2046,-4.79134323541075e-05,-1.4471085341938305e-05,-3.526012051224825e-06,-1.4022140476299684e-06,-6.441823074965214e-07,0.0035671819262782403
F1_OC,2047,-4.586144495988265e-05,-1.3399918134382458e-05,-3.37860956278746e-06,-1.324465324614721e-06,-6.061619615138625e-07,0.0035671819262782403
F1_OC,2048,-4.397846350912005e-05,-1.2713926298602017e-05,-3.2189172998187132e-06,-1.262652426703426e-06,-5.757104872827767e-07,0.0035671819262782403
F1_OC,2049,-4.155755596002564e-05,-1.220718731929082e-05,-3.0703354241268244e-06,-1.217777730744275e-06,-5.438719199446496e-07,0.0035671819262782403
F1_OC,2050,-4.000002081738785e-05,-1.1537735372257884e-05,-2.9791549422952812e-06,-1.1533274346220428e-06,-5.316834972290962e-07,0.0035671819262782403
F1_NOx,2000,0.0,0.0,0.0,0.0,0.0,0.0
F1_NOx,2001,0.0,0.0,0.0,0.0,0.0,0.0
F1_NOx,2002,0.0,0.0,0.0,0.0,0.0,0.0
F1_NOx,2003,0.0,0.0,0.0,0.0,0.0,0.0
F1_NOx,2004,0.0,0.0,0.0,0.0,0.0,0.0
F1_NOx,2005,0.0,0.0,0.0,0.0,0.0,0.0
F1_NOx,2006,-1.440134610675159e-06,3.6698874339435877e-08,2.1135585939191515e-06,4.348589391156565e-06,6.006882813380798e-06,0.8370986920332937
F1_NOx,2007,-7.283476861630334e-06,-8.203978723031464e-07,7.827461558918003e-06,1.6358970970031806e-05,2.3895303456811234e-05,0.8014268727705113
F1_NOx,2008,-2.0257532014511526e-05,-4.845042076340178e-06,1.5067483218444977e-05,3.352522908244281e-05,4.984630868420936e-05,0.7621878715814506
F1_NOx,2009,-4.089194771950133e-05,-1.3699031660507897e-05,2.0856236005784012e-05,5.244737621978856e-05,8.032446203287691e-05,0.7217598097502973
F1_NOx,2010,-7.106278644641861e-05,-2.826042691594921e-05,2.5384682885487564e-05,7.424204086419195e-05,0.0001151759279309772,0.6872770511296076
F1_NOx,2011,-0.00011354777961969376,-4.9762077833292995e-05,2.771989966277033e-05,9.819215047173198e-05,0.0001584241254022345,0.6397146254458977
F1_NOx,2012,-0.0001717984996503219,-8.05383184342645e-05,2.4992281396407634e-05,0.00012061455636285243,0.00020474765915423632,0.5802615933412604
F1_NOx,2013,-0.0002401161618763581,-0.0001243201782926917,1.1711316801665816e-05,0.00013497812324203545,0.00024269215646199882,0.535077288941736
F1_NOx,2014,-0.0003169298288412392,-0.00017546423187013714,-1.1428475772845559e-05,0.00013952860608696933,0.00027059594867751,0.47324613555291317
F1_NOx,2015,-0.00040501399780623615,-0.00023743485508020967,-4.3012169044231996e-05,0.00013719435373786836,0.0002901928382925689,0.4042806183115339
F1_NOx,2016,-0.0004988883156329393,-0.0003094568266533315,-8.260523463832214e-05,0.00012663881643675256,0.0003052405081689358,0.34839476813317477
F1_NOx,2017,-0.0006199699128046632,-0.0003868604020681232,-0.0001238982513314113,0.00012126994261052453,0.000327277957694605,0.3079667063020214
F1_NOx,2018,-0.0007516758050769567,-0.00047606956213712686,-0.0001729684299789369,0.00011391133157303536,0.0003526608052197844,0.28656361474435194
F1_NOx,2019,-0.0008864867268130183,-0.0005792692769318819,-0.00023197432165034115,9.357726376038035e-05,0.0003620245261117816,0.2413793103448276
F1_NOx,2020,-0.0010405577486380935,-0.0006858125096186995,-0.0003055661218240857,5.0979806837858346e-05,0.0003632195293903351,0.2116527942925089
F1_NOx,2021,-0.0011978120310232043,-0.0008065358735620976,-0.0003740843676496297,3.1783802842255584e-05,0.00037822985905222595,0.19262782401902498
F1_NOx,2022,-0.0013726631877943873,-0.0009260022896341979,-0.0004308779607526958,3.2617653778287986e-05,0.00042290257988497615,0.1902497027348395
F1_NOx,2023,-0.0015744438860565424,-0.0010649900184944272,-0.0004984402330592275,3.0576964491046504e-05,0.00047784679918549955,0.18549346016646848
F1_NOx,2024,-0.0018087918870151043,-0.001228906260803342,-0.0005872570909559727,2.0157547987764598e-05,0.0005257003358565271,0.178359096313912
F1_NOx,2025,-0.0020870929583907127,-0.0014187213033437728,-0.0006845865282230079,1.5171172708505725e-05,0.0005901831318624318,0.17479191438763378
F1_NOx,2026,-0.002302295994013548,-0.0016854189801961184,-0.0010072496952489018,-0.0003760949475690731,0.0001250762288691476,0.0713436385255648
F1_NOx,2027,-0.0023894058540463448,-0.0019373853923752905,-0.0014223961625248194,-0.0009622873621992769,-0.0005870242603123188,0.007134363852556481
F1_NOx,2028,-0.002452659187838435,-0.0021001094952225684,-0.001628981321118772,-0.001231456850655377,-0.0009467950440011919,0.0
F1_NOx,2029,-0.0024686662945896387,-0.0021807366516441106,-0.001712900586426258,-0.0013467346550896766,-0.0010847706580534577,0.0
F1_NOx,2030,-0.002480662427842617,-0.002190100681036711,-0.001735657686367631,-0.0014063335256651044,-0.0011454561026766896,0.0
F1_NOx,2031,-0.0024525898043066263,-0.0021614402998238803,-0.001730373129248619,-0.0014129276853054764,-0.0011833098251372576,0.0
F1_NOx,2032,-0.002427350962534547,-0.00213446905836463,-0.0017121038399636745,-0.0014007881283760073,-0.0011900964891538024,0.0
F1_NOx,2033,-0.0023653623647987843,-0.0020963325630873443,-0.0016759976278990507,-0.0013864747248589994,-0.0011628090869635344,0.0
F1_NOx,2034,-0.002323716878890991,-0.0020398390013724567,-0.0016366754425689578,-0.0013580725528299811,-0.0011444829870015383,0.0
F1_NOx,2035,-0.002259180648252368,-0.001972980238497257,-0.0015887593617662787,-0.0013179472181946042,-0.0011194465914741158,0.0
F1_NOx,2036,-0.0022020547185093164,-0.001902508153580129,-0.0015433997614309192,-0.001276084687560797,-0.001080264337360859,0.0
F1_NOx,2037,-0.0021370556205511093,-0.0018465016735717654,-0.0014892580220475793,-0.0012300446163862945,-0.0010428143432363868,0.0
F1_NOx,2038,-0.0020697806030511856,-0.0017811203841120004,-0.0014392968732863665,-0.0011868407484143973,-0.0009980782633647323,0.0
F1_NOx,2039,-0.002006985479965806,-0.0017117638373747468,-0.0013858225429430604,-0.0011357349343597892,-0.00096252461662516,0.0
F1_NOx,2040,-0.0019475249573588371,-0.0016520596109330654,-0.001330339815467596,-0.0010862234979867936,-0.0009205492096953094,0.0
F1_NOx,2041,-0.0018853772198781371,-0.0015901724342256784,-0.001275045913644135,-0.0010437689023092389,-0.0008807364501990378,0.0
F1_NOx,2042,-0.0018230148125439882,-0.0015320769511163236,-0.0012240626383572817,-0.0009975363034754991,-0.0008355992613360286,0.0
F1_NOx,2043,-0.0017608657944947481,-0.001474293926730752,-0.0011730532860383391,-0.0009511740179732444,-0.0007962287054397166,0.0
F1_NOx,2044,-0.001701073138974607,-0.001416215323843062,-0.0011226484784856439,-0.0009079759707674387,-0.0007593946065753698,0.0
F1_NOx,2045,-0.0016426745569333434,-0.0013597480719909072,-0.00107337418012321,-0.0008656965917907657,-0.0007275242242030799,0.0
F1_NOx,2046,-0.0015941481105983257,-0.0013096667360514402,-0.0010272967629134655,-0.0008265206473879517,-0.0006990054389461875,0.0
F1_NOx,2047,-0.001537045929580927,-0.0012570089427754283,-0.0009834007360041142,-0.0007886328385211527,-0.0006661954685114324,0.0
F1_NOx,2048,-0.0014803301310166717,-0.001209802716039121,-0.0009409572812728584,-0.0007521809660829605,-0.0006347295129671693,0.0
F1_NOx,2049,-0.0014250515960156918,-0.0011600574012845754,-0.0009007428889162838,-0.0007171621546149254,-0.0006048312643542886,0.0
F1_NOx,2050,-0.0013642782578244805,-0.0011184822535142303,-0.0008590638753958046,-0.0006816887878812849,-0.0005765238311141729,0.0
F1_CH4,2000,0.0,0.0,0.0,0.0,0.0,0.0
F1_CH4,2001,0.0,0.0,0.0,0.0,0.0,0.0
F1_CH4,2002,0.0,0.0,0.0,0.0,0.0,0.0
F1_CH4,2003,0.0,0.0,0.0,0.0,0.0,0.0
F1_CH4,2004,0.0,0.0,0.0,0.0,0.0,0.0
F1_CH4,2005,0.0,0.0,0.0,0.0,0.0,0.0
F1_CH4,2006,6.749285716978193e-07,9.747884860189514e-07,1.2513438605310512e-06,1.548559134789684e-06,1.7911097529577091e-06,1.0
F1_CH4,2007,3.591706672523287e-06,4.799814087164123e-06,5.867373602086445e-06,7.2087055741576474e-06,8.130256901495159e-06,1.0
F1_CH4,2008,1.0699122867663391e-05,1.3209817370807287e-05,1.5947525753290392e-05,1.934043611981906e-05,2.1567431758739986e-05,1.0
F1_CH4,2009,2.375475742155686e-05,2.790537437249441e-05,3.3526026527397335e-05,4.0503420314053075e-05,4.483114025788382e-05,1.0
F1_CH4,2010,4.375125718070194e-05,5.082641000626609e-05,6.025381662766449e-05,7.204239955171943e-05,8.011816680664197e-05,1.0
F1_CH4,2011,7.311651279451326e-05,8.336227328982204e-05,9.907274215947837e-05,0.00011754323786590247,0.0001312497624894604,1.0
F1_CH4,2012,0.00011448215809650719,0.00012850493076257407,0.0001530606095911935,0.00018107402429450302,0.0002019639068748802,1.0
F1_CH4,2013,0.00016574522305745631,0.00018792207702063025,0.00022345186152961105,0.0002636572520714253,0.00029469060245901346,1.0
F1_CH4,2014,0.00023213919484987855,0.0002619584382046014,0.0003114044957328588,0.0003665105730760842,0.00040933926356956363,1.0
F1_CH4,2015,0.00031199833028949797,0.0003533818700816482,0.0004191846528556198,0.0004929679911583662,0.000549099815543741,1.0
F1_CH4,2016,0.0004086315748281777,0.0004617092665284872,0.0005464790156111121,0.0006448105210438371,0.0007159060332924128,1.0
F1_CH4,2017,0.0005258654127828777,0.0005909526604227722,0.000698525516781956,0.0008265303913503885,0.0009157760068774223,1.0
F1_CH4,2018,0.0006622938090004027,0.0007472334895282984,0.0008823659736663103,0.0010406443383544682,0.0011552768992260098,1.0
F1_CH4,2019,0.0008255870779976249,0.0009302306338213385,0.0010993663454428315,0.0012964182533323765,0.0014422292588278651,1.0
F1_CH4,2020,0.0010143419494852424,0.0011437478940933942,0.001350252190604806,0.0015928578097373248,0.0017741877818480134,1.0
F1_CH4,2021,0.001232658396475017,0.0013953105080872774,0.0016435729339718819,0.001940976781770587,0.0021566376090049744,1.0
F1_CH4,2022,0.0014926784206181765,0.001694355928339064,0.0019929695408791304,0.0023551459424197676,0.002613151678815484,1.0
F1_CH4,2023,0.001804262399673462,0.002051248913630843,0.002413893584161997,0.0028508344665169718,0.0031648685690015554,1.0
F1_CH4,2024,0.002173831220716238,0.0024717615451663733,0.002906693844124675,0.0034292685333639377,0.0038233280647546053,1.0
F1_CH4,2025,0.0026066044811159372,0.0029633679427206517,0.003487265668809414,0.004115354921668768,0.004590591415762901,1.0
F1_CH4,2026,0.002951789880171418,0.003361990349367261,0.003962635528296232,0.004666184447705745,0.005213302560150623,1.0
F1_CH4,2027,0.0030737598426640034,0.0035205414984375238,0.004174385219812393,0.004913375712931156,0.005473358556628227,1.0
F1_CH4,2028,0.0030527119524776936,0.0035420262720435858,0.0042276764288544655,0.004977095965296029,0.0056197382509708405,1.0
F1_CH4,2029,0.0030367725994437933,0.003512990288436413,0.004202388226985931,0.004988201707601546,0.005641895346343517,1.0
F1_CH4,2030,0.0029743751510977745,0.003450916614383459,0.004144384525716305,0.004923573601990938,0.005577347707003355,1.0
F1_CH4,2031,0.0029004658572375774,0.003361705597490072,0.004033681936562061,0.004843960329890251,0.005454889964312315,1.0
F1_CH4,2032,0.0028237393125891685,0.003263837657868862,0.003918586764484644,0.004749759566038847,0.00536062428727746,1.0
F1_CH4,2033,0.002736905822530389,0.0031629353761672974,0.0037995276506990194,0.004616973455995321,0.0052638547495007515,1.0
F1_CH4,2034,0.0026416839100420475,0.003057437436655164,0.0036731711588799953,0.004483082145452499,0.005127540323883295,1.0
F1_CH4,2035,0.0025353478267788887,0.002948323450982571,0.0035512710455805063,0.00433602724224329,0.004966171458363533,1.0
F1_CH4,2036,0.0024365547578781843,0.002829506667330861,0.003415880026295781,0.004174316301941872,0.004799830261617899,1.0
F1_CH4,2037,0.002324645407497883,0.0027062241919338704,0.003283596131950617,0.004038234986364841,0.004660715814679861,1.0
F1_CH4,2038,0.0022171721793711185,0.002578515466302633,0.0031516223680227995,0.00388912558555603,0.00451683858409524,1.0
F1_CH4,2039,0.0021156053990125656,0.002469815546646714,0.0030243294313549995,0.003745191358029842,0.004359173588454723,1.0
F1_CH4,2040,0.002019522711634636,0.0023673616349697115,0.002898979000747204,0.0035994349978864188,0.004214332439005375,1.0
F1_CH4,2041,0.0019159794319421053,0.0022582766599953175,0.0027722353115677834,0.003464893903583288,0.0040838043205440044,1.0
F1_CH4,2042,0.0018394270446151495,0.002150822663679719,0.0026578311808407307,0.003339744172990322,0.003932763822376728,1.0
F1_CH4,2043,0.0017524536233395338,0.0020481917075812817,0.0025397443678230047,0.0032068168278783556,0.003777309786528349,1.0
F1_CH4,2044,0.0016620614333078265,0.001952749420888722,0.002430014545097947,0.0030863638035953044,0.0036223242059350014,1.0
F1_CH4,2045,0.0015811192570254207,0.0018575724214315414,0.002317451173439622,0.0029578749556094406,0.0034794507082551718,1.0
F1_CH4,2046,0.0015069753862917423,0.0017739007947966457,0.0022121916990727186,0.002845832798629999,0.003355695866048336,1.0
F1_CH4,2047,0.0014276603469625115,0.0016881289193406701,0.002113957656547427,0.002731453441083431,0.003236446063965559,1.0
F1_CH4,2048,0.0013555048499256372,0.001603677705861628,0.002028372837230563,0.00262088724412024,0.003120385343208909,1.0
F1_CH4,2049,0.0012914129765704274,0.0015345652354881167,0.0019301288994029164,0.002517050923779607,0.0030131356325000525,1.0
F1_CH4,2050,0.0012271429877728224,0.001463980064727366,0.0018463829765096307,0.0024244063533842564,0.002906060079112649,1.0
F1_full_x2,2000,0.0,0.0,0.0,0.0,0.0,0.0
F1_full_x2,2001,0.0,0.0,0.0,0.0,0.0,0.0
F1_full_x2,2002,0.0,0.0,0.0,0.0,0.0,0.0
F1_full_x2,2003,0.0,0.0,0.0,0.0,0.0,0.0
F1_full_x2,2004,0.0,0.0,0.0,0.0,0.0,0.0
F1_full_x2,2005,0.0,0.0,0.0,0.0,0.0,0.0
F1_full_x2,2006,-0.00012360536493360996,-8.926939626689999e-05,-5.2968454838264734e-05,-2.4372310508624655e-05,-9.593210052116774e-06,0.015457788347205707
F1_full_x2,2007,-0.0004917903570458293,-0.0003636190318502486,-0.00022061928757466376,-0.00010267907055094838,-3.678104985738173e-05,0.0178359096313912
F1_full_x2,2008,-0.0010595263447612524,-0.0007978035369887948,-0.0004867780953645706,-0.00022374929103534706,-7.604801066918299e-05,0.022592152199762187
F1_full_x2,2009,-0.0017084350110962987,-0.0013037364929914474,-0.0007789149531163275,-0.0003450526099186392,-8.739702025195584e-05,0.026159334126040427
F1_full_x2,2010,-0.0023422318045049906,-0.001796302176080644,-0.0010554710170254111,-0.0004318545106798414,-6.255973130464554e-05,0.041617122473246136
F1_full_x2,2011,-0.0030789978336542845,-0.002327941497787833,-0.001345124444924295,-0.0004887933726422499,1.2721397979476023e-05,0.05112960760998811
F1_full_x2,2012,-0.0038821580819785595,-0.0029340071603655817,-0.0016431985422968864,-0.0005287501262500891,0.00015013794472906739,0.06420927467300833
F1_full_x2,2013,-0.0046346476301550865,-0.0034275402314960955,-0.0018400277476757765,-0.0004802856477908796,0.0003444006433710456,0.08680142687277051
F1_full_x2,2014,-0.005387802142649889,-0.003901872597634792,-0.0019875741563737392,-0.0003794440650381159,0.000619585975073278,0.11652794292508918
F1_full_x2,2015,-0.006165938917547464,-0.004391969181597233,-0.0021035107783973217,-0.00022578362259082594,0.0009747042786329985,0.14625445897740785
F1_full_x2,2016,-0.006852503400295973,-0.0047435654327273365,-0.002126144478097558,6.57319164019992e-05,0.0014293644344434142,0.17954815695600476
F1_full_x2,2017,-0.007526448927819729,-0.005145961325615645,-0.002095984062179923,0.0004930788418278097,0.0020645505283027887,0.23067776456599287
F1_full_x2,2018,-0.00847222562879324,-0.005728496611118316,-0.002114303642883897,0.0009493443532846867,0.002794778672978282,0.2699167657550535
F1_full_x2,2019,-0.009455548599362373,-0.0062631282024085515,-0.002029598457738757,0.001496672118082642,0.003610571613535285,0.30439952437574314
F1_full_x2,2020,-0.010288207791745663,-0.006668933480978012,-0.0018023005686700344,0.002230315888300537,0.004607500042766333,0.3388822829964328
F1_full_x2,2021,-0.011176648549735546,-0.007009635120630264,-0.00146700709592551,0.0032380466349422924,0.005841826554387808,0.38287752675386444
F1_full_x2,2022,-0.012158822268247604,-0.007520625181496143,-0.0010979925282299519,0.0043671585619449605,0.007276701740920544,0.4221165279429251
F1_full_x2,2023,-0.012604344636201859,-0.007392172701656818,-0.00025783394812606275,0.005858651082962751,0.009258408099412918,0.49227110582639716
F1_full_x2,2024,-0.012041772715747356,-0.006305629666894674,0.0014141856227070093,0.008043229952454566,0.011678662151098251,0.5719381688466112
F1_full_x2,2025,-0.011682084761559963,-0.005238227918744087,0.0031403289176523685,0.010465111956000325,0.0145040238276124,0.6504161712247325
F1_full_x2,2026,-0.005899491254240274,-1.5710827938156087e-06,0.007235719822347164,0.014128612540662286,0.017466841265559196,0.8299643281807372
F1_full_x2,2027,0.0023625032044947147,0.007375398464500904,0.01260744221508503,0.017368647456169128,0.02011355198919773,0.9774078478002378
F1_full_x2,2028,0.007738372776657343,0.011320233345031738,0.015267140232026577,0.01911357305943966,0.022149842232465744,0.9988109393579072
F1_full_x2,2029,0.01060284674167633,0.013360143825411796,0.016639290377497673,0.020350314304232595,0.023399116471409798,1.0
F1_full_x2,2030,0.012220128439366817,0.014577016420662402,0.017595432698726654,0.02100413925945759,0.024193119257688522,1.0
F1_full_x2,2031,0.013121429830789566,0.015520687960088254,0.018183385953307152,0.021672555804252626,0.024573665112257004,1.0
F1_full_x2,2032,0.01383963506668806,0.015962106361985206,0.018608080223202705,0.022009209170937537,0.024932552129030228,1.0
F1_full_x2,2033,0.014233741909265518,0.016277679428458213,0.018948765471577644,0.022278678044676776,0.025336917489767075,1.0
F1_full_x2,2034,0.014518595300614834,0.01650041900575161,0.019196411594748497,0.022410815209150312,0.025556480512022972,1.0
F1_full_x2,2035,0.014712692238390446,0.016677641496062278,0.019291022792458534,0.022650717571377755,0.025590507313609123,1.0
F1_full_x2,2036,0.014819745905697346,0.01673455536365509,0.01937287673354149,0.02262199185788631,0.02579568512737751,1.0
F1_full_x2,2037,0.014858919195830822,0.016773804649710657,0.01939520053565502,0.022626004740595815,0.025615109130740166,1.0
F1_full_x2,2038,0.014870600774884224,0.0166993148624897,0.01940893940627575,0.022617783397436142,0.025502929463982582,1.0
F1_full_x2,2039,0.014850981533527374,0.0166593536734581,0.019383752718567848,0.022674354538321496,0.02560403198003769,1.0
F1_full_x2,2040,0.014822177588939667,0.016576753184199332,0.019260523840785027,0.022610981762409207,0.02566041797399521,1.0
F1_full_x2,2041,0.014743460342288017,0.016495993733406066,0.019181255251169205,0.02253206521272659,0.025623993948101997,1.0
F1_full_x2,2042,0.01466929167509079,0.016394462808966635,0.01910669542849064,0.02237034551799297,0.025607379153370857,1.0
F1_full_x2,2043,0.014562811702489853,0.01628733240067959,0.019028231501579285,0.022264313697814942,0.02561488375067711,1.0
F1_full_x2,2044,0.014466818422079086,0.01615471616387367,0.018948208540678024,0.022198595479130744,0.025544947013258934,1.0
F1_full_x2,2045,0.014315895736217499,0.016024195402860642,0.01879313960671425,0.022104351595044133,0.02545776776969433,1.0
F1_full_x2,2046,0.014189190231263638,0.015881474316120147,0.018703853711485863,0.02198759689927101,0.025357495993375778,1.0
F1_full_x2,2047,0.014096389524638653,0.01576152555644512,0.01860351301729679,0.02184235565364361,0.02524753287434578,1.0
F1_full_x2,2048,0.013944845646619797,0.015623412653803825,0.018485095351934433,0.021716544404625893,0.025027332827448845,1.0
F1_full_x2,2049,0.013825202360749245,0.015505659021437168,0.018354693427681923,0.021595894545316695,0.0248881708830595,1.0
F1_full_x2,2050,0.013692792505025864,0.015369605645537377,0.018235841765999794,0.021527054160833357,0.0248857568949461,1.0
F1_full_x05,2000,0.0,0.0,0.0,0.0,0.0,0.0
F1_full_x05,2001,0.0,0.0,0.0,0.0,0.0,0.0
F1_full_x05,2002,0.0,0.0,0.0,0.0,0.0,0.0
F1_full_x05,2003,0.0,0.0,0.0,0.0,0.0,0.0
F1_full_x05,2004,0.0,0.0,0.0,0.0,0.0,0.0
F1_full_x05,2005,0.0,0.0,0.0,0.0,0.0,0.0
F1_full_x05,2006,-3.0901035643182695e-05,-2.2319282288663088e-05,-1.324269123870181e-05,-6.092924286349445e-06,-2.3980594505701447e-06,0.015457788347205707
F1_full_x05,2007,-0.00012298888759687543,-9.09042384591885e-05,-5.5169239203678444e-05,-2.5668777016107925e-05,-9.193764526571613e-06,0.0178359096313912
F1_full_x05,2008,-0.0002650857495609671,-0.00019950799178332091,-0.00012168919784016907,-5.592611050815331e-05,-1.9000746760866605e-05,0.022592152199762187
F1_full_x05,2009,-0.0004270830249879509,-0.00032609390909783543,-0.00019470069673843682,-8.62808985402808e-05,-2.1832107449881732e-05,0.026159334126040427
F1_full_x05,2010,-0.0005865432322025299,-0.00044900380307808516,-0.00026380238705314696,-0.00010788642393890777,-1.5714553228463046e-05,0.041617122473246136
F1_full_x05,2011,-0.0007700646528974175,-0.0005821382161229849,-0.0003364618751220405,-0.00012204348022351068,3.3264464036619756e-06,0.05112960760998811
F1_full_x05,2012,-0.0009711649618111551,-0.0007340797455981374,-0.0004105847328901291,-0.00013196490181144349,3.743259367183782e-05,0.06420927467300833
F1_full_x05,2013,-0.0011594909010455012,-0.0008578730514273048,-0.00045963749289512634,-0.00011971900385105994,8.656307181809098e-05,0.08680142687277051
F1_full_x05,2014,-0.001348386169411242,-0.0009757945779711008,-0.0004964426043443382,-9.410797792952535e-05,0.000155631045345217,0.11652794292508918
F1_full_x05,2015,-0.0015464441385120153,-0.001096865744329989,-0.0005293430294841528,-5.5291938042501236e-05,0.0002446778817102313,0.14625445897740785
F1_full_x05,2016,-0.001711893710307777,-0.0011875395663082599,-0.0005344271776266396,1.8218041441286496e-05,0.0003588832914829254,0.1807372175980975
F1_full_x05,2017,-0.001881463103927672,-0.0012890456011518836,-0.0005231104441918433,0.00012565534270834176,0.0005181950982660055,0.23067776456599287
F1_full_x05,2018,-0.0021181392949074507,-0.0014368299627676607,-0.000529202981851995,0.00023938119120430192,0.0007015001610852778,0.272294887039239
F1_full_x05,2019,-0.0023682983592152596,-0.0015754307387396693,-0.0005096985842101276,0.00037748089525848613,0.0009072321699932218,0.30439952437574314
F1_full_x05,2020,-0.002579018473625183,-0.0016707955626770854,-0.00044491217704489827,0.000563785131089389,0.0011573645751923323,0.3388822829964328
F1_full_x05,2021,-0.0027932205703109503,-0.0017842543078586458,-0.0003641813527792692,0.0008177907788194715,0.0014676190912723541,0.38287752675386444
F1_full_x05,2022,-0.00303837051615119,-0.0019116495503112671,-0.0002815455081872642,0.001100168330594897,0.0018267701379954815,0.4233055885850178
F1_full_x05,2023,-0.0031546498648822308,-0.001862277160398662,-5.701943882741034e-05,0.0014778695302084086,0.0023271457757800817,0.49108204518430437
F1_full_x05,2024,-0.0030212048441171646,-0.0015833268174901603,0.00034432520624250174,0.002025877078995108,0.002941364189609885,0.5731272294887039
F1_full_x05,2025,-0.0028996672481298447,-0.0013341860380023717,0.0007873556460253894,0.002636149898171424,0.003653606167063117,0.652794292508918
F1_full_x05,2026,-0.0014500519027933478,-2.2867551160743313e-05,0.001813327195122838,0.003561340877786278,0.004396883770823479,0.8263971462544589
F1_full_x05,2027,0.0005754217854700983,0.0018493406008929015,0.0031723477877676487,0.0043774982914328575,0.005068386904895306,0.9774078478002378
F1_full_x05,2028,0.0019250771729275584,0.0028361256700009108,0.003837947268038988,0.004811914917081593,0.005579558201134205,0.9988109393579072
F1_full_x05,2029,0.0026566467713564634,0.0033515117131173613,0.0041841366328299046,0.005121033918112516,0.0058800699189305305,1.0
F1_full_x05,2030,0.0030620978213846684,0.003664463199675083,0.004427620209753513,0.0052832777611911295,0.006089376751333475,1.0
F1_full_x05,2031,0.003301644930616021,0.0038995597045868636,0.0045708781108260155,0.005451153684407473,0.006181191653013229,1.0
F1_full_x05,2032,0.003470392432063818,0.0040106171742081646,0.004675994161516428,0.00553247770294547,0.006272248458117247,1.0
F1_full_x05,2033,0.0035775441210716963,0.004093303438276052,0.004761805292218924,0.005602027475833891,0.00636448385193944,1.0
F1_full_x05,2034,0.0036434156354516745,0.004148890916258097,0.004819738212972879,0.005635980702936649,0.006418805569410324,1.0
F1_full_x05,2035,0.0036981047596782446,0.004189500864595175,0.004846085328608751,0.0056948515586555,0.006427003536373377,1.0
F1_full_x05,2036,0.0037258623633533716,0.004197501670569181,0.00486173527315259,0.005680835153907537,0.006484157405793667,1.0
F1_full_x05,2037,0.0037297308444976807,0.0042102325707674025,0.004867829382419586,0.005686677526682615,0.006431605201214552,1.0
F1_full_x05,2038,0.003732158336788416,0.004196006432175637,0.004880990367382765,0.005677907727658749,0.00640689255669713,1.0
F1_full_x05,2039,0.003726647701114416,0.004182025790214539,0.004866528324782848,0.005692106205970049,0.006428840104490519,1.0
F1_full_x05,2040,0.003719526808708906,0.004159125220030546,0.004836589097976685,0.005682651977986096,0.006441551726311445,1.0
F1_full_x05,2041,0.003704969771206379,0.0041404332965612415,0.004814136773347855,0.005657384917140007,0.006435140501707792,1.0
F1_full_x05,2042,0.003680537221953273,0.004114615730941296,0.004792272113263607,0.0056197125464677805,0.006416681222617626,1.0
F1_full_x05,2043,0.003656054614111781,0.004084567911922932,0.004775849636644125,0.00558406189084053,0.0064279260113835335,1.0
F1_full_x05,2044,0.003626987338066101,0.004051986522972584,0.004754915367811918,0.00556719908490777,0.0064106532372534275,1.0
F1_full_x05,2045,0.003593105124309659,0.004019339848309755,0.004713093396276236,0.0055419280193746085,0.006388575304299593,1.0
F1_full_x05,2046,0.003561055986210704,0.0039847826585173605,0.004690749105066061,0.005513777397572994,0.00635999720543623,1.0
F1_full_x05,2047,0.0035386497620493174,0.003951704129576683,0.004666744265705347,0.005479111708700657,0.006328331306576729,1.0
F1_full_x05,2048,0.0034947660751640797,0.003919233847409487,0.004632723052054644,0.00544477179646492,0.006274954415857792,1.0
F1_full_x05,2049,0.003468654118478298,0.0038896996062248944,0.004600934684276581,0.005419566296041012,0.006243851501494646,1.0
F1_full_x05,2050,0.003436682280153036,0.0038570779375731944,0.004570557735860348,0.005400461517274379,0.006238066125661135,1.0
F0_full,2000,0.0,0.0,0.0,0.0,0.0,0.0
F0_full,2001,0.0,0.0,0.0,0.0,0.0,0.0
F0_full,2002,0.0,0.0,0.0,0.0,0.0,0.0
F0_full,2003,0.0,0.0,0.0,0.0,0.0,0.0
F0_full,2004,0.0,0.0,0.0,0.0,0.0,0.0
F0_full,2005,0.0,0.0,0.0,0.0,0.0,0.0
F0_full,2006,-8.108924521366134e-05,-5.890838947379962e-05,-3.5143104469170794e-05,-1.66831920068944e-05,-6.55248959446908e-06,0.013079667063020214
F0_full,2007,-0.0002880502142943442,-0.00021300849912222474,-0.00012987141963094473,-6.175422895466911e-05,-2.286106246174313e-05,0.016646848989298454
F0_full,2008,-0.0005823157262057066,-0.0004372384923044592,-0.00026996678207069635,-0.0001268065883778036,-4.087686465936713e-05,0.02140309155766944
F0_full,2009,-0.0009237839840352535,-0.0007099252310581505,-0.00042714623850770295,-0.00019523049995768827,-4.5847147703170776e-05,0.026159334126040427
F0_full,2010,-0.0012781803961843252,-0.0009852652437984943,-0.0005842886748723686,-0.0002467693469952792,-4.0316364902537316e-05,0.034482758620689655
F0_full,2011,-0.001736025675199926,-0.0013181886402890085,-0.0007662925054319203,-0.00030374396010302007,-2.0955039872205816e-05,0.04518430439952437
F0_full,2012,-0.0022776208352297544,-0.001725450693629682,-0.0009781458647921681,-0.0003646403201855728,2.4913000743254088e-05,0.0535077288941736
F0_full,2013,-0.002844432834535837,-0.0021458367351442575,-0.0011951465858146548,-0.0003952471190132202,0.00010112002928508446,0.06064209274673008
F0_full,2014,-0.0034655225463211536,-0.002579544298350811,-0.0014047665754333138,-0.0004239325062371809,0.00020708030206151307,0.07491082045184304
F0_full,2015,-0.004117615986615419,-0.0029978642240166666,-0.0015780053799971938,-0.0004057685378938917,0.0003474063705652952,0.093935790725327
F0_full,2016,-0.004705616272985935,-0.0033869909588247534,-0.001709396718069911,-0.00032958331867121175,0.0005329521954990923,0.11533888228299644
F0_full,2017,-0.005302957724779844,-0.0037603769451379776,-0.001820996985770762,-0.0001908826408907774,0.0007968678255565464,0.13912009512485138
F0_full,2018,-0.005995808634907007,-0.0041887608356773855,-0.0019053934374824166,-1.4696423022542879e-05,0.0011515162186697125,0.16765755053507728
F0_full,2019,-0.006674597505480051,-0.004627596586942673,-0.0019924184307456017,0.0002460287301801141,0.0015635251766070724,0.20214030915576695
F0_full,2020,-0.007446805480867624,-0.005126840248703956,-0.0020306583028286695,0.0005386562668718385,0.0020515278447419405,0.23662306777645659
F0_full,2021,-0.008255303837358952,-0.0056814921088516705,-0.002035951241850853,0.0008666665991768228,0.002636492718011141,0.267538644470868
F0_full,2022,-0.009289192967116833,-0.006370344199240207,-0.002119201235473156,0.0013039353536441912,0.003303177421912551,0.29369797859690844
F0_full,2023,-0.010344034992158413,-0.00703587383031845,-0.002125426661223173,0.0018483463441953053,0.004123777151107788,0.3210463733650416
F0_full,2024,-0.01162032876163721,-0.007754305098205804,-0.0020514042116701603,0.0025068513117730605,0.005093168467283249,0.3448275862068966
F0_full,2025,-0.012534549459815025,-0.008220301382243634,-0.0018451956566423178,0.0033745151478797183,0.006239783484488726,0.37217598097502974
F0_full,2026,-0.008929047733545303,-0.004784704186022282,0.0006525653880089521,0.005238053295761346,0.007696863263845444,0.5469678953626635
F0_full,2027,-0.003107611555606127,0.0004459724819753319,0.004307137802243233,0.007457849290221928,0.009009978733956814,0.8561236623067776
F0_full,2028,0.0005506831221282482,0.0032113593071699145,0.006165674421936274,0.008611781895160675,0.010038508102297783,0.9595719381688466
F0_full,2029,0.002673160517588258,0.004826988745480776,0.007184382062405348,0.009310396015644073,0.010738291777670383,0.9940546967895363
F0_full,2030,0.004067478235810995,0.005898322071880103,0.00784072745591402,0.009761061333119868,0.011282199993729591,0.9988109393579072
F0_full,2031,0.005051471758633852,0.0065265287645161155,0.008234742097556591,0.01008907426148653,0.011651070788502693,1.0
F0_full,2032,0.005552518181502819,0.006905646249651909,0.008525222539901733,0.010360493697226048,0.011831158772110939,1.0
F0_full,2033,0.0059866225346922874,0.007290171645581722,0.008745897561311722,0.010539179481565953,0.011946768499910831,1.0
F0_full,2034,0.006372313946485519,0.007531866244971752,0.008954872377216816,0.01061476320028305,0.012120851315557957,1.0
F0_full,2035,0.0065900832414627075,0.00765124037861824,0.0090695321559906,0.010713166184723377,0.012153915129601955,1.0
F0_full,2036,0.006797737441956997,0.00777452765032649,0.00912692304700613,0.010814361646771431,0.012278261594474316,1.0
F0_full,2037,0.0068514468148350716,0.007851093634963035,0.009203088469803333,0.010853339545428753,0.012349720112979412,1.0
F0_full,2038,0.006915205158293247,0.007906913757324219,0.009222593158483505,0.010892584174871444,0.012316619977355003,1.0
F0_full,2039,0.006945844739675522,0.007934462279081345,0.009226254187524319,0.010903722420334817,0.012308348901569843,1.0
F0_full,2040,0.006966216489672661,0.007958837226033211,0.00926610641181469,0.010899293981492518,0.01234398502856493,1.0
F0_full,2041,0.007005831226706505,0.007946529798209668,0.009235155768692493,0.01090649627149105,0.012380970641970634,1.0
F0_full,2042,0.006989056710153818,0.007924092933535576,0.009214450605213642,0.01088499967008829,0.012407828122377396,1.0
F0_full,2043,0.00701752956956625,0.00788516029715538,0.009195797145366669,0.010842306539416313,0.012358849868178368,1.0
F0_full,2044,0.006991061381995678,0.007849050872027873,0.009204704314470291,0.010816750302910804,0.012341396883130074,1.0
F0_full,2045,0.00692619476467371,0.007806737627834082,0.009165915660560131,0.010773295536637306,0.01234560739248991,1.0
F0_full,2046,0.006944560445845127,0.007753255497664213,0.009129863232374191,0.010707205533981322,0.012345881201326847,1.0
F0_full,2047,0.006901431828737259,0.007724829483777285,0.00911097414791584,0.010681247711181641,0.012344072572886944,1.0
F0_full,2048,0.006833469029515982,0.0076708726584911345,0.009057458490133286,0.010652092285454273,0.012311767786741257,1.0
F0_full,2049,0.006817743647843599,0.0076070941053330895,0.009007233195006847,0.010631821490824223,0.01224262360483408,1.0
F0_full,2050,0.0067576514557003975,0.007570907380431891,0.008981606923043728,0.01060111355036497,0.012196900323033333,1.0
F1nat_full,2000,0.0,0.0,0.0,0.0,0.0,0.0
F1nat_full,2001,0.0,0.0,0.0,0.0,0.0,0.0
F1nat_full,2002,0.0,0.0,0.0,0.0,0.0,0.0
F1nat_full,2003,0.0,0.0,0.0,0.0,0.0,0.0
F1nat_full,2004,0.0,0.0,0.0,0.0,0.0,0.0
F1nat_full,2005,0.0,0.0,0.0,0.0,0.0,0.0
F1nat_full,2006,-4.9754711653804407e-05,-3.604274752433412e-05,-2.108300213876646e-05,-9.317895091953696e-06,-2.9647467272297945e-06,0.022592152199762187
F1nat_full,2007,-0.0002011722099268809,-0.0001486575696617365,-8.853746840031818e-05,-3.988147582276724e-05,-1.2379304280329961e-05,0.02497027348394768
F1nat_full,2008,-0.0004201910342089832,-0.0003133678459562361,-0.00018891299259848893,-8.117787365335971e-05,-1.882678407127969e-05,0.028537455410225922
F1nat_full,2009,-0.0006670598522759974,-0.0005074520013295114,-0.00029921767418272793,-0.0001229016605066136,-1.6807447536848485e-05,0.04042806183115339
F1nat_full,2010,-0.0009227541740983725,-0.0007030549109913408,-0.00039697118336334825,-0.00014826374826952817,8.220822564908303e-06,0.05112960760998811
F1nat_full,2011,-0.001205603126436472,-0.0009030890068970621,-0.0005014246562495828,-0.0001510235568275676,4.875854938291013e-05,0.07015457788347206
F1nat_full,2012,-0.0015336564974859357,-0.001133599900640547,-0.0006050408119335771,-0.00015204052906483444,0.00013088600826449692,0.09036860879904875
F1nat_full,2013,-0.00186396564822644,-0.001353139616549015,-0.0006788967875763774,-0.00012186051026219564,0.00023528527526650578,0.12247324613555291
F1nat_full,2014,-0.0021944954060018063,-0.0015590007649734616,-0.0007375071290880442,-6.487100836238859e-05,0.0003670161822810769,0.14982164090368608
F1nat_full,2015,-0.0025123590603470802,-0.0017355946591123938,-0.0007586346473544836,4.5514196972362654e-05,0.0005693812854588032,0.19500594530321047
F1nat_full,2016,-0.002789152320474386,-0.0018822303274646402,-0.0007476938189938664,0.0002121732715750112,0.0008014400955289602,0.24019024970273484
F1nat_full,2017,-0.003073848783969879,-0.0020352147985249758,-0.0007081622024998069,0.00042619947344064676,0.0011101103154942393,0.28656361474435194
F1nat_full,2018,-0.0034510570112615824,-0.002254684967920184,-0.000657335389405489,0.0006693077040836211,0.0014705726644024253,0.3269916765755054
F1nat_full,2019,-0.003885984420776367,-0.0024748543743044137,-0.0006211661966517568,0.0009590618661604818,0.0019030871335417032,0.35315101070154575
F1nat_full,2020,-0.004199002869427204,-0.0026312377769500015,-0.0004914475721307099,0.0013517961604520678,0.0023994685616344213,0.3971462544589774
F1nat_full,2021,-0.004645388573408127,-0.0028077026829123495,-0.00029425829416140914,0.0018158900784328576,0.0029929219745099545,0.450653983353151
F1nat_full,2022,-0.005060539115220308,-0.003021566430106759,-0.00010241452400805429,0.0023921333719044923,0.003745176363736391,0.4875148632580262
F1nat_full,2023,-0.005154127720743418,-0.0027670842595398427,0.00039349502185359597,0.0031912144273519506,0.004697008058428764,0.5541022592152199
F1nat_full,2024,-0.0047434414736926556,-0.0021927800029516217,0.0012649449054151773,0.004281577561050654,0.005913820583373308,0.6480380499405469
F1nat_full,2025,-0.004396340809762478,-0.0016128903487697243,0.0021649403497576714,0.005536082480102777,0.0073872096836566925,0.7217598097502973
F1nat_full,2026,-0.0017821098444983363,0.000806741719134152,0.004145274870097637,0.007250964455306529,0.008776364848017693,0.8882282996432818
F1nat_full,2027,0.002007309114560485,0.004213816672563553,0.006588374264538288,0.008792565576732157,0.01018852274864912,0.9869203329369798
F1nat_full,2028,0.004371121060103178,0.005969501007348299,0.0077909501269459724,0.009615053981542587,0.011151282116770744,1.0
F1nat_full,2029,0.005746068898588419,0.006876820977777243,0.008442241698503494,0.010208418965339661,0.011681629344820976,1.0
F1nat_full,2030,0.0063533298671245575,0.007435563951730728,0.008848905563354492,0.010493117943406105,0.012075147591531277,1.0
F1nat_full,2031,0.006784727796912193,0.00783192105591297,0.009116705507040024,0.01081105973571539,0.012202850542962551,1.0
F1nat_full,2032,0.007045499514788389,0.008045584335923195,0.009330563247203827,0.010984702222049236,0.0124571043998003,1.0
F1nat_full,2033,0.0072085619904100895,0.008176077529788018,0.009477115236222744,0.011086180992424487,0.01260705292224884,1.0
F1nat_full,2034,0.007307820953428745,0.008276909403502942,0.009558111429214478,0.011242162808775902,0.012657961808145046,1.0
F1nat_full,2035,0.0073560429736971855,0.008328654617071152,0.009625262580811977,0.01122856717556715,0.012735972180962563,1.0
F1nat_full,2036,0.0073837959207594395,0.008350354060530663,0.009638290852308273,0.011253880709409714,0.012779014185070992,1.0
F1nat_full,2037,0.007391911465674639,0.008324670232832431,0.009686676785349846,0.011256382800638676,0.01274207141250372,1.0
F1nat_full,2038,0.00740856071934104,0.008296425826847554,0.00966149102896452,0.011264469288289544,0.012693574652075768,1.0
F1nat_full,2039,0.007412731181830168,0.008274141326546669,0.009605256840586662,0.011229381710290908,0.012693652883172035,1.0
F1nat_full,2040,0.00736659811809659,0.008238358609378337,0.009548390284180641,0.011242237873375416,0.012736723758280277,1.0
F1nat_full,2041,0.007294927258044481,0.008187130838632584,0.00952109508216381,0.011160836741328239,0.012701516039669514,1.0
F1nat_full,2042,0.007259748410433531,0.008114608936011791,0.009455282241106033,0.011108219251036644,0.012738997116684914,1.0
F1nat_full,2043,0.007201274391263723,0.008033347129821778,0.009428896941244602,0.011030485108494758,0.01270577497780323,1.0
F1nat_full,2044,0.007157673593610525,0.007981495931744576,0.009361708536744118,0.010975046642124653,0.012625380419194698,1.0
F1nat_full,2045,0.007081559393554926,0.007914893701672554,0.009313198737800121,0.010928651876747608,0.012612230144441128,1.0
F1nat_full,2046,0.007020947057753801,0.007862189412117004,0.009255037643015385,0.010855706967413425,0.012520014308393002,1.0
F1nat_full,2047,0.006960192229598761,0.007791105471551418,0.009198852814733982,0.010787589102983474,0.01246537733823061,1.0
F1nat_full,2048,0.0068996017798781395,0.007728327997028828,0.00913099106401205,0.010755785182118416,0.012390092946588993,1.0
F1nat_full,2049,0.006828330922871828,0.007658480200916529,0.00906346831470728,0.010700659453868866,0.012368502095341682,1.0
F1nat_full,2050,0.006746137980371714,0.007601066678762436,0.009003992192447186,0.010657752119004726,0.01230333186686039,1.0
F1marg_full,2000,0.0,0.0,0.0,0.0,0.0,0.0
F1marg_full,2001,0.0,0.0,0.0,0.0,0.0,0.0
F1marg_full,2002,0.0,0.0,0.0,0.0,0.0,0.0
F1marg_full,2003,0.0,0.0,0.0,0.0,0.0,0.0
F1marg_full,2004,0.0,0.0,0.0,0.0,0.0,0.0
F1marg_full,2005,0.0,0.0,0.0,0.0,0.0,0.0
F1marg_full,2006,-6.180227501317859e-05,-4.463727527763694e-05,-2.648499867063947e-05,-1.2185950618004428e-05,-4.796280791197205e-06,0.015457788347205707
F1marg_full,2007,-0.00024595021386630833,-0.00018180881452281027,-0.00011032885231543332,-5.13381943164859e-05,-1.8388540411251597e-05,0.0178359096313912
F1marg_full,2008,-0.000530068704392761,-0.0003989798715338111,-0.00024338188813999295,-0.00011185963812749852,-3.800896956818178e-05,0.022592152199762187
F1marg_full,2009,-0.0008541831048205495,-0.0006519793649204075,-0.0003894199326168746,-0.00017254984413739302,-4.367563087726012e-05,0.026159334126040427
F1marg_full,2010,-0.001136886770837009,-0.0008725053281523288,-0.0005133239319548011,-0.00020685330964624883,-2.848071562766563e-05,0.041617122473246136
F1marg_full,2011,-0.0014455056516453624,-0.001090747397392988,-0.000624634965788573,-0.00021949671208858535,2.246348958578892e-05,0.0535077288941736
F1marg_full,2012,-0.0017926291329786181,-0.0013470546109601855,-0.0007425984949804842,-0.00022400471498258516,8.818570495350286e-05,0.07015457788347206
F1marg_full,2013,-0.0021288993302732706,-0.001563744805753231,-0.0008275003638118505,-0.00019071028509642956,0.0001887070102384314,0.09750297265160524
F1marg_full,2014,-0.002467080485075712,-0.0017770839389413594,-0.0008757314644753933,-0.00013057883770670764,0.0003316432412248105,0.12604042806183116
F1marg_full,2015,-0.002821322763338685,-0.001973276864737272,-0.0009211794240400195,-5.3790461242898007e-05,0.0005024297861382365,0.1605231866825208
F1marg_full,2016,-0.003112147795036435,-0.002134646428748965,-0.0009140262845903635,0.00010602088150335384,0.0007509356364607811,0.20927467300832342
F1marg_full,2017,-0.003388774348422885,-0.0022946948651224376,-0.0008728578104637563,0.00033234522561542674,0.0010607432341203094,0.2544589774078478
F1marg_full,2018,-0.0037854413967579603,-0.00252105719409883,-0.0008584253373555839,0.0005601498181931665,0.0014208703069016337,0.29488703923900117
F1marg_full,2019,-0.004245718475431204,-0.0027614576276391743,-0.0008138613193295896,0.0008341105305589729,0.0018277703784406185,0.33055885850178357
F1marg_full,2020,-0.0046079386956989765,-0.002948235720396042,-0.0006682100356556475,0.0012220905860885975,0.0023346752859652042,0.37098692033293695
F1marg_full,2021,-0.004949516616761684,-0.0030540309846401213,-0.0004594768979586661,0.0017322384752333153,0.0029267354402691126,0.4161712247324614
F1marg_full,2022,-0.005327847320586443,-0.003238820191472769,-0.0002464420103933662,0.002302016410976648,0.003674647305160761,0.4708680142687277
F1marg_full,2023,-0.005594571121037006,-0.0031628477852791545,0.00015634520968887955,0.0030672671739012,0.0046331873163580894,0.5184304399524375
F1marg_full,2024,-0.00553014874458313,-0.002761513320729136,0.000894190976396203,0.004078626167029142,0.005768181756138802,0.6016646848989299
F1marg_full,2025,-0.005340490955859423,-0.0022791489958763123,0.0016736071556806564,0.0052437099628150465,0.007196150254458189,0.6682520808561236
F1marg_full,2026,-0.0025180864613503218,0.0002254281804198406,0.0037026682402938604,0.007016016729176044,0.008637956343591213,0.8442330558858502
F1marg_full,2027,0.0013957086484879255,0.003818800486624241,0.006321460474282503,0.008619256690144537,0.009987054392695427,0.9785969084423306
F1marg_full,2028,0.00397565308958292,0.005691538006067276,0.007594942580908537,0.009470120072364807,0.010952160693705082,1.0
F1marg_full,2029,0.005388128571212292,0.006651108153164387,0.008248825557529926,0.010068167559802532,0.011539870873093605,1.0
F1marg_full,2030,0.006110388319939375,0.007253316324204207,0.008709827437996864,0.01039172224700451,0.01195817906409502,1.0
F1marg_full,2031,0.006606742739677429,0.0077011057175695894,0.009012972936034203,0.01069634836167097,0.012139827944338322,1.0
F1marg_full,2032,0.00692056305706501,0.00792791936546564,0.009203230030834675,0.010907885245978832,0.01233926136046648,1.0
F1marg_full,2033,0.0071022831834852695,0.008068530447781086,0.009378081187605858,0.010981925204396243,0.012515544891357422,1.0
F1marg_full,2034,0.007203293964266777,0.008176294155418873,0.00948296394199133,0.01108850948512554,0.012613276019692421,1.0
F1marg_full,2035,0.007277943659573793,0.008241023682057858,0.009516100399196148,0.011164506152272224,0.012630628421902657,1.0
F1marg_full,2036,0.00732384854927659,0.008269740268588066,0.009556149132549763,0.01116422265768051,0.012716447934508324,1.0
F1marg_full,2037,0.007339077070355415,0.008255835622549057,0.009597220458090305,0.011174181662499904,0.012638045474886894,1.0
F1marg_full,2038,0.007345525082200766,0.008237821236252784,0.009573735296726227,0.011156696267426013,0.012595593929290771,1.0
F1marg_full,2039,0.007311803754419088,0.008214114606380463,0.009543712250888348,0.011158717051148414,0.012607171200215816,1.0
F1marg_full,2040,0.007293178234249353,0.00816363114863634,0.009472175501286983,0.011171487532556056,0.012653861194849014,1.0
F1marg_full,2041,0.007266058120876551,0.008130918443202972,0.00944196991622448,0.01109752170741558,0.01262049563229084,1.0
F1marg_full,2042,0.007204269524663687,0.008071713149547577,0.009410749189555645,0.011026749014854429,0.012627365998923779,1.0
F1marg_full,2043,0.0071757701225578785,0.008010467141866684,0.009365195408463478,0.010959365591406822,0.01261983998119831,1.0
F1marg_full,2044,0.007102965377271175,0.007941855862736703,0.009328116662800312,0.010916795954108239,0.01256053987890482,1.0
F1marg_full,2045,0.007040269672870636,0.007877166755497456,0.009250267408788204,0.010882566310465335,0.012544084340333939,1.0
F1marg_full,2046,0.006977972574532032,0.00781863871961832,0.00921148993074894,0.010810937918722629,0.012481079436838627,1.0
F1marg_full,2047,0.006922223139554262,0.007749529927968979,0.009153335355222225,0.010738624073565005,0.012423691339790821,1.0
F1marg_full,2048,0.0068570757284760475,0.007681054435670376,0.009083455428481102,0.010679879039525985,0.012289008125662804,1.0
F1marg_full,2049,0.006798453163355589,0.007629653438925743,0.009021787904202938,0.01062954906374216,0.012284890748560429,1.0
F1marg_full,2050,0.006733472924679518,0.007566822320222855,0.008960715495049953,0.010595102608203889,0.012237589806318283,1.0
F2_full,2000,0.0,0.0,0.0,0.0,0.0,0.0
F2_full,2001,0.0,0.0,0.0,0.0,0.0,0.0
F2_full,2002,0.0,0.0,0.0,0.0,0.0,0.0
F2_full,2003,0.0,0.0,0.0,0.0,0.0,0.0
F2_full,2004,0.0,0.0,0.0,0.0,0.0,0.0
F2_full,2005,0.0,0.0,0.0,0.0,0.0,0.0
F2_full,2006,-2.0828480046475306e-05,-1.5154382708715275e-05,-7.90537797001889e-06,-2.7819199203804608e-06,7.920574489617138e-07,0.059453032104637336
F2_full,2007,-7.36423025955446e-05,-5.34652906935662e-05,-2.878533268813044e-05,-8.654090379423003e-06,4.127922693442088e-06,0.07491082045184304
F2_full,2008,-0.0001567048457218334,-0.00011190777586307376,-6.0050115280319005e-05,-1.5697706840001076e-05,1.2787989362550434e-05,0.089179548156956
F2_full,2009,-0.0002874361234717071,-0.00020665841293521225,-0.00011126680328743532,-2.5319081032648696e-05,2.7584364943322726e-05,0.10107015457788347
F2_full,2010,-0.00044319950393401086,-0.00032223789603449406,-0.00016313837841153145,-2.9622797592310247e-05,5.5245578550966457e-05,0.11890606420927467
F2_full,2011,-0.000625992426648736,-0.0004441422002855688,-0.00021519795700442046,-2.1883240333409065e-05,0.00010210462642135099,0.14387633769322236
F2_full,2012,-0.0008026185678318143,-0.0005558294127695262,-0.0002495844673831016,1.167992359114571e-05,0.0001830944966059178,0.187871581450654
F2_full,2013,-0.0009214877500198781,-0.0006213414832018316,-0.00023502585827372968,8.859207009663799e-05,0.00029807648388668895,0.262782401902497
F2_full,2014,-0.0010463997023180127,-0.0006760540185496211,-0.00021066518092993647,0.000184322177665308,0.0004401840560603887,0.3151010701545779
F2_full,2015,-0.001276800176128745,-0.0008179595693945884,-0.00021580072643700987,0.0002865658781956881,0.0006066826172173023,0.3460166468489893
F2_full,2016,-0.0016021585324779153,-0.0010301289381459354,-0.00025545578682795167,0.0003912453306838867,0.000815920764580369,0.351961950059453
F2_full,2017,-0.001974893966689706,-0.0012494856957346201,-0.0002671320107765496,0.0005449400865472852,0.0010675658704712987,0.3686087990487515
F2_full,2018,-0.002252876525744796,-0.0013917899457737803,-0.00022599284420721233,0.0007759009371511638,0.00138006336055696,0.4126040428061831
F2_full,2019,-0.0025421062018722296,-0.001495749084278941,-0.00014266249490901828,0.001036897720769047,0.0017441812669858336,0.4577883472057075
F2_full,2020,-0.002768624573945999,-0.0015833151759579776,-1.7972091654883116e-06,0.0013815506827086204,0.0021801504772156477,0.4994054696789536
F2_full,2021,-0.002833734732121229,-0.0014777922770008445,0.00032569197355769575,0.0018988228635862469,0.0027727747801691294,0.5707491082045184
F2_full,2022,-0.0032108675222843885,-0.0016485834727063774,0.0005066114827059209,0.0023997732903808353,0.003440092084929347,0.5933412604042806
F2_full,2023,-0.0038804695941507816,-0.002010908117517829,0.000660282967146486,0.0029301884118467566,0.00420711375772953,0.5980975029726516
F2_full,2024,-0.004297323990613222,-0.0020290794316679237,0.0010417395969852805,0.0037219175603240727,0.005222569685429335,0.6397146254458977
F2_full,2025,-0.004803939256817102,-0.0021455483045428993,0.0014438754878938198,0.00461877454072237,0.006435131188482046,0.6587395957193817
F2_full,2026,-0.002613438293337822,-0.00011578631965676314,0.0031220323871821165,0.006149073690176008,0.0076530007645487785,0.8240190249702735
F2_full,2027,0.0012551512336358428,0.0034334258642047645,0.0056080021895468235,0.007730031944811344,0.008929810486733913,0.9785969084423306
F2_full,2028,0.0037776033859699965,0.005177570227533579,0.006849369499832392,0.008517643995583057,0.009923390112817287,1.0
F2_full,2029,0.005030572414398193,0.006107621360570192,0.007482472807168961,0.009115231223404406,0.010384676977992058,1.0
F2_full,2030,0.005680220201611519,0.006659252475947142,0.00791159924119711,0.009386617876589298,0.010769435204565525,1.0
F2_full,2031,0.006097052246332169,0.007030432671308517,0.00817196723073721,0.009669051319360732,0.010967819951474667,1.0
F2_full,2032,0.006355950143188238,0.007201710902154446,0.008341141976416111,0.00984608121216297,0.011214102618396282,1.0
F2_full,2033,0.006518729962408543,0.007367493398487568,0.00850148219615221,0.009944259002804755,0.01130527164787054,1.0
F2_full,2034,0.006563620176166296,0.007442623004317284,0.008585977368056774,0.01007759440690279,0.011365558952093124,1.0
F2_full,2035,0.006633811164647341,0.007480710092931986,0.008626474067568779,0.010066778212785722,0.011413482949137688,1.0
F2_full,2036,0.00665317801758647,0.00749268913641572,0.008672020398080349,0.01009348090738058,0.011478079482913017,1.0
F2_full,2037,0.006649636663496494,0.0074602654203772545,0.008669815957546234,0.010092123225331305,0.011414973065257072,1.0
F2_full,2038,0.006637170445173979,0.007443711161613464,0.00865847896784544,0.010093947872519493,0.011385906487703323,1.0
F2_full,2039,0.006645502056926489,0.007423417642712593,0.00861173402518034,0.01008642464876175,0.011359934695065022,1.0
F2_full,2040,0.006581315770745277,0.00738070085644722,0.008549005724489689,0.010062328353524209,0.011381413787603378,1.0
F2_full,2041,0.006529493257403374,0.0073162497021257876,0.008520545437932014,0.009998930990695952,0.011383977718651295,1.0
F2_full,2042,0.006482506170868874,0.007247027568519115,0.008470562286674976,0.009938508458435535,0.011403017677366734,1.0
F2_full,2043,0.006464928854256868,0.007178798504173756,0.008441362529993057,0.00988733172416687,0.011361559852957726,1.0
F2_full,2044,0.006407840643078089,0.0071423517540097235,0.008366853930056095,0.009828239120543003,0.011321540921926498,1.0
F2_full,2045,0.006350320298224688,0.007070129457861185,0.008322949521243572,0.009778791666030883,0.011273880489170551,1.0
F2_full,2046,0.00629256060346961,0.007013810053467751,0.008266039192676544,0.009693926386535167,0.01117816474288702,1.0
F2_full,2047,0.006221185438334942,0.006956557184457779,0.008203787729144096,0.009654894471168518,0.011114461347460747,1.0
F2_full,2048,0.006159260869026184,0.006897929962724448,0.008142330683767796,0.009613049402832984,0.011120260693132877,1.0
F2_full,2049,0.0060963016003370285,0.0068339861929416655,0.008094019256532192,0.009563182480633259,0.01105760782957077,1.0
F2_full,2050,0.006003920454531908,0.006771907769143581,0.0080223074182868,0.009522992558777331,0.010994487442076206,1.0
F3_full,2000,0.0,0.0,0.0,0.0,0.0,0.0
F3_full,2001,0.0,0.0,0.0,0.0,0.0,0.0
F3_full,2002,0.0,0.0,0.0,0.0,0.0,0.0
F3_full,2003,0.0,0.0,0.0,0.0,0.0,0.0
F3_full,2004,0.0,0.0,0.0,0.0,0.0,0.0
F3_full,2005,0.0,0.0,0.0,0.0,0.0,0.0
F3_full,2006,-9.130071703111753e-05,-6.636000180151313e-05,-3.957120134145953e-05,-1.8429737610858866e-05,-7.4887134360324126e-06,0.015457788347205707
F3_full,2007,-0.0003285056445747614,-0.00024348276492673903,-0.00014948027092032135,-7.011239358689637e-05,-2.6993000574293546e-05,0.015457788347205707
F3_full,2008,-0.0006423721788451076,-0.0004838089516852051,-0.00029448288842104375,-0.0001340780028840528,-4.558390355668962e-05,0.023781212841854936
F3_full,2009,-0.0009978115558624268,-0.0007656694273464381,-0.00045780863729305565,-0.00020062497642356903,-4.797557630809024e-05,0.027348394768133173
F3_full,2010,-0.0014097510138526559,-0.0010828004917129875,-0.0006365296430885792,-0.00025846628122963024,-4.366512439446524e-05,0.039239001189060645
F3_full,2011,-0.0019160184310749173,-0.0014504732331261038,-0.000841314613353461,-0.0003120339242741468,-1.4810155334998854e-05,0.04875148632580262
F3_full,2012,-0.002481655450537801,-0.001869775913655758,-0.0010613143676891923,-0.0003568277170415975,4.007932875538245e-05,0.0535077288941736
F3_full,2013,-0.0030519310384988785,-0.002271175803616643,-0.0012503721518442035,-0.0003575482405722142,0.00013779831351712346,0.07491082045184304
F3_full,2014,-0.0036812634207308292,-0.0027240862138569353,-0.0014564561424776912,-0.00035567843588069103,0.0002757701149675995,0.089179548156956
F3_full,2015,-0.004413332790136337,-0.0032045391853898764,-0.001640436239540577,-0.0003212252631783486,0.0004471575375646353,0.10939357907253269
F3_full,2016,-0.005149069242179394,-0.0037166142370551824,-0.0018315532943233848,-0.0002294040110427889,0.000702226534485817,0.13079667063020214
F3_full,2017,-0.005908003076910973,-0.0042330662719905375,-0.0020171930082142353,-9.206306131091005e-05,0.0010393806733191013,0.15576694411414982
F3_full,2018,-0.0068632434122264385,-0.004871223494410515,-0.002201853087171912,0.00010753018141258382,0.00141419586725533,0.1807372175980975
F3_full,2019,-0.007906179875135422,-0.005515277106314898,-0.0023921190295368433,0.0003331264597363768,0.0018897004192695022,0.20689655172413793
F3_full,2020,-0.009213997982442379,-0.00650659566745162,-0.002646850422024727,0.0005804143729619681,0.0024035561364144087,0.21997621878715815
F3_full,2021,-0.010741165839135647,-0.007620772439986466,-0.0029161451384425163,0.0008786398684605953,0.003026790451258421,0.2413793103448276
F3_full,2022,-0.012604374438524246,-0.008968011662364005,-0.0032781821209937334,0.001187741057947273,0.0037520851474255323,0.2556480380499406
F3_full,2023,-0.014441659674048424,-0.010172376222908498,-0.0034941236954182386,0.001745307282544665,0.004734402056783438,0.2806183115338882
F3_full,2024,-0.01630181074142456,-0.01131577380001545,-0.0034252090845257044,0.0025342417415231454,0.006011113524436951,0.30677764565992865
F3_full,2025,-0.018489889800548553,-0.01267863381654024,-0.0037140066269785166,0.003295870684087275,0.007299633696675301,0.3281807372175981
F3_full,2026,-0.013921424746513367,-0.008413230255246162,-0.0006104196072556078,0.0057425546459853585,0.009304315783083439,0.4708680142687277
F3_full,2027,-0.005637631751596928,-0.0007398495101369917,0.004684458952397108,0.009000900387763976,0.011250430718064308,0.7859690844233056
F3_full,2028,-0.000386304542189464,0.0033056146930903196,0.007405119948089123,0.010750064812600612,0.012532351538538933,0.9441141498216409
F3_full,2029,0.002720883581787348,0.005592334736138582,0.008837106637656689,0.01162996832281351,0.01352915819734335,0.9821640903686087
F3_full,2030,0.004499566275626421,0.007018437515944243,0.009717771783471107,0.012329560332000255,0.014264620840549469,0.9988109393579072
F3_full,2031,0.005944147706031799,0.008039121888577938,0.010317799635231495,0.012770535238087176,0.014725839719176292,0.9988109393579072
F3_full,2032,0.006652515381574631,0.008627930656075478,0.010733232833445072,0.01303967833518982,0.015019076876342297,1.0
F3_full,2033,0.007335639093071222,0.009072077833116055,0.011020065285265446,0.013305510021746158,0.015190158039331436,1.0
F3_full,2034,0.007876907475292683,0.009447008930146694,0.011296241544187069,0.013497536070644852,0.015347660519182682,1.0
F3_full,2035,0.008221164345741272,0.0096397677436471,0.011480607092380524,0.013629984110593794,0.015488932840526104,1.0
F3_full,2036,0.008481979370117188,0.009839891642332076,0.01155058853328228,0.013689182139933106,0.015621453523635864,1.0
F3_full,2037,0.008665954694151878,0.009939992427825927,0.01163033302873373,0.013777762092649937,0.015657473355531693,1.0
F3_full,2038,0.008752180263400078,0.00998996738344431,0.011715357191860676,0.013852867670357228,0.015728149563074112,1.0
F3_full,2039,0.008789409883320332,0.010064126737415791,0.01171116903424263,0.013863749057054519,0.01563778519630432,1.0
F3_full,2040,0.008837422356009483,0.010079525783658028,0.011731362901628017,0.013846295699477195,0.015634426847100258,1.0
F3_full,2041,0.008836299180984497,0.010075610689818859,0.011730876751244068,0.013882891461253166,0.015769576653838158,1.0
F3_full,2042,0.00885035376995802,0.010060039348900318,0.011670769192278385,0.013864980824291707,0.015773510560393333,1.0
F3_full,2043,0.008840730413794518,0.01000890377908945,0.011643648147583008,0.013809468783438205,0.015750888735055923,1.0
F3_full,2044,0.008853702805936337,0.009978246130049228,0.011678138747811317,0.013734906166791915,0.015689505264163017,1.0
F3_full,2045,0.008774311281740665,0.00992079321295023,0.011628087610006332,0.013675306364893914,0.015654705464839935,1.0
F3_full,2046,0.008789828978478909,0.009847517684102058,0.01156933419406414,0.013601117953658102,0.01565217599272728,1.0
F3_full,2047,0.008754832670092583,0.009776446223258971,0.011544630862772465,0.013537099212408065,0.015644816681742668,1.0
F3_full,2048,0.008675822988152504,0.009730025380849838,0.011487115174531937,0.013525308109819889,0.015609203837811947,1.0
F3_full,2049,0.008610601536929607,0.00964412335306406,0.011415385641157627,0.013474022038280964,0.015548106282949448,1.0
F3_full,2050,0.008571780286729336,0.009569750726222992,0.011363721452653408,0.013442189991474151,0.015518611297011375,1.0
F4_full,2000,0.0,0.0,0.0,0.0,0.0,0.0
F4_full,2001,0.0,0.0,0.0,0.0,0.0,0.0
F4_full,2002,0.0,0.0,0.0,0.0,0.0,0.0
F4_full,2003,0.0,0.0,0.0,0.0,0.0,0.0
F4_full,2004,0.0,0.0,0.0,0.0,0.0,0.0
F4_full,2005,0.0,0.0,0.0,0.0,0.0,0.0
F4_full,2006,1.9037208858208032e-06,2.6384330794826384e-06,3.7923896343272645e-06,4.962886305293068e-06,5.834203875565436e-06,1.0
F4_full,2007,8.50621290737763e-06,1.0883831964747515e-05,1.4650130651716609e-05,1.8369029203313402e-05,2.1441728677018546e-05,1.0
F4_full,2008,2.231518374173902e-05,2.7485481041367166e-05,3.5255496186437085e-05,4.292466837796382e-05,5.0510319852037355e-05,1.0
F4_full,2009,4.69362385047134e-05,5.6092080194503074e-05,7.000987534411252e-05,8.333085279446095e-05,9.665544348536059e-05,1.0
F4_full,2010,8.489528408972546e-05,0.00010003612260334194,0.00012098648585379124,0.00014263427001424134,0.00016398077423218638,1.0
F4_full,2011,0.00013923889491707087,0.0001621704606804997,0.0001931096485350281,0.00022579977521672843,0.00025778840063139796,1.0
F4_full,2012,0.00021420813573058695,0.0002456294081639498,0.0002922210842370987,0.00033856358495540915,0.0003830793430097401,1.0
F4_full,2013,0.0003125667863059789,0.00035542489495128394,0.00041817277087830007,0.00048456193762831386,0.0005470449104905128,1.0
F4_full,2014,0.0004433408030308783,0.0005007018451578915,0.0005892675835639238,0.0006787235150113701,0.000764835043810308,1.0
F4_full,2015,0.0006130840629339218,0.0006885964190587402,0.0008080218103714287,0.000929514120798558,0.0010433743009343743,1.0
F4_full,2016,0.000818886561319232,0.0009170720586553216,0.0010724618332460523,0.0012340080458670855,0.0013786418130621314,1.0
F4_full,2017,0.0010770593071356416,0.0012006088392809034,0.001401555142365396,0.0016141433501616121,0.0017959338147193193,1.0
F4_full,2018,0.001392057165503502,0.001549536595121026,0.0018047391204163432,0.0020792599767446517,0.002316033933311701,1.0
F4_full,2019,0.0017618740675970912,0.001958890771493316,0.0022772885859012604,0.00260994341224432,0.002915929537266493,1.0
F4_full,2020,0.0021417620591819286,0.0023975339718163013,0.00277673895470798,0.00316726746968925,0.003539805766195059,1.0
F4_full,2021,0.002599263796582818,0.002907294174656272,0.003356018103659153,0.0038264534901827573,0.004277536645531654,1.0
F4_full,2022,0.0031803420279175043,0.003561576595529914,0.004103920888155699,0.004675883892923593,0.00523065309971571,1.0
F4_full,2023,0.0038770141545683146,0.004339201748371125,0.004999241326004267,0.0056957962922751905,0.0063810828141868114,1.0
F4_full,2024,0.004689484369009733,0.00525131868198514,0.006055118050426245,0.006898589059710502,0.00771506829187274,1.0
F4_full,2025,0.005646629724651575,0.006336033809930086,0.007296865805983543,0.008315808698534965,0.009315635077655315,1.0
F4_full,2026,0.006334775593131781,0.007098856009542943,0.00813500676304102,0.009274805709719659,0.010251861996948719,1.0
F4_full,2027,0.00643927650526166,0.007272267341613769,0.008359242230653763,0.009565608203411102,0.010498082265257835,1.0
F4_full,2028,0.00647544814273715,0.007320741005241871,0.0084452535957098,0.009696650318801403,0.01054912619292736,1.0
F4_full,2029,0.0064784768037498,0.007272758800536394,0.008484029211103916,0.009764844179153442,0.010613626800477505,1.0
F4_full,2030,0.006451447028666735,0.007256161980330944,0.008464733138680458,0.009751858375966548,0.010650337673723698,1.0
F4_full,2031,0.00637486157938838,0.007177444361150265,0.008420928381383419,0.009744554571807385,0.010726415552198887,1.0
F4_full,2032,0.006312743294984102,0.007129805721342563,0.008358703926205635,0.00965858194977045,0.010739205405116081,1.0
F4_full,2033,0.006218485534191132,0.00706429248675704,0.008270257152616978,0.009582260623574255,0.01069444976747036,1.0
F4_full,2034,0.006162416655570269,0.006966517306864262,0.008171738125383854,0.009529192745685576,0.010591046884655952,1.0
F4_full,2035,0.006084185093641281,0.006867421511560679,0.008085159584879875,0.00944431908428669,0.010563258081674576,1.0
F4_full,2036,0.005961485207080841,0.006802576314657927,0.007997275330126286,0.009342474117875098,0.010522707365453243,1.0
F4_full,2037,0.005876094102859497,0.00671637998893857,0.007886181585490704,0.009269594401121137,0.010429486632347107,1.0
F4_full,2038,0.00581484055146575,0.006624315213412046,0.007773765828460455,0.009186239168047904,0.010370465926826,1.0
F4_full,2039,0.0057341838255524635,0.0065167459659278395,0.007678730878978968,0.009074234031140804,0.010283454321324825,1.0
F4_full,2040,0.005680851172655821,0.0064168860204517845,0.007582259364426136,0.008973072655498982,0.010142930783331394,1.0
F4_full,2041,0.005603977013379335,0.006312589719891548,0.007478076498955488,0.008868747018277645,0.010116084478795528,1.0
F4_full,2042,0.005522533319890499,0.006215436197817325,0.007382763549685478,0.008769478090107441,0.01001290138810873,1.0
F4_full,2043,0.005432403180748224,0.006130938977003097,0.007290431763976812,0.008687194250524043,0.00988788902759552,1.0
F4_full,2044,0.005351183004677296,0.006045810971409083,0.007197692524641752,0.008617649599909783,0.009799160994589329,1.0
F4_full,2045,0.005256999284029007,0.005965583305805921,0.0071179503574967384,0.008518390730023384,0.009710358455777168,1.0
F4_full,2046,0.0051727257668972015,0.005881768185645342,0.007031373679637909,0.008436834625899791,0.009635196067392826,1.0
F4_full,2047,0.005109857767820358,0.005802585557103157,0.006953928619623184,0.008343004621565342,0.009542514570057392,1.0
F4_full,2048,0.005048512481153011,0.005729146767407656,0.006867639254778624,0.008270574547350406,0.009452341124415398,1.0
F4_full,2049,0.004986022599041462,0.005645953770726919,0.006793829146772623,0.008210500888526439,0.009376343339681625,1.0
F4_full,2050,0.004940461833029985,0.005565449688583612,0.006710242945700884,0.008128749206662178,0.009282284416258335,1.0
F5_full,2000,0.0,0.0,0.0,0.0,0.0,0.0
F5_full,2001,0.0,0.0,0.0,0.0,0.0,0.0
F5_full,2002,0.0,0.0,0.0,0.0,0.0,0.0
F5_full,2003,0.0,0.0,0.0,0.0,0.0,0.0
F5_full,2004,0.0,0.0,0.0,0.0,0.0,0.0
F5_full,2005,0.0,0.0,0.0,0.0,0.0,0.0
F5_full,2006,-0.0002777271147351712,-0.0002026330155786127,-0.00012769851309712976,-6.471969099948182e-05,-3.4598459023982286e-05,0.0035671819262782403
F5_full,2007,-0.0007723468588665128,-0.0005791177041828633,-0.00037231622263789177,-0.00020668950164690617,-0.00011090237967437133,0.0035671819262782403
F5_full,2008,-0.0012310136808082461,-0.0009593492839485406,-0.0006210041465237737,-0.0003430314944125713,-0.00017078148084692657,0.005945303210463734
F5_full,2009,-0.0020066932775080204,-0.00155527894385159,-0.000985033344477415,-0.0005143091198988259,-0.0002162500168196857,0.009512485136741973
F5_full,2010,-0.0034547916147857904,-0.0026625187136232855,-0.0016680221306160092,-0.0008495223359204834,-0.00034182355739176273,0.011890606420927468
F5_full,2011,-0.004477416630834341,-0.0034433872438967227,-0.0021460780408233404,-0.0010744529310613873,-0.00036673713475465775,0.015457788347205707
F5_full,2012,-0.004539798479527235,-0.003475583717226982,-0.002095298608765006,-0.0009710008744150401,-0.0002801189257297665,0.02497027348394768
F5_full,2013,-0.004624069202691317,-0.0034704514779150485,-0.002025563968345523,-0.0008614438935182992,-0.0001428382529411465,0.04042806183115339
F5_full,2014,-0.004976102616637945,-0.0037433257326483726,-0.002102408790960908,-0.0008509952458553028,-1.0450557056174148e-05,0.04994054696789536
F5_full,2015,-0.005631744861602783,-0.0042653264477849,-0.0023201496805995703,-0.000864049908705056,0.0001531431480543688,0.0558858501783591
F5_full,2016,-0.00628971541300416,-0.004689501039683818,-0.0024582617916166782,-0.0007516607991419739,0.00039946200558915734,0.07491082045184304
F5_full,2017,-0.0069229379296302795,-0.005029653757810592,-0.0025399040896445513,-0.0005811056122183805,0.0007290453650057316,0.10225921521997622
F5_full,2018,-0.007845443673431873,-0.005608198512345552,-0.002750035608187318,-0.0004169939900748437,0.0010610349709168077,0.13436385255648037
F5_full,2019,-0.009088424034416676,-0.0064181646332144736,-0.0030067437328398228,-0.0002394564304268014,0.0014629915822297335,0.15101070154577884
F5_full,2020,-0.010916232131421566,-0.00775446193292737,-0.0034583157394081354,-7.822416810086166e-05,0.0019301398424431682,0.16765755053507728
F5_full,2021,-0.012798319570720196,-0.00916304849088192,-0.003992515616118908,0.00023507762816734275,0.00265126908197999,0.1759809750297265
F5_full,2022,-0.013922504149377346,-0.009778260439634322,-0.003815108211711049,0.000803512788843361,0.003579663811251521,0.2211652794292509
F5_full,2023,-0.014104744419455528,-0.009597568586468696,-0.003189678071066737,0.001749193924479182,0.004735405091196299,0.291319857312723
F5_full,2024,-0.014463314786553383,-0.009330192022025586,-0.0025838585570454597,0.002882912289351222,0.006134048569947481,0.3436385255648038
F5_full,2025,-0.015234889462590218,-0.009506265260279178,-0.002117321826517582,0.003978731390088796,0.007480149623006582,0.3864447086801427
F5_full,2026,-0.010567848570644855,-0.005735460389405488,0.0010616978397592902,0.006367304176092147,0.009328336454927921,0.5564803804994055
F5_full,2027,-0.0038853150326758623,0.0006878875195980073,0.005538119934499264,0.009316164813935757,0.01130168791860342,0.8656361474435196
F5_full,2028,0.0007718823035247624,0.004176679905503989,0.00783467385917902,0.010829456150531769,0.012616820633411407,0.9595719381688466
F5_full,2029,0.003520179307088256,0.0061650207266211515,0.009099435992538929,0.011660254187881946,0.013512286357581615,0.995243757431629
F5_full,2030,0.00517211202532053,0.007445668615400791,0.009905504994094372,0.012292248755693434,0.014210318215191364,0.9988109393579072
F5_full,2031,0.0063734217546880245,0.008277107216417789,0.010467180982232094,0.012724172323942183,0.014679421670734882,0.9988109393579072
F5_full,2032,0.007032094988971949,0.008776858635246753,0.01077794749289751,0.013060773536562919,0.014897261746227741,1.0
F5_full,2033,0.007606122642755508,0.009229716286063195,0.011112953536212444,0.013331545516848564,0.015040896832942963,1.0
F5_full,2034,0.00809016264975071,0.009572603926062583,0.011393202468752861,0.013448716513812542,0.01520942896604538,1.0
F5_full,2035,0.008350212126970291,0.00976539570838213,0.011496124789118767,0.013610099814832211,0.015399830415844917,1.0
F5_full,2036,0.008594060316681862,0.009860048070549965,0.011594108305871487,0.013702199608087539,0.015541808679699898,1.0
F5_full,2037,0.00874678697437048,0.00999545305967331,0.01167825236916542,0.013774771615862847,0.015614641830325127,1.0
F5_full,2038,0.008815690875053406,0.01007342580705881,0.011724644340574741,0.013825685158371926,0.015595655888319016,1.0
F5_full,2039,0.008841047063469887,0.010100526735186577,0.011756118386983871,0.013826276175677776,0.01556374691426754,1.0
F5_full,2040,0.00887471716850996,0.010110084339976311,0.011764631606638432,0.013840048015117646,0.015676407143473625,1.0
F5_full,2041,0.008891812525689602,0.010092022456228733,0.011774259619414806,0.013838540390133856,0.01573733426630497,1.0
F5_full,2042,0.008920921944081783,0.010094168037176133,0.011694229207932949,0.013821889273822307,0.015712741762399673,1.0
F5_full,2043,0.00891585648059845,0.010031552985310555,0.011703976429998875,0.013763830251991748,0.01566719077527523,1.0
F5_full,2044,0.00891048926860094,0.00999551322311163,0.011700557544827461,0.013727404177188873,0.015696434304118156,1.0
F5_full,2045,0.008807564154267311,0.009945654682815075,0.011674998328089714,0.013700727559626102,0.015627125278115273,1.0
F5_full,2046,0.008834120817482471,0.009880206733942031,0.01162395067512989,0.013630740903317928,0.01564711518585682,1.0
F5_full,2047,0.008795584551990032,0.00983593836426735,0.01159083191305399,0.013562880828976632,0.015638452023267746,1.0
F5_full,2048,0.008716818876564503,0.00977813359349966,0.011548031121492386,0.013521088287234305,0.015618610195815563,1.0
F5_full,2049,0.008684227243065834,0.009690443798899651,0.011469523422420025,0.013522636331617831,0.015545199625194073,1.0
F5_full,2050,0.008623376488685608,0.009619433991611004,0.011428827419877052,0.013500096835196018,0.015477165579795837,1.0
ws_F1_full,2000,0.0,0.0,0.0,0.0,0.0,0.0
ws_F1_full,2001,0.0,0.0,0.0,0.0,0.0,0.0
ws_F1_full,2002,0.0,0.0,0.0,0.0,0.0,0.0
ws_F1_full,2003,0.0,0.0,0.0,0.0,0.0,0.0
ws_F1_full,2004,0.0,0.0,0.0,0.0,0.0,0.0
ws_F1_full,2005,0.0,0.0,0.0,0.0,0.0,0.0
ws_F1_full,2006,-5.6438326282659546e-05,-4.0755018562776965e-05,-2.424139529466629e-05,-1.1143704250571322e-05,-4.333240667619975e-06,0.015457788347205707
ws_F1_full,2007,-0.00022846511274110526,-0.00016912574938032776,-0.00010241403651889414,-4.761313466588036e-05,-1.717232407827396e-05,0.0178359096313912
ws_F1_full,2008,-0.000495919375680387,-0.0003726015333086252,-0.00022751688084099442,-0.00010421569750178614,-3.5900360671803355e-05,0.022592152199762187
ws_F1_full,2009,-0.0007934369496069849,-0.0006063427194021642,-0.00036161488969810307,-0.00016057264874689282,-4.116998752579093e-05,0.027348394768133173
ws_F1_full,2010,-0.0010832828702405095,-0.0008273590239696204,-0.0004870181728620082,-0.00019550878205336635,-2.629553091537673e-05,0.041617122473246136
ws_F1_full,2011,-0.001432451419532299,-0.001079917885363102,-0.000621912709902972,-0.0002199141716118905,1.1552731848496478e-05,0.052318668252080855
ws_F1_full,2012,-0.0018200912745669484,-0.0013730332255363464,-0.0007643749704584479,-0.0002390934474533427,7.876138988649473e-05,0.06658739595719382
ws_F1_full,2013,-0.002177746966481209,-0.0016103788278996943,-0.0008549094782210886,-0.000211575729190372,0.000179369977558963,0.089179548156956
ws_F1_full,2014,-0.002523253206163645,-0.0018240882083773613,-0.0009148395038209856,-0.000152623889152892,0.0003186213434673846,0.12128418549346016
ws_F1_full,2015,-0.0028764319140464067,-0.002030428312718868,-0.0009480236913077533,-6.408728222595591e-05,0.000500040128827095,0.1581450653983353
ws_F1_full,2016,-0.003145308466628194,-0.002163063734769821,-0.0009371868800371885,0.00011119112750748165,0.0007464918307960033,0.20451843043995244
ws_F1_full,2017,-0.0034202116075903177,-0.0023117190226912498,-0.0008932798518799245,0.00033683753572404384,0.0010529140708968043,0.25326991676575505
ws_F1_full,2018,-0.003843208309262991,-0.00256605944596231,-0.0008628267096355557,0.000557040376588702,0.0014195502735674381,0.29369797859690844
ws_F1_full,2019,-0.004321262706071138,-0.002836673706769943,-0.0008339116466231644,0.0008289781166240572,0.0018231412395834923,0.3258026159334126
ws_F1_full,2020,-0.004704447463154793,-0.00299772466532886,-0.0007005461375229061,0.0012281937059015024,0.0023249622900038958,0.36623067776456597
ws_F1_full,2021,-0.005056390073150396,-0.0031330194789916275,-0.0005057952366769314,0.0017438036622479554,0.0029320011381059885,0.41379310344827586
ws_F1_full,2022,-0.005532411392778158,-0.0033771304879337545,-0.0003244639083277434,0.0022557019721716628,0.0036688942927867174,0.460166468489893
ws_F1_full,2023,-0.005832354538142681,-0.0033579946495592592,6.373942596837878e-05,0.0030310371890664095,0.004646432586014271,0.5101070154577884
ws_F1_full,2024,-0.005662364419549704,-0.0028719230089336635,0.0008470101747661829,0.004089243803173303,0.005826943553984165,0.5921521997621879
ws_F1_full,2025,-0.005450547207146883,-0.0023860981687903403,0.0016670608893036842,0.005267481133341789,0.007252343464642763,0.6623067776456599
ws_F1_full,2026,-0.002605252433568239,0.00018743865803117027,0.0036930714268237352,0.007079955749213694,0.008708812296390533,0.8406658739595719
ws_F1_full,2027,0.0013565862318500876,0.003825149638578296,0.006360196974128485,0.008717305585741995,0.010066510178148746,0.9774078478002378
ws_F1_full,2028,0.003980119712650776,0.005733905825763941,0.007662959862500429,0.009560531564056873,0.011068716645240784,1.0
ws_F1_full,2029,0.005411278456449509,0.0067104012705385685,0.008328217081725597,0.010171928443014622,0.01165829598903656,1.0
ws_F1_full,2030,0.00616412702947855,0.007320112269371748,0.008801882155239582,0.010507884435355663,0.012089632451534271,1.0
ws_F1_full,2031,0.006663915701210499,0.007776765339076519,0.009107613004744053,0.010810453072190284,0.012271651066839695,1.0
ws_F1_full,2032,0.00697697140276432,0.007995838485658168,0.009295155294239521,0.011021260730922222,0.01246580295264721,1.0
ws_F1_full,2033,0.0071623544208705425,0.008140906877815723,0.009468353353440762,0.0111079866066575,0.012637109495699406,1.0
ws_F1_full,2034,0.007270532660186291,0.008255258947610856,0.009580928832292557,0.011205708049237728,0.012736033648252487,1.0
ws_F1_full,2035,0.00734800286591053,0.00832208413630724,0.009615015238523483,0.011284485831856726,0.012763828039169312,1.0
ws_F1_full,2036,0.007404705043882132,0.008352981880307198,0.00965108908712864,0.011280735582113266,0.012861857190728188,1.0
ws_F1_full,2037,0.007406317628920078,0.008342244289815426,0.009681440889835358,0.011288056708872318,0.012762365862727165,1.0
ws_F1_full,2038,0.00741953169927001,0.008324854820966721,0.009668531827628613,0.011273087374866009,0.012727558612823486,1.0
ws_F1_full,2039,0.007379523478448391,0.008298669196665286,0.009642739780247211,0.011271432973444462,0.012744518928229809,1.0
ws_F1_full,2040,0.007368698250502348,0.008245189301669597,0.009572427719831467,0.011284438893198967,0.012779786251485348,1.0
ws_F1_full,2041,0.007339754141867161,0.008213764242827892,0.009541117586195469,0.011211474798619746,0.012751052156090736,1.0
ws_F1_full,2042,0.00727736484259367,0.008154762163758277,0.009503861889243126,0.011140445806086061,0.012750783003866673,1.0
ws_F1_full,2043,0.007246684283018112,0.008089054562151431,0.009451969526708126,0.011068247258663177,0.012750491499900818,1.0
ws_F1_full,2044,0.007176472805440426,0.008022798039019109,0.00942168291658163,0.011027490720152855,0.01268924493342638,1.0
ws_F1_full,2045,0.007112815976142883,0.00795511957257986,0.009338164702057838,0.010993270576000212,0.01267939805984497,1.0
ws_F1_full,2046,0.007049563340842724,0.007895677350461483,0.00930001586675644,0.010923702269792557,0.012608634307980537,1.0
ws_F1_full,2047,0.0069942534901201725,0.00782758705317974,0.009246302768588066,0.010847245343029499,0.012550055980682373,1.0
ws_F1_full,2048,0.0069252545945346355,0.0077569900080561634,0.009174915961921215,0.01078005600720644,0.012417186051607132,1.0
ws_F1_full,2049,0.006865772418677807,0.007705264445394278,0.009111665189266205,0.010730058886110781,0.012389925308525562,1.0
ws_F1_full,2050,0.006801201496273279,0.007641150243580342,0.00904839113354683,0.010699073597788811,0.012360217049717903,1.0
wsob_F1_full,2000,0.0,0.0,0.0,0.0,0.0,0.0
wsob_F1_full,2001,0.0,0.0,0.0,0.0,0.0,0.0
wsob_F1_full,2002,0.0,0.0,0.0,0.0,0.0,0.0
wsob_F1_full,2003,0.0,0.0,0.0,0.0,0.0,0.0
wsob_F1_full,2004,0.0,0.0,0.0,0.0,0.0,0.0
wsob_F1_full,2005,0.0,0.0,0.0,0.0,0.0,0.0
wsob_F1_full,2006,-7.974224718054757e-05,-5.595698021352291e-05,-2.1706491679651663e-05,5.695154504792259e-06,2.8299002224230208e-05,0.2413793103448276
wsob_F1_full,2007,-0.000342469458701089,-0.00024156809668056666,-9.498138388153166e-05,2.6148289543925763e-05,0.00012391222117003053,0.23543400713436385
wsob_F1_full,2008,-0.0007207911694422364,-0.0005228103138506412,-0.00020338506146799773,6.686024426016943e-05,0.0002848937001544982,0.2497027348394768
wsob_F1_full,2009,-0.0011256698053330183,-0.0008207344217225909,-0.00030172450351528823,0.00015264305402524738,0.0005265497602522373,0.27586206896551724
wsob_F1_full,2010,-0.0015515139093622565,-0.0011083138408139348,-0.0003392165817786008,0.00037157211918383806,0.0010024263756349683,0.3376932223543401
wsob_F1_full,2011,-0.0020364292431622744,-0.001427529496140778,-0.00036904061562381685,0.0006658833357505494,0.0016091129509732127,0.375743162901308
wsob_F1_full,2012,-0.0025693001225590706,-0.00176720111630857,-0.00041103840339928865,0.0009821022395044565,0.0021611014381051064,0.39595719381688466
wsob_F1_full,2013,-0.002998191863298416,-0.0020238463301211593,-0.00036543732858262956,0.0013938464689999817,0.002859555883333087,0.42092746730083236
wsob_F1_full,2014,-0.003523551393300295,-0.002334500662982464,-0.0002852629404515028,0.0018944817595183848,0.0036911319475620985,0.450653983353151
wsob_F1_full,2015,-0.004103761166334152,-0.002699045045301318,-0.00021193923021201044,0.0024043911602348077,0.0045052142813801765,0.46730083234244946
wsob_F1_full,2016,-0.0044735935516655445,-0.0029003120958805083,5.277877426124178e-05,0.003177229221910237,0.005826658569276333,0.5077288941736029
wsob_F1_full,2017,-0.004910558927804232,-0.003116272296756506,0.00035721136373467743,0.004238706920295953,0.0075773149728775024,0.5434007134363853
wsob_F1_full,2018,-0.005395115353167057,-0.003414106322452426,0.0007109408034011722,0.0053901351056993,0.009326017461717129,0.5731272294887039
wsob_F1_full,2019,-0.005830106791108847,-0.003557316958904266,0.0012074265396222472,0.006609620805829763,0.01112811267375946,0.6016646848989299
wsob_F1_full,2020,-0.006150350905954838,-0.003572045592591166,0.0018370022298768163,0.008065815642476082,0.013376385904848576,0.6171224732461356
wsob_F1_full,2021,-0.006584999151527882,-0.003613863233476877,0.002560083055868745,0.009672475606203077,0.01611211523413658,0.6313912009512486
wsob_F1_full,2022,-0.006979822181165218,-0.0036256029736250637,0.0034598957281559706,0.011719355732202522,0.019147386774420738,0.6504161712247325
wsob_F1_full,2023,-0.007062157616019249,-0.0033209312707185744,0.00450233556330204,0.013722608424723146,0.021952800452709198,0.6706302021403091
wsob_F1_full,2024,-0.006586178205907345,-0.0025935340672731395,0.005744760390371084,0.01561564691364765,0.02452394738793373,0.7074910820451843
wsob_F1_full,2025,-0.006068496964871883,-0.0018610989209264517,0.0071318806149065495,0.01769732609391212,0.027292544022202492,0.751486325802616
wsob_F1_full,2026,-0.002753953915089369,0.0011607731459662323,0.008909991011023521,0.01844582892954349,0.026803547516465187,0.8846611177170036
wsob_F1_full,2027,0.0023362142965197563,0.005442297086119652,0.010455426760017872,0.017701258882880207,0.02440645359456539,0.9785969084423306
wsob_F1_full,2028,0.0051328218542039394,0.007395974267274142,0.011229196563363075,0.01726677715778351,0.022790230810642242,0.9976218787158145
wsob_F1_full,2029,0.006517437286674976,0.008611299097537994,0.011729230172932148,0.01698153465986252,0.022072989493608475,1.0
wsob_F1_full,2030,0.007544861175119877,0.00925274807959795,0.01205006055533886,0.01692257523536682,0.021592838689684868,1.0
wsob_F1_full,2031,0.008045199327170849,0.009633571095764636,0.012206697836518288,0.016764789074659347,0.02127666585147381,1.0
wsob_F1_full,2032,0.008464722894132137,0.009884774684906006,0.012339823879301548,0.01645204909145832,0.02097277343273163,1.0
wsob_F1_full,2033,0.008786624297499657,0.010119823180139065,0.012397628277540207,0.016293098777532575,0.02052091807126999,1.0
wsob_F1_full,2034,0.008963875472545624,0.01027256976813078,0.012422917410731316,0.016146101430058478,0.020097356289625168,1.0
wsob_F1_full,2035,0.009095601737499237,0.010266003012657166,0.012400778941810131,0.01601145006716251,0.019808201119303703,1.0
wsob_F1_full,2036,0.009090930223464966,0.01026335135102272,0.012356369756162167,0.01581749655306339,0.01958695612847805,1.0
wsob_F1_full,2037,0.009015306830406189,0.010297867096960544,0.012300975620746613,0.01567303985357284,0.019385214895009995,1.0
wsob_F1_full,2038,0.00897218007594347,0.010270659625530244,0.012189678847789764,0.015532725304365155,0.01910402439534664,1.0
wsob_F1_full,2039,0.008911064825952053,0.010191194899380208,0.012110983952879906,0.015395692363381385,0.01874307356774807,1.0
wsob_F1_full,2040,0.00885789468884468,0.010095171444118024,0.012027233839035034,0.015232270583510399,0.018500201404094696,1.0
wsob_F1_full,2041,0.008847802877426147,0.010018622875213623,0.011917805299162865,0.015025394223630428,0.01834232732653618,1.0
wsob_F1_full,2042,0.008831655606627464,0.009948949702084065,0.011843102052807808,0.014911817945539951,0.018177680671215057,1.0
wsob_F1_full,2043,0.008770286105573177,0.009848487749695777,0.011739364825189114,0.014751590602099896,0.017953041940927505,1.0
wsob_F1_full,2044,0.008681122213602066,0.009748874604701996,0.011615853756666183,0.014600259624421595,0.017768219113349915,1.0
wsob_F1_full,2045,0.008611036464571953,0.009671310521662235,0.011519604362547398,0.014415037259459494,0.01757783256471157,1.0
wsob_F1_full,2046,0.00855046696960926,0.009573248960077763,0.011424618773162365,0.01429690271615982,0.017261913046240807,1.0
wsob_F1_full,2047,0.008456453680992126,0.009489723294973374,0.011341772973537445,0.014184573665261267,0.01715698279440403,1.0
wsob_F1_full,2048,0.008363143540918827,0.009373976290225983,0.011230288073420525,0.014028507843613622,0.017024695873260498,1.0
wsob_F1_full,2049,0.008261625654995441,0.009287540800869465,0.01112927496433258,0.013945137150585651,0.01682290807366371,1.0
wsob_F1_full,2050,0.008164317347109318,0.00920303277671337,0.011024508625268936,0.013849823549389838,0.016612719744443893,1.0
F1_full_frontlife,2000,0.0,0.0,0.0,0.0,0.0,0.0
F1_full_frontlife,2001,0.0,0.0,0.0,0.0,0.0,0.0
F1_full_frontlife,2002,0.0,0.0,0.0,0.0,0.0,0.0
F1_full_frontlife,2003,0.0,0.0,0.0,0.0,0.0,0.0
F1_full_frontlife,2004,0.0,0.0,0.0,0.0,0.0,0.0
F1_full_frontlife,2005,0.0,0.0,0.0,0.0,0.0,0.0
F1_full_frontlife,2006,-6.302644032984972e-05,-4.619010651367716e-05,-2.775316170300357e-05,-1.3413170381681994e-05,-5.8158361753157806e-06,0.009512485136741973
F1_full_frontlife,2007,-0.00025050289696082473,-0.00018700760265346616,-0.00011402951349737123,-5.517107492778452e-05,-2.271519224450458e-05,0.013079667063020214
F1_full_frontlife,2008,-0.0005409966688603163,-0.0004075562697835267,-0.00025065799127332866,-0.00011929012835025794,-4.717124829767272e-05,0.015457788347205707
F1_full_frontlife,2009,-0.0008697074954397976,-0.0006691299262456595,-0.000407115527195856,-0.00019121456425637032,-5.811915980302729e-05,0.023781212841854936
F1_full_frontlife,2010,-0.0012029308127239347,-0.0009265387314371764,-0.0005530877388082445,-0.00024175706203095649,-5.4342930525308475e-05,0.029726516052318668
F1_full_frontlife,2011,-0.0015899818390607834,-0.001208547968417406,-0.0007131401798687875,-0.0002869529998861256,-3.54497205989901e-05,0.041617122473246136
F1_full_frontlife,2012,-0.0020043901167809963,-0.0015251009259372949,-0.0008823366370052099,-0.0003208832698874176,1.5151591469475534e-05,0.05112960760998811
F1_full_frontlife,2013,-0.002401066478341818,-0.001796150580048561,-0.0010022547794505954,-0.00032199097913690044,9.496903658146039e-05,0.06420927467300833
F1_full_frontlife,2014,-0.0028044155333191156,-0.002053749281913042,-0.001105532399378717,-0.00029269343940541154,0.00021102206665091217,0.08680142687277051
F1_full_frontlife,2015,-0.003222772618755698,-0.0023286545649170874,-0.001185743953101337,-0.00023592630750499674,0.0003633651649579406,0.11414982164090369
F1_full_frontlife,2016,-0.003592677414417267,-0.002539561968296766,-0.0012260392541065812,-0.00012716489582089766,0.0005627991631627083,0.14744351961950058
F1_full_frontlife,2017,-0.0039725713431835175,-0.0027789531741291285,-0.001252233050763607,3.0167867953423192e-05,0.0008170262444764376,0.178359096313912
F1_full_frontlife,2018,-0.004493900574743748,-0.0031171213835477826,-0.0012896287953481078,0.00021893114899285116,0.0011350600980222225,0.21878715814506539
F1_full_frontlife,2019,-0.0050370520912110806,-0.003448936017230153,-0.0013190372847020626,0.00043837714474648226,0.0015256274491548538,0.24851367419738407
F1_full_frontlife,2020,-0.00551186315715313,-0.0037139623425900934,-0.0012594227446243167,0.000766470551025122,0.00198023347184062,0.2925089179548157
F1_full_frontlife,2021,-0.006021437235176563,-0.003990149404853582,-0.0011502369306981564,0.0011535029858350744,0.0025248797610402107,0.33174791914387636
F1_full_frontlife,2022,-0.006587637588381767,-0.004306193348020315,-0.0010222545824944973,0.001666830503381788,0.0031860745511949062,0.3579072532699168
F1_full_frontlife,2023,-0.006933319382369518,-0.004410054441541433,-0.0007079479400999844,0.0023755953647196285,0.003986288793385029,0.41379310344827586
F1_full_frontlife,2024,-0.006891817785799503,-0.00398685010150075,-8.604849426774308e-05,0.0032461803406476975,0.005048859398812056,0.4946492271105826
F1_full_frontlife,2025,-0.006866188254207373,-0.0036701204720884562,0.0006027469644322991,0.004266481846570967,0.006260772701352835,0.5600475624256838
F1_full_frontlife,2026,-0.004113438539206982,-0.001197709748521447,0.0024811672046780586,0.0058544518426060675,0.00758694251999259,0.751486325802616
F1_full_frontlife,2027,-0.00010903114161919802,0.0024309678003191946,0.0051189144141972065,0.007449371740221976,0.0086424695327878,0.9488703923900119
F1_full_frontlife,2028,0.002489241538569331,0.004445953108370304,0.006417270749807358,0.008279204927384853,0.0095874834805727,0.995243757431629
F1_full_frontlife,2029,0.003986596595495939,0.005521515943109989,0.00712805800139904,0.008807339891791341,0.01018943078815937,1.0
F1_full_frontlife,2030,0.004916401579976082,0.006141581479460001,0.0075676944106817245,0.009176248125731945,0.010530802421271801,1.0
F1_full_frontlife,2031,0.005447572097182274,0.0065229380503296856,0.00782193522900343,0.009433560073375702,0.010772895067930222,1.0
F1_full_frontlife,2032,0.005812103860080242,0.006832237169146538,0.008048288524150848,0.009585743211209774,0.010885902680456638,1.0
F1_full_frontlife,2033,0.006030287593603134,0.006983495317399502,0.00818539597094059,0.00968335997313261,0.011035694740712643,1.0
F1_full_frontlife,2034,0.006245122291147709,0.007096527796238661,0.008278539404273033,0.009799604304134846,0.011148503050208092,1.0
F1_full_frontlife,2035,0.006300244480371475,0.007187088765203953,0.008353467099368572,0.009825890138745307,0.011157551780343056,1.0
F1_full_frontlife,2036,0.006339887622743845,0.007227960973978043,0.008363070897758007,0.009871726669371129,0.011172221042215824,1.0
F1_full_frontlife,2037,0.00639320956543088,0.007258273847401142,0.008395133540034294,0.009865528717637063,0.011210039258003235,1.0
F1_full_frontlife,2038,0.006416965741664171,0.007248382270336151,0.008378763683140278,0.00985545739531517,0.011109946295619011,1.0
F1_full_frontlife,2039,0.006425864063203335,0.007224523834884167,0.008404456079006195,0.009842504933476447,0.011101442389190197,1.0
F1_full_frontlife,2040,0.006397437769919634,0.007195515278726816,0.008343321271240711,0.009838838689029216,0.01110780518501997,1.0
F1_full_frontlife,2041,0.00638032890856266,0.007147917710244656,0.00830776710063219,0.00979829356074333,0.011093845590949059,1.0
F1_full_frontlife,2042,0.00634757848456502,0.007105575874447823,0.008281777612864971,0.009759442321956158,0.011093253269791603,1.0
F1_full_frontlife,2043,0.0063132597133517265,0.007059342507272959,0.008233997039496899,0.009689601883292197,0.011072038672864437,1.0
F1_full_frontlife,2044,0.006293809041380882,0.0069971861317753795,0.008202006109058857,0.009620005264878273,0.011074946261942387,1.0
F1_full_frontlife,2045,0.00623302673920989,0.006936328019946814,0.008165787905454636,0.00958729162812233,0.011027870699763298,1.0
F1_full_frontlife,2046,0.0061607034876942635,0.006874120328575373,0.008096739649772644,0.009530537575483321,0.011003176681697369,1.0
F1_full_frontlife,2047,0.0061381226405501366,0.006814209558069706,0.008038726635277271,0.009480065666139126,0.010935893282294273,1.0
F1_full_frontlife,2048,0.0060598235577344894,0.006762619595974684,0.007999473251402378,0.00943506583571434,0.010876390151679516,1.0
F1_full_frontlife,2049,0.005986909382045269,0.006703000515699387,0.007927521131932735,0.009372789040207863,0.010801122523844242,1.0
F1_full_frontlife,2050,0.005934782791882753,0.006654658727347851,0.007884174585342407,0.009331153891980647,0.010750562883913517,1.0
F1_full_nolife,2000,0.0,0.0,0.0,0.0,0.0,0.0
F1_full_nolife,2001,0.0,0.0,0.0,0.0,0.0,0.0
F1_full_nolife,2002,0.0,0.0,0.0,0.0,0.0,0.0
F1_full_nolife,2003,0.0,0.0,0.0,0.0,0.0,0.0
F1_full_nolife,2004,0.0,0.0,0.0,0.0,0.0,0.0
F1_full_nolife,2005,0.0,0.0,0.0,0.0,0.0,0.0
F1_full_nolife,2006,-6.173849396873266e-05,-4.4588706077774984e-05,-2.6443663955433294e-05,-1.2132083975302523e-05,-4.7328185246442445e-06,0.015457788347205707
F1_full_nolife,2007,-0.000245728122536093,-0.00018151963886339217,-0.00011014496703865007,-5.110996789881028e-05,-1.8201379134552553e-05,0.0178359096313912
F1_full_nolife,2008,-0.0005292379064485431,-0.0003980976645834744,-0.00024272073642350733,-0.00011116260866401734,-3.731573815457523e-05,0.023781212841854936
F1_full_nolife,2009,-0.0008530893828719854,-0.0006504120188765228,-0.0003878826682921499,-0.00017143064469564719,-4.282661393517628e-05,0.026159334126040427
F1_full_nolife,2010,-0.001169414259493351,-0.0008947592694312334,-0.000524840084835887,-0.0002128629887010904,-2.8798551284126006e-05,0.041617122473246136
F1_full_nolife,2011,-0.0015354680363088846,-0.0011599516263231635,-0.000668615335598588,-0.0002395572111709049,1.10780219984008e-05,0.05112960760998811
F1_full_nolife,2012,-0.0019347446504980326,-0.001461240486241877,-0.000813460850622505,-0.0002586011891253299,8.179089491022751e-05,0.06539833531510107
F1_full_nolife,2013,-0.00230750092305243,-0.0017051853705197574,-0.0009061641758307815,-0.00022872926492709672,0.00018326460849493742,0.08799048751486326
F1_full_nolife,2014,-0.002673584735020995,-0.0019351247465237975,-0.0009743657428771257,-0.00017258092120755507,0.00032594503136351705,0.11771700356718193
F1_full_nolife,2015,-0.0030673362780362368,-0.0021708968095481393,-0.0010292676743119955,-8.765225647948722e-05,0.0005060305702500045,0.14982164090368608
F1_full_nolife,2016,-0.0033925743773579597,-0.002345699770376086,-0.0010442037601023912,6.849359779152954e-05,0.0007485889946110547,0.1902497027348395
F1_full_nolife,2017,-0.003723748726770282,-0.0025360024999827144,-0.0010076999897137284,0.00028746873722411664,0.0010746927000582218,0.24019024970273484
F1_full_nolife,2018,-0.00418196152895689,-0.002813513809815049,-0.0010054383892565966,0.0005297525087371466,0.0014497289666906,0.2806183115338882
F1_full_nolife,2019,-0.004670731257647276,-0.0030802232678979634,-0.0009528411901555955,0.0008076762664131809,0.0018706786213442683,0.31866825208085614
F1_full_nolife,2020,-0.005072779022157192,-0.003256537625566125,-0.0008087585447356105,0.0012136763660237188,0.002400374738499522,0.34958382877526756
F1_full_nolife,2021,-0.0054791709408164024,-0.003436874412000179,-0.0006360305706039071,0.0017481416463851925,0.003023142460733652,0.3995243757431629
F1_full_nolife,2022,-0.005942872259765863,-0.0036688329186290503,-0.00043267448199912906,0.0023036373779177664,0.0037866097409278154,0.4423305588585018
F1_full_nolife,2023,-0.006143637932837009,-0.003557479754090309,3.4461525501683354e-05,0.0031308668199926605,0.004829586949199438,0.5065398335315101
F1_full_nolife,2024,-0.005810137838125229,-0.0029489371925592424,0.0009032079251483083,0.0042747872881591315,0.006060922984033823,0.5945303210463734
F1_full_nolife,2025,-0.005541152320802212,-0.0023791429121047254,0.0017912737093865871,0.0055246506817638865,0.007548808120191097,0.6694411414982164
F1_full_nolife,2026,-0.002605294343084097,0.0002790504600852737,0.003909549210220575,0.007383990567177534,0.009072281420230865,0.8513674197384067
F1_full_nolife,2027,0.0014994576340541244,0.004015617351979018,0.0066489046439528465,0.009067664854228495,0.010499789379537106,0.9785969084423306
F1_full_nolife,2028,0.004184693098068237,0.0059767764993011955,0.00796977337449789,0.009964820556342601,0.011492816731333733,1.0
F1_full_nolife,2029,0.005661490373313427,0.006979521550238133,0.008673620410263538,0.010574382357299328,0.01213311217725277,1.0
F1_full_nolife,2030,0.006410608533769846,0.007615097612142563,0.009147574193775654,0.010919497162103652,0.012579191476106644,1.0
F1_full_nolife,2031,0.006921840365976095,0.008092620596289634,0.009468631818890572,0.011261599697172641,0.012760406360030174,1.0
F1_full_nolife,2032,0.007276609074324369,0.00832422561943531,0.009670446626842022,0.011459182389080525,0.012950323522090912,1.0
F1_full_nolife,2033,0.007448473479598761,0.008480767719447613,0.009861134923994541,0.01156126074492931,0.0131560442969203,1.0
F1_full_nolife,2034,0.007563326042145491,0.008590515516698361,0.009969809092581272,0.011662958189845085,0.013225097209215164,1.0
F1_full_nolife,2035,0.0076439958065748215,0.008666862361133098,0.01001803856343031,0.011746960133314131,0.013263469561934471,1.0
F1_full_nolife,2036,0.007710710633546114,0.008689432218670846,0.010055390186607838,0.01174504905939102,0.013362109661102295,1.0
F1_full_nolife,2037,0.007716098800301552,0.008689578250050544,0.010100143030285835,0.01174650564789772,0.01330472994595766,1.0
F1_full_nolife,2038,0.007719262503087521,0.008669314347207547,0.010080893523991108,0.011730746738612652,0.013244596309959888,1.0
F1_full_nolife,2039,0.007685550022870302,0.008638591691851615,0.010047749616205692,0.01175118926912546,0.013279810547828674,1.0
F1_full_nolife,2040,0.007684324402362108,0.008592990040779114,0.009985233657062054,0.011758899502456188,0.013322644867002964,1.0
F1_full_nolife,2041,0.007661451585590839,0.008566989749670028,0.009946919046342373,0.011680531129240989,0.013299225829541683,1.0
F1_full_nolife,2042,0.007594694849103689,0.008507407642900944,0.009917897172272205,0.011613043770194051,0.01330401562154293,1.0
F1_full_nolife,2043,0.007562957238405943,0.008444165252149105,0.009873040951788425,0.011547016352415085,0.013287785463035107,1.0
F1_full_nolife,2044,0.007491538301110268,0.008375822566449642,0.009828899055719376,0.011502518877387046,0.013250009156763554,1.0
F1_full_nolife,2045,0.007416167296469212,0.008308072574436665,0.009755910374224186,0.011467278376221657,0.013224230147898197,1.0
F1_full_nolife,2046,0.0073502822779119015,0.008244542591273784,0.009713546372950077,0.011391822062432767,0.01315070129930973,1.0
F1_full_nolife,2047,0.0073023224249482155,0.008170314505696297,0.009646711871027946,0.011327537149190903,0.01309299748390913,1.0
F1_full_nolife,2048,0.007224151398986578,0.008106906525790691,0.009581836871802807,0.011264126002788543,0.012967458926141262,1.0
F1_full_nolife,2049,0.0071633728221058846,0.008046560548245906,0.009518822655081749,0.011215138435363769,0.01293107122182846,1.0
F1_full_nolife,2050,0.007101727649569511,0.007975620590150357,0.009458037093281746,0.01117302794009447,0.012895289808511734,1.0
F1_full_lowaer,2000,0.0,0.0,0.0,0.0,0.0,0.0
F1_full_lowaer,2001,0.0,0.0,0.0,0.0,0.0,0.0
F1_full_lowaer,2002,0.0,0.0,0.0,0.0,0.0,0.0
F1_full_lowaer,2003,0.0,0.0,0.0,0.0,0.0,0.0
F1_full_lowaer,2004,0.0,0.0,0.0,0.0,0.0,0.0
F1_full_lowaer,2005,0.0,0.0,0.0,0.0,0.0,0.0
F1_full_lowaer,2006,-6.083514745114371e-05,-4.394943243823945e-05,-2.6073535991599783e-05,-1.1934964641113768e-05,-4.628605438483646e-06,0.015457788347205707
F1_full_lowaer,2007,-0.0002363803214393556,-0.0001747101778164506,-0.00010565610864432529,-4.912211952614598e-05,-1.7292193660978228e-05,0.0178359096313912
F1_full_lowaer,2008,-0.0005087110330350697,-0.00038166083395481105,-0.00023215888359118253,-0.00010575808119028826,-3.379212284926325e-05,0.02497027348394768
F1_full_lowaer,2009,-0.0008253648993559182,-0.000627924338914454,-0.00037447165232151747,-0.0001647869241423906,-3.8703390600858256e-05,0.027348394768133173
F1_full_lowaer,2010,-0.0011241596657782793,-0.0008624729583971202,-0.0005050554755143821,-0.0002024677320150659,-2.5223029297194444e-05,0.04280618311533888
F1_full_lowaer,2011,-0.0014757881872355938,-0.0011143960291519761,-0.0006370635819621384,-0.00022311475186143108,2.0920249880873598e-05,0.052318668252080855
F1_full_lowaer,2012,-0.0018525546183809638,-0.001395563711412251,-0.0007717033731751144,-0.0002385924599366272,8.508914470439777e-05,0.06896551724137931
F1_full_lowaer,2013,-0.002204833086580038,-0.001621789950877428,-0.0008580463472753763,-0.0001999737200094388,0.00018583655764814466,0.093935790725327
F1_full_lowaer,2014,-0.0025461541954427958,-0.0018378749955445528,-0.0009078458533622324,-0.00014042957336641876,0.00033501561847515404,0.12604042806183116
F1_full_lowaer,2015,-0.002907008631154895,-0.002039661491289735,-0.0009539737948216498,-6.0497588128783013e-05,0.0005107307224534452,0.15933412604042807
F1_full_lowaer,2016,-0.0031914974097162485,-0.002183309756219387,-0.0009423498413525522,0.0001060467999195671,0.0007615264621563256,0.2080856123662307
F1_full_lowaer,2017,-0.0034424811601638794,-0.0023164464626461265,-0.0008897425141185522,0.00034649017034098456,0.0010802492033690214,0.25802615933412604
F1_full_lowaer,2018,-0.003797221463173628,-0.0025005406700074674,-0.0008237320580519736,0.0005956937908194949,0.0014473507180809975,0.30083234244946494
F1_full_lowaer,2019,-0.004149007610976696,-0.0026658246759325263,-0.0007454221486113966,0.0008980801329016682,0.00187484931666404,0.3388822829964328
F1_full_lowaer,2020,-0.004458930809050798,-0.002808880480006337,-0.000552390527445823,0.0013157964218407862,0.002413183217868209,0.3864447086801427
F1_full_lowaer,2021,-0.004766101483255625,-0.0028687433805316687,-0.0003389251360204071,0.00184806955512613,0.003019755706191063,0.450653983353151
F1_full_lowaer,2022,-0.00507773132994771,-0.0029717549681663514,-7.376448775175959e-05,0.0024195601698011157,0.003842312842607498,0.4946492271105826
F1_full_lowaer,2023,-0.005006867926567793,-0.0026467830408364534,0.0005432986072264612,0.003292222134768962,0.004818502813577652,0.5683709869203329
F1_full_lowaer,2024,-0.004568810574710369,-0.001996429404243827,0.0014380766078829765,0.004502143803983926,0.006018516141921282,0.6646848989298454
F1_full_lowaer,2025,-0.003870605491101742,-0.001199290156364441,0.002554244827479124,0.00584859661757946,0.007508492562919855,0.751486325802616
F1_full_lowaer,2026,-0.001153894467279315,0.0013573433738201857,0.004637517966330051,0.007593274861574173,0.009041604585945606,0.9108204518430439
F1_full_lowaer,2027,0.0024375945795327425,0.004709781240671873,0.007039397023618221,0.009266741387546063,0.010653778910636902,0.9916765755053508
F1_full_lowaer,2028,0.004901707638055086,0.006422663480043412,0.00823291391134262,0.01011751964688301,0.011699957773089409,1.0
F1_full_lowaer,2029,0.006155143026262522,0.007410705275833607,0.008946687914431095,0.010728894174098969,0.012247911654412746,1.0
F1_full_lowaer,2030,0.006751577369868755,0.007947693020105362,0.00933310016989708,0.011030656471848487,0.012723089195787907,1.0
F1_full_lowaer,2031,0.00717370118945837,0.008249632082879543,0.009614236652851105,0.011348819732666016,0.012856160290539265,1.0
F1_full_lowaer,2032,0.007452351041138172,0.008505788259208202,0.00983148068189621,0.011589527316391467,0.013105538673698902,1.0
F1_full_lowaer,2033,0.0076340739615261555,0.00862333495169878,0.009962246753275394,0.011619254946708677,0.013190045021474361,1.0
F1_full_lowaer,2034,0.007698950357735157,0.008706099353730679,0.010040782392024994,0.011778794787824152,0.013257397338747978,1.0
F1_full_lowaer,2035,0.007758843246847391,0.008747423440217972,0.010108930990099907,0.011803964897990226,0.013339662924408913,1.0
F1_full_lowaer,2036,0.0077971722930669785,0.008757987432181836,0.010127763263881207,0.011806968599557875,0.013393552042543888,1.0
F1_full_lowaer,2037,0.007737619336694479,0.008725940249860287,0.010136699303984642,0.011786089837551117,0.013301622122526169,1.0
F1_full_lowaer,2038,0.007706983480602503,0.008698653057217598,0.010093871504068375,0.011782497167587279,0.01326316874474287,1.0
F1_full_lowaer,2039,0.007726152893155813,0.00865610335022211,0.010037417523562908,0.011755302920937537,0.013242151588201523,1.0
F1_full_lowaer,2040,0.0076692793518304825,0.0085909528657794,0.009973960928618908,0.011704952456057068,0.013237591832876205,1.0
F1_full_lowaer,2041,0.007600188720971346,0.008520911820232869,0.009918395429849625,0.011653285101056099,0.01325197983533144,1.0
F1_full_lowaer,2042,0.0075438981875777245,0.00843990296125412,0.009862661361694336,0.011558611132204532,0.013267287984490395,1.0
F1_full_lowaer,2043,0.007511379662901163,0.00835370197892189,0.009822915308177471,0.011484827101230619,0.01321696862578392,1.0
F1_full_lowaer,2044,0.007455155719071627,0.008298979699611663,0.009739079512655735,0.01143278907984495,0.013171040453016758,1.0
F1_full_lowaer,2045,0.007386474870145321,0.008218382485210896,0.009687129408121109,0.011371788196265697,0.013127539306879044,1.0
F1_full_lowaer,2046,0.007317615672945976,0.008149544522166253,0.0096041364595294,0.01127952728420496,0.013023504987359047,1.0
F1_full_lowaer,2047,0.007240353152155876,0.008083927258849145,0.009542057290673256,0.011224736645817756,0.01293295156210661,1.0
F1_full_lowaer,2048,0.007164399139583111,0.008024909719824792,0.009476405568420887,0.011175183020532132,0.012907433323562145,1.0
F1_full_lowaer,2049,0.007086222991347313,0.007944410853087901,0.009395434521138668,0.011114420369267462,0.012857572175562382,1.0
F1_full_lowaer,2050,0.006979090161621571,0.007869257777929305,0.009315453469753265,0.011045164987444877,0.012780307792127132,1.0
F1_full_CH4x2,2000,0.0,0.0,0.0,0.0,0.0,0.0
F1_full_CH4x2,2001,0.0,0.0,0.0,0.0,0.0,0.0
F1_full_CH4x2,2002,0.0,0.0,0.0,0.0,0.0,0.0
F1_full_CH4x2,2003,0.0,0.0,0.0,0.0,0.0,0.0
F1_full_CH4x2,2004,0.0,0.0,0.0,0.0,0.0,0.0
F1_full_CH4x2,2005,0.0,0.0,0.0,0.0,0.0,0.0
F1_full_CH4x2,2006,-6.027582276146859e-05,-4.340462037362158e-05,-2.529168523324188e-05,-1.1040192111977379e-05,-3.5078985547443153e-06,0.026159334126040427
F1_full_CH4x2,2007,-0.0002389461878919974,-0.00017506015428807585,-0.00010370879317633808,-4.614435893017801e-05,-1.2999121281609405e-05,0.028537455410225922
F1_full_CH4x2,2008,-0.0005109356134198606,-0.0003811821457929909,-0.0002262918569613248,-9.60658988333308e-05,-2.112297443090938e-05,0.030915576694411414
F1_full_CH4x2,2009,-0.0008167641353793442,-0.0006164935999549924,-0.0003565888328012079,-0.00013703612203244127,-9.83178961178055e-06,0.04399524375743163
F1_full_CH4x2,2010,-0.0011068378807976842,-0.0008338117506355047,-0.00046964388457126915,-0.00014956527447793652,2.7204048819839954e-05,0.059453032104637336
F1_full_CH4x2,2011,-0.0014325999654829502,-0.0010688812471926212,-0.000574068573769182,-0.00013932728907093414,0.00010407080844743177,0.08680142687277051
F1_full_CH4x2,2012,-0.0017841706285253167,-0.0013157089008018375,-0.0006661834777332842,-0.00011089708714280334,0.00021341594401746988,0.11771700356718193
F1_full_CH4x2,2013,-0.00207067490555346,-0.00148471319116652,-0.0006815100205130875,-1.5868025366216964e-05,0.0003994136059191078,0.16409036860879905
F1_full_CH4x2,2014,-0.002354393946006894,-0.0016190235735848546,-0.000662721402477473,0.00012654014863073824,0.0006243655225262046,0.2259215219976219
F1_full_CH4x2,2015,-0.002632430288940668,-0.0017630088841542602,-0.0006363510619848967,0.00031266055884771016,0.0009038404677994549,0.27824019024970276
F1_full_CH4x2,2016,-0.002834019251167774,-0.0018156251404434442,-0.0005208434886299074,0.0005933032487519083,0.001274055801331997,0.3388822829964328
F1_full_CH4x2,2017,-0.0030147875659167767,-0.0018406761810183523,-0.0003462213499005884,0.0009416465880349277,0.0017075639916583896,0.38882282996432815
F1_full_CH4x2,2018,-0.0032824596855789423,-0.001951015694066882,-0.0001798269513528794,0.0013365181628614664,0.00225448003038764,0.45659928656361476
F1_full_CH4x2,2019,-0.0035562727134674788,-0.0020149833988398315,4.906822869088501e-05,0.001830642344430089,0.0028946404345333576,0.5101070154577884
F1_full_CH4x2,2020,-0.0037004277110099792,-0.0019617422483861444,0.00039104619645513594,0.0024925163015723224,0.003687482327222824,0.5648038049940547
F1_full_CH4x2,2021,-0.0038290712982416153,-0.0018874794244766234,0.0008321907371282578,0.0032258860766887654,0.0046480316668748856,0.6206896551724138
F1_full_CH4x2,2022,-0.003966814838349819,-0.0017644341103732585,0.0013879351317882538,0.004120146576315165,0.00573138240724802,0.6730083234244947
F1_full_CH4x2,2023,-0.0036941254511475563,-0.001220017997547984,0.0022102089133113623,0.005359009653329849,0.007070220075547695,0.7348394768133175
F1_full_CH4x2,2024,-0.0030490218196064234,-0.00027394536300562284,0.003532517934218049,0.006968928128480911,0.008790425956249237,0.8133174791914387
F1_full_CH4x2,2025,-0.002090715104714036,0.0008618293330073362,0.005026441533118486,0.008828390203416346,0.010781725868582726,0.8870392390011891
F1_full_CH4x2,2026,0.0009718227083794773,0.0039319081231951715,0.007527616806328297,0.011056848987936973,0.012942731380462646,0.9714625445897741
F1_full_CH4x2,2027,0.005581670440733433,0.007737213652580977,0.010261503979563713,0.01302939616143703,0.015085979364812374,1.0
F1_full_CH4x2,2028,0.007929070852696896,0.009581414982676506,0.01164308749139309,0.014131360314786434,0.016348110511898994,1.0
F1_full_CH4x2,2029,0.009113060310482979,0.010599819757044316,0.01245174277573824,0.01481298916041851,0.017070326954126358,1.0
F1_full_CH4x2,2030,0.009685240685939789,0.011130624637007713,0.01289933267980814,0.015158287435770034,0.017395000904798508,1.0
F1_full_CH4x2,2031,0.010092384181916714,0.01135388482362032,0.013093099929392338,0.015409176237881184,0.017584409564733505,1.0
F1_full_CH4x2,2032,0.010199014097452164,0.011465458758175373,0.013235404156148434,0.015600216388702392,0.017519637942314148,1.0
F1_full_CH4x2,2033,0.010280091315507889,0.011484583839774132,0.013266067020595074,0.015707307681441306,0.017538810148835182,1.0
F1_full_CH4x2,2034,0.010329789482057095,0.011470451764762402,0.013253130950033665,0.015705343708395957,0.01741764135658741,1.0
F1_full_CH4x2,2035,0.010285724885761738,0.011430834047496318,0.013179421424865723,0.01557766869664192,0.01735854148864746,1.0
F1_full_CH4x2,2036,0.010196242481470108,0.011339299008250236,0.013081565499305725,0.015475556068122388,0.017220040783286095,1.0
F1_full_CH4x2,2037,0.01006716676056385,0.01121229026466608,0.012955979444086552,0.01527100671082735,0.017136123031377792,1.0
F1_full_CH4x2,2038,0.009946451522409916,0.011055754870176316,0.012810594402253628,0.015107637830078601,0.017032360658049583,1.0
F1_full_CH4x2,2039,0.00974799320101738,0.010907758958637714,0.012631240300834179,0.014978642389178273,0.0169337447732687,1.0
F1_full_CH4x2,2040,0.009557943791151047,0.010766519233584404,0.01249916385859251,0.014772204495966433,0.016769642010331154,1.0
F1_full_CH4x2,2041,0.009470576420426369,0.010620315745472907,0.012349250726401806,0.014624567143619059,0.016662508249282837,1.0
F1_full_CH4x2,2042,0.009327881038188934,0.010486726276576519,0.012180129997432232,0.014445721916854382,0.01652388460934162,1.0
F1_full_CH4x2,2043,0.00917012244462967,0.010329290479421615,0.01202431321144104,0.014235333539545536,0.016455288976430893,1.0
F1_full_CH4x2,2044,0.009020913392305374,0.010176681727170945,0.011893337592482567,0.01410349402576685,0.016330266371369362,1.0
F1_full_CH4x2,2045,0.008885662071406841,0.010031028278172016,0.01174827478826046,0.013947759568691253,0.016140446066856384,1.0
F1_full_CH4x2,2046,0.008702046237885952,0.009839262627065182,0.011566068045794964,0.013803361169993877,0.01599883660674095,1.0
F1_full_CH4x2,2047,0.008544706739485264,0.009703797474503518,0.011387230828404427,0.013644790090620517,0.01580987311899662,1.0
F1_full_CH4x2,2048,0.008422010578215122,0.009547358937561512,0.011248919181525707,0.013511033542454243,0.015688562765717506,1.0
F1_full_CH4x2,2049,0.00830795243382454,0.00941197257488966,0.011081014759838581,0.01338063683360815,0.015516170300543308,1.0
F1_full_CH4x2,2050,0.008191369473934174,0.009278609417378902,0.010931015014648438,0.013244698010385036,0.015342499129474163,1.0
F1_CO2_lowaer_aer,2000,0.0,0.0,0.0,0.0,0.0,0.0
F1_CO2_lowaer_aer,2001,0.0,0.0,0.0,0.0,0.0,0.0
F1_CO2_lowaer_aer,2002,0.0,0.0,0.0,0.0,0.0,0.0
F1_CO2_lowaer_aer,2003,0.0,0.0,0.0,0.0,0.0,0.0
F1_CO2_lowaer_aer,2004,0.0,0.0,0.0,0.0,0.0,0.0
F1_CO2_lowaer_aer,2005,0.0,0.0,0.0,0.0,0.0,0.0
F1_CO2_lowaer_aer,2006,-6.450042565120384e-05,-4.8036055522970857e-05,-2.9422039006021805e-05,-1.4463346815318807e-05,-7.95848791312892e-06,0.007134363852556481
F1_CO2_lowaer_aer,2007,-0.0002541647700127214,-0.00018987725488841533,-0.00011846850975416601,-6.126287917140874e-05,-3.179255872964859e-05,0.007134363852556481
F1_CO2_lowaer_aer,2008,-0.0005484769935719669,-0.00041431218269281087,-0.0002578559797257185,-0.00013487667893059553,-6.809907063143328e-05,0.009512485136741973
F1_CO2_lowaer_aer,2009,-0.0008955148514360189,-0.000689405738376081,-0.0004254774539731443,-0.00022166012786328814,-9.920678712660447e-05,0.01070154577883472
F1_CO2_lowaer_aer,2010,-0.0012178283650428057,-0.0009566884604282677,-0.0005796386976726353,-0.0002899647748563442,-0.00011553303920663893,0.015457788347205707
F1_CO2_lowaer_aer,2011,-0.001608432037755847,-0.0012572410982102157,-0.0007500540814362466,-0.0003618644841481001,-0.00012254060129635036,0.023781212841854936
F1_CO2_lowaer_aer,2012,-0.0020584140438586473,-0.0015838496619835496,-0.0009343267302028835,-0.000421980686951429,-0.00011653525871224701,0.03210463733650416
F1_CO2_lowaer_aer,2013,-0.00245516374707222,-0.001861299225129187,-0.001064659678377211,-0.00045049429172649996,-6.699183722957969e-05,0.04280618311533888
F1_CO2_lowaer_aer,2014,-0.0028566063847392797,-0.002145368093624711,-0.001186264562420547,-0.0004487719561439009,9.598047654435504e-06,0.052318668252080855
F1_CO2_lowaer_aer,2015,-0.0033010621555149555,-0.002463964419439435,-0.0012986414367333055,-0.00043047984363511207,0.00014298289897851646,0.06896551724137931
F1_CO2_lowaer_aer,2016,-0.0036549270153045654,-0.0027095598168671133,-0.0013626044383272529,-0.0003691589459776881,0.00028408155776560307,0.09036860879904875
F1_CO2_lowaer_aer,2017,-0.003993249963968992,-0.00291452300734818,-0.0014200947480276227,-0.00026080639800056863,0.0004627104790415615,0.1248513674197384
F1_CO2_lowaer_aer,2018,-0.004473024047911167,-0.003203738201409578,-0.0014984809095039964,-0.00014468488516286115,0.0007109542493708432,0.15338882282996433
F1_CO2_lowaer_aer,2019,-0.005037534981966019,-0.003551605110988021,-0.0015701899537816644,1.1812474622274589e-05,0.0010005190270021558,0.1724137931034483
F1_CO2_lowaer_aer,2020,-0.005530809983611107,-0.0038454275112599135,-0.001543146325275302,0.0002377911296207455,0.0013664838625118136,0.20214030915576695
F1_CO2_lowaer_aer,2021,-0.006017486099153757,-0.004192213341593742,-0.001494204392656684,0.0005116670858114957,0.001788213150575757,0.2390011890606421
F1_CO2_lowaer_aer,2022,-0.00659970473498106,-0.004548478219658136,-0.0014890203019604087,0.0008040087413974101,0.0022640139795839787,0.27824019024970276
F1_CO2_lowaer_aer,2023,-0.0069043985567986965,-0.004597264342010021,-0.0012427225010469556,0.001288449903950095,0.0029129621107131243,0.34244946492271106
F1_CO2_lowaer_aer,2024,-0.006823090370744467,-0.0043842274695634845,-0.0006906952476128936,0.001996640302240846,0.003702460788190365,0.4161712247324614
F1_CO2_lowaer_aer,2025,-0.006738962139934301,-0.004074165783822537,-9.319886157754809e-05,0.002821321738883852,0.004667246248573065,0.4768133174791914
F1_CO2_lowaer_aer,2026,-0.0041329264640808105,-0.0017147241625934838,0.0017247955547645688,0.004426635242998599,0.006109307054430246,0.6991676575505351
F1_CO2_lowaer_aer,2027,-0.0004292656376492232,0.001736896694637836,0.004233211744576693,0.006277641747146845,0.0075035663321614265,0.9381688466111772
F1_CO2_lowaer_aer,2028,0.0020990767516195774,0.0037201507017016414,0.005589812994003296,0.007196178566664457,0.008405807428061962,0.990487514863258
F1_CO2_lowaer_aer,2029,0.0034451910760253668,0.004819599911570549,0.006351778283715248,0.007755769975483417,0.009059145115315914,1.0
F1_CO2_lowaer_aer,2030,0.004242108669131994,0.00547793684527278,0.006824972108006477,0.00822515543550253,0.009447310119867325,1.0
F1_CO2_lowaer_aer,2031,0.004783045966178179,0.005943399854004383,0.007165283430367708,0.00857015587389469,0.009705405682325363,1.0
F1_CO2_lowaer_aer,2032,0.005197753664106131,0.006237373780459166,0.007419168949127197,0.008818383142352105,0.009955705143511295,1.0
F1_CO2_lowaer_aer,2033,0.005532062612473965,0.0064618527889251706,0.007637273520231247,0.00899535845965147,0.010179469361901283,1.0
F1_CO2_lowaer_aer,2034,0.0057317884638905525,0.0066485443152487275,0.007816079072654247,0.009223604574799538,0.0103698605671525,1.0
F1_CO2_lowaer_aer,2035,0.005903741344809532,0.0067625867202878,0.00792874488979578,0.00932743176817894,0.010511556640267372,1.0
F1_CO2_lowaer_aer,2036,0.006021290551871061,0.006873275898396969,0.008042026311159134,0.009435489773750305,0.010616912506520748,1.0
F1_CO2_lowaer_aer,2037,0.0060742259956896305,0.006950617674738169,0.008127023465931416,0.009505142644047736,0.010673478245735168,1.0
F1_CO2_lowaer_aer,2038,0.006104436703026295,0.006998831685632467,0.008176900446414948,0.009522821754217148,0.010752126574516296,1.0
F1_CO2_lowaer_aer,2039,0.006161642260849476,0.007039194367825985,0.008214994333684444,0.009584375098347664,0.010853679850697517,1.0
F1_CO2_lowaer_aer,2040,0.006200817879289389,0.007073322311043739,0.008246359415352345,0.009631218947470188,0.010951608419418335,1.0
F1_CO2_lowaer_aer,2041,0.006223306059837341,0.007071963045746088,0.00825367122888565,0.009655354917049408,0.010970828123390675,1.0
F1_CO2_lowaer_aer,2042,0.0062377904541790485,0.007069967593997717,0.00827043130993843,0.009673672728240488,0.010987592861056328,1.0
F1_CO2_lowaer_aer,2043,0.006221228279173374,0.00705861235037446,0.008269434794783592,0.009688843227922916,0.011000054888427258,1.0
F1_CO2_lowaer_aer,2044,0.006246836856007576,0.007035344839096069,0.008265908807516098,0.009692078083753585,0.0110463323071599,1.0
F1_CO2_lowaer_aer,2045,0.006241157650947571,0.007023226376622916,0.008269032463431358,0.009678373672068119,0.011089499108493328,1.0
F1_CO2_lowaer_aer,2046,0.006227190140634775,0.007006579823791981,0.00826557632535696,0.009696190245449543,0.01111819501966238,1.0
F1_CO2_lowaer_aer,2047,0.006207027472555637,0.006965811550617218,0.008245175704360008,0.009674111381173134,0.01110012736171484,1.0
F1_CO2_lowaer_aer,2048,0.006189475767314434,0.0069625124335289,0.008232276886701584,0.009685057774186134,0.01112283393740654,1.0
F1_CO2_lowaer_aer,2049,0.006151711568236351,0.006934715528041124,0.008214754983782768,0.009697555378079413,0.01109242532402277,1.0
F1_CO2_lowaer_aer,2050,0.006103972438722849,0.006893170066177845,0.008207992650568485,0.00968513712286949,0.011060548014938831,1.0
wsob_F1_full_nobiocoemis,2000,0.0,0.0,0.0,0.0,0.0,0.0
wsob_F1_full_nobiocoemis,2001,0.0,0.0,0.0,0.0,0.0,0.0
wsob_F1_full_nobiocoemis,2002,0.0,0.0,0.0,0.0,0.0,0.0
wsob_F1_full_nobiocoemis,2003,0.0,0.0,0.0,0.0,0.0,0.0
wsob_F1_full_nobiocoemis,2004,0.0,0.0,0.0,0.0,0.0,0.0
wsob_F1_full_nobiocoemis,2005,0.0,0.0,0.0,0.0,0.0,0.0
wsob_F1_full_nobiocoemis,2006,-8.62850429257378e-05,-6.23679967247881e-05,-3.694919723784551e-05,-1.6876261724974036e-05,-6.473120265582111e-06,0.015457788347205707
wsob_F1_full_nobiocoemis,2007,-0.000360004574758932,-0.0002670957590453327,-0.0001607683370821178,-7.513273885706444e-05,-2.6586518288240768e-05,0.0178359096313912
wsob_F1_full_nobiocoemis,2008,-0.0007585699204355478,-0.0005693470826372503,-0.0003481619351077825,-0.0001599079230800274,-5.1423801778582856e-05,0.023781212841854936
wsob_F1_full_nobiocoemis,2009,-0.001172708929516375,-0.000899182795546949,-0.0005367535050027072,-0.00023657905985601253,-5.402806345955469e-05,0.028537455410225922
wsob_F1_full_nobiocoemis,2010,-0.001605205936357379,-0.0012316442793235181,-0.0007237607496790588,-0.0002923497173469517,-3.79789162252564e-05,0.041617122473246136
wsob_F1_full_nobiocoemis,2011,-0.0021148070227354765,-0.0015969199128448963,-0.0009162161150015891,-0.00032824651570990737,1.9259648979641497e-05,0.05112960760998811
wsob_F1_full_nobiocoemis,2012,-0.0026309157256036997,-0.0019883685279637577,-0.001102265203371644,-0.0003539969096891593,0.00010071766882902011,0.06539833531510107
wsob_F1_full_nobiocoemis,2013,-0.0031238666269928217,-0.002303101820871234,-0.0012293022591620684,-0.00031678841332905065,0.00022581167286261916,0.08680142687277051
wsob_F1_full_nobiocoemis,2014,-0.0036344844847917557,-0.002632291708141565,-0.0013395673595368862,-0.000263651559362188,0.0003981002082582563,0.11296076099881094
wsob_F1_full_nobiocoemis,2015,-0.004200309980660677,-0.002992789121344685,-0.0014544844161719084,-0.00018359214009251457,0.0006196793401613832,0.13317479191438764
wsob_F1_full_nobiocoemis,2016,-0.004608720541000366,-0.0031954739708453415,-0.001456246362067759,4.025612014400876e-06,0.0009064733749255538,0.17122473246135553
wsob_F1_full_nobiocoemis,2017,-0.004974722396582365,-0.003407870326191187,-0.001417950727045536,0.00028163147508166716,0.001297243987210095,0.22473246135552913
wsob_F1_full_nobiocoemis,2018,-0.005471563432365656,-0.0036914455238729713,-0.001395896659232676,0.0005723957321606576,0.0017483774572610855,0.262782401902497
wsob_F1_full_nobiocoemis,2019,-0.0058179511688649654,-0.003793178359046578,-0.001250139088369906,0.0009524727240204807,0.0022653385531157255,0.3079667063020214
wsob_F1_full_nobiocoemis,2020,-0.006122932303696871,-0.003935965802520513,-0.0010050671407952905,0.001455268915742635,0.0028760735876858234,0.3507728894173603
wsob_F1_full_nobiocoemis,2021,-0.006442294456064701,-0.004051732923835516,-0.0007088515558280051,0.0020932659972459073,0.0036071129143238068,0.3995243757431629
wsob_F1_full_nobiocoemis,2022,-0.006780410651117563,-0.004132786020636559,-0.0004042796208523214,0.002773519558832049,0.00450966926291585,0.4625445897740785
wsob_F1_full_nobiocoemis,2023,-0.00683703413233161,-0.003859357675537467,0.0002114478120347485,0.0037403638474643223,0.005665011238306761,0.525564803804994
wsob_F1_full_nobiocoemis,2024,-0.006373293232172728,-0.003100238647311926,0.0012281867675483227,0.005012034811079502,0.00704043498262763,0.6218787158145065
wsob_F1_full_nobiocoemis,2025,-0.005861608311533928,-0.002362641645595431,0.0023188057821244,0.006451125536113977,0.00866699032485485,0.703923900118906
wsob_F1_full_nobiocoemis,2026,-0.002646220149472356,0.0006039485102519396,0.004690707661211491,0.008439456857740878,0.010288702324032784,0.8703923900118906
wsob_F1_full_nobiocoemis,2027,0.0018874409142881632,0.004589908476918936,0.007541880942881107,0.010219844058156012,0.011885891668498516,0.9797859690844233
wsob_F1_full_nobiocoemis,2028,0.004669982939958572,0.00675648981705308,0.008978034369647503,0.011232920922338963,0.01294519193470478,1.0
wsob_F1_full_nobiocoemis,2029,0.006381116341799498,0.007833568751811982,0.009721338748931885,0.011882826313376426,0.013612364418804646,1.0
wsob_F1_full_nobiocoemis,2030,0.007170414552092552,0.008541427180171013,0.010232307948172092,0.01223771460354328,0.014077365398406982,1.0
wsob_F1_full_nobiocoemis,2031,0.007742808200418949,0.009037001244723796,0.010591331869363785,0.012611082009971141,0.014315266162157059,1.0
wsob_F1_full_nobiocoemis,2032,0.008096878416836262,0.00930831115692854,0.01083187572658062,0.012772232107818124,0.01448468305170536,1.0
wsob_F1_full_nobiocoemis,2033,0.008315344341099262,0.009457564912736416,0.011017519049346447,0.012930592335760589,0.014705667272210121,1.0
wsob_F1_full_nobiocoemis,2034,0.008429352194070816,0.00957949534058571,0.011138780042529106,0.01301561426371336,0.014818822965025902,1.0
wsob_F1_full_nobiocoemis,2035,0.008525431156158447,0.009681514464318752,0.011188344098627567,0.013129791617393492,0.014826282858848572,1.0
wsob_F1_full_nobiocoemis,2036,0.008601780980825424,0.009695391170680523,0.011219714768230915,0.01313245054334402,0.014941230416297913,1.0
wsob_F1_full_nobiocoemis,2037,0.008610490709543228,0.009700078889727593,0.011239939369261265,0.013124646060168743,0.014857424423098564,1.0
wsob_F1_full_nobiocoemis,2038,0.008615938015282154,0.009673978760838508,0.011255883611738682,0.013098719716072082,0.01479115430265665,1.0
wsob_F1_full_nobiocoemis,2039,0.008587103337049484,0.009646284952759742,0.01121001411229372,0.013133286498486996,0.014834466390311718,1.0
wsob_F1_full_nobiocoemis,2040,0.00857605505734682,0.009588957764208317,0.011157612316310406,0.013122396729886531,0.014874380081892014,1.0
wsob_F1_full_nobiocoemis,2041,0.008553552441298962,0.00955795794725418,0.011119089089334011,0.013048221357166767,0.014850660227239132,1.0
wsob_F1_full_nobiocoemis,2042,0.008487559854984283,0.009493405558168888,0.011064326390624046,0.012978890724480151,0.014853816479444504,1.0
wsob_F1_full_nobiocoemis,2043,0.00843055360019207,0.009427998214960098,0.011020838283002377,0.012907974980771541,0.014835797250270844,1.0
wsob_F1_full_nobiocoemis,2044,0.008378422819077969,0.009348871372640132,0.010973519645631313,0.012854866497218608,0.014793477952480316,1.0
wsob_F1_full_nobiocoemis,2045,0.008291446603834629,0.0092755988240242,0.010892381891608238,0.012808141112327575,0.014756567776203156,1.0
wsob_F1_full_nobiocoemis,2046,0.008215401321649551,0.00919506698846817,0.010836612433195114,0.012731801532208918,0.014682697132229805,1.0
wsob_F1_full_nobiocoemis,2047,0.008157635107636452,0.009117763303220273,0.010781294666230679,0.01265047062188387,0.0146184666082263,1.0
wsob_F1_full_nobiocoemis,2048,0.008074860088527203,0.009041777998208999,0.010699569247663021,0.012582288868725299,0.014490303583443165,1.0
wsob_F1_full_nobiocoemis,2049,0.008006073534488678,0.008973747305572034,0.010633939877152443,0.012513991259038449,0.01441892422735691,1.0
wsob_F1_full_nobiocoemis,2050,0.007931094616651535,0.008894736506044864,0.010562621988356113,0.0124676588922739,0.014408892951905727,1.0
F1_full_nostoch,2000,0.0,0.0,0.0,0.0,0.0,0.0
F1_full_nostoch,2001,0.0,0.0,0.0,0.0,0.0,0.0
F1_full_nostoch,2002,0.0,0.0,0.0,0.0,0.0,0.0
F1_full_nostoch,2003,0.0,0.0,0.0,0.0,0.0,0.0
F1_full_nostoch,2004,0.0,0.0,0.0,0.0,0.0,0.0
F1_full_nostoch,2005,0.0,0.0,0.0,0.0,0.0,0.0
F1_full_nostoch,2006,-6.18011035840027e-05,-4.463916848180815e-05,-2.6484845875529572e-05,-1.2186185267637486e-05,-4.7975604502425995e-06,0.015457788347205707
F1_full_nostoch,2007,-0.0002459534734953195,-0.0001817968994146213,-0.00011032343172701076,-5.134793755132705e-05,-1.839781725720968e-05,0.0178359096313912
F1_full_nostoch,2008,-0.0005299950717017055,-0.0003989732533227652,-0.00024337430659215897,-0.00011184583709109593,-3.79789162252564e-05,0.022592152199762187
F1_full_nostoch,2009,-0.0008542918367311358,-0.0006520248367451132,-0.00038936472265049815,-0.0001726612856145949,-4.3775831727543846e-05,0.026159334126040427
F1_full_nostoch,2010,-0.0011726306984201074,-0.0008976755663752555,-0.0005275553558021784,-0.00021607948874589073,-3.174229641444981e-05,0.041617122473246136
F1_full_nostoch,2011,-0.0015401850687339902,-0.0011643982725217938,-0.0006728398730047047,-0.00024407804594375241,7.717282642261125e-06,0.05112960760998811
F1_full_nostoch,2012,-0.0019419569289311767,-0.0014673669124022125,-0.0008199549047276378,-0.00026391139253974,7.425103831337765e-05,0.06420927467300833
F1_full_nostoch,2013,-0.002318713115528226,-0.0017149613704532385,-0.0009202332003042102,-0.0002400836063316095,0.00017335791199002415,0.08680142687277051
F1_full_nostoch,2014,-0.0026945220306515694,-0.0019514888525009155,-0.0009933372493833303,-0.00018892700027208826,0.0003111626720055938,0.11771700356718193
F1_full_nostoch,2015,-0.00309044704772532,-0.0021943501196801662,-0.001057530753314495,-0.00011280681792413877,0.00048836536007002,0.14625445897740785
F1_full_nostoch,2016,-0.0034248658921569586,-0.002374199405312538,-0.0010660761035978794,3.504769410937935e-05,0.0007174707134254277,0.17954815695600476
F1_full_nostoch,2017,-0.003762884996831417,-0.002575923828408122,-0.0010472951689735055,0.000250292825512588,0.0010335467522963881,0.2318668252080856
F1_full_nostoch,2018,-0.004236607812345028,-0.002869626507163048,-0.001060302252881229,0.0004783419368322939,0.0014030692400410771,0.27110582639714625
F1_full_nostoch,2019,-0.004734065383672714,-0.0031509455759078263,-0.001018875977024436,0.0007505660760216408,0.0018096573185175657,0.30439952437574314
F1_full_nostoch,2020,-0.005156587343662977,-0.0033469107002019882,-0.0009024098399095237,0.0011223647044971575,0.0023162164725363255,0.3388822829964328
F1_full_nostoch,2021,-0.005584179423749447,-0.003545301454141736,-0.0007261289283633232,0.0016216468298807729,0.002935885451734066,0.3816884661117717
F1_full_nostoch,2022,-0.0060731153935194016,-0.003806560346856713,-0.0005616267444565892,0.0021926245652139184,0.0036676491145044565,0.4221165279429251
F1_full_nostoch,2023,-0.006304350681602955,-0.0037233335431665175,-0.00011617470590863377,0.0029415940400213,0.004643245600163937,0.49108204518430437
F1_full_nostoch,2024,-0.006022299639880657,-0.003166992263868451,0.0007196359802037477,0.004046054091304541,0.005868906155228615,0.5755053507728894
F1_full_nostoch,2025,-0.005821244325488806,-0.002671810006722808,0.0015620025806128979,0.005256586056202649,0.007308218628168106,0.6516052318668252
F1_full_nostoch,2026,-0.002888220828026533,-1.8572306180430237e-05,0.003630922408774495,0.007080492191016674,0.008795173838734627,0.8287752675386445
F1_full_nostoch,2027,0.0011680759489536285,0.003678202023729682,0.006317179650068283,0.008742755278944967,0.010109169408679008,0.9774078478002378
F1_full_nostoch,2028,0.003845702623948455,0.005671155918389559,0.0076589700765907764,0.009598788432776928,0.011098966933786869,0.9988109393579072
F1_full_nostoch,2029,0.00528748007491231,0.006699646357446909,0.008352944627404213,0.010207951068878174,0.011750566773116589,1.0
F1_full_nostoch,2030,0.0061136269941926,0.007328589539974928,0.008841395378112793,0.010540419258177279,0.012157708406448364,1.0
F1_full_nostoch,2031,0.0065777781419456005,0.007780857104808092,0.009124544449150562,0.010871825553476811,0.01236590277403593,1.0
F1_full_nostoch,2032,0.006932786665856838,0.008007037080824375,0.009335195645689964,0.011035736463963984,0.012502947822213173,1.0
F1_full_nostoch,2033,0.007141891401261091,0.008173598349094391,0.009514639154076576,0.011187594756484032,0.012713422067463398,1.0
F1_full_nostoch,2034,0.0072614336386322975,0.008288871683180331,0.009623130783438683,0.011246818304061889,0.012819431722164154,1.0
F1_full_nostoch,2035,0.007381717674434185,0.008362504467368127,0.009679562412202358,0.01137202549725771,0.012829705141484737,1.0
F1_full_nostoch,2036,0.007432244252413511,0.008384882472455502,0.009713958948850632,0.011353367008268831,0.012930013239383698,1.0
F1_full_nostoch,2037,0.007447036914527416,0.008402681536972522,0.009715835563838482,0.011369374394416808,0.012862205505371094,1.0
F1_full_nostoch,2038,0.0074522048234939575,0.008375727012753487,0.00974697433412075,0.01134999580681324,0.012789581902325153,1.0
F1_full_nostoch,2039,0.007445523049682379,0.008358039893209934,0.009712085127830505,0.0113678315654397,0.012827678583562374,1.0
F1_full_nostoch,2040,0.007427210919559002,0.008299696072936059,0.009645999409258366,0.011354270949959753,0.012853274121880531,1.0
F1_full_nostoch,2041,0.007398589514195919,0.008271147310733796,0.009623188525438309,0.011314618401229382,0.0128588005900383,1.0
F1_full_nostoch,2042,0.007359276991337538,0.008221149817109108,0.009566356427967548,0.011241224408149718,0.012821178883314133,1.0
F1_full_nostoch,2043,0.007306169252842665,0.008164145052433014,0.009544850327074528,0.01117331963032484,0.012837083078920841,1.0
F1_full_nostoch,2044,0.007244653534144163,0.008097055554389953,0.009501496329903603,0.011121059209108353,0.012806437909603119,1.0
F1_full_nostoch,2045,0.00717996945604682,0.008029117062687875,0.00942253228276968,0.011077767051756381,0.012755834497511387,1.0
F1_full_nostoch,2046,0.007117240224033594,0.007953055389225482,0.00937594659626484,0.011016623303294181,0.012704439461231232,1.0
F1_full_nostoch,2047,0.007066416088491678,0.00789982695132494,0.009330435656011105,0.010953880287706852,0.012648256495594978,1.0
F1_full_nostoch,2048,0.006987364497035742,0.00783400870859623,0.009252052754163742,0.010883734561502934,0.01252633985131979,1.0
F1_full_nostoch,2049,0.006933094933629036,0.00776739027351141,0.009189008735120296,0.010837996192276477,0.012435500510036945,1.0
F1_full_nostoch,2050,0.006864441093057394,0.007692047581076622,0.009129717946052551,0.01078210137784481,0.012464300729334354,1.0
